[2025-09-27 20:25:07] [General - Main] [INFO] Starting PhotonVision version v2025.3.1 on platform Linux AARCH 64-bit with RK3588
[2025-09-27 20:25:07] [General - OsImageVersion] [WARN] Photon cannot locate base OS image version metadata at /opt/photonvision/image-version
[2025-09-27 20:25:10] [General - Main] [INFO] WPI JNI libraries loaded.
[2025-09-27 20:25:11] [General - Main] [INFO] photon-targeting JNI libraries loaded.
[2025-09-27 20:25:11] [Camera - RknnDetectorJNI] [INFO] Successfully loaded shared object librga.so
[2025-09-27 20:25:11] [Camera - RknnDetectorJNI] [INFO] Successfully loaded shared object librknnrt.so
[2025-09-27 20:25:11] [Camera - RknnDetectorJNI] [INFO] Successfully loaded shared object librknn_jni.so
[2025-09-27 20:25:11] [Camera - RknnDetectorJNI] [ERROR] Couldn't load shared object mrcal_jni: /tmp/libmrcal_jni.so: libsuitesparseconfig.so.5: cannot open shared object file: No such file or directory
[2025-09-27 20:25:11] [General - Main] [WARN] Failed to load mrcal-JNI! Camera calibration will fall back to opencv
Unable to load mrcal JNI!
[2025-09-27 20:25:11] [General - Main] [INFO] Logging initialized in debug mode.
[2025-09-27 20:25:11] [General - Main] [DEBUG] Loading ConfigManager...
[2025-09-27 20:25:11] [Config - SqlConfigProvider] [DEBUG] Using database /home/lidar/Documents/github/AprilTag-And-Coral-Detection/photonvision_config/photon.sqlite
[2025-09-27 20:25:12] [Config - SqlConfigProvider] [INFO] Using correct database version: 2
[2025-09-27 20:25:12] [Config - SqlConfigProvider] [DEBUG] Loading config...
[2025-09-27 20:25:12] [Config - SqlConfigProvider] [ERROR] Could not deserialize apriltag layout! Loading defaults: Provided empty string for class edu.wpi.first.apriltag.AprilTagFieldLayout
[2025-09-27 20:25:12] [Config - SqlConfigProvider] [ERROR] org.eclipse.jetty.io.EofException: Provided empty string for class edu.wpi.first.apriltag.AprilTagFieldLayout
	at org.photonvision.common.util.file.JacksonUtils.deserialize(JacksonUtils.java:81)
	at org.photonvision.common.configuration.SqlConfigProvider.load(SqlConfigProvider.java:296)
	at org.photonvision.common.configuration.ConfigManager.load(ConfigManager.java:192)
	at org.photonvision.Main.main(Main.java:267)

[2025-09-27 20:25:13] [General - Main] [INFO] Loading ML models...
[2025-09-27 20:25:13] [Config - NeuralNetworkModelManager] [INFO] Skipping extraction of DNN resource: models/algaeV1-640-640-yolov8n-labels.txt
[2025-09-27 20:25:13] [Config - NeuralNetworkModelManager] [INFO] Skipping extraction of DNN resource: models/algaeV1-640-640-yolov8n.rknn
[2025-09-27 20:25:13] [Config - NeuralNetworkModelManager] [INFO] Supported backends: [RKNN]
[2025-09-27 20:25:13] [Config - NeuralNetworkModelManager] [INFO] Loaded model algaeV1-640-640-yolov8n.rknn for backend RKNN
[2025-09-27 20:25:13] [General - Main] [DEBUG] Loading HardwareManager...
[2025-09-27 20:25:13] [NetworkTables - TimeSyncManager] [DEBUG] Starting TimeSyncClient on localhost (for now)
[2025-09-27 20:25:13] [General - Main] [DEBUG] Loading NetworkManager...
[2025-09-27 20:25:13] [General - ShellExec] [DEBUG] Executing "id -u"
[2025-09-27 20:25:13] [General - ShellExec] [DEBUG] Got exit code 0
[2025-09-27 20:25:13] [General - ShellExec] [DEBUG] Executing "nmcli -t -f GENERAL.CONNECTION,GENERAL.DEVICE,GENERAL.TYPE device show"
[2025-09-27 20:25:13] [General - ShellExec] [DEBUG] Got exit code 0
[2025-09-27 20:25:13] [General - NetworkUtils] [DEBUG] Found network interfaces: [NMDeviceInfo [connName=Jeffco-Community, devName=wlan0, nmType=NMTYPE_WIFI], NMDeviceInfo [connName=dhcp-enP3p49s0, devName=enP3p49s0, nmType=NMTYPE_ETHERNET], NMDeviceInfo [connName=, devName=p2p-dev-wlan0, nmType=NMTYPE_UNKNOWN]]
[2025-09-27 20:25:13] [General - NetworkManager] [DEBUG] Watching network interface at path: /sys/class/net/enP3p49s0/carrier
[2025-09-27 20:25:13] [General - NetworkManager] [INFO] Interface enP3p49s0 has address(es): [/10.17.99.201/24 [/10.17.99.255]]
[2025-09-27 20:25:13] [General - NetworkManager] [INFO] Setting DHCP with team 1799 on enP3p49s0
[2025-09-27 20:25:13] [General - ShellExec] [DEBUG] Executing "cat /etc/hostname | tr -d " \t\n\r""
[2025-09-27 20:25:13] [General - ShellExec] [DEBUG] Got exit code 0
[2025-09-27 20:25:13] [General - NetworkManager] [DEBUG] Old host name: "photonvision"
[2025-09-27 20:25:13] [General - NetworkManager] [DEBUG] New host name: "photonvision"
[2025-09-27 20:25:13] [General - NetworkManager] [INFO] Updating the DHCP connection dhcp-enP3p49s0
[2025-09-27 20:25:13] [General - ShellExec] [DEBUG] Executing "nmcli connection modify "dhcp-enP3p49s0" autoconnect yes ipv4.method auto ipv6.method disabled "
[2025-09-27 20:25:14] [Config - ConfigManager] [DEBUG] Saving to disk...
[2025-09-27 20:25:14] [Config - SqlConfigProvider] [DEBUG] Saving to disk
[2025-09-27 20:25:14] [General - ShellExec] [DEBUG] Got exit code 0
[2025-09-27 20:25:14] [General - NetworkManager] [INFO] Activating DHCP connection dhcp-enP3p49s0
[2025-09-27 20:25:14] [General - ShellExec] [DEBUG] Executing "nmcli connection up "dhcp-enP3p49s0""
[2025-09-27 20:25:14] [Config - SqlConfigProvider] [INFO] Settings saved!
[2025-09-27 20:25:15] [General - ShellExec] [DEBUG] Got exit code 0
[2025-09-27 20:25:15] [General - Main] [DEBUG] Loading NetworkTablesManager...
[2025-09-27 20:25:15] [NetworkTables - NetworkTablesManager] [INFO] NT: INFO 20: starting network client (NetworkClient.cpp:46)
[2025-09-27 20:25:15] [NetworkTables - NetworkTablesManager] [INFO] Starting NT Client, server team is 1799
[2025-09-27 20:25:15] [NetworkTables - NetworkTablesManager] [INFO] Starting NT Client, server team is 1799
[2025-09-27 20:25:15] [General - Main] [DEBUG] Loading VisionSourceManager...
[2025-09-27 20:25:15] [NetworkTables - NetworkTablesManager] [ERROR] [NetworkTablesManager] Could not connect to the robot! Will retry in the background...
[2025-09-27 20:25:15] [Camera - VisionSourceManager] [INFO] Registering loaded camera configs
[2025-09-27 20:25:15] [Camera - VisionSourceManager] [DEBUG] Creating VisionSource for CameraConfiguration [uniqueName=8ca525fc-b7b4-4860-8152-481b5a4189c0, matchedCameraInfo=PVUsbCameraInfo[type=UsbCamera, dev=0, path='/dev/video0', name='AprilTag0', otherPaths=[/dev/v4l/by-id/usb-Arducam_Technology_Co.__Ltd._AprilTag0_0000-video-index0, /dev/v4l/by-path/platform-xhci-hcd.12.auto-usb-0:1:1.0-video-index0, /dev/v4l/by-path/platform-xhci-hcd.12.auto-usbv2-0:1:1.0-video-index0], vid=3141, pid=25446, uniquePath='/dev/v4l/by-path/platform-xhci-hcd.12.auto-usb-0:1:1.0-video-index0'], nickname=AprilTag0, deactivated=false, cameraQuirks=QuirkyCamera [baseName=AprilTag0, displayName=, usbVid=3141, usbPid=25446, quirks={ArduOV9782=false, ArduCamCamera=true, LifeCamControls=false, See3Cam_24CUG=false, AdjustableFocus=false, StickyFPS=true, PsEyeControls=false, ArduOV9782Controls=false, FPSCap100=false, CompletelyBroken=false, InnoOV9281Controls=false, ArduOV9281Controls=false, Gain=true, ArduOV2311Controls=false, AwbRedBlueGain=false}], FOV=70.0]
[2025-09-27 20:25:15] [Camera - USBCameraSource - AprilTag0] [INFO] Quirky camera detected: QuirkyCamera [baseName=AprilTag0, displayName=, usbVid=3141, usbPid=25446, quirks={ArduOV9782=false, ArduCamCamera=true, LifeCamControls=false, See3Cam_24CUG=false, AdjustableFocus=false, StickyFPS=true, PsEyeControls=false, ArduOV9782Controls=false, FPSCap100=false, CompletelyBroken=false, InnoOV9281Controls=false, ArduOV9281Controls=false, Gain=true, ArduOV2311Controls=false, AwbRedBlueGain=false}]
[2025-09-27 20:25:15] [CSCore - PvCSCoreLogger] [INFO] AprilTag0: Attempting to connect to USB camera on /dev/v4l/by-path/platform-xhci-hcd.12.auto-usb-0:1:1.0-video-index0
[2025-09-27 20:25:15] [Camera - USBCameraSource - AprilTag0] [DEBUG] Using Generic USB Cam Settables
[2025-09-27 20:25:15] [CSCore - PvCSCoreLogger] [DEBUG] CS: DEBUG 7: AprilTag0: opening device (UsbCameraImpl.cpp:651)
[2025-09-27 20:25:15] [Camera - USBCameraSource - AprilTag0] [INFO] Created settables org.photonvision.vision.camera.USBCameras.GenericUSBCameraSettables@5f20155b
[2025-09-27 20:25:15] [VisionModule - PipelineManager] [DEBUG] Creating AprilTag pipeline
[2025-09-27 20:25:15] [CSCore - PvCSCoreLogger] [INFO] AprilTag0: Connected to USB camera on /dev/v4l/by-path/platform-xhci-hcd.12.auto-usb-0:1:1.0-video-index0
[2025-09-27 20:25:15] [CSCore - PvCSCoreLogger] [DEBUG] CS: DEBUG 7: AprilTag0: getting capabilities (UsbCameraImpl.cpp:663)
[2025-09-27 20:25:15] [CSCore - PvCSCoreLogger] [DEBUG] CS: DEBUG 7: AprilTag0: caching properties (UsbCameraImpl.cpp:675)
[2025-09-27 20:25:15] [CSCore - PvCSCoreLogger] [INFO] AprilTag0: set format 1 res 320x240
[2025-09-27 20:25:15] [CSCore - PvCSCoreLogger] [DEBUG] CS: DEBUG 7: AprilTag0: allocating buffers (UsbCameraImpl.cpp:701)
[2025-09-27 20:25:15] [CSCore - PvCSCoreLogger] [DEBUG] CS: DEBUG 7: AprilTag0: mapping buffers (UsbCameraImpl.cpp:715)
[2025-09-27 20:25:15] [CSCore - PvCSCoreLogger] [DEBUG] CS: DEBUG 7: AprilTag0: queuing buffers (UsbCameraImpl.cpp:765)
[2025-09-27 20:25:15] [WebServer - DataChangeService] [DEBUG] Added subscriber - Sources: DCS_WEBSOCKET, DCS_HTTP, DCS_NETWORKTABLES, DCS_VISIONMODULE, DCS_OTHER, Destinations: DCD_ACTIVEMODULE, DCD_ACTIVEPIPELINESETTINGS, DCD_GENSETTINGS, DCD_UI, DCD_WEBSERVER, DCD_OTHER
[2025-09-27 20:25:15] [CSCore - PvCSCoreLogger] [DEBUG] CS: DEBUG 10: serve_photonvision_Port_1181_Input_MJPEG_Server: waiting for clients to connect (MjpegServerImpl.cpp:946)
[2025-09-27 20:25:15] [CSCore - PvCSCoreLogger] [DEBUG] CS: DEBUG 10: serve_photonvision_Port_1182_Output_MJPEG_Server: waiting for clients to connect (MjpegServerImpl.cpp:946)
[2025-09-27 20:25:15] [VisionModule - VisionModule - AprilTag0] [INFO] Setting pipeline to 0
[2025-09-27 20:25:15] [VisionModule - VisionModule - AprilTag0] [INFO] Pipeline name: New Pipeline
[2025-09-27 20:25:15] [Camera - VisionSourceManager] [DEBUG] Creating VisionSource for CameraConfiguration [uniqueName=8ffb885d-da80-460a-836d-b9c42be0552c, matchedCameraInfo=PVUsbCameraInfo[type=UsbCamera, dev=4, path='/dev/video4', name='Reef2', otherPaths=[/dev/v4l/by-id/usb-Arducam_Technology_Co.__Ltd._Reef2_0002-video-index0, /dev/v4l/by-path/platform-xhci-hcd.11.auto-usbv2-0:1:1.0-video-index0, /dev/v4l/by-path/platform-xhci-hcd.11.auto-usb-0:1:1.0-video-index0], vid=3141, pid=25446, uniquePath='/dev/v4l/by-path/platform-xhci-hcd.11.auto-usb-0:1:1.0-video-index0'], nickname=Reef2, deactivated=false, cameraQuirks=QuirkyCamera [baseName=Reef2, displayName=, usbVid=3141, usbPid=25446, quirks={ArduOV9782=false, ArduCamCamera=true, LifeCamControls=false, See3Cam_24CUG=false, AdjustableFocus=false, StickyFPS=true, PsEyeControls=false, ArduOV9782Controls=false, FPSCap100=false, CompletelyBroken=false, InnoOV9281Controls=false, ArduOV9281Controls=false, Gain=true, ArduOV2311Controls=false, AwbRedBlueGain=false}], FOV=70.0]
[2025-09-27 20:25:15] [Camera - USBFrameProvider - AprilTag0] [INFO] Camera connected! running callback
[2025-09-27 20:25:15] [Camera - USBCameraSource - Reef2] [INFO] Quirky camera detected: QuirkyCamera [baseName=Reef2, displayName=, usbVid=3141, usbPid=25446, quirks={ArduOV9782=false, ArduCamCamera=true, LifeCamControls=false, See3Cam_24CUG=false, AdjustableFocus=false, StickyFPS=true, PsEyeControls=false, ArduOV9782Controls=false, FPSCap100=false, CompletelyBroken=false, InnoOV9281Controls=false, ArduOV9281Controls=false, Gain=true, ArduOV2311Controls=false, AwbRedBlueGain=false}]
[2025-09-27 20:25:15] [Camera - USBCameraSource - Reef2] [DEBUG] Using Generic USB Cam Settables
[2025-09-27 20:25:15] [Camera - USBCameraSource - Reef2] [INFO] Created settables org.photonvision.vision.camera.USBCameras.GenericUSBCameraSettables@42b02722
[2025-09-27 20:25:15] [CSCore - PvCSCoreLogger] [INFO] Reef2: Attempting to connect to USB camera on /dev/v4l/by-path/platform-xhci-hcd.11.auto-usb-0:1:1.0-video-index0
[2025-09-27 20:25:15] [CSCore - PvCSCoreLogger] [DEBUG] CS: DEBUG 7: Reef2: opening device (UsbCameraImpl.cpp:651)
[2025-09-27 20:25:15] [Camera - USBCameraSource - AprilTag0] [DEBUG] Cam Properties Dump:
Name: connect_verbose, Kind: kInteger, Value: 2, Min: 0, Max: 1, Dflt: 1, Step: 1
Name: , Kind: kNone, Value: 0, Min: 0, Max: 0, Dflt: 0, Step: 0
Name: raw_brightness, Kind: kInteger, Value: 2, Min: -64, Max: 64, Dflt: 0, Step: 1
Name: brightness, Kind: kInteger, Value: 2, Min: 0, Max: 100, Dflt: 50, Step: 1
Name: raw_contrast, Kind: kInteger, Value: 2, Min: 0, Max: 64, Dflt: 32, Step: 1
Name: contrast, Kind: kInteger, Value: 2, Min: 0, Max: 100, Dflt: 50, Step: 1
Name: raw_saturation, Kind: kInteger, Value: 2, Min: 0, Max: 128, Dflt: 64, Step: 1
Name: saturation, Kind: kInteger, Value: 2, Min: 0, Max: 100, Dflt: 50, Step: 1
Name: raw_hue, Kind: kInteger, Value: 2, Min: -40, Max: 40, Dflt: 0, Step: 1
Name: hue, Kind: kInteger, Value: 2, Min: 0, Max: 100, Dflt: 50, Step: 1
Name: white_balance_automatic, Kind: kBoolean, Value: 1, Min: 0, Max: 1, Dflt: 1, Step: 1
Name: gamma, Kind: kInteger, Value: 2, Min: 72, Max: 500, Dflt: 100, Step: 1
Name: raw_gain, Kind: kInteger, Value: 2, Min: 0, Max: 100, Dflt: 0, Step: 1
Name: gain, Kind: kInteger, Value: 2, Min: 0, Max: 100, Dflt: 0, Step: 1
Name: power_line_frequency, Kind: kEnum, Value: 8, Min: 0, Max: 2, Dflt: 2, Step: 1
Name: white_balance_temperature, Kind: kInteger, Value: 2, Min: 2800, Max: 6500, Dflt: 4600, Step: 1
Name: raw_sharpness, Kind: kInteger, Value: 2, Min: 0, Max: 6, Dflt: 3, Step: 1
Name: sharpness, Kind: kInteger, Value: 2, Min: 0, Max: 100, Dflt: 50, Step: 1
Name: backlight_compensation, Kind: kInteger, Value: 2, Min: 0, Max: 2, Dflt: 1, Step: 1
Name: auto_exposure, Kind: kEnum, Value: 8, Min: 0, Max: 3, Dflt: 3, Step: 1
Name: raw_exposure_time_absolute, Kind: kInteger, Value: 2, Min: 1, Max: 5000, Dflt: 157, Step: 1
Name: exposure_time_absolute, Kind: kInteger, Value: 2, Min: 0, Max: 100, Dflt: 3, Step: 1
Name: exposure_dynamic_framerate, Kind: kBoolean, Value: 1, Min: 0, Max: 1, Dflt: 0, Step: 1

[2025-09-27 20:25:15] [VisionModule - VisionSourceSettables - AprilTag0] [INFO] Caching cscore properties
[2025-09-27 20:25:15] [VisionModule - VisionSourceSettables - AprilTag0] [DEBUG] No property image_stabilization for AprilTag0 , skipping.
[2025-09-27 20:25:15] [CSCore - PvCSCoreLogger] [INFO] Reef2: Connected to USB camera on /dev/v4l/by-path/platform-xhci-hcd.11.auto-usb-0:1:1.0-video-index0
[2025-09-27 20:25:15] [CSCore - PvCSCoreLogger] [DEBUG] CS: DEBUG 7: Reef2: getting capabilities (UsbCameraImpl.cpp:663)
[2025-09-27 20:25:15] [CSCore - PvCSCoreLogger] [DEBUG] CS: DEBUG 7: Reef2: caching properties (UsbCameraImpl.cpp:675)
[2025-09-27 20:25:15] [CSCore - PvCSCoreLogger] [INFO] Reef2: set format 1 res 320x240
[2025-09-27 20:25:15] [CSCore - PvCSCoreLogger] [DEBUG] CS: DEBUG 7: Reef2: allocating buffers (UsbCameraImpl.cpp:701)
[2025-09-27 20:25:15] [CSCore - PvCSCoreLogger] [DEBUG] CS: DEBUG 7: Reef2: mapping buffers (UsbCameraImpl.cpp:715)
[2025-09-27 20:25:15] [CSCore - PvCSCoreLogger] [DEBUG] CS: DEBUG 7: Reef2: queuing buffers (UsbCameraImpl.cpp:765)
[2025-09-27 20:25:15] [VisionModule - PipelineManager] [DEBUG] Creating ObjectDetection Pipeline
[2025-09-27 20:25:15] [VisionModule - VisionSourceSettables - AprilTag0] [DEBUG] No property scene_mode for AprilTag0 , skipping.
[2025-09-27 20:25:15] [VisionModule - VisionSourceSettables - AprilTag0] [DEBUG] No property exposure_metering_mode for AprilTag0 , skipping.
[2025-09-27 20:25:15] [General - RknnDetectorJNI] [DEBUG] Created detector for model algaeV1-640-640-yolov8n.rknn
[2025-09-27 20:25:15] [WebServer - DataChangeService] [DEBUG] Added subscriber - Sources: DCS_WEBSOCKET, DCS_HTTP, DCS_NETWORKTABLES, DCS_VISIONMODULE, DCS_OTHER, Destinations: DCD_ACTIVEMODULE, DCD_ACTIVEPIPELINESETTINGS, DCD_GENSETTINGS, DCD_UI, DCD_WEBSERVER, DCD_OTHER
[2025-09-27 20:25:15] [CSCore - PvCSCoreLogger] [DEBUG] CS: DEBUG 10: serve_photonvision_Port_1183_Input_MJPEG_Server: waiting for clients to connect (MjpegServerImpl.cpp:946)
[2025-09-27 20:25:15] [CSCore - PvCSCoreLogger] [DEBUG] CS: DEBUG 10: serve_photonvision_Port_1184_Output_MJPEG_Server: waiting for clients to connect (MjpegServerImpl.cpp:946)
[2025-09-27 20:25:15] [VisionModule - VisionModule - Reef2] [INFO] Setting pipeline to 0
[2025-09-27 20:25:15] [VisionModule - VisionModule - Reef2] [INFO] Pipeline name: New Pipeline
[2025-09-27 20:25:15] [Camera - VisionSourceManager] [DEBUG] Creating VisionSource for CameraConfiguration [uniqueName=c5995cd8-749f-4315-af85-699b95a7ee2c, matchedCameraInfo=PVUsbCameraInfo[type=UsbCamera, dev=2, path='/dev/video2', name='AprilTag1', otherPaths=[/dev/v4l/by-id/usb-Arducam_Technology_Co.__Ltd._AprilTag1_0001-video-index0, /dev/v4l/by-path/platform-fc880000.usb-usbv2-0:1:1.0-video-index0, /dev/v4l/by-path/platform-fc880000.usb-usb-0:1:1.0-video-index0], vid=3141, pid=25446, uniquePath='/dev/v4l/by-path/platform-fc880000.usb-usb-0:1:1.0-video-index0'], nickname=AprilTag1, deactivated=false, cameraQuirks=QuirkyCamera [baseName=AprilTag1, displayName=, usbVid=3141, usbPid=25446, quirks={ArduOV9782=false, ArduCamCamera=true, LifeCamControls=false, See3Cam_24CUG=false, AdjustableFocus=false, StickyFPS=true, PsEyeControls=false, ArduOV9782Controls=false, FPSCap100=false, CompletelyBroken=false, InnoOV9281Controls=false, ArduOV9281Controls=false, Gain=true, ArduOV2311Controls=false, AwbRedBlueGain=false}], FOV=70.0]
[2025-09-27 20:25:15] [Camera - USBFrameProvider - Reef2] [INFO] Camera connected! running callback
[2025-09-27 20:25:15] [Camera - USBCameraSource - AprilTag1] [INFO] Quirky camera detected: QuirkyCamera [baseName=AprilTag1, displayName=, usbVid=3141, usbPid=25446, quirks={ArduOV9782=false, ArduCamCamera=true, LifeCamControls=false, See3Cam_24CUG=false, AdjustableFocus=false, StickyFPS=true, PsEyeControls=false, ArduOV9782Controls=false, FPSCap100=false, CompletelyBroken=false, InnoOV9281Controls=false, ArduOV9281Controls=false, Gain=true, ArduOV2311Controls=false, AwbRedBlueGain=false}]
[2025-09-27 20:25:15] [Camera - USBCameraSource - Reef2] [DEBUG] Cam Properties Dump:
Name: connect_verbose, Kind: kInteger, Value: 2, Min: 0, Max: 1, Dflt: 1, Step: 1
Name: , Kind: kNone, Value: 0, Min: 0, Max: 0, Dflt: 0, Step: 0
Name: raw_brightness, Kind: kInteger, Value: 2, Min: -64, Max: 64, Dflt: 0, Step: 1
Name: brightness, Kind: kInteger, Value: 2, Min: 0, Max: 100, Dflt: 50, Step: 1
Name: raw_contrast, Kind: kInteger, Value: 2, Min: 0, Max: 64, Dflt: 32, Step: 1
Name: contrast, Kind: kInteger, Value: 2, Min: 0, Max: 100, Dflt: 50, Step: 1
Name: raw_saturation, Kind: kInteger, Value: 2, Min: 0, Max: 128, Dflt: 90, Step: 1
Name: saturation, Kind: kInteger, Value: 2, Min: 0, Max: 100, Dflt: 70, Step: 1
Name: raw_hue, Kind: kInteger, Value: 2, Min: -40, Max: 40, Dflt: 0, Step: 1
Name: hue, Kind: kInteger, Value: 2, Min: 0, Max: 100, Dflt: 50, Step: 1
Name: white_balance_automatic, Kind: kBoolean, Value: 1, Min: 0, Max: 1, Dflt: 1, Step: 1
Name: gamma, Kind: kInteger, Value: 2, Min: 72, Max: 500, Dflt: 100, Step: 1
Name: raw_gain, Kind: kInteger, Value: 2, Min: 0, Max: 100, Dflt: 0, Step: 1
Name: gain, Kind: kInteger, Value: 2, Min: 0, Max: 100, Dflt: 0, Step: 1
Name: power_line_frequency, Kind: kEnum, Value: 8, Min: 0, Max: 2, Dflt: 2, Step: 1
Name: white_balance_temperature, Kind: kInteger, Value: 2, Min: 2800, Max: 6500, Dflt: 4600, Step: 1
Name: raw_sharpness, Kind: kInteger, Value: 2, Min: 0, Max: 6, Dflt: 3, Step: 1
Name: sharpness, Kind: kInteger, Value: 2, Min: 0, Max: 100, Dflt: 50, Step: 1
Name: backlight_compensation, Kind: kInteger, Value: 2, Min: 0, Max: 2, Dflt: 1, Step: 1
Name: auto_exposure, Kind: kEnum, Value: 8, Min: 0, Max: 3, Dflt: 3, Step: 1
Name: raw_exposure_time_absolute, Kind: kInteger, Value: 2, Min: 1, Max: 5000, Dflt: 157, Step: 1
Name: exposure_time_absolute, Kind: kInteger, Value: 2, Min: 0, Max: 100, Dflt: 3, Step: 1
Name: exposure_dynamic_framerate, Kind: kBoolean, Value: 1, Min: 0, Max: 1, Dflt: 0, Step: 1

[2025-09-27 20:25:15] [Camera - USBCameraSource - AprilTag1] [DEBUG] Using Generic USB Cam Settables
[2025-09-27 20:25:15] [CSCore - PvCSCoreLogger] [INFO] AprilTag1: Attempting to connect to USB camera on /dev/v4l/by-path/platform-fc880000.usb-usb-0:1:1.0-video-index0
[2025-09-27 20:25:15] [Camera - USBCameraSource - AprilTag1] [INFO] Created settables org.photonvision.vision.camera.USBCameras.GenericUSBCameraSettables@6d025197
[2025-09-27 20:25:15] [VisionModule - VisionSourceSettables - Reef2] [INFO] Caching cscore properties
[2025-09-27 20:25:15] [CSCore - PvCSCoreLogger] [DEBUG] CS: DEBUG 7: AprilTag1: opening device (UsbCameraImpl.cpp:651)
[2025-09-27 20:25:15] [VisionModule - VisionSourceSettables - Reef2] [DEBUG] No property image_stabilization for Reef2 , skipping.
[2025-09-27 20:25:15] [CSCore - PvCSCoreLogger] [INFO] AprilTag1: Connected to USB camera on /dev/v4l/by-path/platform-fc880000.usb-usb-0:1:1.0-video-index0
[2025-09-27 20:25:15] [CSCore - PvCSCoreLogger] [DEBUG] CS: DEBUG 7: AprilTag1: getting capabilities (UsbCameraImpl.cpp:663)
[2025-09-27 20:25:15] [CSCore - PvCSCoreLogger] [DEBUG] CS: DEBUG 7: AprilTag1: caching properties (UsbCameraImpl.cpp:675)
[2025-09-27 20:25:15] [VisionModule - VisionSourceSettables - AprilTag0] [DEBUG] No property focus_auto for AprilTag0 , skipping.
[2025-09-27 20:25:15] [VisionModule - VisionSourceSettables - AprilTag0] [DEBUG] No property focus_absolute for AprilTag0 , skipping.
[2025-09-27 20:25:15] [CSCore - PvCSCoreLogger] [INFO] AprilTag1: set format 1 res 320x240
[2025-09-27 20:25:15] [CSCore - PvCSCoreLogger] [DEBUG] CS: DEBUG 7: AprilTag1: allocating buffers (UsbCameraImpl.cpp:701)
[2025-09-27 20:25:15] [VisionModule - PipelineManager] [DEBUG] Creating AprilTag pipeline
[2025-09-27 20:25:15] [CSCore - PvCSCoreLogger] [DEBUG] CS: DEBUG 7: AprilTag1: mapping buffers (UsbCameraImpl.cpp:715)
[2025-09-27 20:25:15] [CSCore - PvCSCoreLogger] [DEBUG] CS: DEBUG 7: AprilTag1: queuing buffers (UsbCameraImpl.cpp:765)
[2025-09-27 20:25:15] [VisionModule - VisionSourceSettables - AprilTag0] [INFO] Setting video mode to FPS: 120 Width: 1280 Height: 720 Pixel Format: kMJPEG
[2025-09-27 20:25:15] [WebServer - DataChangeService] [DEBUG] Added subscriber - Sources: DCS_WEBSOCKET, DCS_HTTP, DCS_NETWORKTABLES, DCS_VISIONMODULE, DCS_OTHER, Destinations: DCD_ACTIVEMODULE, DCD_ACTIVEPIPELINESETTINGS, DCD_GENSETTINGS, DCD_UI, DCD_WEBSERVER, DCD_OTHER
[2025-09-27 20:25:15] [CSCore - PvCSCoreLogger] [DEBUG] CS: DEBUG 10: serve_photonvision_Port_1185_Input_MJPEG_Server: waiting for clients to connect (MjpegServerImpl.cpp:946)
[2025-09-27 20:25:15] [CSCore - PvCSCoreLogger] [DEBUG] CS: DEBUG 10: serve_photonvision_Port_1186_Output_MJPEG_Server: waiting for clients to connect (MjpegServerImpl.cpp:946)
[2025-09-27 20:25:15] [VisionModule - VisionModule - AprilTag1] [INFO] Setting pipeline to 0
[2025-09-27 20:25:15] [VisionModule - VisionModule - AprilTag1] [INFO] Pipeline name: New Pipeline
[2025-09-27 20:25:15] [Camera - USBFrameProvider - AprilTag1] [INFO] Camera connected! running callback
[2025-09-27 20:25:15] [Camera - USBCameraSource - AprilTag1] [DEBUG] Cam Properties Dump:
Name: connect_verbose, Kind: kInteger, Value: 2, Min: 0, Max: 1, Dflt: 1, Step: 1
Name: , Kind: kNone, Value: 0, Min: 0, Max: 0, Dflt: 0, Step: 0
Name: raw_brightness, Kind: kInteger, Value: 2, Min: -64, Max: 64, Dflt: 0, Step: 1
Name: brightness, Kind: kInteger, Value: 2, Min: 0, Max: 100, Dflt: 50, Step: 1
Name: raw_contrast, Kind: kInteger, Value: 2, Min: 0, Max: 64, Dflt: 32, Step: 1
Name: contrast, Kind: kInteger, Value: 2, Min: 0, Max: 100, Dflt: 50, Step: 1
Name: raw_saturation, Kind: kInteger, Value: 2, Min: 0, Max: 128, Dflt: 64, Step: 1
Name: saturation, Kind: kInteger, Value: 2, Min: 0, Max: 100, Dflt: 50, Step: 1
Name: raw_hue, Kind: kInteger, Value: 2, Min: -40, Max: 40, Dflt: 0, Step: 1
Name: hue, Kind: kInteger, Value: 2, Min: 0, Max: 100, Dflt: 50, Step: 1
Name: white_balance_automatic, Kind: kBoolean, Value: 1, Min: 0, Max: 1, Dflt: 1, Step: 1
Name: gamma, Kind: kInteger, Value: 2, Min: 72, Max: 500, Dflt: 100, Step: 1
Name: raw_gain, Kind: kInteger, Value: 2, Min: 0, Max: 100, Dflt: 0, Step: 1
Name: gain, Kind: kInteger, Value: 2, Min: 0, Max: 100, Dflt: 0, Step: 1
Name: power_line_frequency, Kind: kEnum, Value: 8, Min: 0, Max: 2, Dflt: 2, Step: 1
Name: white_balance_temperature, Kind: kInteger, Value: 2, Min: 2800, Max: 6500, Dflt: 4600, Step: 1
Name: raw_sharpness, Kind: kInteger, Value: 2, Min: 0, Max: 6, Dflt: 3, Step: 1
Name: sharpness, Kind: kInteger, Value: 2, Min: 0, Max: 100, Dflt: 50, Step: 1
Name: backlight_compensation, Kind: kInteger, Value: 2, Min: 0, Max: 2, Dflt: 1, Step: 1
Name: auto_exposure, Kind: kEnum, Value: 8, Min: 0, Max: 3, Dflt: 3, Step: 1
Name: raw_exposure_time_absolute, Kind: kInteger, Value: 2, Min: 1, Max: 5000, Dflt: 157, Step: 1
Name: exposure_time_absolute, Kind: kInteger, Value: 2, Min: 0, Max: 100, Dflt: 3, Step: 1
Name: exposure_dynamic_framerate, Kind: kBoolean, Value: 1, Min: 0, Max: 1, Dflt: 0, Step: 1

[2025-09-27 20:25:15] [CSCore - PvCSCoreLogger] [INFO] AprilTag0: Attempting to connect to USB camera on /dev/v4l/by-path/platform-xhci-hcd.12.auto-usb-0:1:1.0-video-index0
[2025-09-27 20:25:15] [VisionModule - VisionSourceSettables - AprilTag1] [INFO] Caching cscore properties
[2025-09-27 20:25:15] [CSCore - PvCSCoreLogger] [DEBUG] CS: DEBUG 7: AprilTag0: opening device (UsbCameraImpl.cpp:651)
[2025-09-27 20:25:15] [CSCore - PvCSCoreLogger] [INFO] AprilTag0: Connected to USB camera on /dev/v4l/by-path/platform-xhci-hcd.12.auto-usb-0:1:1.0-video-index0
[2025-09-27 20:25:15] [CSCore - PvCSCoreLogger] [DEBUG] CS: DEBUG 7: AprilTag0: getting capabilities (UsbCameraImpl.cpp:663)
[2025-09-27 20:25:15] [CSCore - PvCSCoreLogger] [DEBUG] CS: DEBUG 7: AprilTag0: restoring video mode (UsbCameraImpl.cpp:681)
[2025-09-27 20:25:15] [Camera - VisionSourceManager] [INFO] Finished registering loaded camera configs! Started 3 active VisionModules, with 3 disabled VisionModules
[2025-09-27 20:25:15] [VisionModule - VisionSourceSettables - AprilTag1] [DEBUG] No property image_stabilization for AprilTag1 , skipping.
[2025-09-27 20:25:15] [General - Main] [INFO] Starting server...
[2025-09-27 20:25:15] [WebServer - DataChangeService] [DEBUG] Added subscriber - Sources: DCS_WEBSOCKET, DCS_HTTP, DCS_NETWORKTABLES, DCS_VISIONMODULE, DCS_OTHER, Destinations: DCD_WEBSERVER
[2025-09-27 20:25:15] [General - KernelLogLogger] [DEBUG] 2025-09-27T20:25:15.172439-06:00 photonvision kernel: mali fb000000.gpu: Loading Mali firmware 0x1010000
[2025-09-27 20:25:15] [General - KernelLogLogger] [DEBUG] 2025-09-27T20:25:15.175723-06:00 photonvision kernel: mali fb000000.gpu: Mali firmware git_sha: ee476db42870778306fa8d559a605a73f13e455c 
[2025-09-27 20:25:15] [General - KernelLogLogger] [DEBUG] 2025-09-27T20:25:15.485861-06:00 photonvision kernel: dwhdmi-rockchip fde80000.hdmi: i2c read time out!
[2025-09-27 20:25:15] [WebServer - DataChangeService] [DEBUG] Added subscriber - Sources: DCS_WEBSOCKET, DCS_HTTP, DCS_NETWORKTABLES, DCS_VISIONMODULE, DCS_OTHER, Destinations: DCD_UI
[2025-09-27 20:25:15] [WebServer - DataChangeService] [DEBUG] Added subscriber - Sources: DCS_WEBSOCKET, Destinations: DCD_GENSETTINGS
[2025-09-27 20:25:16] [VisionModule - VisionSourceSettables - AprilTag1] [DEBUG] No property scene_mode for AprilTag1 , skipping.
[2025-09-27 20:25:16] [VisionModule - VisionSourceSettables - AprilTag1] [DEBUG] No property exposure_metering_mode for AprilTag1 , skipping.
[2025-09-27 20:25:16] [CSCore - PvCSCoreLogger] [ERROR] CS: ERROR 40: Reef2: ioctl VIDIOC_STREAMON failed: Protocol error (UsbCameraImpl.cpp:789)
[2025-09-27 20:25:16] [VisionModule - VisionSourceSettables - AprilTag1] [DEBUG] No property focus_auto for AprilTag1 , skipping.
[2025-09-27 20:25:16] [VisionModule - VisionSourceSettables - AprilTag1] [DEBUG] No property focus_absolute for AprilTag1 , skipping.
[2025-09-27 20:25:16] [VisionModule - VisionSourceSettables - AprilTag1] [INFO] Setting video mode to FPS: 100 Width: 320 Height: 240 Pixel Format: kMJPEG
[2025-09-27 20:25:16] [CSCore - PvCSCoreLogger] [INFO] AprilTag0: set format 1 res 1280x720
[2025-09-27 20:25:16] [CSCore - PvCSCoreLogger] [INFO] AprilTag0: set FPS to 120
[2025-09-27 20:25:16] [CSCore - PvCSCoreLogger] [DEBUG] CS: DEBUG 7: AprilTag0: restoring settings (UsbCameraImpl.cpp:686)
[2025-09-27 20:25:16] [CSCore - PvCSCoreLogger] [DEBUG] CS: DEBUG 7: AprilTag0: allocating buffers (UsbCameraImpl.cpp:701)
[2025-09-27 20:25:16] [CSCore - PvCSCoreLogger] [DEBUG] CS: DEBUG 7: AprilTag0: mapping buffers (UsbCameraImpl.cpp:715)
[2025-09-27 20:25:16] [CSCore - PvCSCoreLogger] [DEBUG] CS: DEBUG 7: AprilTag0: queuing buffers (UsbCameraImpl.cpp:765)
[2025-09-27 20:25:16] [CSCore - PvCSCoreLogger] [DEBUG] CS: DEBUG 7: Reef2: queuing buffers (UsbCameraImpl.cpp:765)
[2025-09-27 20:25:16] [VisionModule - VisionSourceSettables - Reef2] [DEBUG] No property scene_mode for Reef2 , skipping.
[2025-09-27 20:25:16] [CSCore - PvCSCoreLogger] [ERROR] CS: ERROR 40: ioctl VIDIOC_QBUF failed at UsbCameraImpl.cpp:772: Invalid argument (UsbUtil.cpp:157)
[2025-09-27 20:25:16] [CSCore - PvCSCoreLogger] [WARN] CS: WARNING 30: Reef2: could not queue buffer 0 (UsbCameraImpl.cpp:773)
[2025-09-27 20:25:16] [VisionModule - VisionSourceSettables - Reef2] [DEBUG] No property exposure_metering_mode for Reef2 , skipping.
[2025-09-27 20:25:16] [CSCore - PvCSCoreLogger] [ERROR] CS: ERROR 40: ioctl VIDIOC_S_EXT_CTRLS failed at UsbCameraProperty.cpp:71: Protocol error (UsbUtil.cpp:157)
[2025-09-27 20:25:16] [CSCore - PvCSCoreLogger] [DEBUG] CS: DEBUG 7: Reef2: queuing buffers (UsbCameraImpl.cpp:765)
[2025-09-27 20:25:16] [VisionModule - VisionSourceSettables - Reef2] [ERROR] Failed to set exposure_dynamic_framerate for Reef2 !: property write failed
[2025-09-27 20:25:16] [CSCore - PvCSCoreLogger] [ERROR] CS: ERROR 40: ioctl VIDIOC_QBUF failed at UsbCameraImpl.cpp:772: Invalid argument (UsbUtil.cpp:157)
[2025-09-27 20:25:16] [CSCore - PvCSCoreLogger] [WARN] CS: WARNING 30: Reef2: could not queue buffer 0 (UsbCameraImpl.cpp:773)
[2025-09-27 20:25:16] [VisionModule - VisionSourceSettables - Reef2] [ERROR] edu.wpi.first.cscore.VideoException: property write failed
	at edu.wpi.first.cscore.CameraServerJNI.setProperty(Native Method)
	at edu.wpi.first.cscore.VideoProperty.set(VideoProperty.java:132)
	at org.photonvision.vision.camera.USBCameras.GenericUSBCameraSettables.softSet(GenericUSBCameraSettables.java:351)
	at org.photonvision.vision.camera.USBCameras.GenericUSBCameraSettables.setAllCamDefaults(GenericUSBCameraSettables.java:124)
	at org.photonvision.vision.camera.USBCameras.GenericUSBCameraSettables.onCameraConnected(GenericUSBCameraSettables.java:409)
	at org.photonvision.vision.camera.USBCameras.USBCameraSource.onCameraConnected(USBCameraSource.java:48)
	at org.photonvision.vision.frame.provider.USBFrameProvider.onCameraConnected(USBFrameProvider.java:159)
	at org.photonvision.vision.frame.provider.USBFrameProvider.checkCameraConnected(USBFrameProvider.java:75)
	at org.photonvision.vision.processes.VisionRunner.update(VisionRunner.java:132)
	at java.base/java.lang.Thread.run(Thread.java:1447)

[2025-09-27 20:25:16] [VisionModule - VisionSourceSettables - Reef2] [DEBUG] No property focus_auto for Reef2 , skipping.
[2025-09-27 20:25:16] [VisionModule - VisionSourceSettables - Reef2] [DEBUG] No property focus_absolute for Reef2 , skipping.
[2025-09-27 20:25:16] [VisionModule - VisionSourceSettables - Reef2] [INFO] Setting video mode to FPS: 90 Width: 1280 Height: 720 Pixel Format: kMJPEG
[2025-09-27 20:25:16] [CSCore - PvCSCoreLogger] [INFO] Reef2: Attempting to connect to USB camera on /dev/v4l/by-path/platform-xhci-hcd.11.auto-usb-0:1:1.0-video-index0
[2025-09-27 20:25:16] [CSCore - PvCSCoreLogger] [DEBUG] CS: DEBUG 7: Reef2: opening device (UsbCameraImpl.cpp:651)
[2025-09-27 20:25:16] [CSCore - PvCSCoreLogger] [INFO] Reef2: Connected to USB camera on /dev/v4l/by-path/platform-xhci-hcd.11.auto-usb-0:1:1.0-video-index0
[2025-09-27 20:25:16] [CSCore - PvCSCoreLogger] [DEBUG] CS: DEBUG 7: Reef2: getting capabilities (UsbCameraImpl.cpp:663)
[2025-09-27 20:25:16] [CSCore - PvCSCoreLogger] [DEBUG] CS: DEBUG 7: Reef2: restoring video mode (UsbCameraImpl.cpp:681)
[2025-09-27 20:25:16] [VisionModule - VisionSourceSettables - AprilTag0] [DEBUG] Failed to set video mode!
[2025-09-27 20:25:16] [CSCore - PvCSCoreLogger] [INFO] AprilTag1: set FPS to 100
[2025-09-27 20:25:16] [CSCore - PvCSCoreLogger] [DEBUG] CS: DEBUG 7: AprilTag1: queuing buffers (UsbCameraImpl.cpp:765)
[2025-09-27 20:25:16] [CSCore - PvCSCoreLogger] [ERROR] CS: ERROR 40: ioctl VIDIOC_S_FMT failed at UsbCameraImpl.cpp:1025: Input/output error (UsbUtil.cpp:157)
[2025-09-27 20:25:16] [CSCore - PvCSCoreLogger] [WARN] CS: WARNING 30: Reef2: could not set format 1 res 1280x720 (UsbCameraImpl.cpp:1026)
[2025-09-27 20:25:16] [VisionModule - VisionSourceSettables - AprilTag0] [DEBUG] Setting property raw_exposure_time_absolute to 20 (user requested 20.0 μs)
[2025-09-27 20:25:16] [VisionModule - VisionSourceSettables - AprilTag0] [DEBUG] Setting auto exposure to false
[2025-09-27 20:25:16] [VisionModule - VisionSourceSettables - AprilTag0] [DEBUG] No property auto_exposure_bias for AprilTag0 , skipping.
[2025-09-27 20:25:16] [VisionModule - VisionSourceSettables - AprilTag0] [DEBUG] No property iso_sensitivity_auto for AprilTag0 , skipping.
[2025-09-27 20:25:16] [VisionModule - VisionSourceSettables - AprilTag0] [DEBUG] No property iso_sensitivity for AprilTag0 , skipping.
[2025-09-27 20:25:16] [CSCore - PvCSCoreLogger] [INFO] Reef2: set FPS to 90
[2025-09-27 20:25:16] [CSCore - PvCSCoreLogger] [DEBUG] CS: DEBUG 7: Reef2: restoring settings (UsbCameraImpl.cpp:686)
[2025-09-27 20:25:16] [VisionModule - VisionSourceSettables - AprilTag0] [DEBUG] Setting property raw_exposure_time_absolute to 20 (user requested 20.0 μs)
[2025-09-27 20:25:16] [Config - ConfigManager] [DEBUG] Saving to disk...
[2025-09-27 20:25:16] [Config - SqlConfigProvider] [DEBUG] Saving to disk
[2025-09-27 20:25:16] [VisionModule - VisionSourceSettables - AprilTag0] [DEBUG] No property gain_automatic for AprilTag0 , skipping.
[2025-09-27 20:25:16] [VisionModule - VisionSourceSettables - AprilTag0] [DEBUG] Setting property white_balance_temperature to 4000 (user requested 4000 degrees)
[2025-09-27 20:25:16] [VisionModule - VisionSourceSettables - AprilTag0] [DEBUG] Setting auto white balance to true
[2025-09-27 20:25:16] [General - KernelLogLogger] [DEBUG] 2025-09-27T20:25:16.415816-06:00 photonvision kernel: message repeated 9 times: [ dwhdmi-rockchip fde80000.hdmi: i2c read time out!]
[2025-09-27 20:25:16] [General - KernelLogLogger] [DEBUG] 2025-09-27T20:25:16.415843-06:00 photonvision kernel: dwhdmi-rockchip fde80000.hdmi: ddc read failed offset:0x1
[2025-09-27 20:25:16] [General - KernelLogLogger] [DEBUG] 2025-09-27T20:25:16.522487-06:00 photonvision kernel: dwhdmi-rockchip fde80000.hdmi: i2c read time out!
[2025-09-27 20:25:16] [General - KernelLogLogger] [DEBUG] 2025-09-27T20:25:16.625766-06:00 photonvision kernel: dwhdmi-rockchip fde80000.hdmi: i2c read time out!
[2025-09-27 20:25:16] [General - KernelLogLogger] [DEBUG] 2025-09-27T20:25:16.709038-06:00 photonvision kernel: usb 1-1: Failed to query (SET_CUR) UVC control 3 on unit 1: -71 (exp. 1).
[2025-09-27 20:25:16] [General - KernelLogLogger] [DEBUG] 2025-09-27T20:25:16.732368-06:00 photonvision kernel: dwhdmi-rockchip fde80000.hdmi: i2c read time out!
[2025-09-27 20:25:16] [CSCore - PvCSCoreLogger] [DEBUG] CS: DEBUG 7: Reef2: allocating buffers (UsbCameraImpl.cpp:701)
[2025-09-27 20:25:16] [CSCore - PvCSCoreLogger] [DEBUG] CS: DEBUG 7: Reef2: mapping buffers (UsbCameraImpl.cpp:715)
[2025-09-27 20:25:16] [CSCore - PvCSCoreLogger] [DEBUG] CS: DEBUG 7: Reef2: queuing buffers (UsbCameraImpl.cpp:765)
[2025-09-27 20:25:16] [VisionModule - VisionSourceSettables - Reef2] [DEBUG] Failed to set video mode!
[2025-09-27 20:25:16] [Config - SqlConfigProvider] [INFO] Settings saved!
[2025-09-27 20:25:17] [NetworkTables - NetworkTablesManager] [INFO] NT: INFO 20: CONNECTED NT4 to 10.17.99.2 port 5810 (NetworkClient.cpp:413)
[2025-09-27 20:25:17] [NetworkTables - NetworkTablesManager] [INFO] NT connected to 10.17.99.2:5810! (NT version 1025)
[2025-09-27 20:25:17] [General - ScriptManager] [INFO] Queued event: kNTConnected
[2025-09-27 20:25:17] [NetworkTables - TimeSyncManager] [DEBUG] NT (re)connected -- restarting Time Sync Client at 127.0.0.1:5810
[2025-09-27 20:25:17] [VisionModule - VisionSourceSettables - AprilTag1] [DEBUG] Failed to set video mode!
[2025-09-27 20:25:17] [VisionModule - VisionSourceSettables - AprilTag1] [DEBUG] Setting property raw_exposure_time_absolute to 20 (user requested 20.0 μs)
[2025-09-27 20:25:17] [VisionModule - VisionSourceSettables - AprilTag1] [DEBUG] Setting auto exposure to false
[2025-09-27 20:25:17] [VisionModule - VisionSourceSettables - AprilTag1] [DEBUG] No property auto_exposure_bias for AprilTag1 , skipping.
[2025-09-27 20:25:17] [VisionModule - VisionSourceSettables - AprilTag1] [DEBUG] No property iso_sensitivity_auto for AprilTag1 , skipping.
[2025-09-27 20:25:17] [VisionModule - VisionSourceSettables - AprilTag1] [DEBUG] No property iso_sensitivity for AprilTag1 , skipping.
[2025-09-27 20:25:17] [VisionModule - VisionSourceSettables - AprilTag1] [DEBUG] Setting property raw_exposure_time_absolute to 20 (user requested 20.0 μs)
[2025-09-27 20:25:17] [VisionModule - VisionSourceSettables - AprilTag1] [DEBUG] No property gain_automatic for AprilTag1 , skipping.
[2025-09-27 20:25:17] [VisionModule - VisionSourceSettables - AprilTag1] [DEBUG] Setting property white_balance_temperature to 4000 (user requested 4000 degrees)
[2025-09-27 20:25:17] [VisionModule - VisionSourceSettables - AprilTag1] [DEBUG] Setting auto white balance to false
[2025-09-27 20:25:17] [VisionModule - VisionSourceSettables - Reef2] [DEBUG] Setting property raw_exposure_time_absolute to 20 (user requested 20.0 μs)
[2025-09-27 20:25:17] [VisionModule - VisionSourceSettables - Reef2] [DEBUG] Setting auto exposure to true
[2025-09-27 20:25:17] [VisionModule - VisionSourceSettables - Reef2] [DEBUG] No property auto_exposure_bias for Reef2 , skipping.
[2025-09-27 20:25:17] [VisionModule - VisionSourceSettables - Reef2] [DEBUG] No property iso_sensitivity_auto for Reef2 , skipping.
[2025-09-27 20:25:17] [VisionModule - VisionSourceSettables - Reef2] [DEBUG] No property iso_sensitivity for Reef2 , skipping.
[2025-09-27 20:25:17] [VisionModule - VisionSourceSettables - Reef2] [DEBUG] No property gain_automatic for Reef2 , skipping.
[2025-09-27 20:25:17] [VisionModule - VisionSourceSettables - Reef2] [DEBUG] Setting property white_balance_temperature to 4000 (user requested 4000 degrees)
[2025-09-27 20:25:17] [VisionModule - VisionSourceSettables - Reef2] [DEBUG] Setting auto white balance to true
[2025-09-27 20:25:17] [CSCore - PvCSCoreLogger] [ERROR] CS: ERROR 40: ioctl VIDIOC_DQBUF failed at UsbCameraImpl.cpp:529: No such device (UsbUtil.cpp:157)
[2025-09-27 20:25:17] [CSCore - PvCSCoreLogger] [WARN] CS: WARNING 30: AprilTag1: could not dequeue buffer (UsbCameraImpl.cpp:530)
[2025-09-27 20:25:17] [CSCore - PvCSCoreLogger] [ERROR] CS: ERROR 40: ioctl VIDIOC_STREAMOFF failed at UsbCameraImpl.cpp:807: No such device (UsbUtil.cpp:157)
[2025-09-27 20:25:17] [CSCore - PvCSCoreLogger] [INFO] AprilTag1: Attempting to connect to USB camera on /dev/v4l/by-path/platform-fc880000.usb-usb-0:1:1.0-video-index0
[2025-09-27 20:25:17] [CSCore - PvCSCoreLogger] [DEBUG] CS: DEBUG 7: AprilTag1: opening device (UsbCameraImpl.cpp:651)
[2025-09-27 20:25:17] [CSCore - PvCSCoreLogger] [INFO] AprilTag1: Attempting to connect to USB camera on /dev/v4l/by-path/platform-fc880000.usb-usb-0:1:1.0-video-index0
[2025-09-27 20:25:17] [CSCore - PvCSCoreLogger] [DEBUG] CS: DEBUG 7: AprilTag1: opening device (UsbCameraImpl.cpp:651)
[2025-09-27 20:25:17] [CSCore - PvCSCoreLogger] [INFO] AprilTag1: Attempting to connect to USB camera on /dev/v4l/by-path/platform-fc880000.usb-usb-0:1:1.0-video-index0
[2025-09-27 20:25:17] [CSCore - PvCSCoreLogger] [DEBUG] CS: DEBUG 7: AprilTag1: opening device (UsbCameraImpl.cpp:651)
[2025-09-27 20:25:17] [CSCore - PvCSCoreLogger] [INFO] AprilTag1: Attempting to connect to USB camera on /dev/v4l/by-path/platform-fc880000.usb-usb-0:1:1.0-video-index0
[2025-09-27 20:25:17] [CSCore - PvCSCoreLogger] [DEBUG] CS: DEBUG 7: AprilTag1: opening device (UsbCameraImpl.cpp:651)
[2025-09-27 20:25:17] [General - KernelLogLogger] [DEBUG] 2025-09-27T20:25:16.812378-06:00 photonvision kernel: uvcvideo 1-1:1.1: Failed to set UVC probe control : -32 (exp. 26).
[2025-09-27 20:25:17] [General - KernelLogLogger] [DEBUG] 2025-09-27T20:25:16.835703-06:00 photonvision kernel: dwhdmi-rockchip fde80000.hdmi: i2c read time out!
[2025-09-27 20:25:17] [General - KernelLogLogger] [DEBUG] 2025-09-27T20:25:17.462393-06:00 photonvision kernel: message repeated 6 times: [ dwhdmi-rockchip fde80000.hdmi: i2c read time out!]
[2025-09-27 20:25:17] [General - KernelLogLogger] [DEBUG] 2025-09-27T20:25:17.462408-06:00 photonvision kernel: dwhdmi-rockchip fde80000.hdmi: ddc read failed offset:0x1
[2025-09-27 20:25:17] [General - KernelLogLogger] [DEBUG] 2025-09-27T20:25:17.565730-06:00 photonvision kernel: dwhdmi-rockchip fde80000.hdmi: i2c read time out!
[2025-09-27 20:25:17] [General - KernelLogLogger] [DEBUG] 2025-09-27T20:25:17.772406-06:00 photonvision kernel: message repeated 2 times: [ dwhdmi-rockchip fde80000.hdmi: i2c read time out!]
[2025-09-27 20:25:17] [General - KernelLogLogger] [DEBUG] 2025-09-27T20:25:17.792390-06:00 photonvision kernel: usb usb5-port1: disabled by hub (EMI?), re-enabling...
[2025-09-27 20:25:17] [General - KernelLogLogger] [DEBUG] 2025-09-27T20:25:17.792421-06:00 photonvision kernel: usb 5-1: USB disconnect, device number 2
[2025-09-27 20:25:17] [General - KernelLogLogger] [DEBUG] 2025-09-27T20:25:17.795770-06:00 photonvision kernel: uvcvideo 5-1:1.1: Failed to resubmit video URB (-19).
[2025-09-27 20:25:17] [General - KernelLogLogger] [DEBUG] 2025-09-27T20:25:17.805732-06:00 photonvision kernel: message repeated 2 times: [ uvcvideo 5-1:1.1: Failed to resubmit video URB (-19).]
[2025-09-27 20:25:17] [General - KernelLogLogger] [DEBUG] 2025-09-27T20:25:17.879058-06:00 photonvision kernel: dwhdmi-rockchip fde80000.hdmi: i2c read time out!
[2025-09-27 20:25:17] [General - KernelLogLogger] [DEBUG]  :@:zÁã	8@IڊØ-6@ Y°ã#ß4@FàäÄå4@-,¹G3@£++¿Ò2@®¼Ԟ2@%:¦{2@	ó]H2@JQô1@®ª´=Wz1@GrÒ0@˞0@Ô^g5Ö%/@Ö±¦.@«¬eM.@´xæEò-@ǰØÅÉÌ-@I]ú-@WKþ1X.@¯Ëïù.@֯±{/@æҥ«Èß/@X)Gü`a0@eøÕ0@£"ãÐ1@5ÛiÌ1@#t|³[2@6îoâZA3@ð	Â4@ßAÔiÆ4@¬dÞÏ!5@w·ÔU5@. Ø3ø®4@ô!hí3@&±mE2@Dû-úÞ-@s2UɸÄ"@î%7à @HN¼àôä?é3âg¨?¸J?ÇêZBx?Ø0}õxó>?BÊÏK*î>fÏû5tð¾gcüyï¾ÚJ8F?ة?F鉝ý	?¯Wç«ÿ?p+ÙàÓð>FzÌ:å>ȗJ;ý>.aHfµ?dÌSÇ?"±« ?ñ«ɸ
[2025-09-27 20:25:18] [Camera - USBFrameProvider - AprilTag1] [ERROR] Error grabbing image: timed out getting frame
[2025-09-27 20:25:18] [NetworkTables - TimeSyncManager] [DEBUG] Changing TimeSyncClient server to 10.17.99.2
[2025-09-27 20:25:18] [CSCore - PvCSCoreLogger] [INFO] AprilTag1: Attempting to connect to USB camera on /dev/v4l/by-path/platform-fc880000.usb-usb-0:1:1.0-video-index0
[2025-09-27 20:25:18] [CSCore - PvCSCoreLogger] [DEBUG] CS: DEBUG 7: AprilTag1: opening device (UsbCameraImpl.cpp:651)
[2025-09-27 20:25:18] [Camera - USBFrameProvider - AprilTag1] [ERROR] Error grabbing image: timed out getting frame
[2025-09-27 20:25:18] [CSCore - PvCSCoreLogger] [INFO] AprilTag1: Attempting to connect to USB camera on /dev/v4l/by-path/platform-fc880000.usb-usb-0:1:1.0-video-index0
[2025-09-27 20:25:18] [CSCore - PvCSCoreLogger] [DEBUG] CS: DEBUG 7: AprilTag1: opening device (UsbCameraImpl.cpp:651)
[2025-09-27 20:25:18] [CSCore - PvCSCoreLogger] [INFO] AprilTag1: Attempting to connect to USB camera on /dev/v4l/by-path/platform-fc880000.usb-usb-0:1:1.0-video-index0
[2025-09-27 20:25:18] [CSCore - PvCSCoreLogger] [DEBUG] CS: DEBUG 7: AprilTag1: opening device (UsbCameraImpl.cpp:651)
[2025-09-27 20:25:18] [CSCore - PvCSCoreLogger] [INFO] AprilTag1: Attempting to connect to USB camera on /dev/v4l/by-path/platform-fc880000.usb-usb-0:1:1.0-video-index0
[2025-09-27 20:25:18] [CSCore - PvCSCoreLogger] [DEBUG] CS: DEBUG 7: AprilTag1: opening device (UsbCameraImpl.cpp:651)
[2025-09-27 20:25:18] [CSCore - PvCSCoreLogger] [INFO] AprilTag1: Attempting to connect to USB camera on /dev/v4l/by-path/platform-fc880000.usb-usb-0:1:1.0-video-index0
[2025-09-27 20:25:18] [CSCore - PvCSCoreLogger] [DEBUG] CS: DEBUG 7: AprilTag1: opening device (UsbCameraImpl.cpp:651)
[2025-09-27 20:25:18] [CSCore - PvCSCoreLogger] [INFO] AprilTag1: Connected to USB camera on /dev/v4l/by-path/platform-fc880000.usb-usb-0:1:1.0-video-index0
[2025-09-27 20:25:18] [CSCore - PvCSCoreLogger] [DEBUG] CS: DEBUG 7: AprilTag1: getting capabilities (UsbCameraImpl.cpp:663)
[2025-09-27 20:25:18] [CSCore - PvCSCoreLogger] [DEBUG] CS: DEBUG 7: AprilTag1: restoring video mode (UsbCameraImpl.cpp:681)
[2025-09-27 20:25:18] [CSCore - PvCSCoreLogger] [INFO] AprilTag1: set format 1 res 320x240
[2025-09-27 20:25:18] [CSCore - PvCSCoreLogger] [INFO] AprilTag1: set FPS to 100
[2025-09-27 20:25:18] [CSCore - PvCSCoreLogger] [DEBUG] CS: DEBUG 7: AprilTag1: restoring settings (UsbCameraImpl.cpp:686)
[2025-09-27 20:25:18] [Camera - USBFrameProvider - AprilTag1] [ERROR] Error grabbing image: timed out getting frame
[2025-09-27 20:25:18] [Camera - USBFrameProvider - AprilTag1] [ERROR] Error grabbing image: timed out getting frame
[2025-09-27 20:25:18] [General - KernelLogLogger] [DEBUG] 2025-09-27T20:25:18.085724-06:00 photonvision kernel: message repeated 2 times: [ dwhdmi-rockchip fde80000.hdmi: i2c read time out!]
[2025-09-27 20:25:18] [General - KernelLogLogger] [DEBUG] 2025-09-27T20:25:18.132489-06:00 photonvision kernel: usb 5-1: new high-speed USB device number 3 using ehci-platform
[2025-09-27 20:25:18] [General - KernelLogLogger] [DEBUG] 2025-09-27T20:25:18.189125-06:00 photonvision kernel: dwhdmi-rockchip fde80000.hdmi: i2c read time out!
[2025-09-27 20:25:18] [General - KernelLogLogger] [DEBUG] 2025-09-27T20:25:18.292406-06:00 photonvision kernel: dwhdmi-rockchip fde80000.hdmi: i2c read time out!
[2025-09-27 20:25:18] [General - KernelLogLogger] [DEBUG] 2025-09-27T20:25:18.295724-06:00 photonvision kernel: usb 5-1: New USB device found, idVendor=0c45, idProduct=6366, bcdDevice= 1.00
[2025-09-27 20:25:18] [General - KernelLogLogger] [DEBUG] 2025-09-27T20:25:18.295748-06:00 photonvision kernel: usb 5-1: New USB device strings: Mfr=2, Product=1, SerialNumber=3
[2025-09-27 20:25:18] [General - KernelLogLogger] [DEBUG] 2025-09-27T20:25:18.295750-06:00 photonvision kernel: usb 5-1: Product: AprilTag1
[2025-09-27 20:25:18] [General - KernelLogLogger] [DEBUG] 2025-09-27T20:25:18.295751-06:00 photonvision kernel: usb 5-1: Manufacturer: Arducam Technology Co., Ltd.
[2025-09-27 20:25:18] [General - KernelLogLogger] [DEBUG] 2025-09-27T20:25:18.295753-06:00 photonvision kernel: usb 5-1: SerialNumber: 0001
[2025-09-27 20:25:18] [General - KernelLogLogger] [DEBUG] 2025-09-27T20:25:18.299056-06:00 photonvision kernel: usb 5-1: Found UVC 1.00 device AprilTag1 (0c45:6366)
[2025-09-27 20:25:18] [General - KernelLogLogger] [DEBUG] 2025-09-27T20:25:18.325767-06:00 photonvision kernel: input: AprilTag1: AprilTag1 as /devices/platform/fc880000.usb/usb5/5-1/5-1:1.0/input/input16
[2025-09-27 20:25:18] [General - KernelLogLogger] [DEBUG] 2025-09-27T20:25:18.399057-06:00 photonvision kernel: dwhdmi-rockchip fde80000.hdmi: i2c read time out!
[2025-09-27 20:25:18] [General - KernelLogLogger] [DEBUG] 2025-09-27T20:25:18.505718-06:00 photonvision kernel: dwhdmi-rockchip fde80000.hdmi: i2c read time out!
[2025-09-27 20:25:18] [General - KernelLogLogger] [DEBUG] 2025-09-27T20:25:18.505738-06:00 photonvision kernel: dwhdmi-rockchip fde80000.hdmi: ddc read failed offset:0x1
[2025-09-27 20:25:18] [General - KernelLogLogger] [DEBUG] 2025-09-27T20:25:18.609057-06:00 photonvision kernel: dwhdmi-rockchip fde80000.hdmi: i2c read time out!
[2025-09-27 20:25:18] [General - KernelLogLogger] [DEBUG] 
[2025-09-27 20:25:19] [Camera - USBFrameProvider - AprilTag1] [ERROR] Error grabbing image: timed out getting frame
[2025-09-27 20:25:19] [Camera - USBFrameProvider - AprilTag1] [ERROR] Error grabbing image: timed out getting frame
[2025-09-27 20:25:19] [CSCore - PvCSCoreLogger] [DEBUG] CS: DEBUG 7: AprilTag1: allocating buffers (UsbCameraImpl.cpp:701)
[2025-09-27 20:25:19] [CSCore - PvCSCoreLogger] [DEBUG] CS: DEBUG 7: AprilTag1: mapping buffers (UsbCameraImpl.cpp:715)
[2025-09-27 20:25:19] [CSCore - PvCSCoreLogger] [ERROR] CS: ERROR 40: ioctl VIDIOC_DQBUF failed at UsbCameraImpl.cpp:529: Invalid argument (UsbUtil.cpp:157)
[2025-09-27 20:25:19] [CSCore - PvCSCoreLogger] [WARN] CS: WARNING 30: AprilTag1: could not dequeue buffer (UsbCameraImpl.cpp:530)
[2025-09-27 20:25:19] [CSCore - PvCSCoreLogger] [INFO] AprilTag1: Attempting to connect to USB camera on /dev/v4l/by-path/platform-fc880000.usb-usb-0:1:1.0-video-index0
[2025-09-27 20:25:19] [CSCore - PvCSCoreLogger] [DEBUG] CS: DEBUG 7: AprilTag1: opening device (UsbCameraImpl.cpp:651)
[2025-09-27 20:25:19] [CSCore - PvCSCoreLogger] [INFO] AprilTag1: Connected to USB camera on /dev/v4l/by-path/platform-fc880000.usb-usb-0:1:1.0-video-index0
[2025-09-27 20:25:19] [CSCore - PvCSCoreLogger] [DEBUG] CS: DEBUG 7: AprilTag1: getting capabilities (UsbCameraImpl.cpp:663)
[2025-09-27 20:25:19] [CSCore - PvCSCoreLogger] [DEBUG] CS: DEBUG 7: AprilTag1: restoring video mode (UsbCameraImpl.cpp:681)
[2025-09-27 20:25:19] [CSCore - PvCSCoreLogger] [INFO] AprilTag1: set format 1 res 320x240
[2025-09-27 20:25:19] [CSCore - PvCSCoreLogger] [INFO] AprilTag1: set FPS to 100
[2025-09-27 20:25:19] [CSCore - PvCSCoreLogger] [DEBUG] CS: DEBUG 7: AprilTag1: restoring settings (UsbCameraImpl.cpp:686)
[2025-09-27 20:25:19] [Camera - USBFrameProvider - AprilTag1] [ERROR] Error grabbing image: timed out getting frame
[2025-09-27 20:25:19] [General - KernelLogLogger] [DEBUG] 2025-09-27T20:25:19.545817-06:00 photonvision kernel: message repeated 9 times: [ dwhdmi-rockchip fde80000.hdmi: i2c read time out!]
[2025-09-27 20:25:19] [Camera - USBFrameProvider - AprilTag1] [ERROR] Error grabbing image: timed out getting frame
[2025-09-27 20:25:19] [General - KernelLogLogger] [DEBUG] 2025-09-27T20:25:19.545832-06:00 photonvision kernel: dwhdmi-rockchip fde80000.hdmi: ddc read failed offset:0x1
[2025-09-27 20:25:19] [General - KernelLogLogger] [DEBUG] 2025-09-27T20:25:19.649072-06:00 photonvision kernel: dwhdmi-rockchip fde80000.hdmi: i2c read time out!
[2025-09-27 20:25:19] [General - KernelLogLogger] [DEBUG]  out!
[2025-09-27 20:25:20] [Camera - USBFrameProvider - AprilTag1] [ERROR] Error grabbing image: timed out getting frame
[2025-09-27 20:25:20] [Camera - USBFrameProvider - AprilTag1] [ERROR] Error grabbing image: timed out getting frame
[2025-09-27 20:25:20] [Camera - USBFrameProvider - AprilTag1] [ERROR] Error grabbing image: timed out getting frame
[2025-09-27 20:25:20] [General - KernelLogLogger] [DEBUG] 2025-09-27T20:25:20.585724-06:00 photonvision kernel: message repeated 9 times: [ dwhdmi-rockchip fde80000.hdmi: i2c read time out!]
[2025-09-27 20:25:20] [General - KernelLogLogger] [DEBUG] 2025-09-27T20:25:20.585734-06:00 photonvision kernel: dwhdmi-rockchip fde80000.hdmi: ddc read failed offset:0x1
[2025-09-27 20:25:20] [General - KernelLogLogger] [DEBUG] 2025-09-27T20:25:20.585744-06:00 photonvision kernel: dwhdmi-rockchip fde80000.hdmi: failed to get edid
[2025-09-27 20:25:20] [Camera - USBFrameProvider - AprilTag1] [ERROR] Error grabbing image: timed out getting frame
[2025-09-27 20:25:21] [Camera - USBFrameProvider - AprilTag1] [ERROR] Error grabbing image: timed out getting frame
[2025-09-27 20:25:21] [Camera - USBFrameProvider - AprilTag1] [ERROR] Error grabbing image: timed out getting frame
[2025-09-27 20:25:21] [Camera - USBFrameProvider - AprilTag1] [ERROR] Error grabbing image: timed out getting frame
[2025-09-27 20:25:22] [Camera - USBFrameProvider - AprilTag1] [ERROR] Error grabbing image: timed out getting frame
[2025-09-27 20:25:22] [Camera - USBFrameProvider - AprilTag1] [ERROR] Error grabbing image: timed out getting frame
[2025-09-27 20:25:22] [Camera - USBFrameProvider - AprilTag1] [ERROR] Error grabbing image: timed out getting frame
[2025-09-27 20:25:22] [Camera - USBFrameProvider - AprilTag1] [ERROR] Error grabbing image: timed out getting frame
[2025-09-27 20:25:23] [Camera - USBFrameProvider - AprilTag1] [ERROR] Error grabbing image: timed out getting frame
[2025-09-27 20:25:23] [Camera - USBFrameProvider - AprilTag1] [ERROR] Error grabbing image: timed out getting frame
[2025-09-27 20:25:23] [Camera - USBFrameProvider - AprilTag1] [ERROR] Error grabbing image: timed out getting frame
[2025-09-27 20:25:23] [CSCore - PvCSCoreLogger] [ERROR] CS: ERROR 40: ioctl VIDIOC_S_EXT_CTRLS failed at UsbCameraProperty.cpp:71: Protocol error (UsbUtil.cpp:157)
[2025-09-27 20:25:23] [CSCore - PvCSCoreLogger] [WARN] CS: WARNING 30: AprilTag1: failed to set property raw_exposure_time_absolute (UsbCameraImpl.cpp:695)
[2025-09-27 20:25:23] [General - KernelLogLogger] [DEBUG] 2025-09-27T20:25:23.899080-06:00 photonvision kernel: usb 5-1: Failed to query (SET_CUR) UVC control 4 on unit 1: -71 (exp. 4).
[2025-09-27 20:25:23] [Camera - USBFrameProvider - AprilTag1] [ERROR] Error grabbing image: timed out getting frame
[2025-09-27 20:25:24] [Camera - USBFrameProvider - AprilTag1] [ERROR] Error grabbing image: timed out getting frame
[2025-09-27 20:25:24] [Camera - USBFrameProvider - AprilTag1] [ERROR] Error grabbing image: timed out getting frame
[2025-09-27 20:25:24] [CSCore - PvCSCoreLogger] [ERROR] CS: ERROR 40: ioctl VIDIOC_S_EXT_CTRLS failed at UsbCameraProperty.cpp:71: Broken pipe (UsbUtil.cpp:157)
[2025-09-27 20:25:24] [CSCore - PvCSCoreLogger] [WARN] CS: WARNING 30: AprilTag1: failed to set property exposure_dynamic_framerate (UsbCameraImpl.cpp:695)
[2025-09-27 20:25:24] [CSCore - PvCSCoreLogger] [DEBUG] CS: DEBUG 7: AprilTag1: allocating buffers (UsbCameraImpl.cpp:701)
[2025-09-27 20:25:24] [CSCore - PvCSCoreLogger] [DEBUG] CS: DEBUG 7: AprilTag1: mapping buffers (UsbCameraImpl.cpp:715)
[2025-09-27 20:25:24] [CSCore - PvCSCoreLogger] [DEBUG] CS: DEBUG 7: AprilTag1: queuing buffers (UsbCameraImpl.cpp:765)
[2025-09-27 20:25:24] [CSCore - PvCSCoreLogger] [ERROR] CS: ERROR 40: AprilTag1: ioctl VIDIOC_STREAMON failed: Protocol error (UsbCameraImpl.cpp:789)
[2025-09-27 20:25:24] [CSCore - PvCSCoreLogger] [DEBUG] CS: DEBUG 7: AprilTag1: queuing buffers (UsbCameraImpl.cpp:765)
[2025-09-27 20:25:24] [CSCore - PvCSCoreLogger] [ERROR] CS: ERROR 40: ioctl VIDIOC_QBUF failed at UsbCameraImpl.cpp:772: Invalid argument (UsbUtil.cpp:157)
[2025-09-27 20:25:24] [CSCore - PvCSCoreLogger] [WARN] CS: WARNING 30: AprilTag1: could not queue buffer 0 (UsbCameraImpl.cpp:773)
[2025-09-27 20:25:24] [Camera - USBFrameProvider - AprilTag1] [ERROR] Error grabbing image: timed out getting frame
[2025-09-27 20:25:24] [CSCore - PvCSCoreLogger] [INFO] AprilTag1: Attempting to connect to USB camera on /dev/v4l/by-path/platform-fc880000.usb-usb-0:1:1.0-video-index0
[2025-09-27 20:25:24] [CSCore - PvCSCoreLogger] [DEBUG] CS: DEBUG 7: AprilTag1: opening device (UsbCameraImpl.cpp:651)
[2025-09-27 20:25:24] [CSCore - PvCSCoreLogger] [INFO] AprilTag1: Attempting to connect to USB camera on /dev/v4l/by-path/platform-fc880000.usb-usb-0:1:1.0-video-index0
[2025-09-27 20:25:24] [CSCore - PvCSCoreLogger] [DEBUG] CS: DEBUG 7: AprilTag1: opening device (UsbCameraImpl.cpp:651)
[2025-09-27 20:25:24] [General - KernelLogLogger] [DEBUG] 2025-09-27T20:25:23.952391-06:00 photonvision kernel: usb 5-1: Failed to query (GET_CUR) UVC control 6 on unit 2: -71 (exp. 2).
[2025-09-27 20:25:24] [General - KernelLogLogger] [DEBUG] 2025-09-27T20:25:24.687048-06:00 photonvision kernel: usb 5-1: Failed to query (SET_CUR) UVC control 3 on unit 1: -32 (exp. 1).
[2025-09-27 20:25:24] [General - KernelLogLogger] [DEBUG] 2025-09-27T20:25:24.805730-06:00 photonvision kernel: usb usb5-port1: disabled by hub (EMI?), re-enabling...
[2025-09-27 20:25:24] [General - KernelLogLogger] [DEBUG] 2025-09-27T20:25:24.805753-06:00 photonvision kernel: usb 5-1: USB disconnect, device number 3
[2025-09-27 20:25:24] [General - KernelLogLogger] [DEBUG] þÿ
[2025-09-27 20:25:25] [Camera - USBFrameProvider - AprilTag1] [ERROR] Error grabbing image: timed out getting frame
[2025-09-27 20:25:25] [Camera - USBFrameProvider - AprilTag1] [ERROR] Error grabbing image: timed out getting frame
[2025-09-27 20:25:25] [CSCore - PvCSCoreLogger] [INFO] AprilTag1: Attempting to connect to USB camera on /dev/v4l/by-path/platform-fc880000.usb-usb-0:1:1.0-video-index0
[2025-09-27 20:25:25] [CSCore - PvCSCoreLogger] [DEBUG] CS: DEBUG 7: AprilTag1: opening device (UsbCameraImpl.cpp:651)
[2025-09-27 20:25:25] [CSCore - PvCSCoreLogger] [INFO] AprilTag1: Attempting to connect to USB camera on /dev/v4l/by-path/platform-fc880000.usb-usb-0:1:1.0-video-index0
[2025-09-27 20:25:25] [CSCore - PvCSCoreLogger] [DEBUG] CS: DEBUG 7: AprilTag1: opening device (UsbCameraImpl.cpp:651)
[2025-09-27 20:25:25] [CSCore - PvCSCoreLogger] [INFO] AprilTag1: Connected to USB camera on /dev/v4l/by-path/platform-fc880000.usb-usb-0:1:1.0-video-index0
[2025-09-27 20:25:25] [CSCore - PvCSCoreLogger] [DEBUG] CS: DEBUG 7: AprilTag1: getting capabilities (UsbCameraImpl.cpp:663)
[2025-09-27 20:25:25] [CSCore - PvCSCoreLogger] [DEBUG] CS: DEBUG 7: AprilTag1: restoring video mode (UsbCameraImpl.cpp:681)
[2025-09-27 20:25:25] [CSCore - PvCSCoreLogger] [INFO] AprilTag1: set format 1 res 320x240
[2025-09-27 20:25:25] [CSCore - PvCSCoreLogger] [INFO] AprilTag1: set FPS to 100
[2025-09-27 20:25:25] [CSCore - PvCSCoreLogger] [DEBUG] CS: DEBUG 7: AprilTag1: restoring settings (UsbCameraImpl.cpp:686)
[2025-09-27 20:25:25] [Camera - USBFrameProvider - AprilTag1] [ERROR] Error grabbing image: timed out getting frame
[2025-09-27 20:25:25] [Camera - USBFrameProvider - AprilTag1] [ERROR] Error grabbing image: timed out getting frame
[2025-09-27 20:25:25] [General - KernelLogLogger] [DEBUG] 2025-09-27T20:25:25.142466-06:00 photonvision kernel: usb 5-1: new high-speed USB device number 4 using ehci-platform
[2025-09-27 20:25:25] [General - KernelLogLogger] [DEBUG] 2025-09-27T20:25:25.305896-06:00 photonvision kernel: usb 5-1: New USB device found, idVendor=0c45, idProduct=6366, bcdDevice= 1.00
[2025-09-27 20:25:25] [General - KernelLogLogger] [DEBUG] 2025-09-27T20:25:25.305942-06:00 photonvision kernel: usb 5-1: New USB device strings: Mfr=2, Product=1, SerialNumber=3
[2025-09-27 20:25:25] [General - KernelLogLogger] [DEBUG] 2025-09-27T20:25:25.305946-06:00 photonvision kernel: usb 5-1: Product: AprilTag1
[2025-09-27 20:25:25] [General - KernelLogLogger] [DEBUG] 2025-09-27T20:25:25.305949-06:00 photonvision kernel: usb 5-1: Manufacturer: Arducam Technology Co., Ltd.
[2025-09-27 20:25:25] [General - KernelLogLogger] [DEBUG] 2025-09-27T20:25:25.305953-06:00 photonvision kernel: usb 5-1: SerialNumber: 0001
[2025-09-27 20:25:25] [General - KernelLogLogger] [DEBUG] 2025-09-27T20:25:25.312484-06:00 photonvision kernel: usb 5-1: Found UVC 1.00 device AprilTag1 (0c45:6366)
[2025-09-27 20:25:25] [General - KernelLogLogger] [DEBUG] 2025-09-27T20:25:25.340450-06:00 photonvision kernel: input: AprilTag1: AprilTag1 as /devices/platform/fc880000.usb/usb5/5-1/5-1:1.0/input/input17
[2025-09-27 20:25:25] [General - KernelLogLogger] [DEBUG] Ltd.
[2025-09-27 20:25:25] [General - KernelLogLogger] [DEBUG] 2025-09-27T20:25:18.295753-06:00 photonvision kernel: usb 5-1: SerialNumber: 0001
[2025-09-27 20:25:25] [General - KernelLogLogger] [DEBUG] 2025-09-27T20:25:18.299056-06:00 photonvision kernel: usb 5-1: Found UVC 1.00 device AprilTag1 (0c45:6366)
[2025-09-27 20:25:25] [General - KernelLogLogger] [DEBUG] 2025-09-27T20:25:18.325767-06:00 photonvision kernel: input: AprilTag1: AprilTag1 as /devices/platform/fc880000.usb/usb5/5-1/5-1:1.0/input/input16
[2025-09-27 20:25:25] [General - KernelLogLogger] [DEBUG] Gþÿ
[2025-09-27 20:25:26] [Camera - USBFrameProvider - AprilTag1] [ERROR] Error grabbing image: timed out getting frame
[2025-09-27 20:25:26] [Camera - USBFrameProvider - AprilTag1] [ERROR] Error grabbing image: timed out getting frame
[2025-09-27 20:25:26] [CSCore - PvCSCoreLogger] [DEBUG] CS: DEBUG 7: AprilTag1: allocating buffers (UsbCameraImpl.cpp:701)
[2025-09-27 20:25:26] [CSCore - PvCSCoreLogger] [DEBUG] CS: DEBUG 7: AprilTag1: mapping buffers (UsbCameraImpl.cpp:715)
[2025-09-27 20:25:26] [CSCore - PvCSCoreLogger] [DEBUG] CS: DEBUG 7: AprilTag1: queuing buffers (UsbCameraImpl.cpp:765)
[2025-09-27 20:25:26] [CSCore - PvCSCoreLogger] [ERROR] CS: ERROR 40: AprilTag1: ioctl VIDIOC_STREAMON failed: Protocol error (UsbCameraImpl.cpp:789)
[2025-09-27 20:25:26] [CSCore - PvCSCoreLogger] [INFO] AprilTag1: Attempting to connect to USB camera on /dev/v4l/by-path/platform-fc880000.usb-usb-0:1:1.0-video-index0
[2025-09-27 20:25:26] [CSCore - PvCSCoreLogger] [DEBUG] CS: DEBUG 7: AprilTag1: opening device (UsbCameraImpl.cpp:651)
[2025-09-27 20:25:26] [CSCore - PvCSCoreLogger] [INFO] AprilTag1: Attempting to connect to USB camera on /dev/v4l/by-path/platform-fc880000.usb-usb-0:1:1.0-video-index0
[2025-09-27 20:25:26] [CSCore - PvCSCoreLogger] [DEBUG] CS: DEBUG 7: AprilTag1: opening device (UsbCameraImpl.cpp:651)
[2025-09-27 20:25:26] [Camera - USBFrameProvider - AprilTag1] [ERROR] Error grabbing image: timed out getting frame
[2025-09-27 20:25:26] [General - KernelLogLogger] [DEBUG] 2025-09-27T20:25:26.275734-06:00 photonvision kernel: rockchip-vop2 fdd90000.vop: [drm:vop2_crtc_atomic_disable] Crtc atomic disable vp0
[2025-09-27 20:25:26] [General - KernelLogLogger] [DEBUG] 2025-09-27T20:25:26.302448-06:00 photonvision kernel: rockchip-vop2 fdd90000.vop: [drm:vop2_crtc_atomic_enable] Update mode to 1920x1080p60, type: 11(if:HDMI0, flag:0x0) for vp0 dclk: 148500000
[2025-09-27 20:25:26] [General - KernelLogLogger] [DEBUG] 2025-09-27T20:25:26.302509-06:00 photonvision kernel: rockchip-hdptx-phy-hdmi fed60000.hdmiphy: hdptx_ropll_cmn_config bus_width:16a8c8 rate:1485000
[2025-09-27 20:25:26] [General - KernelLogLogger] [DEBUG] 2025-09-27T20:25:26.302513-06:00 photonvision kernel: rockchip-hdptx-phy-hdmi fed60000.hdmiphy: hdptx phy pll locked!
[2025-09-27 20:25:26] [General - KernelLogLogger] [DEBUG] 2025-09-27T20:25:26.302516-06:00 photonvision kernel: rockchip-vop2 fdd90000.vop: [drm:vop2_crtc_atomic_enable] dclk_out0 div: 0 dclk_core0 div: 2
[2025-09-27 20:25:26] [General - KernelLogLogger] [DEBUG] 2025-09-27T20:25:26.302519-06:00 photonvision kernel: rockchip-vop2 fdd90000.vop: [drm:vop2_crtc_atomic_enable] set dclk_vop0 to 148500000, get 148500000
[2025-09-27 20:25:26] [General - KernelLogLogger] [DEBUG] 2025-09-27T20:25:26.319215-06:00 photonvision kernel: dwhdmi-rockchip fde80000.hdmi: final tmdsclk = 148500000
[2025-09-27 20:25:26] [General - KernelLogLogger] [DEBUG] 2025-09-27T20:25:26.319240-06:00 photonvision kernel: dwhdmi-rockchip fde80000.hdmi: don't use dsc mode
[2025-09-27 20:25:26] [General - KernelLogLogger] [DEBUG] 2025-09-27T20:25:26.319242-06:00 photonvision kernel: dwhdmi-rockchip fde80000.hdmi: dw hdmi qp use tmds mode
[2025-09-27 20:25:26] [General - KernelLogLogger] [DEBUG] 2025-09-27T20:25:26.319243-06:00 photonvision kernel: rockchip-hdptx-phy-hdmi fed60000.hdmiphy: bus_width:0x16a8c8,bit_rate:1485000
[2025-09-27 20:25:26] [General - KernelLogLogger] [DEBUG] 2025-09-27T20:25:26.319245-06:00 photonvision kernel: rockchip-hdptx-phy-hdmi fed60000.hdmiphy: hdptx phy lane locked!
[2025-09-27 20:25:26] [General - KernelLogLogger] [DEBUG] 2025-09-27T20:25:26.582388-06:00 photonvision kernel: usb 5-1: Failed to query (GET_MIN) UVC control 1 on unit 2: -71 (exp. 2).
[2025-09-27 20:25:26] [General - KernelLogLogger] [DEBUG] 2025-09-27T20:25:26.592386-06:00 photonvision kernel: usb 5-1: Failed to query (GET_CUR) UVC control 2 on unit 2: -71 (exp. 2).
[2025-09-27 20:25:26] [General - KernelLogLogger] [DEBUG] 2025-09-27T20:25:26.595748-06:00 photonvision kernel: usb usb5-port1: disabled by hub (EMI?), re-enabling...
[2025-09-27 20:25:26] [General - KernelLogLogger] [DEBUG] 2025-09-27T20:25:26.595773-06:00 photonvision kernel: usb 5-1: USB disconnect, device number 4
[2025-09-27 20:25:26] [General - KernelLogLogger] [DEBUG] ÿ
[2025-09-27 20:25:26] [Camera - USBFrameProvider - AprilTag1] [ERROR] Error grabbing image: timed out getting frame
[2025-09-27 20:25:27] [CSCore - PvCSCoreLogger] [INFO] AprilTag1: Attempting to connect to USB camera on /dev/v4l/by-path/platform-fc880000.usb-usb-0:1:1.0-video-index0
[2025-09-27 20:25:27] [CSCore - PvCSCoreLogger] [DEBUG] CS: DEBUG 7: AprilTag1: opening device (UsbCameraImpl.cpp:651)
[2025-09-27 20:25:27] [CSCore - PvCSCoreLogger] [INFO] AprilTag1: Attempting to connect to USB camera on /dev/v4l/by-path/platform-fc880000.usb-usb-0:1:1.0-video-index0
[2025-09-27 20:25:27] [CSCore - PvCSCoreLogger] [DEBUG] CS: DEBUG 7: AprilTag1: opening device (UsbCameraImpl.cpp:651)
[2025-09-27 20:25:27] [CSCore - PvCSCoreLogger] [INFO] AprilTag1: Connected to USB camera on /dev/v4l/by-path/platform-fc880000.usb-usb-0:1:1.0-video-index0
[2025-09-27 20:25:27] [CSCore - PvCSCoreLogger] [DEBUG] CS: DEBUG 7: AprilTag1: getting capabilities (UsbCameraImpl.cpp:663)
[2025-09-27 20:25:27] [CSCore - PvCSCoreLogger] [DEBUG] CS: DEBUG 7: AprilTag1: restoring video mode (UsbCameraImpl.cpp:681)
[2025-09-27 20:25:27] [CSCore - PvCSCoreLogger] [INFO] AprilTag1: set format 1 res 320x240
[2025-09-27 20:25:27] [CSCore - PvCSCoreLogger] [INFO] AprilTag1: set FPS to 100
[2025-09-27 20:25:27] [CSCore - PvCSCoreLogger] [DEBUG] CS: DEBUG 7: AprilTag1: restoring settings (UsbCameraImpl.cpp:686)
[2025-09-27 20:25:27] [Camera - USBFrameProvider - AprilTag1] [ERROR] Error grabbing image: timed out getting frame
[2025-09-27 20:25:27] [Camera - USBFrameProvider - AprilTag1] [ERROR] Error grabbing image: timed out getting frame
[2025-09-27 20:25:27] [Camera - USBFrameProvider - AprilTag1] [ERROR] Error grabbing image: timed out getting frame
[2025-09-27 20:25:27] [General - KernelLogLogger] [DEBUG] 2025-09-27T20:25:26.919628-06:00 photonvision kernel: usb 5-1: new high-speed USB device number 5 using ehci-platform
[2025-09-27 20:25:27] [General - KernelLogLogger] [DEBUG] 2025-09-27T20:25:27.082770-06:00 photonvision kernel: usb 5-1: New USB device found, idVendor=0c45, idProduct=6366, bcdDevice= 1.00
[2025-09-27 20:25:27] [General - KernelLogLogger] [DEBUG] 2025-09-27T20:25:27.082797-06:00 photonvision kernel: usb 5-1: New USB device strings: Mfr=2, Product=1, SerialNumber=3
[2025-09-27 20:25:27] [General - KernelLogLogger] [DEBUG] 2025-09-27T20:25:27.082799-06:00 photonvision kernel: usb 5-1: Product: AprilTag1
[2025-09-27 20:25:27] [General - KernelLogLogger] [DEBUG] 2025-09-27T20:25:27.082800-06:00 photonvision kernel: usb 5-1: Manufacturer: Arducam Technology Co., Ltd.
[2025-09-27 20:25:27] [General - KernelLogLogger] [DEBUG] 2025-09-27T20:25:27.082802-06:00 photonvision kernel: usb 5-1: SerialNumber: 0001
[2025-09-27 20:25:27] [General - KernelLogLogger] [DEBUG] 2025-09-27T20:25:27.089089-06:00 photonvision kernel: usb 5-1: Found UVC 1.00 device AprilTag1 (0c45:6366)
[2025-09-27 20:25:27] [General - KernelLogLogger] [DEBUG] 2025-09-27T20:25:27.119084-06:00 photonvision kernel: input: AprilTag1: AprilTag1 as /devices/platform/fc880000.usb/usb5/5-1/5-1:1.0/input/input18
[2025-09-27 20:25:27] [General - KernelLogLogger] [DEBUG] Ltd.
[2025-09-27 20:25:27] [General - KernelLogLogger] [DEBUG] 2025-09-27T20:25:18.295753-06:00 photonvision kernel: usb 5-1: SerialNumber: 0001
[2025-09-27 20:25:27] [General - KernelLogLogger] [DEBUG] 2025-09-27T20:25:18.299056-06:00 photonvision kernel: usb 5-1: Found UVC 1.00 device AprilTag1 (0c45:6366)
[2025-09-27 20:25:27] [General - KernelLogLogger] [DEBUG] 2025-09-27T20:25:18.325767-06:00 photonvision kernel: input: AprilTag1: AprilTag1 as /devices/platform/fc880000.usb/usb5/5-1/5-1:1.0/input/input16
[2025-09-27 20:25:27] [General - KernelLogLogger] [DEBUG] Gþÿ
[2025-09-27 20:25:28] [Camera - USBFrameProvider - AprilTag1] [ERROR] Error grabbing image: timed out getting frame
[2025-09-27 20:25:28] [CSCore - PvCSCoreLogger] [DEBUG] CS: DEBUG 7: AprilTag1: allocating buffers (UsbCameraImpl.cpp:701)
[2025-09-27 20:25:28] [CSCore - PvCSCoreLogger] [DEBUG] CS: DEBUG 7: AprilTag1: mapping buffers (UsbCameraImpl.cpp:715)
[2025-09-27 20:25:28] [CSCore - PvCSCoreLogger] [DEBUG] CS: DEBUG 7: AprilTag1: queuing buffers (UsbCameraImpl.cpp:765)
[2025-09-27 20:25:28] [Camera - USBFrameProvider - AprilTag1] [ERROR] Error grabbing image: timed out getting frame
[2025-09-27 20:25:28] [CSCore - PvCSCoreLogger] [ERROR] CS: ERROR 40: AprilTag1: ioctl VIDIOC_STREAMON failed: Protocol error (UsbCameraImpl.cpp:789)
[2025-09-27 20:25:28] [CSCore - PvCSCoreLogger] [INFO] AprilTag1: Attempting to connect to USB camera on /dev/v4l/by-path/platform-fc880000.usb-usb-0:1:1.0-video-index0
[2025-09-27 20:25:28] [CSCore - PvCSCoreLogger] [DEBUG] CS: DEBUG 7: AprilTag1: opening device (UsbCameraImpl.cpp:651)
[2025-09-27 20:25:28] [CSCore - PvCSCoreLogger] [INFO] AprilTag1: Attempting to connect to USB camera on /dev/v4l/by-path/platform-fc880000.usb-usb-0:1:1.0-video-index0
[2025-09-27 20:25:28] [CSCore - PvCSCoreLogger] [DEBUG] CS: DEBUG 7: AprilTag1: opening device (UsbCameraImpl.cpp:651)
[2025-09-27 20:25:28] [CSCore - PvCSCoreLogger] [INFO] AprilTag1: Attempting to connect to USB camera on /dev/v4l/by-path/platform-fc880000.usb-usb-0:1:1.0-video-index0
[2025-09-27 20:25:28] [CSCore - PvCSCoreLogger] [DEBUG] CS: DEBUG 7: AprilTag1: opening device (UsbCameraImpl.cpp:651)
[2025-09-27 20:25:28] [Camera - USBFrameProvider - AprilTag1] [ERROR] Error grabbing image: timed out getting frame
[2025-09-27 20:25:28] [Camera - USBFrameProvider - AprilTag1] [ERROR] Error grabbing image: timed out getting frame
[2025-09-27 20:25:28] [General - KernelLogLogger] [DEBUG] 2025-09-27T20:25:28.392006-06:00 photonvision kernel: usb 5-1: Failed to query (GET_CUR) UVC control 4 on unit 2: -71 (exp. 2).
[2025-09-27 20:25:28] [General - KernelLogLogger] [DEBUG] 2025-09-27T20:25:28.405769-06:00 photonvision kernel: usb usb5-port1: disabled by hub (EMI?), re-enabling...
[2025-09-27 20:25:28] [General - KernelLogLogger] [DEBUG] 2025-09-27T20:25:28.405818-06:00 photonvision kernel: usb 5-1: USB disconnect, device number 5
[2025-09-27 20:25:28] [General - KernelLogLogger] [DEBUG] 2025-09-27T20:25:28.745725-06:00 photonvision kernel: usb 5-1: new high-speed USB device number 6 using ehci-platform
[2025-09-27 20:25:28] [General - KernelLogLogger] [DEBUG] ÿ
[2025-09-27 20:25:28] [CSCore - PvCSCoreLogger] [INFO] AprilTag1: Attempting to connect to USB camera on /dev/v4l/by-path/platform-fc880000.usb-usb-0:1:1.0-video-index0
[2025-09-27 20:25:28] [CSCore - PvCSCoreLogger] [DEBUG] CS: DEBUG 7: AprilTag1: opening device (UsbCameraImpl.cpp:651)
[2025-09-27 20:25:28] [CSCore - PvCSCoreLogger] [INFO] AprilTag1: Connected to USB camera on /dev/v4l/by-path/platform-fc880000.usb-usb-0:1:1.0-video-index0
[2025-09-27 20:25:28] [CSCore - PvCSCoreLogger] [DEBUG] CS: DEBUG 7: AprilTag1: getting capabilities (UsbCameraImpl.cpp:663)
[2025-09-27 20:25:28] [CSCore - PvCSCoreLogger] [DEBUG] CS: DEBUG 7: AprilTag1: restoring video mode (UsbCameraImpl.cpp:681)
[2025-09-27 20:25:28] [CSCore - PvCSCoreLogger] [INFO] AprilTag1: set format 1 res 320x240
[2025-09-27 20:25:29] [CSCore - PvCSCoreLogger] [INFO] AprilTag1: set FPS to 100
[2025-09-27 20:25:29] [CSCore - PvCSCoreLogger] [DEBUG] CS: DEBUG 7: AprilTag1: restoring settings (UsbCameraImpl.cpp:686)
[2025-09-27 20:25:29] [Camera - USBFrameProvider - AprilTag1] [ERROR] Error grabbing image: timed out getting frame
[2025-09-27 20:25:29] [Camera - USBFrameProvider - AprilTag1] [ERROR] Error grabbing image: timed out getting frame
[2025-09-27 20:25:29] [Camera - USBFrameProvider - AprilTag1] [ERROR] Error grabbing image: timed out getting frame
[2025-09-27 20:25:29] [General - KernelLogLogger] [DEBUG] 2025-09-27T20:25:28.907181-06:00 photonvision kernel: usb 5-1: New USB device found, idVendor=0c45, idProduct=6366, bcdDevice= 1.00
[2025-09-27 20:25:29] [General - KernelLogLogger] [DEBUG] 2025-09-27T20:25:28.907205-06:00 photonvision kernel: usb 5-1: New USB device strings: Mfr=2, Product=1, SerialNumber=3
[2025-09-27 20:25:29] [General - KernelLogLogger] [DEBUG] 2025-09-27T20:25:28.907207-06:00 photonvision kernel: usb 5-1: Product: AprilTag1
[2025-09-27 20:25:29] [General - KernelLogLogger] [DEBUG] 2025-09-27T20:25:28.907208-06:00 photonvision kernel: usb 5-1: Manufacturer: Arducam Technology Co., Ltd.
[2025-09-27 20:25:29] [General - KernelLogLogger] [DEBUG] 2025-09-27T20:25:28.907210-06:00 photonvision kernel: usb 5-1: SerialNumber: 0001
[2025-09-27 20:25:29] [General - KernelLogLogger] [DEBUG] 2025-09-27T20:25:28.912446-06:00 photonvision kernel: usb 5-1: Found UVC 1.00 device AprilTag1 (0c45:6366)
[2025-09-27 20:25:29] [General - KernelLogLogger] [DEBUG] 2025-09-27T20:25:28.939123-06:00 photonvision kernel: input: AprilTag1: AprilTag1 as /devices/platform/fc880000.usb/usb5/5-1/5-1:1.0/input/input19
[2025-09-27 20:25:29] [General - KernelLogLogger] [DEBUG] Ô
[2025-09-27 20:25:29] [CSCore - PvCSCoreLogger] [DEBUG] CS: DEBUG 7: AprilTag1: allocating buffers (UsbCameraImpl.cpp:701)
[2025-09-27 20:25:29] [CSCore - PvCSCoreLogger] [DEBUG] CS: DEBUG 7: AprilTag1: mapping buffers (UsbCameraImpl.cpp:715)
[2025-09-27 20:25:29] [CSCore - PvCSCoreLogger] [DEBUG] CS: DEBUG 7: AprilTag1: queuing buffers (UsbCameraImpl.cpp:765)
[2025-09-27 20:25:29] [Camera - USBFrameProvider - AprilTag1] [ERROR] Error grabbing image: timed out getting frame
[2025-09-27 20:25:30] [CSCore - PvCSCoreLogger] [ERROR] CS: ERROR 40: AprilTag1: ioctl VIDIOC_STREAMON failed: Protocol error (UsbCameraImpl.cpp:789)
[2025-09-27 20:25:30] [CSCore - PvCSCoreLogger] [DEBUG] CS: DEBUG 7: AprilTag1: queuing buffers (UsbCameraImpl.cpp:765)
[2025-09-27 20:25:30] [CSCore - PvCSCoreLogger] [ERROR] CS: ERROR 40: ioctl VIDIOC_QBUF failed at UsbCameraImpl.cpp:772: Invalid argument (UsbUtil.cpp:157)
[2025-09-27 20:25:30] [CSCore - PvCSCoreLogger] [WARN] CS: WARNING 30: AprilTag1: could not queue buffer 0 (UsbCameraImpl.cpp:773)
[2025-09-27 20:25:30] [CSCore - PvCSCoreLogger] [INFO] AprilTag1: Attempting to connect to USB camera on /dev/v4l/by-path/platform-fc880000.usb-usb-0:1:1.0-video-index0
[2025-09-27 20:25:30] [CSCore - PvCSCoreLogger] [DEBUG] CS: DEBUG 7: AprilTag1: opening device (UsbCameraImpl.cpp:651)
[2025-09-27 20:25:30] [CSCore - PvCSCoreLogger] [INFO] AprilTag1: Attempting to connect to USB camera on /dev/v4l/by-path/platform-fc880000.usb-usb-0:1:1.0-video-index0
[2025-09-27 20:25:30] [CSCore - PvCSCoreLogger] [DEBUG] CS: DEBUG 7: AprilTag1: opening device (UsbCameraImpl.cpp:651)
[2025-09-27 20:25:30] [Camera - USBFrameProvider - AprilTag1] [ERROR] Error grabbing image: timed out getting frame
[2025-09-27 20:25:30] [Camera - USBFrameProvider - AprilTag1] [ERROR] Error grabbing image: timed out getting frame
[2025-09-27 20:25:30] [CSCore - PvCSCoreLogger] [INFO] AprilTag1: Attempting to connect to USB camera on /dev/v4l/by-path/platform-fc880000.usb-usb-0:1:1.0-video-index0
[2025-09-27 20:25:30] [CSCore - PvCSCoreLogger] [DEBUG] CS: DEBUG 7: AprilTag1: opening device (UsbCameraImpl.cpp:651)
[2025-09-27 20:25:30] [CSCore - PvCSCoreLogger] [INFO] AprilTag1: Attempting to connect to USB camera on /dev/v4l/by-path/platform-fc880000.usb-usb-0:1:1.0-video-index0
[2025-09-27 20:25:30] [CSCore - PvCSCoreLogger] [DEBUG] CS: DEBUG 7: AprilTag1: opening device (UsbCameraImpl.cpp:651)
[2025-09-27 20:25:30] [CSCore - PvCSCoreLogger] [INFO] AprilTag1: Attempting to connect to USB camera on /dev/v4l/by-path/platform-fc880000.usb-usb-0:1:1.0-video-index0
[2025-09-27 20:25:30] [CSCore - PvCSCoreLogger] [DEBUG] CS: DEBUG 7: AprilTag1: opening device (UsbCameraImpl.cpp:651)
[2025-09-27 20:25:30] [CSCore - PvCSCoreLogger] [INFO] AprilTag1: Attempting to connect to USB camera on /dev/v4l/by-path/platform-fc880000.usb-usb-0:1:1.0-video-index0
[2025-09-27 20:25:30] [CSCore - PvCSCoreLogger] [DEBUG] CS: DEBUG 7: AprilTag1: opening device (UsbCameraImpl.cpp:651)
[2025-09-27 20:25:30] [CSCore - PvCSCoreLogger] [INFO] AprilTag1: Connected to USB camera on /dev/v4l/by-path/platform-fc880000.usb-usb-0:1:1.0-video-index0
[2025-09-27 20:25:30] [CSCore - PvCSCoreLogger] [DEBUG] CS: DEBUG 7: AprilTag1: getting capabilities (UsbCameraImpl.cpp:663)
[2025-09-27 20:25:30] [CSCore - PvCSCoreLogger] [DEBUG] CS: DEBUG 7: AprilTag1: restoring video mode (UsbCameraImpl.cpp:681)
[2025-09-27 20:25:30] [CSCore - PvCSCoreLogger] [INFO] AprilTag1: set format 1 res 320x240
[2025-09-27 20:25:30] [CSCore - PvCSCoreLogger] [INFO] AprilTag1: set FPS to 100
[2025-09-27 20:25:30] [CSCore - PvCSCoreLogger] [DEBUG] CS: DEBUG 7: AprilTag1: restoring settings (UsbCameraImpl.cpp:686)
[2025-09-27 20:25:30] [Camera - USBFrameProvider - AprilTag1] [ERROR] Error grabbing image: timed out getting frame
[2025-09-27 20:25:30] [General - KernelLogLogger] [DEBUG] 2025-09-27T20:25:30.072392-06:00 photonvision kernel: usb 5-1: Failed to query (GET_RES) UVC control 8 on unit 2: -71 (exp. 2).
[2025-09-27 20:25:30] [General - KernelLogLogger] [DEBUG] 2025-09-27T20:25:30.085740-06:00 photonvision kernel: usb 5-1: Failed to query (GET_CUR) UVC control 2 on unit 2: -71 (exp. 2).
[2025-09-27 20:25:30] [General - KernelLogLogger] [DEBUG] 2025-09-27T20:25:30.095708-06:00 photonvision kernel: usb 5-1: Failed to query (GET_DEF) UVC control 8 on unit 2: -71 (exp. 2).
[2025-09-27 20:25:30] [General - KernelLogLogger] [DEBUG] 2025-09-27T20:25:30.099056-06:00 photonvision kernel: usb usb5-port1: disabled by hub (EMI?), re-enabling...
[2025-09-27 20:25:30] [General - KernelLogLogger] [DEBUG] 2025-09-27T20:25:30.099066-06:00 photonvision kernel: usb 5-1: USB disconnect, device number 6
[2025-09-27 20:25:30] [General - KernelLogLogger] [DEBUG] 2025-09-27T20:25:30.429072-06:00 photonvision kernel: usb 5-1: new high-speed USB device number 7 using ehci-platform
[2025-09-27 20:25:30] [General - KernelLogLogger] [DEBUG] 2025-09-27T20:25:30.592694-06:00 photonvision kernel: usb 5-1: New USB device found, idVendor=0c45, idProduct=6366, bcdDevice= 1.00
[2025-09-27 20:25:30] [General - KernelLogLogger] [DEBUG] 2025-09-27T20:25:30.592742-06:00 photonvision kernel: usb 5-1: New USB device strings: Mfr=2, Product=1, SerialNumber=3
[2025-09-27 20:25:30] [General - KernelLogLogger] [DEBUG] 2025-09-27T20:25:30.592746-06:00 photonvision kernel: usb 5-1: Product: AprilTag1
[2025-09-27 20:25:30] [General - KernelLogLogger] [DEBUG] 2025-09-27T20:25:30.592749-06:00 photonvision kernel: usb 5-1: Manufacturer: Arducam Technology Co., Ltd.
[2025-09-27 20:25:30] [General - KernelLogLogger] [DEBUG] 2025-09-27T20:25:30.592753-06:00 photonvision kernel: usb 5-1: SerialNumber: 0001
[2025-09-27 20:25:30] [General - KernelLogLogger] [DEBUG] 2025-09-27T20:25:30.595743-06:00 photonvision kernel: usb 5-1: Found UVC 1.00 device AprilTag1 (0c45:6366)
[2025-09-27 20:25:30] [General - KernelLogLogger] [DEBUG] 2025-09-27T20:25:30.626135-06:00 photonvision kernel: input: AprilTag1: AprilTag1 as /devices/platform/fc880000.usb/usb5/5-1/5-1:1.0/input/input20
[2025-09-27 20:25:31] [Camera - USBFrameProvider - AprilTag1] [ERROR] Error grabbing image: timed out getting frame
[2025-09-27 20:25:31] [Camera - USBFrameProvider - AprilTag1] [ERROR] Error grabbing image: timed out getting frame
[2025-09-27 20:25:31] [Camera - USBFrameProvider - AprilTag1] [ERROR] Error grabbing image: timed out getting frame
[2025-09-27 20:25:31] [CSCore - PvCSCoreLogger] [DEBUG] CS: DEBUG 7: AprilTag1: allocating buffers (UsbCameraImpl.cpp:701)
[2025-09-27 20:25:31] [CSCore - PvCSCoreLogger] [DEBUG] CS: DEBUG 7: AprilTag1: mapping buffers (UsbCameraImpl.cpp:715)
[2025-09-27 20:25:31] [CSCore - PvCSCoreLogger] [DEBUG] CS: DEBUG 7: AprilTag1: queuing buffers (UsbCameraImpl.cpp:765)
[2025-09-27 20:25:31] [CSCore - PvCSCoreLogger] [ERROR] CS: ERROR 40: AprilTag1: ioctl VIDIOC_STREAMON failed: Protocol error (UsbCameraImpl.cpp:789)
[2025-09-27 20:25:31] [CSCore - PvCSCoreLogger] [INFO] AprilTag1: Attempting to connect to USB camera on /dev/v4l/by-path/platform-fc880000.usb-usb-0:1:1.0-video-index0
[2025-09-27 20:25:31] [CSCore - PvCSCoreLogger] [DEBUG] CS: DEBUG 7: AprilTag1: opening device (UsbCameraImpl.cpp:651)
[2025-09-27 20:25:31] [CSCore - PvCSCoreLogger] [INFO] AprilTag1: Attempting to connect to USB camera on /dev/v4l/by-path/platform-fc880000.usb-usb-0:1:1.0-video-index0
[2025-09-27 20:25:31] [CSCore - PvCSCoreLogger] [DEBUG] CS: DEBUG 7: AprilTag1: opening device (UsbCameraImpl.cpp:651)
[2025-09-27 20:25:31] [CSCore - PvCSCoreLogger] [INFO] AprilTag1: Attempting to connect to USB camera on /dev/v4l/by-path/platform-fc880000.usb-usb-0:1:1.0-video-index0
[2025-09-27 20:25:31] [Camera - USBFrameProvider - AprilTag1] [ERROR] Error grabbing image: timed out getting frame
[2025-09-27 20:25:31] [CSCore - PvCSCoreLogger] [DEBUG] CS: DEBUG 7: AprilTag1: opening device (UsbCameraImpl.cpp:651)
[2025-09-27 20:25:31] [General - KernelLogLogger] [DEBUG] 2025-09-27T20:25:31.859104-06:00 photonvision kernel: usb 5-1: Failed to query (GET_CUR) UVC control 6 on unit 2: -71 (exp. 2).
[2025-09-27 20:25:32] [Camera - USBFrameProvider - AprilTag1] [ERROR] Error grabbing image: timed out getting frame
[2025-09-27 20:25:32] [Camera - USBFrameProvider - AprilTag1] [ERROR] Error grabbing image: timed out getting frame
[2025-09-27 20:25:32] [CSCore - PvCSCoreLogger] [INFO] AprilTag1: Attempting to connect to USB camera on /dev/v4l/by-path/platform-fc880000.usb-usb-0:1:1.0-video-index0
[2025-09-27 20:25:32] [CSCore - PvCSCoreLogger] [DEBUG] CS: DEBUG 7: AprilTag1: opening device (UsbCameraImpl.cpp:651)
[2025-09-27 20:25:32] [CSCore - PvCSCoreLogger] [INFO] AprilTag1: Connected to USB camera on /dev/v4l/by-path/platform-fc880000.usb-usb-0:1:1.0-video-index0
[2025-09-27 20:25:32] [CSCore - PvCSCoreLogger] [DEBUG] CS: DEBUG 7: AprilTag1: getting capabilities (UsbCameraImpl.cpp:663)
[2025-09-27 20:25:32] [CSCore - PvCSCoreLogger] [DEBUG] CS: DEBUG 7: AprilTag1: restoring video mode (UsbCameraImpl.cpp:681)
[2025-09-27 20:25:32] [CSCore - PvCSCoreLogger] [INFO] AprilTag1: set format 1 res 320x240
[2025-09-27 20:25:32] [CSCore - PvCSCoreLogger] [INFO] AprilTag1: set FPS to 100
[2025-09-27 20:25:32] [CSCore - PvCSCoreLogger] [DEBUG] CS: DEBUG 7: AprilTag1: restoring settings (UsbCameraImpl.cpp:686)
[2025-09-27 20:25:32] [Camera - USBFrameProvider - AprilTag1] [ERROR] Error grabbing image: timed out getting frame
[2025-09-27 20:25:32] [General - KernelLogLogger] [DEBUG] 2025-09-27T20:25:31.872396-06:00 photonvision kernel: usb usb5-port1: disabled by hub (EMI?), re-enabling...
[2025-09-27 20:25:32] [General - KernelLogLogger] [DEBUG] 2025-09-27T20:25:31.872423-06:00 photonvision kernel: usb 5-1: USB disconnect, device number 7
[2025-09-27 20:25:32] [General - KernelLogLogger] [DEBUG] 2025-09-27T20:25:32.225726-06:00 photonvision kernel: usb 5-1: new high-speed USB device number 8 using ehci-platform
[2025-09-27 20:25:32] [General - KernelLogLogger] [DEBUG] 2025-09-27T20:25:32.385832-06:00 photonvision kernel: usb 5-1: New USB device found, idVendor=0c45, idProduct=6366, bcdDevice= 1.00
[2025-09-27 20:25:32] [General - KernelLogLogger] [DEBUG] 2025-09-27T20:25:32.386051-06:00 photonvision kernel: usb 5-1: New USB device strings: Mfr=2, Product=1, SerialNumber=3
[2025-09-27 20:25:32] [General - KernelLogLogger] [DEBUG] 2025-09-27T20:25:32.386056-06:00 photonvision kernel: usb 5-1: Product: AprilTag1
[2025-09-27 20:25:32] [General - KernelLogLogger] [DEBUG] 2025-09-27T20:25:32.386059-06:00 photonvision kernel: usb 5-1: Manufacturer: Arducam Technology Co., Ltd.
[2025-09-27 20:25:32] [General - KernelLogLogger] [DEBUG] 2025-09-27T20:25:32.386063-06:00 photonvision kernel: usb 5-1: SerialNumber: 0001
[2025-09-27 20:25:32] [General - KernelLogLogger] [DEBUG] 2025-09-27T20:25:32.389057-06:00 photonvision kernel: usb 5-1: Found UVC 1.00 device AprilTag1 (0c45:6366)
[2025-09-27 20:25:32] [General - KernelLogLogger] [DEBUG] 2025-09-27T20:25:32.415776-06:00 photonvision kernel: input: AprilTag1: AprilTag1 as /devices/platform/fc880000.usb/usb5/5-1/5-1:1.0/input/input21
[2025-09-27 20:25:32] [Camera - USBFrameProvider - AprilTag1] [ERROR] Error grabbing image: timed out getting frame
[2025-09-27 20:25:33] [Camera - USBFrameProvider - AprilTag1] [ERROR] Error grabbing image: timed out getting frame
[2025-09-27 20:25:33] [Camera - USBFrameProvider - AprilTag1] [ERROR] Error grabbing image: timed out getting frame
[2025-09-27 20:25:33] [CSCore - PvCSCoreLogger] [DEBUG] CS: DEBUG 7: AprilTag1: allocating buffers (UsbCameraImpl.cpp:701)
[2025-09-27 20:25:33] [CSCore - PvCSCoreLogger] [DEBUG] CS: DEBUG 7: AprilTag1: mapping buffers (UsbCameraImpl.cpp:715)
[2025-09-27 20:25:33] [CSCore - PvCSCoreLogger] [DEBUG] CS: DEBUG 7: AprilTag1: queuing buffers (UsbCameraImpl.cpp:765)
[2025-09-27 20:25:33] [CSCore - PvCSCoreLogger] [ERROR] CS: ERROR 40: AprilTag1: ioctl VIDIOC_STREAMON failed: Protocol error (UsbCameraImpl.cpp:789)
[2025-09-27 20:25:33] [CSCore - PvCSCoreLogger] [DEBUG] CS: DEBUG 7: AprilTag1: queuing buffers (UsbCameraImpl.cpp:765)
[2025-09-27 20:25:33] [CSCore - PvCSCoreLogger] [ERROR] CS: ERROR 40: ioctl VIDIOC_QBUF failed at UsbCameraImpl.cpp:772: Invalid argument (UsbUtil.cpp:157)
[2025-09-27 20:25:33] [CSCore - PvCSCoreLogger] [WARN] CS: WARNING 30: AprilTag1: could not queue buffer 0 (UsbCameraImpl.cpp:773)
[2025-09-27 20:25:33] [CSCore - PvCSCoreLogger] [DEBUG] CS: DEBUG 7: AprilTag1: queuing buffers (UsbCameraImpl.cpp:765)
[2025-09-27 20:25:33] [CSCore - PvCSCoreLogger] [ERROR] CS: ERROR 40: ioctl VIDIOC_QBUF failed at UsbCameraImpl.cpp:772: Invalid argument (UsbUtil.cpp:157)
[2025-09-27 20:25:33] [CSCore - PvCSCoreLogger] [WARN] CS: WARNING 30: AprilTag1: could not queue buffer 0 (UsbCameraImpl.cpp:773)
[2025-09-27 20:25:33] [CSCore - PvCSCoreLogger] [INFO] AprilTag1: Attempting to connect to USB camera on /dev/v4l/by-path/platform-fc880000.usb-usb-0:1:1.0-video-index0
[2025-09-27 20:25:33] [CSCore - PvCSCoreLogger] [DEBUG] CS: DEBUG 7: AprilTag1: opening device (UsbCameraImpl.cpp:651)
[2025-09-27 20:25:33] [CSCore - PvCSCoreLogger] [INFO] AprilTag1: Attempting to connect to USB camera on /dev/v4l/by-path/platform-fc880000.usb-usb-0:1:1.0-video-index0
[2025-09-27 20:25:33] [CSCore - PvCSCoreLogger] [DEBUG] CS: DEBUG 7: AprilTag1: opening device (UsbCameraImpl.cpp:651)
[2025-09-27 20:25:33] [Camera - USBFrameProvider - AprilTag1] [ERROR] Error grabbing image: timed out getting frame
[2025-09-27 20:25:33] [General - KernelLogLogger] [DEBUG] 2025-09-27T20:25:33.642417-06:00 photonvision kernel: usb 5-1: Failed to query (GET_RES) UVC control 8 on unit 2: -71 (exp. 2).
[2025-09-27 20:25:33] [General - KernelLogLogger] [DEBUG] 2025-09-27T20:25:33.652399-06:00 photonvision kernel: usb 5-1: Failed to query (GET_CUR) UVC control 2 on unit 2: -71 (exp. 2).
[2025-09-27 20:25:33] [General - KernelLogLogger] [DEBUG] 2025-09-27T20:25:33.662433-06:00 photonvision kernel: usb 5-1: Failed to query (GET_DEF) UVC control 8 on unit 2: -71 (exp. 2).
[2025-09-27 20:25:33] [General - KernelLogLogger] [DEBUG] 2025-09-27T20:25:33.665777-06:00 photonvision kernel: usb usb5-port1: disabled by hub (EMI?), re-enabling...
[2025-09-27 20:25:33] [General - KernelLogLogger] [DEBUG] 2025-09-27T20:25:33.665785-06:00 photonvision kernel: usb 5-1: USB disconnect, device number 8
[2025-09-27 20:25:34] [Camera - USBFrameProvider - AprilTag1] [ERROR] Error grabbing image: timed out getting frame
[2025-09-27 20:25:34] [CSCore - PvCSCoreLogger] [INFO] AprilTag1: Attempting to connect to USB camera on /dev/v4l/by-path/platform-fc880000.usb-usb-0:1:1.0-video-index0
[2025-09-27 20:25:34] [CSCore - PvCSCoreLogger] [DEBUG] CS: DEBUG 7: AprilTag1: opening device (UsbCameraImpl.cpp:651)
[2025-09-27 20:25:34] [CSCore - PvCSCoreLogger] [INFO] AprilTag1: Connected to USB camera on /dev/v4l/by-path/platform-fc880000.usb-usb-0:1:1.0-video-index0
[2025-09-27 20:25:34] [CSCore - PvCSCoreLogger] [DEBUG] CS: DEBUG 7: AprilTag1: getting capabilities (UsbCameraImpl.cpp:663)
[2025-09-27 20:25:34] [CSCore - PvCSCoreLogger] [DEBUG] CS: DEBUG 7: AprilTag1: restoring video mode (UsbCameraImpl.cpp:681)
[2025-09-27 20:25:34] [CSCore - PvCSCoreLogger] [INFO] AprilTag1: set format 1 res 320x240
[2025-09-27 20:25:34] [CSCore - PvCSCoreLogger] [INFO] AprilTag1: set FPS to 100
[2025-09-27 20:25:34] [CSCore - PvCSCoreLogger] [DEBUG] CS: DEBUG 7: AprilTag1: restoring settings (UsbCameraImpl.cpp:686)
[2025-09-27 20:25:34] [Camera - USBFrameProvider - AprilTag1] [ERROR] Error grabbing image: timed out getting frame
[2025-09-27 20:25:34] [Camera - USBFrameProvider - AprilTag1] [ERROR] Error grabbing image: timed out getting frame
[2025-09-27 20:25:34] [Camera - USBFrameProvider - AprilTag1] [ERROR] Error grabbing image: timed out getting frame
[2025-09-27 20:25:34] [General - KernelLogLogger] [DEBUG] 2025-09-27T20:25:33.992435-06:00 photonvision kernel: usb 5-1: new high-speed USB device number 9 using ehci-platform
[2025-09-27 20:25:34] [General - KernelLogLogger] [DEBUG] 2025-09-27T20:25:34.152464-06:00 photonvision kernel: usb 5-1: New USB device found, idVendor=0c45, idProduct=6366, bcdDevice= 1.00
[2025-09-27 20:25:34] [General - KernelLogLogger] [DEBUG] 2025-09-27T20:25:34.152482-06:00 photonvision kernel: usb 5-1: New USB device strings: Mfr=2, Product=1, SerialNumber=3
[2025-09-27 20:25:34] [General - KernelLogLogger] [DEBUG] 2025-09-27T20:25:34.152484-06:00 photonvision kernel: usb 5-1: Product: AprilTag1
[2025-09-27 20:25:34] [General - KernelLogLogger] [DEBUG] 2025-09-27T20:25:34.152485-06:00 photonvision kernel: usb 5-1: Manufacturer: Arducam Technology Co., Ltd.
[2025-09-27 20:25:34] [General - KernelLogLogger] [DEBUG] 2025-09-27T20:25:34.152487-06:00 photonvision kernel: usb 5-1: SerialNumber: 0001
[2025-09-27 20:25:34] [General - KernelLogLogger] [DEBUG] 2025-09-27T20:25:34.155715-06:00 photonvision kernel: usb 5-1: Found UVC 1.00 device AprilTag1 (0c45:6366)
[2025-09-27 20:25:34] [General - KernelLogLogger] [DEBUG] 2025-09-27T20:25:34.182387-06:00 photonvision kernel: input: AprilTag1: AprilTag1 as /devices/platform/fc880000.usb/usb5/5-1/5-1:1.0/input/input22
[2025-09-27 20:25:34] [General - KernelLogLogger] [DEBUG] Ltd.
[2025-09-27 20:25:34] [General - KernelLogLogger] [DEBUG] 2025-09-27T20:25:18.295753-06:00 photonvision kernel: usb 5-1: SerialNumber: 0001
[2025-09-27 20:25:34] [General - KernelLogLogger] [DEBUG] 2025-09-27T20:25:18.299056-06:00 photonvision kernel: usb 5-1: Found UVC 1.00 device AprilTag1 (0c45:6366)
[2025-09-27 20:25:34] [General - KernelLogLogger] [DEBUG] 2025-09-27T20:25:18.325767-06:00 photonvision kernel: input: AprilTag1: AprilTag1 as /devices/platform/fc880000.usb/usb5/5-1/5-1:1.0/input/input16
[2025-09-27 20:25:34] [General - KernelLogLogger] [DEBUG] Gþÿ
[2025-09-27 20:25:35] [Camera - USBFrameProvider - AprilTag1] [ERROR] Error grabbing image: timed out getting frame
[2025-09-27 20:25:35] [CSCore - PvCSCoreLogger] [DEBUG] CS: DEBUG 7: AprilTag1: allocating buffers (UsbCameraImpl.cpp:701)
[2025-09-27 20:25:35] [CSCore - PvCSCoreLogger] [DEBUG] CS: DEBUG 7: AprilTag1: mapping buffers (UsbCameraImpl.cpp:715)
[2025-09-27 20:25:35] [CSCore - PvCSCoreLogger] [DEBUG] CS: DEBUG 7: AprilTag1: queuing buffers (UsbCameraImpl.cpp:765)
[2025-09-27 20:25:35] [CSCore - PvCSCoreLogger] [ERROR] CS: ERROR 40: AprilTag1: ioctl VIDIOC_STREAMON failed: Protocol error (UsbCameraImpl.cpp:789)
[2025-09-27 20:25:35] [CSCore - PvCSCoreLogger] [DEBUG] CS: DEBUG 7: AprilTag1: queuing buffers (UsbCameraImpl.cpp:765)
[2025-09-27 20:25:35] [Camera - USBFrameProvider - AprilTag1] [ERROR] Error grabbing image: timed out getting frame
[2025-09-27 20:25:35] [CSCore - PvCSCoreLogger] [ERROR] CS: ERROR 40: ioctl VIDIOC_QBUF failed at UsbCameraImpl.cpp:772: Invalid argument (UsbUtil.cpp:157)
[2025-09-27 20:25:35] [CSCore - PvCSCoreLogger] [WARN] CS: WARNING 30: AprilTag1: could not queue buffer 0 (UsbCameraImpl.cpp:773)
[2025-09-27 20:25:35] [CSCore - PvCSCoreLogger] [DEBUG] CS: DEBUG 7: AprilTag1: queuing buffers (UsbCameraImpl.cpp:765)
[2025-09-27 20:25:35] [CSCore - PvCSCoreLogger] [ERROR] CS: ERROR 40: ioctl VIDIOC_QBUF failed at UsbCameraImpl.cpp:772: No such device (UsbUtil.cpp:157)
[2025-09-27 20:25:35] [CSCore - PvCSCoreLogger] [WARN] CS: WARNING 30: AprilTag1: could not queue buffer 0 (UsbCameraImpl.cpp:773)
[2025-09-27 20:25:35] [CSCore - PvCSCoreLogger] [DEBUG] CS: DEBUG 7: AprilTag1: queuing buffers (UsbCameraImpl.cpp:765)
[2025-09-27 20:25:35] [CSCore - PvCSCoreLogger] [ERROR] CS: ERROR 40: ioctl VIDIOC_QBUF failed at UsbCameraImpl.cpp:772: No such device (UsbUtil.cpp:157)
[2025-09-27 20:25:35] [CSCore - PvCSCoreLogger] [WARN] CS: WARNING 30: AprilTag1: could not queue buffer 0 (UsbCameraImpl.cpp:773)
[2025-09-27 20:25:35] [CSCore - PvCSCoreLogger] [INFO] AprilTag1: Attempting to connect to USB camera on /dev/v4l/by-path/platform-fc880000.usb-usb-0:1:1.0-video-index0
[2025-09-27 20:25:35] [CSCore - PvCSCoreLogger] [DEBUG] CS: DEBUG 7: AprilTag1: opening device (UsbCameraImpl.cpp:651)
[2025-09-27 20:25:35] [Camera - USBFrameProvider - AprilTag1] [ERROR] Error grabbing image: timed out getting frame
[2025-09-27 20:25:35] [General - KernelLogLogger] [DEBUG] 2025-09-27T20:25:35.402412-06:00 photonvision kernel: usb 5-1: Failed to query (GET_RES) UVC control 8 on unit 2: -71 (exp. 2).
[2025-09-27 20:25:35] [General - KernelLogLogger] [DEBUG] 2025-09-27T20:25:35.405757-06:00 photonvision kernel: usb usb5-port1: disabled by hub (EMI?), re-enabling...
[2025-09-27 20:25:35] [General - KernelLogLogger] [DEBUG] 2025-09-27T20:25:35.405805-06:00 photonvision kernel: usb 5-1: USB disconnect, device number 9
[2025-09-27 20:25:35] [General - KernelLogLogger] [DEBUG] 2025-09-27T20:25:35.412422-06:00 photonvision kernel: usb 5-1: Failed to query (GET_CUR) UVC control 2 on unit 2: -71 (exp. 2).
[2025-09-27 20:25:35] [General - KernelLogLogger] [DEBUG] 2025-09-27T20:25:35.755770-06:00 photonvision kernel: usb 5-1: new high-speed USB device number 10 using ehci-platform
[2025-09-27 20:25:35] [General - KernelLogLogger] [DEBUG] 
[2025-09-27 20:25:35] [Camera - USBFrameProvider - AprilTag1] [ERROR] Error grabbing image: timed out getting frame
[2025-09-27 20:25:35] [CSCore - PvCSCoreLogger] [INFO] AprilTag1: Attempting to connect to USB camera on /dev/v4l/by-path/platform-fc880000.usb-usb-0:1:1.0-video-index0
[2025-09-27 20:25:35] [CSCore - PvCSCoreLogger] [DEBUG] CS: DEBUG 7: AprilTag1: opening device (UsbCameraImpl.cpp:651)
[2025-09-27 20:25:35] [CSCore - PvCSCoreLogger] [INFO] AprilTag1: Attempting to connect to USB camera on /dev/v4l/by-path/platform-fc880000.usb-usb-0:1:1.0-video-index0
[2025-09-27 20:25:35] [CSCore - PvCSCoreLogger] [DEBUG] CS: DEBUG 7: AprilTag1: opening device (UsbCameraImpl.cpp:651)
[2025-09-27 20:25:35] [CSCore - PvCSCoreLogger] [INFO] AprilTag1: Attempting to connect to USB camera on /dev/v4l/by-path/platform-fc880000.usb-usb-0:1:1.0-video-index0
[2025-09-27 20:25:35] [CSCore - PvCSCoreLogger] [DEBUG] CS: DEBUG 7: AprilTag1: opening device (UsbCameraImpl.cpp:651)
[2025-09-27 20:25:35] [CSCore - PvCSCoreLogger] [INFO] AprilTag1: Connected to USB camera on /dev/v4l/by-path/platform-fc880000.usb-usb-0:1:1.0-video-index0
[2025-09-27 20:25:35] [CSCore - PvCSCoreLogger] [DEBUG] CS: DEBUG 7: AprilTag1: getting capabilities (UsbCameraImpl.cpp:663)
[2025-09-27 20:25:35] [CSCore - PvCSCoreLogger] [DEBUG] CS: DEBUG 7: AprilTag1: restoring video mode (UsbCameraImpl.cpp:681)
[2025-09-27 20:25:35] [CSCore - PvCSCoreLogger] [INFO] AprilTag1: set format 1 res 320x240
[2025-09-27 20:25:36] [CSCore - PvCSCoreLogger] [INFO] AprilTag1: set FPS to 100
[2025-09-27 20:25:36] [CSCore - PvCSCoreLogger] [DEBUG] CS: DEBUG 7: AprilTag1: restoring settings (UsbCameraImpl.cpp:686)
[2025-09-27 20:25:36] [Camera - USBFrameProvider - AprilTag1] [ERROR] Error grabbing image: timed out getting frame
[2025-09-27 20:25:36] [Camera - USBFrameProvider - AprilTag1] [ERROR] Error grabbing image: timed out getting frame
[2025-09-27 20:25:36] [Camera - USBFrameProvider - AprilTag1] [ERROR] Error grabbing image: timed out getting frame
[2025-09-27 20:25:36] [General - KernelLogLogger] [DEBUG] 2025-09-27T20:25:35.915741-06:00 photonvision kernel: usb 5-1: New USB device found, idVendor=0c45, idProduct=6366, bcdDevice= 1.00
[2025-09-27 20:25:36] [General - KernelLogLogger] [DEBUG] 2025-09-27T20:25:35.915766-06:00 photonvision kernel: usb 5-1: New USB device strings: Mfr=2, Product=1, SerialNumber=3
[2025-09-27 20:25:36] [General - KernelLogLogger] [DEBUG] 2025-09-27T20:25:35.915768-06:00 photonvision kernel: usb 5-1: Product: AprilTag1
[2025-09-27 20:25:36] [General - KernelLogLogger] [DEBUG] 2025-09-27T20:25:35.915769-06:00 photonvision kernel: usb 5-1: Manufacturer: Arducam Technology Co., Ltd.
[2025-09-27 20:25:36] [General - KernelLogLogger] [DEBUG] 2025-09-27T20:25:35.915771-06:00 photonvision kernel: usb 5-1: SerialNumber: 0001
[2025-09-27 20:25:36] [General - KernelLogLogger] [DEBUG] 2025-09-27T20:25:35.919097-06:00 photonvision kernel: usb 5-1: Found UVC 1.00 device AprilTag1 (0c45:6366)
[2025-09-27 20:25:36] [General - KernelLogLogger] [DEBUG] 2025-09-27T20:25:35.949215-06:00 photonvision kernel: input: AprilTag1: AprilTag1 as /devices/platform/fc880000.usb/usb5/5-1/5-1:1.0/input/input23
[2025-09-27 20:25:36] [General - KernelLogLogger] [DEBUG] Ô
[2025-09-27 20:25:37] [Camera - USBFrameProvider - AprilTag1] [ERROR] Error grabbing image: timed out getting frame
[2025-09-27 20:25:37] [CSCore - PvCSCoreLogger] [DEBUG] CS: DEBUG 7: AprilTag1: allocating buffers (UsbCameraImpl.cpp:701)
[2025-09-27 20:25:37] [CSCore - PvCSCoreLogger] [DEBUG] CS: DEBUG 7: AprilTag1: mapping buffers (UsbCameraImpl.cpp:715)
[2025-09-27 20:25:37] [CSCore - PvCSCoreLogger] [DEBUG] CS: DEBUG 7: AprilTag1: queuing buffers (UsbCameraImpl.cpp:765)
[2025-09-27 20:25:37] [CSCore - PvCSCoreLogger] [ERROR] CS: ERROR 40: AprilTag1: ioctl VIDIOC_STREAMON failed: Protocol error (UsbCameraImpl.cpp:789)
[2025-09-27 20:25:37] [CSCore - PvCSCoreLogger] [INFO] AprilTag1: Attempting to connect to USB camera on /dev/v4l/by-path/platform-fc880000.usb-usb-0:1:1.0-video-index0
[2025-09-27 20:25:37] [CSCore - PvCSCoreLogger] [DEBUG] CS: DEBUG 7: AprilTag1: opening device (UsbCameraImpl.cpp:651)
[2025-09-27 20:25:37] [CSCore - PvCSCoreLogger] [INFO] AprilTag1: Attempting to connect to USB camera on /dev/v4l/by-path/platform-fc880000.usb-usb-0:1:1.0-video-index0
[2025-09-27 20:25:37] [CSCore - PvCSCoreLogger] [DEBUG] CS: DEBUG 7: AprilTag1: opening device (UsbCameraImpl.cpp:651)
[2025-09-27 20:25:37] [Camera - USBFrameProvider - AprilTag1] [ERROR] Error grabbing image: timed out getting frame
[2025-09-27 20:25:37] [Camera - USBFrameProvider - AprilTag1] [ERROR] Error grabbing image: timed out getting frame
[2025-09-27 20:25:37] [CSCore - PvCSCoreLogger] [INFO] AprilTag1: Attempting to connect to USB camera on /dev/v4l/by-path/platform-fc880000.usb-usb-0:1:1.0-video-index0
[2025-09-27 20:25:37] [CSCore - PvCSCoreLogger] [DEBUG] CS: DEBUG 7: AprilTag1: opening device (UsbCameraImpl.cpp:651)
[2025-09-27 20:25:37] [CSCore - PvCSCoreLogger] [INFO] AprilTag1: Attempting to connect to USB camera on /dev/v4l/by-path/platform-fc880000.usb-usb-0:1:1.0-video-index0
[2025-09-27 20:25:37] [CSCore - PvCSCoreLogger] [DEBUG] CS: DEBUG 7: AprilTag1: opening device (UsbCameraImpl.cpp:651)
[2025-09-27 20:25:37] [CSCore - PvCSCoreLogger] [INFO] AprilTag1: Attempting to connect to USB camera on /dev/v4l/by-path/platform-fc880000.usb-usb-0:1:1.0-video-index0
[2025-09-27 20:25:37] [CSCore - PvCSCoreLogger] [DEBUG] CS: DEBUG 7: AprilTag1: opening device (UsbCameraImpl.cpp:651)
[2025-09-27 20:25:37] [CSCore - PvCSCoreLogger] [INFO] AprilTag1: Attempting to connect to USB camera on /dev/v4l/by-path/platform-fc880000.usb-usb-0:1:1.0-video-index0
[2025-09-27 20:25:37] [CSCore - PvCSCoreLogger] [DEBUG] CS: DEBUG 7: AprilTag1: opening device (UsbCameraImpl.cpp:651)
[2025-09-27 20:25:37] [CSCore - PvCSCoreLogger] [INFO] AprilTag1: Connected to USB camera on /dev/v4l/by-path/platform-fc880000.usb-usb-0:1:1.0-video-index0
[2025-09-27 20:25:37] [CSCore - PvCSCoreLogger] [DEBUG] CS: DEBUG 7: AprilTag1: getting capabilities (UsbCameraImpl.cpp:663)
[2025-09-27 20:25:37] [CSCore - PvCSCoreLogger] [DEBUG] CS: DEBUG 7: AprilTag1: restoring video mode (UsbCameraImpl.cpp:681)
[2025-09-27 20:25:37] [CSCore - PvCSCoreLogger] [INFO] AprilTag1: set format 1 res 320x240
[2025-09-27 20:25:37] [CSCore - PvCSCoreLogger] [INFO] AprilTag1: set FPS to 100
[2025-09-27 20:25:37] [CSCore - PvCSCoreLogger] [DEBUG] CS: DEBUG 7: AprilTag1: restoring settings (UsbCameraImpl.cpp:686)
[2025-09-27 20:25:37] [Camera - USBFrameProvider - AprilTag1] [ERROR] Error grabbing image: timed out getting frame
[2025-09-27 20:25:37] [General - KernelLogLogger] [DEBUG] 2025-09-27T20:25:37.182516-06:00 photonvision kernel: usb 5-1: Failed to query (GET_MAX) UVC control 8 on unit 2: -71 (exp. 2).
[2025-09-27 20:25:37] [General - KernelLogLogger] [DEBUG] 2025-09-27T20:25:37.192448-06:00 photonvision kernel: usb 5-1: Failed to query (GET_CUR) UVC control 2 on unit 2: -71 (exp. 2).
[2025-09-27 20:25:37] [General - KernelLogLogger] [DEBUG] 2025-09-27T20:25:37.199173-06:00 photonvision kernel: usb 5-1: Failed to query (GET_DEF) UVC control 8 on unit 2: -71 (exp. 2).
[2025-09-27 20:25:37] [General - KernelLogLogger] [DEBUG] 2025-09-27T20:25:37.199220-06:00 photonvision kernel: usb usb5-port1: disabled by hub (EMI?), re-enabling...
[2025-09-27 20:25:37] [General - KernelLogLogger] [DEBUG] 2025-09-27T20:25:37.199224-06:00 photonvision kernel: usb 5-1: USB disconnect, device number 10
[2025-09-27 20:25:37] [General - KernelLogLogger] [DEBUG] 2025-09-27T20:25:37.532453-06:00 photonvision kernel: usb 5-1: new high-speed USB device number 11 using ehci-platform
[2025-09-27 20:25:37] [General - KernelLogLogger] [DEBUG] 2025-09-27T20:25:37.696026-06:00 photonvision kernel: usb 5-1: New USB device found, idVendor=0c45, idProduct=6366, bcdDevice= 1.00
[2025-09-27 20:25:37] [General - KernelLogLogger] [DEBUG] 2025-09-27T20:25:37.696070-06:00 photonvision kernel: usb 5-1: New USB device strings: Mfr=2, Product=1, SerialNumber=3
[2025-09-27 20:25:37] [General - KernelLogLogger] [DEBUG] 2025-09-27T20:25:37.696074-06:00 photonvision kernel: usb 5-1: Product: AprilTag1
[2025-09-27 20:25:37] [General - KernelLogLogger] [DEBUG] 2025-09-27T20:25:37.696078-06:00 photonvision kernel: usb 5-1: Manufacturer: Arducam Technology Co., Ltd.
[2025-09-27 20:25:37] [General - KernelLogLogger] [DEBUG] 2025-09-27T20:25:37.696081-06:00 photonvision kernel: usb 5-1: SerialNumber: 0001
[2025-09-27 20:25:37] [General - KernelLogLogger] [DEBUG] 2025-09-27T20:25:37.699120-06:00 photonvision kernel: usb 5-1: Found UVC 1.00 device AprilTag1 (0c45:6366)
[2025-09-27 20:25:37] [General - KernelLogLogger] [DEBUG] 2025-09-27T20:25:37.732972-06:00 photonvision kernel: input: AprilTag1: AprilTag1 as /devices/platform/fc880000.usb/usb5/5-1/5-1:1.0/input/input24
[2025-09-27 20:25:37] [General - KernelLogLogger] [DEBUG] sion kernel: dwhdmi-rockchip fde80000.hdmi: ddc read failed offset:0x1
[2025-09-27 20:25:37] [General - KernelLogLogger] [DEBUG] 2025-09-27T20:25:18.609057-06:00 photonvision kernel: dwhdmi-rockchip fde80000.hdmi: i2c read time out!
[2025-09-27 20:25:37] [General - KernelLogLogger] [DEBUG] 
[2025-09-27 20:25:38] [Camera - USBFrameProvider - AprilTag1] [ERROR] Error grabbing image: timed out getting frame
[2025-09-27 20:25:38] [Camera - USBFrameProvider - AprilTag1] [ERROR] Error grabbing image: timed out getting frame
[2025-09-27 20:25:38] [Camera - USBFrameProvider - AprilTag1] [ERROR] Error grabbing image: timed out getting frame
[2025-09-27 20:25:38] [CSCore - PvCSCoreLogger] [DEBUG] CS: DEBUG 7: AprilTag1: allocating buffers (UsbCameraImpl.cpp:701)
[2025-09-27 20:25:38] [CSCore - PvCSCoreLogger] [DEBUG] CS: DEBUG 7: AprilTag1: mapping buffers (UsbCameraImpl.cpp:715)
[2025-09-27 20:25:38] [CSCore - PvCSCoreLogger] [DEBUG] CS: DEBUG 7: AprilTag1: queuing buffers (UsbCameraImpl.cpp:765)
[2025-09-27 20:25:38] [Camera - USBFrameProvider - AprilTag1] [ERROR] Error grabbing image: timed out getting frame
[2025-09-27 20:25:38] [CSCore - PvCSCoreLogger] [ERROR] CS: ERROR 40: AprilTag1: ioctl VIDIOC_STREAMON failed: Protocol error (UsbCameraImpl.cpp:789)
[2025-09-27 20:25:38] [CSCore - PvCSCoreLogger] [INFO] AprilTag1: Attempting to connect to USB camera on /dev/v4l/by-path/platform-fc880000.usb-usb-0:1:1.0-video-index0
[2025-09-27 20:25:38] [CSCore - PvCSCoreLogger] [DEBUG] CS: DEBUG 7: AprilTag1: opening device (UsbCameraImpl.cpp:651)
[2025-09-27 20:25:38] [CSCore - PvCSCoreLogger] [INFO] AprilTag1: Attempting to connect to USB camera on /dev/v4l/by-path/platform-fc880000.usb-usb-0:1:1.0-video-index0
[2025-09-27 20:25:38] [CSCore - PvCSCoreLogger] [DEBUG] CS: DEBUG 7: AprilTag1: opening device (UsbCameraImpl.cpp:651)
[2025-09-27 20:25:39] [Camera - USBFrameProvider - AprilTag1] [ERROR] Error grabbing image: timed out getting frame
[2025-09-27 20:25:39] [Camera - USBFrameProvider - AprilTag1] [ERROR] Error grabbing image: timed out getting frame
[2025-09-27 20:25:39] [CSCore - PvCSCoreLogger] [INFO] AprilTag1: Attempting to connect to USB camera on /dev/v4l/by-path/platform-fc880000.usb-usb-0:1:1.0-video-index0
[2025-09-27 20:25:39] [CSCore - PvCSCoreLogger] [DEBUG] CS: DEBUG 7: AprilTag1: opening device (UsbCameraImpl.cpp:651)
[2025-09-27 20:25:39] [CSCore - PvCSCoreLogger] [INFO] AprilTag1: Attempting to connect to USB camera on /dev/v4l/by-path/platform-fc880000.usb-usb-0:1:1.0-video-index0
[2025-09-27 20:25:39] [CSCore - PvCSCoreLogger] [DEBUG] CS: DEBUG 7: AprilTag1: opening device (UsbCameraImpl.cpp:651)
[2025-09-27 20:25:39] [CSCore - PvCSCoreLogger] [INFO] AprilTag1: Attempting to connect to USB camera on /dev/v4l/by-path/platform-fc880000.usb-usb-0:1:1.0-video-index0
[2025-09-27 20:25:39] [CSCore - PvCSCoreLogger] [DEBUG] CS: DEBUG 7: AprilTag1: opening device (UsbCameraImpl.cpp:651)
[2025-09-27 20:25:39] [CSCore - PvCSCoreLogger] [INFO] AprilTag1: Connected to USB camera on /dev/v4l/by-path/platform-fc880000.usb-usb-0:1:1.0-video-index0
[2025-09-27 20:25:39] [CSCore - PvCSCoreLogger] [DEBUG] CS: DEBUG 7: AprilTag1: getting capabilities (UsbCameraImpl.cpp:663)
[2025-09-27 20:25:39] [CSCore - PvCSCoreLogger] [DEBUG] CS: DEBUG 7: AprilTag1: restoring video mode (UsbCameraImpl.cpp:681)
[2025-09-27 20:25:39] [CSCore - PvCSCoreLogger] [INFO] AprilTag1: set format 1 res 320x240
[2025-09-27 20:25:39] [CSCore - PvCSCoreLogger] [INFO] AprilTag1: set FPS to 100
[2025-09-27 20:25:39] [CSCore - PvCSCoreLogger] [DEBUG] CS: DEBUG 7: AprilTag1: restoring settings (UsbCameraImpl.cpp:686)
[2025-09-27 20:25:39] [Camera - USBFrameProvider - AprilTag1] [ERROR] Error grabbing image: timed out getting frame
[2025-09-27 20:25:39] [General - KernelLogLogger] [DEBUG] 2025-09-27T20:25:38.972387-06:00 photonvision kernel: usb 5-1: Failed to query (GET_CUR) UVC control 7 on unit 2: -71 (exp. 2).
[2025-09-27 20:25:39] [General - KernelLogLogger] [DEBUG] 2025-09-27T20:25:38.982416-06:00 photonvision kernel: usb usb5-port1: disabled by hub (EMI?), re-enabling...
[2025-09-27 20:25:39] [General - KernelLogLogger] [DEBUG] 2025-09-27T20:25:38.982446-06:00 photonvision kernel: usb 5-1: USB disconnect, device number 11
[2025-09-27 20:25:39] [General - KernelLogLogger] [DEBUG] 2025-09-27T20:25:39.322410-06:00 photonvision kernel: usb 5-1: new high-speed USB device number 12 using ehci-platform
[2025-09-27 20:25:39] [General - KernelLogLogger] [DEBUG] 2025-09-27T20:25:39.482447-06:00 photonvision kernel: usb 5-1: New USB device found, idVendor=0c45, idProduct=6366, bcdDevice= 1.00
[2025-09-27 20:25:39] [General - KernelLogLogger] [DEBUG] 2025-09-27T20:25:39.482468-06:00 photonvision kernel: usb 5-1: New USB device strings: Mfr=2, Product=1, SerialNumber=3
[2025-09-27 20:25:39] [General - KernelLogLogger] [DEBUG] 2025-09-27T20:25:39.482470-06:00 photonvision kernel: usb 5-1: Product: AprilTag1
[2025-09-27 20:25:39] [General - KernelLogLogger] [DEBUG] 2025-09-27T20:25:39.482471-06:00 photonvision kernel: usb 5-1: Manufacturer: Arducam Technology Co., Ltd.
[2025-09-27 20:25:39] [General - KernelLogLogger] [DEBUG] 2025-09-27T20:25:39.482474-06:00 photonvision kernel: usb 5-1: SerialNumber: 0001
[2025-09-27 20:25:39] [General - KernelLogLogger] [DEBUG] 2025-09-27T20:25:39.485788-06:00 photonvision kernel: usb 5-1: Found UVC 1.00 device AprilTag1 (0c45:6366)
[2025-09-27 20:25:39] [General - KernelLogLogger] [DEBUG] 2025-09-27T20:25:39.515754-06:00 photonvision kernel: input: AprilTag1: AprilTag1 as /devices/platform/fc880000.usb/usb5/5-1/5-1:1.0/input/input25
[2025-09-27 20:25:39] [General - KernelLogLogger] [DEBUG] e80000.hdmi: i2c read time out!
[2025-09-27 20:25:39] [General - KernelLogLogger] [DEBUG]  :@:zÁã	8@IڊØ-6@ Y°ã#ß4@FàäÄå4@-,¹G3@£++¿Ò2@®¼Ԟ2@%:¦{2@	ó]H2@JQô1@®ª´=Wz1@GrÒ0@˞0@Ô^g5Ö%/@Ö±¦.@«¬eM.@´xæEò-@ǰØÅÉÌ-@I]ú-@WKþ1X.@¯Ëïù.@֯±{/@æҥ«Èß/@X)Gü`a0@eøÕ0@£"ãÐ1@5ÛiÌ1@#t|³[2@6îoâZA3@ð	Â4@ßAÔiÆ4@¬dÞÏ!5@w·ÔU5@. Ø3ø®4@ô!hí3@&±mE2@Dû-úÞ-@s2UɸÄ"@î%7à @HN¼àôä?é3âg¨?¸J?ÇêZBx?Ø0}õxó>?BÊÏK*î>fÏû5tð¾gcüyï¾ÚJ8F?ة?F鉝ý	?¯Wç«ÿ?p+ÙàÓð>FzÌ:å>ȗJ;ý>.aHfµ?dÌSÇ?"±« ?ñ«ɸ
[2025-09-27 20:25:40] [Camera - USBFrameProvider - AprilTag1] [ERROR] Error grabbing image: timed out getting frame
[2025-09-27 20:25:40] [Camera - USBFrameProvider - AprilTag1] [ERROR] Error grabbing image: timed out getting frame
[2025-09-27 20:25:40] [Camera - USBFrameProvider - AprilTag1] [ERROR] Error grabbing image: timed out getting frame
[2025-09-27 20:25:40] [CSCore - PvCSCoreLogger] [DEBUG] CS: DEBUG 7: AprilTag1: allocating buffers (UsbCameraImpl.cpp:701)
[2025-09-27 20:25:40] [CSCore - PvCSCoreLogger] [DEBUG] CS: DEBUG 7: AprilTag1: mapping buffers (UsbCameraImpl.cpp:715)
[2025-09-27 20:25:40] [CSCore - PvCSCoreLogger] [DEBUG] CS: DEBUG 7: AprilTag1: queuing buffers (UsbCameraImpl.cpp:765)
[2025-09-27 20:25:40] [CSCore - PvCSCoreLogger] [ERROR] CS: ERROR 40: AprilTag1: ioctl VIDIOC_STREAMON failed: Protocol error (UsbCameraImpl.cpp:789)
[2025-09-27 20:25:40] [CSCore - PvCSCoreLogger] [DEBUG] CS: DEBUG 7: AprilTag1: queuing buffers (UsbCameraImpl.cpp:765)
[2025-09-27 20:25:40] [CSCore - PvCSCoreLogger] [ERROR] CS: ERROR 40: ioctl VIDIOC_QBUF failed at UsbCameraImpl.cpp:772: No such device (UsbUtil.cpp:157)
[2025-09-27 20:25:40] [CSCore - PvCSCoreLogger] [WARN] CS: WARNING 30: AprilTag1: could not queue buffer 0 (UsbCameraImpl.cpp:773)
[2025-09-27 20:25:40] [CSCore - PvCSCoreLogger] [INFO] AprilTag1: Attempting to connect to USB camera on /dev/v4l/by-path/platform-fc880000.usb-usb-0:1:1.0-video-index0
[2025-09-27 20:25:40] [CSCore - PvCSCoreLogger] [DEBUG] CS: DEBUG 7: AprilTag1: opening device (UsbCameraImpl.cpp:651)
[2025-09-27 20:25:40] [CSCore - PvCSCoreLogger] [INFO] AprilTag1: Attempting to connect to USB camera on /dev/v4l/by-path/platform-fc880000.usb-usb-0:1:1.0-video-index0
[2025-09-27 20:25:40] [CSCore - PvCSCoreLogger] [DEBUG] CS: DEBUG 7: AprilTag1: opening device (UsbCameraImpl.cpp:651)
[2025-09-27 20:25:40] [Camera - USBFrameProvider - AprilTag1] [ERROR] Error grabbing image: timed out getting frame
[2025-09-27 20:25:40] [General - KernelLogLogger] [DEBUG] 2025-09-27T20:25:40.759115-06:00 photonvision kernel: usb 5-1: Failed to query (GET_CUR) UVC control 9 on unit 2: -71 (exp. 2).
[2025-09-27 20:25:40] [General - KernelLogLogger] [DEBUG] 2025-09-27T20:25:40.782400-06:00 photonvision kernel: usb usb5-port1: disabled by hub (EMI?), re-enabling...
[2025-09-27 20:25:40] [General - KernelLogLogger] [DEBUG] 2025-09-27T20:25:40.782431-06:00 photonvision kernel: usb 5-1: USB disconnect, device number 12
[2025-09-27 20:25:41] [Camera - USBFrameProvider - AprilTag1] [ERROR] Error grabbing image: timed out getting frame
[2025-09-27 20:25:41] [CSCore - PvCSCoreLogger] [INFO] AprilTag1: Attempting to connect to USB camera on /dev/v4l/by-path/platform-fc880000.usb-usb-0:1:1.0-video-index0
[2025-09-27 20:25:41] [CSCore - PvCSCoreLogger] [DEBUG] CS: DEBUG 7: AprilTag1: opening device (UsbCameraImpl.cpp:651)
[2025-09-27 20:25:41] [CSCore - PvCSCoreLogger] [INFO] AprilTag1: Attempting to connect to USB camera on /dev/v4l/by-path/platform-fc880000.usb-usb-0:1:1.0-video-index0
[2025-09-27 20:25:41] [CSCore - PvCSCoreLogger] [DEBUG] CS: DEBUG 7: AprilTag1: opening device (UsbCameraImpl.cpp:651)
[2025-09-27 20:25:41] [CSCore - PvCSCoreLogger] [INFO] AprilTag1: Connected to USB camera on /dev/v4l/by-path/platform-fc880000.usb-usb-0:1:1.0-video-index0
[2025-09-27 20:25:41] [CSCore - PvCSCoreLogger] [DEBUG] CS: DEBUG 7: AprilTag1: getting capabilities (UsbCameraImpl.cpp:663)
[2025-09-27 20:25:41] [CSCore - PvCSCoreLogger] [DEBUG] CS: DEBUG 7: AprilTag1: restoring video mode (UsbCameraImpl.cpp:681)
[2025-09-27 20:25:41] [CSCore - PvCSCoreLogger] [INFO] AprilTag1: set format 1 res 320x240
[2025-09-27 20:25:41] [CSCore - PvCSCoreLogger] [INFO] AprilTag1: set FPS to 100
[2025-09-27 20:25:41] [CSCore - PvCSCoreLogger] [DEBUG] CS: DEBUG 7: AprilTag1: restoring settings (UsbCameraImpl.cpp:686)
[2025-09-27 20:25:41] [Camera - USBFrameProvider - AprilTag1] [ERROR] Error grabbing image: timed out getting frame
[2025-09-27 20:25:41] [Camera - USBFrameProvider - AprilTag1] [ERROR] Error grabbing image: timed out getting frame
[2025-09-27 20:25:41] [General - KernelLogLogger] [DEBUG] 2025-09-27T20:25:41.119131-06:00 photonvision kernel: usb 5-1: new high-speed USB device number 13 using ehci-platform
[2025-09-27 20:25:41] [General - KernelLogLogger] [DEBUG] 2025-09-27T20:25:41.279116-06:00 photonvision kernel: usb 5-1: New USB device found, idVendor=0c45, idProduct=6366, bcdDevice= 1.00
[2025-09-27 20:25:41] [General - KernelLogLogger] [DEBUG] 2025-09-27T20:25:41.279136-06:00 photonvision kernel: usb 5-1: New USB device strings: Mfr=2, Product=1, SerialNumber=3
[2025-09-27 20:25:41] [General - KernelLogLogger] [DEBUG] 2025-09-27T20:25:41.279137-06:00 photonvision kernel: usb 5-1: Product: AprilTag1
[2025-09-27 20:25:41] [General - KernelLogLogger] [DEBUG] 2025-09-27T20:25:41.279139-06:00 photonvision kernel: usb 5-1: Manufacturer: Arducam Technology Co., Ltd.
[2025-09-27 20:25:41] [General - KernelLogLogger] [DEBUG] 2025-09-27T20:25:41.279140-06:00 photonvision kernel: usb 5-1: SerialNumber: 0001
[2025-09-27 20:25:41] [General - KernelLogLogger] [DEBUG] 2025-09-27T20:25:41.282539-06:00 photonvision kernel: usb 5-1: Found UVC 1.00 device AprilTag1 (0c45:6366)
[2025-09-27 20:25:41] [General - KernelLogLogger] [DEBUG] 2025-09-27T20:25:41.309081-06:00 photonvision kernel: input: AprilTag1: AprilTag1 as /devices/platform/fc880000.usb/usb5/5-1/5-1:1.0/input/input26
[2025-09-27 20:25:41] [General - KernelLogLogger] [DEBUG] td.
[2025-09-27 20:25:41] [General - KernelLogLogger] [DEBUG] 2025-09-27T20:25:18.295753-06:00 photonvision kernel: usb 5-1: SerialNumber: 0001
[2025-09-27 20:25:41] [General - KernelLogLogger] [DEBUG] 2025-09-27T20:25:18.299056-06:00 photonvision kernel: usb 5-1: Found UVC 1.00 device AprilTag1 (0c45:6366)
[2025-09-27 20:25:41] [General - KernelLogLogger] [DEBUG] 2025-09-27T20:25:18.325767-06:00 photonvision kernel: input: AprilTag1: AprilTag1 as /devices/platform/fc880000.usb/usb5/5-1/5-1:1.0/input/input16
[2025-09-27 20:25:41] [General - KernelLogLogger] [DEBUG] Gþÿ
[2025-09-27 20:25:41] [Camera - USBFrameProvider - AprilTag1] [ERROR] Error grabbing image: timed out getting frame
[2025-09-27 20:25:42] [Camera - USBFrameProvider - AprilTag1] [ERROR] Error grabbing image: timed out getting frame
[2025-09-27 20:25:42] [CSCore - PvCSCoreLogger] [DEBUG] CS: DEBUG 7: AprilTag1: allocating buffers (UsbCameraImpl.cpp:701)
[2025-09-27 20:25:42] [CSCore - PvCSCoreLogger] [DEBUG] CS: DEBUG 7: AprilTag1: mapping buffers (UsbCameraImpl.cpp:715)
[2025-09-27 20:25:42] [CSCore - PvCSCoreLogger] [DEBUG] CS: DEBUG 7: AprilTag1: queuing buffers (UsbCameraImpl.cpp:765)
[2025-09-27 20:25:42] [Camera - USBFrameProvider - AprilTag1] [ERROR] Error grabbing image: timed out getting frame
[2025-09-27 20:25:42] [CSCore - PvCSCoreLogger] [ERROR] CS: ERROR 40: AprilTag1: ioctl VIDIOC_STREAMON failed: Protocol error (UsbCameraImpl.cpp:789)
[2025-09-27 20:25:42] [CSCore - PvCSCoreLogger] [DEBUG] CS: DEBUG 7: AprilTag1: queuing buffers (UsbCameraImpl.cpp:765)
[2025-09-27 20:25:42] [CSCore - PvCSCoreLogger] [ERROR] CS: ERROR 40: ioctl VIDIOC_QBUF failed at UsbCameraImpl.cpp:772: No such device (UsbUtil.cpp:157)
[2025-09-27 20:25:42] [CSCore - PvCSCoreLogger] [WARN] CS: WARNING 30: AprilTag1: could not queue buffer 0 (UsbCameraImpl.cpp:773)
[2025-09-27 20:25:42] [CSCore - PvCSCoreLogger] [INFO] AprilTag1: Attempting to connect to USB camera on /dev/v4l/by-path/platform-fc880000.usb-usb-0:1:1.0-video-index0
[2025-09-27 20:25:42] [CSCore - PvCSCoreLogger] [DEBUG] CS: DEBUG 7: AprilTag1: opening device (UsbCameraImpl.cpp:651)
[2025-09-27 20:25:42] [WebServer - Server] [DEBUG] Handled HTTP request of type GET from endpoint /index.html of req size -1 bytes & type null with return code 304 for host [0:0:0:0:0:0:0:1] in 11.026459 ms
[2025-09-27 20:25:42] [WebServer - Server] [DEBUG] Handled HTTP request of type GET from endpoint / of req size -1 bytes & type null with return code 304 for host [0:0:0:0:0:0:0:1] in 33.78025 ms
[2025-09-27 20:25:42] [Camera - USBFrameProvider - AprilTag1] [ERROR] Error grabbing image: timed out getting frame
[2025-09-27 20:25:42] [WebServer - Server] [DEBUG] Handled HTTP request of type GET from endpoint /assets/index-CLwGn-L_.js of req size -1 bytes & type null with return code 304 for host [0:0:0:0:0:0:0:1] in 13.541501 ms
[2025-09-27 20:25:42] [WebServer - Server] [DEBUG] Handled HTTP request of type GET from endpoint /assets/index-BPQQ3fGH.css of req size -1 bytes & type null with return code 304 for host [0:0:0:0:0:0:0:1] in 11.084502 ms
[2025-09-27 20:25:42] [General - KernelLogLogger] [DEBUG] 2025-09-27T20:25:42.555758-06:00 photonvision kernel: usb 5-1: Failed to query (GET_CUR) UVC control 7 on unit 2: -71 (exp. 2).
[2025-09-27 20:25:42] [General - KernelLogLogger] [DEBUG] 2025-09-27T20:25:42.579076-06:00 photonvision kernel: usb usb5-port1: disabled by hub (EMI?), re-enabling...
[2025-09-27 20:25:42] [General - KernelLogLogger] [DEBUG] 2025-09-27T20:25:42.579102-06:00 photonvision kernel: usb 5-1: USB disconnect, device number 13
[2025-09-27 20:25:43] [Camera - USBFrameProvider - AprilTag1] [ERROR] Error grabbing image: timed out getting frame
[2025-09-27 20:25:43] [CSCore - PvCSCoreLogger] [INFO] AprilTag1: Attempting to connect to USB camera on /dev/v4l/by-path/platform-fc880000.usb-usb-0:1:1.0-video-index0
[2025-09-27 20:25:43] [CSCore - PvCSCoreLogger] [DEBUG] CS: DEBUG 7: AprilTag1: opening device (UsbCameraImpl.cpp:651)
[2025-09-27 20:25:43] [CSCore - PvCSCoreLogger] [INFO] AprilTag1: Connected to USB camera on /dev/v4l/by-path/platform-fc880000.usb-usb-0:1:1.0-video-index0
[2025-09-27 20:25:43] [CSCore - PvCSCoreLogger] [DEBUG] CS: DEBUG 7: AprilTag1: getting capabilities (UsbCameraImpl.cpp:663)
[2025-09-27 20:25:43] [CSCore - PvCSCoreLogger] [DEBUG] CS: DEBUG 7: AprilTag1: restoring video mode (UsbCameraImpl.cpp:681)
[2025-09-27 20:25:43] [CSCore - PvCSCoreLogger] [INFO] AprilTag1: set format 1 res 320x240
[2025-09-27 20:25:43] [CSCore - PvCSCoreLogger] [INFO] AprilTag1: set FPS to 100
[2025-09-27 20:25:43] [CSCore - PvCSCoreLogger] [DEBUG] CS: DEBUG 7: AprilTag1: restoring settings (UsbCameraImpl.cpp:686)
[2025-09-27 20:25:43] [Camera - USBFrameProvider - AprilTag1] [ERROR] Error grabbing image: timed out getting frame
[2025-09-27 20:25:43] [Camera - USBFrameProvider - AprilTag1] [ERROR] Error grabbing image: timed out getting frame
[2025-09-27 20:25:43] [WebServer - Server] [DEBUG] Handled HTTP request of type GET from endpoint /assets/logoLarge-Blny0AlQ.svg of req size -1 bytes & type null with return code 304 for host [0:0:0:0:0:0:0:1] in 4.8545 ms
[2025-09-27 20:25:43] [Camera - USBFrameProvider - AprilTag1] [ERROR] Error grabbing image: timed out getting frame
[2025-09-27 20:25:43] [WebServer - Server] [DEBUG] Handled HTTP request of type GET from endpoint /assets/loading-transparent-M6bk-DXt.svg of req size -1 bytes & type null with return code 304 for host [0:0:0:0:0:0:0:1] in 3.3985 ms
[2025-09-27 20:25:43] [WebServer - Server] [DEBUG] Handled HTTP request of type GET from endpoint /assets/materialdesignicons-webfont-Dp5v-WZN.woff2 of req size -1 bytes & type null with return code 304 for host [0:0:0:0:0:0:0:1] in 1.544667 ms
[2025-09-27 20:25:43] [General - KernelLogLogger] [DEBUG] 2025-09-27T20:25:42.919110-06:00 photonvision kernel: usb 5-1: new high-speed USB device number 14 using ehci-platform
[2025-09-27 20:25:43] [General - KernelLogLogger] [DEBUG] 2025-09-27T20:25:43.085824-06:00 photonvision kernel: usb 5-1: New USB device found, idVendor=0c45, idProduct=6366, bcdDevice= 1.00
[2025-09-27 20:25:43] [General - KernelLogLogger] [DEBUG] 2025-09-27T20:25:43.085874-06:00 photonvision kernel: usb 5-1: New USB device strings: Mfr=2, Product=1, SerialNumber=3
[2025-09-27 20:25:43] [General - KernelLogLogger] [DEBUG] 2025-09-27T20:25:43.085878-06:00 photonvision kernel: usb 5-1: Product: AprilTag1
[2025-09-27 20:25:43] [General - KernelLogLogger] [DEBUG] 2025-09-27T20:25:43.085881-06:00 photonvision kernel: usb 5-1: Manufacturer: Arducam Technology Co., Ltd.
[2025-09-27 20:25:43] [General - KernelLogLogger] [DEBUG] 2025-09-27T20:25:43.085906-06:00 photonvision kernel: usb 5-1: SerialNumber: 0001
[2025-09-27 20:25:43] [General - KernelLogLogger] [DEBUG] 2025-09-27T20:25:43.089063-06:00 photonvision kernel: usb 5-1: Found UVC 1.00 device AprilTag1 (0c45:6366)
[2025-09-27 20:25:43] [General - KernelLogLogger] [DEBUG] 2025-09-27T20:25:43.115740-06:00 photonvision kernel: input: AprilTag1: AprilTag1 as /devices/platform/fc880000.usb/usb5/5-1/5-1:1.0/input/input27
[2025-09-27 20:25:43] [General - KernelLogLogger] [DEBUG] td.
[2025-09-27 20:25:43] [General - KernelLogLogger] [DEBUG] 2025-09-27T20:25:18.295753-06:00 photonvision kernel: usb 5-1: SerialNumber: 0001
[2025-09-27 20:25:43] [General - KernelLogLogger] [DEBUG] 2025-09-27T20:25:18.299056-06:00 photonvision kernel: usb 5-1: Found UVC 1.00 device AprilTag1 (0c45:6366)
[2025-09-27 20:25:43] [WebServer - Server] [DEBUG] Handled HTTP request of type GET from endpoint /assets/prompt-latin-400-normal-CyXKtQGK.woff2 of req size -1 bytes & type null with return code 304 for host [0:0:0:0:0:0:0:1] in 1.120292 ms
[2025-09-27 20:25:43] [General - KernelLogLogger] [DEBUG] 2025-09-27T20:25:18.325767-06:00 photonvision kernel: input: AprilTag1: AprilTag1 as /devices/platform/fc880000.usb/usb5/5-1/5-1:1.0/input/input16
[2025-09-27 20:25:43] [General - KernelLogLogger] [DEBUG] Gþÿ
[2025-09-27 20:25:44] [WebServer - DataSocketHandler] [INFO] New websocket connection from /0:0:0:0:0:0:0:1:56776
[2025-09-27 20:25:44] [General - ShellExec] [DEBUG] Executing "nmcli -t -f GENERAL.CONNECTION,GENERAL.DEVICE,GENERAL.TYPE device show"
[2025-09-27 20:25:44] [Camera - USBFrameProvider - AprilTag1] [ERROR] Error grabbing image: timed out getting frame
[2025-09-27 20:25:44] [General - ShellExec] [DEBUG] Got exit code 0
[2025-09-27 20:25:44] [General - NetworkUtils] [DEBUG] Found network interfaces: [NMDeviceInfo [connName=dhcp-enP3p49s0, devName=enP3p49s0, nmType=NMTYPE_ETHERNET], NMDeviceInfo [connName=Jeffco-Community, devName=wlan0, nmType=NMTYPE_WIFI], NMDeviceInfo [connName=, devName=p2p-dev-wlan0, nmType=NMTYPE_UNKNOWN]]
[2025-09-27 20:25:44] [CSCore - PvCSCoreLogger] [DEBUG] CS: DEBUG 7: AprilTag1: allocating buffers (UsbCameraImpl.cpp:701)
[2025-09-27 20:25:44] [CSCore - PvCSCoreLogger] [DEBUG] CS: DEBUG 7: AprilTag1: mapping buffers (UsbCameraImpl.cpp:715)
[2025-09-27 20:25:44] [CSCore - PvCSCoreLogger] [DEBUG] CS: DEBUG 7: AprilTag1: queuing buffers (UsbCameraImpl.cpp:765)
[2025-09-27 20:25:44] [Camera - USBFrameProvider - AprilTag1] [ERROR] Error grabbing image: timed out getting frame
[2025-09-27 20:25:44] [CSCore - PvCSCoreLogger] [ERROR] CS: ERROR 40: AprilTag1: ioctl VIDIOC_STREAMON failed: Protocol error (UsbCameraImpl.cpp:789)
[2025-09-27 20:25:44] [CSCore - PvCSCoreLogger] [DEBUG] CS: DEBUG 7: AprilTag1: queuing buffers (UsbCameraImpl.cpp:765)
[2025-09-27 20:25:44] [CSCore - PvCSCoreLogger] [ERROR] CS: ERROR 40: ioctl VIDIOC_QBUF failed at UsbCameraImpl.cpp:772: Invalid argument (UsbUtil.cpp:157)
[2025-09-27 20:25:44] [CSCore - PvCSCoreLogger] [WARN] CS: WARNING 30: AprilTag1: could not queue buffer 0 (UsbCameraImpl.cpp:773)
[2025-09-27 20:25:44] [CSCore - PvCSCoreLogger] [DEBUG] CS: DEBUG 7: AprilTag1: queuing buffers (UsbCameraImpl.cpp:765)
[2025-09-27 20:25:44] [CSCore - PvCSCoreLogger] [ERROR] CS: ERROR 40: ioctl VIDIOC_QBUF failed at UsbCameraImpl.cpp:772: No such device (UsbUtil.cpp:157)
[2025-09-27 20:25:44] [CSCore - PvCSCoreLogger] [WARN] CS: WARNING 30: AprilTag1: could not queue buffer 0 (UsbCameraImpl.cpp:773)
[2025-09-27 20:25:44] [CSCore - PvCSCoreLogger] [INFO] AprilTag1: Attempting to connect to USB camera on /dev/v4l/by-path/platform-fc880000.usb-usb-0:1:1.0-video-index0
[2025-09-27 20:25:44] [CSCore - PvCSCoreLogger] [DEBUG] CS: DEBUG 7: AprilTag1: opening device (UsbCameraImpl.cpp:651)
[2025-09-27 20:25:44] [CSCore - PvCSCoreLogger] [INFO] AprilTag1: Attempting to connect to USB camera on /dev/v4l/by-path/platform-fc880000.usb-usb-0:1:1.0-video-index0
[2025-09-27 20:25:44] [CSCore - PvCSCoreLogger] [DEBUG] CS: DEBUG 7: AprilTag1: opening device (UsbCameraImpl.cpp:651)
[2025-09-27 20:25:44] [CSCore - PvCSCoreLogger] [DEBUG] CS: DEBUG 10: serve_photonvision_Port_1181_Input_MJPEG_Server: client connection from 127.0.0.1 (MjpegServerImpl.cpp:957)
[2025-09-27 20:25:44] [CSCore - PvCSCoreLogger] [DEBUG] CS: DEBUG 10: serve_photonvision_Port_1181_Input_MJPEG_Server: HTTP request: 'GET /stream.mjpg HTTP/1.1
'
 (MjpegServerImpl.cpp:811)
[2025-09-27 20:25:44] [CSCore - PvCSCoreLogger] [DEBUG] CS: DEBUG 10: serve_photonvision_Port_1181_Input_MJPEG_Server: command parameters: "" (MjpegServerImpl.cpp:854)
[2025-09-27 20:25:44] [CSCore - PvCSCoreLogger] [DEBUG] CS: DEBUG 10: serve_photonvision_Port_1181_Input_MJPEG_Server: request for stream photonvision_Port_1181_Input_MJPEG_Server (MjpegServerImpl.cpp:872)
[2025-09-27 20:25:44] [CSCore - PvCSCoreLogger] [DEBUG] CS: DEBUG 10: serve_photonvision_Port_1181_Input_MJPEG_Server: Headers send, sending stream now (MjpegServerImpl.cpp:681)
[2025-09-27 20:25:44] [CSCore - PvCSCoreLogger] [DEBUG] CS: DEBUG 10: serve_photonvision_Port_1182_Output_MJPEG_Server: client connection from 127.0.0.1 (MjpegServerImpl.cpp:957)
[2025-09-27 20:25:44] [CSCore - PvCSCoreLogger] [DEBUG] CS: DEBUG 10: serve_photonvision_Port_1182_Output_MJPEG_Server: HTTP request: 'GET /stream.mjpg HTTP/1.1
'
 (MjpegServerImpl.cpp:811)
[2025-09-27 20:25:44] [CSCore - PvCSCoreLogger] [DEBUG] CS: DEBUG 10: serve_photonvision_Port_1182_Output_MJPEG_Server: command parameters: "" (MjpegServerImpl.cpp:854)
[2025-09-27 20:25:44] [CSCore - PvCSCoreLogger] [DEBUG] CS: DEBUG 10: serve_photonvision_Port_1182_Output_MJPEG_Server: request for stream photonvision_Port_1182_Output_MJPEG_Server (MjpegServerImpl.cpp:872)
[2025-09-27 20:25:44] [CSCore - PvCSCoreLogger] [DEBUG] CS: DEBUG 10: serve_photonvision_Port_1182_Output_MJPEG_Server: Headers send, sending stream now (MjpegServerImpl.cpp:681)
[2025-09-27 20:25:44] [Camera - USBFrameProvider - AprilTag1] [ERROR] Error grabbing image: timed out getting frame
[2025-09-27 20:25:44] [Camera - USBFrameProvider - AprilTag1] [ERROR] Error grabbing image: timed out getting frame
[2025-09-27 20:25:44] [General - KernelLogLogger] [DEBUG] 2025-09-27T20:25:44.359067-06:00 photonvision kernel: usb 5-1: Failed to query (GET_CUR) UVC control 9 on unit 2: -71 (exp. 2).
[2025-09-27 20:25:44] [General - KernelLogLogger] [DEBUG] 2025-09-27T20:25:44.379383-06:00 photonvision kernel: usb usb5-port1: disabled by hub (EMI?), re-enabling...
[2025-09-27 20:25:44] [General - KernelLogLogger] [DEBUG] 2025-09-27T20:25:44.379440-06:00 photonvision kernel: usb 5-1: USB disconnect, device number 14
[2025-09-27 20:25:44] [General - KernelLogLogger] [DEBUG] 2025-09-27T20:25:44.719136-06:00 photonvision kernel: usb 5-1: new high-speed USB device number 15 using ehci-platform
[2025-09-27 20:25:44] [General - KernelLogLogger] [DEBUG] 2025-09-27T20:25:44.879100-06:00 photonvision kernel: usb 5-1: New USB device found, idVendor=0c45, idProduct=6366, bcdDevice= 1.00
[2025-09-27 20:25:44] [General - KernelLogLogger] [DEBUG] 2025-09-27T20:25:44.879147-06:00 photonvision kernel: usb 5-1: New USB device strings: Mfr=2, Product=1, SerialNumber=3
[2025-09-27 20:25:44] [General - KernelLogLogger] [DEBUG] 2025-09-27T20:25:44.879150-06:00 photonvision kernel: usb 5-1: Product: AprilTag1
[2025-09-27 20:25:44] [General - KernelLogLogger] [DEBUG] 2025-09-27T20:25:44.879153-06:00 photonvision kernel: usb 5-1: Manufacturer: Arducam Technology Co., Ltd.
[2025-09-27 20:25:44] [General - KernelLogLogger] [DEBUG] 2025-09-27T20:25:44.879157-06:00 photonvision kernel: usb 5-1: SerialNumber: 0001
[2025-09-27 20:25:44] [CSCore - PvCSCoreLogger] [INFO] AprilTag1: Attempting to connect to USB camera on /dev/v4l/by-path/platform-fc880000.usb-usb-0:1:1.0-video-index0
[2025-09-27 20:25:44] [CSCore - PvCSCoreLogger] [DEBUG] CS: DEBUG 7: AprilTag1: opening device (UsbCameraImpl.cpp:651)
[2025-09-27 20:25:44] [CSCore - PvCSCoreLogger] [INFO] AprilTag1: Attempting to connect to USB camera on /dev/v4l/by-path/platform-fc880000.usb-usb-0:1:1.0-video-index0
[2025-09-27 20:25:44] [CSCore - PvCSCoreLogger] [DEBUG] CS: DEBUG 7: AprilTag1: opening device (UsbCameraImpl.cpp:651)
[2025-09-27 20:25:44] [CSCore - PvCSCoreLogger] [INFO] AprilTag1: Attempting to connect to USB camera on /dev/v4l/by-path/platform-fc880000.usb-usb-0:1:1.0-video-index0
[2025-09-27 20:25:44] [CSCore - PvCSCoreLogger] [DEBUG] CS: DEBUG 7: AprilTag1: opening device (UsbCameraImpl.cpp:651)
[2025-09-27 20:25:45] [Camera - USBFrameProvider - AprilTag1] [ERROR] Error grabbing image: timed out getting frame
[2025-09-27 20:25:45] [Camera - USBFrameProvider - AprilTag1] [ERROR] Error grabbing image: timed out getting frame
[2025-09-27 20:25:45] [Camera - USBFrameProvider - AprilTag1] [ERROR] Error grabbing image: timed out getting frame
[2025-09-27 20:25:45] [General - KernelLogLogger] [DEBUG] 2025-09-27T20:25:44.882422-06:00 photonvision kernel: usb 5-1: Found UVC 1.00 device AprilTag1 (0c45:6366)
[2025-09-27 20:25:45] [General - KernelLogLogger] [DEBUG] 2025-09-27T20:25:44.909530-06:00 photonvision kernel: input: AprilTag1: AprilTag1 as /devices/platform/fc880000.usb/usb5/5-1/5-1:1.0/input/input28
[2025-09-27 20:25:45] [General - KernelLogLogger] [DEBUG] .
[2025-09-27 20:25:45] [General - KernelLogLogger] [DEBUG] 
[2025-09-27 20:25:45] [Camera - USBFrameProvider - AprilTag1] [ERROR] Error grabbing image: timed out getting frame
[2025-09-27 20:25:46] [Camera - USBFrameProvider - AprilTag1] [ERROR] Error grabbing image: timed out getting frame
[2025-09-27 20:25:46] [Camera - USBFrameProvider - AprilTag1] [ERROR] Error grabbing image: timed out getting frame
[2025-09-27 20:25:46] [Camera - USBFrameProvider - AprilTag1] [ERROR] Error grabbing image: timed out getting frame
[2025-09-27 20:25:46] [CSCore - PvCSCoreLogger] [INFO] AprilTag1: Attempting to connect to USB camera on /dev/v4l/by-path/platform-fc880000.usb-usb-0:1:1.0-video-index0
[2025-09-27 20:25:46] [CSCore - PvCSCoreLogger] [DEBUG] CS: DEBUG 7: AprilTag1: opening device (UsbCameraImpl.cpp:651)
[2025-09-27 20:25:46] [CSCore - PvCSCoreLogger] [INFO] AprilTag1: Connected to USB camera on /dev/v4l/by-path/platform-fc880000.usb-usb-0:1:1.0-video-index0
[2025-09-27 20:25:46] [CSCore - PvCSCoreLogger] [DEBUG] CS: DEBUG 7: AprilTag1: getting capabilities (UsbCameraImpl.cpp:663)
[2025-09-27 20:25:46] [CSCore - PvCSCoreLogger] [DEBUG] CS: DEBUG 7: AprilTag1: restoring video mode (UsbCameraImpl.cpp:681)
[2025-09-27 20:25:46] [CSCore - PvCSCoreLogger] [INFO] AprilTag1: set format 1 res 320x240
[2025-09-27 20:25:46] [CSCore - PvCSCoreLogger] [INFO] AprilTag1: set FPS to 100
[2025-09-27 20:25:46] [CSCore - PvCSCoreLogger] [DEBUG] CS: DEBUG 7: AprilTag1: restoring settings (UsbCameraImpl.cpp:686)
[2025-09-27 20:25:47] [Camera - USBFrameProvider - AprilTag1] [ERROR] Error grabbing image: timed out getting frame
[2025-09-27 20:25:47] [Camera - USBFrameProvider - AprilTag1] [ERROR] Error grabbing image: timed out getting frame
[2025-09-27 20:25:47] [Camera - USBFrameProvider - AprilTag1] [ERROR] Error grabbing image: timed out getting frame
[2025-09-27 20:25:47] [Camera - USBFrameProvider - AprilTag1] [ERROR] Error grabbing image: timed out getting frame
[2025-09-27 20:25:47] [CSCore - PvCSCoreLogger] [DEBUG] CS: DEBUG 7: AprilTag1: allocating buffers (UsbCameraImpl.cpp:701)
[2025-09-27 20:25:47] [CSCore - PvCSCoreLogger] [DEBUG] CS: DEBUG 7: AprilTag1: mapping buffers (UsbCameraImpl.cpp:715)
[2025-09-27 20:25:47] [CSCore - PvCSCoreLogger] [DEBUG] CS: DEBUG 7: AprilTag1: queuing buffers (UsbCameraImpl.cpp:765)
[2025-09-27 20:25:48] [CSCore - PvCSCoreLogger] [ERROR] CS: ERROR 40: AprilTag1: ioctl VIDIOC_STREAMON failed: Protocol error (UsbCameraImpl.cpp:789)
[2025-09-27 20:25:48] [CSCore - PvCSCoreLogger] [INFO] AprilTag1: Attempting to connect to USB camera on /dev/v4l/by-path/platform-fc880000.usb-usb-0:1:1.0-video-index0
[2025-09-27 20:25:48] [CSCore - PvCSCoreLogger] [DEBUG] CS: DEBUG 7: AprilTag1: opening device (UsbCameraImpl.cpp:651)
[2025-09-27 20:25:48] [CSCore - PvCSCoreLogger] [INFO] AprilTag1: Attempting to connect to USB camera on /dev/v4l/by-path/platform-fc880000.usb-usb-0:1:1.0-video-index0
[2025-09-27 20:25:48] [CSCore - PvCSCoreLogger] [DEBUG] CS: DEBUG 7: AprilTag1: opening device (UsbCameraImpl.cpp:651)
[2025-09-27 20:25:48] [CSCore - PvCSCoreLogger] [INFO] AprilTag1: Attempting to connect to USB camera on /dev/v4l/by-path/platform-fc880000.usb-usb-0:1:1.0-video-index0
[2025-09-27 20:25:48] [CSCore - PvCSCoreLogger] [DEBUG] CS: DEBUG 7: AprilTag1: opening device (UsbCameraImpl.cpp:651)
[2025-09-27 20:25:48] [Camera - USBFrameProvider - AprilTag1] [ERROR] Error grabbing image: timed out getting frame
[2025-09-27 20:25:48] [Camera - USBFrameProvider - AprilTag1] [ERROR] Error grabbing image: timed out getting frame
[2025-09-27 20:25:48] [CSCore - PvCSCoreLogger] [INFO] AprilTag1: Attempting to connect to USB camera on /dev/v4l/by-path/platform-fc880000.usb-usb-0:1:1.0-video-index0
[2025-09-27 20:25:48] [CSCore - PvCSCoreLogger] [DEBUG] CS: DEBUG 7: AprilTag1: opening device (UsbCameraImpl.cpp:651)
[2025-09-27 20:25:48] [CSCore - PvCSCoreLogger] [INFO] AprilTag1: Attempting to connect to USB camera on /dev/v4l/by-path/platform-fc880000.usb-usb-0:1:1.0-video-index0
[2025-09-27 20:25:48] [CSCore - PvCSCoreLogger] [DEBUG] CS: DEBUG 7: AprilTag1: opening device (UsbCameraImpl.cpp:651)
[2025-09-27 20:25:48] [CSCore - PvCSCoreLogger] [INFO] AprilTag1: Connected to USB camera on /dev/v4l/by-path/platform-fc880000.usb-usb-0:1:1.0-video-index0
[2025-09-27 20:25:48] [CSCore - PvCSCoreLogger] [DEBUG] CS: DEBUG 7: AprilTag1: getting capabilities (UsbCameraImpl.cpp:663)
[2025-09-27 20:25:48] [CSCore - PvCSCoreLogger] [DEBUG] CS: DEBUG 7: AprilTag1: restoring video mode (UsbCameraImpl.cpp:681)
[2025-09-27 20:25:48] [CSCore - PvCSCoreLogger] [INFO] AprilTag1: set format 1 res 320x240
[2025-09-27 20:25:48] [Camera - USBFrameProvider - AprilTag1] [ERROR] Error grabbing image: timed out getting frame
[2025-09-27 20:25:48] [CSCore - PvCSCoreLogger] [INFO] AprilTag1: set FPS to 100
[2025-09-27 20:25:48] [CSCore - PvCSCoreLogger] [DEBUG] CS: DEBUG 7: AprilTag1: restoring settings (UsbCameraImpl.cpp:686)
[2025-09-27 20:25:48] [General - KernelLogLogger] [DEBUG] 2025-09-27T20:25:48.115761-06:00 photonvision kernel: usb usb5-port1: disabled by hub (EMI?), re-enabling...
[2025-09-27 20:25:48] [General - KernelLogLogger] [DEBUG] 2025-09-27T20:25:48.115802-06:00 photonvision kernel: usb 5-1: USB disconnect, device number 15
[2025-09-27 20:25:48] [General - KernelLogLogger] [DEBUG] 2025-09-27T20:25:48.452431-06:00 photonvision kernel: usb 5-1: new high-speed USB device number 16 using ehci-platform
[2025-09-27 20:25:48] [General - KernelLogLogger] [DEBUG] 2025-09-27T20:25:48.612418-06:00 photonvision kernel: usb 5-1: New USB device found, idVendor=0c45, idProduct=6366, bcdDevice= 1.00
[2025-09-27 20:25:48] [General - KernelLogLogger] [DEBUG] 2025-09-27T20:25:48.612465-06:00 photonvision kernel: usb 5-1: New USB device strings: Mfr=2, Product=1, SerialNumber=3
[2025-09-27 20:25:48] [General - KernelLogLogger] [DEBUG] 2025-09-27T20:25:48.612469-06:00 photonvision kernel: usb 5-1: Product: AprilTag1
[2025-09-27 20:25:48] [General - KernelLogLogger] [DEBUG] 2025-09-27T20:25:48.612472-06:00 photonvision kernel: usb 5-1: Manufacturer: Arducam Technology Co., Ltd.
[2025-09-27 20:25:48] [General - KernelLogLogger] [DEBUG] 2025-09-27T20:25:48.612476-06:00 photonvision kernel: usb 5-1: SerialNumber: 0001
[2025-09-27 20:25:48] [General - KernelLogLogger] [DEBUG] 2025-09-27T20:25:48.619073-06:00 photonvision kernel: usb 5-1: Found UVC 1.00 device AprilTag1 (0c45:6366)
[2025-09-27 20:25:48] [General - KernelLogLogger] [DEBUG] 2025-09-27T20:25:48.645908-06:00 photonvision kernel: input: AprilTag1: AprilTag1 as /devices/platform/fc880000.usb/usb5/5-1/5-1:1.0/input/input29
[2025-09-27 20:25:48] [Camera - USBFrameProvider - AprilTag1] [ERROR] Error grabbing image: timed out getting frame
[2025-09-27 20:25:49] [Camera - USBFrameProvider - AprilTag1] [ERROR] Error grabbing image: timed out getting frame
[2025-09-27 20:25:49] [Camera - USBFrameProvider - AprilTag1] [ERROR] Error grabbing image: timed out getting frame
[2025-09-27 20:25:49] [CSCore - PvCSCoreLogger] [DEBUG] CS: DEBUG 7: AprilTag1: allocating buffers (UsbCameraImpl.cpp:701)
[2025-09-27 20:25:49] [CSCore - PvCSCoreLogger] [DEBUG] CS: DEBUG 7: AprilTag1: mapping buffers (UsbCameraImpl.cpp:715)
[2025-09-27 20:25:49] [CSCore - PvCSCoreLogger] [DEBUG] CS: DEBUG 7: AprilTag1: queuing buffers (UsbCameraImpl.cpp:765)
[2025-09-27 20:25:49] [Camera - USBFrameProvider - AprilTag1] [ERROR] Error grabbing image: timed out getting frame
[2025-09-27 20:25:49] [CSCore - PvCSCoreLogger] [ERROR] CS: ERROR 40: AprilTag1: ioctl VIDIOC_STREAMON failed: Protocol error (UsbCameraImpl.cpp:789)
[2025-09-27 20:25:49] [CSCore - PvCSCoreLogger] [DEBUG] CS: DEBUG 7: AprilTag1: queuing buffers (UsbCameraImpl.cpp:765)
[2025-09-27 20:25:49] [CSCore - PvCSCoreLogger] [ERROR] CS: ERROR 40: ioctl VIDIOC_QBUF failed at UsbCameraImpl.cpp:772: Invalid argument (UsbUtil.cpp:157)
[2025-09-27 20:25:49] [CSCore - PvCSCoreLogger] [WARN] CS: WARNING 30: AprilTag1: could not queue buffer 0 (UsbCameraImpl.cpp:773)
[2025-09-27 20:25:49] [CSCore - PvCSCoreLogger] [INFO] AprilTag1: Attempting to connect to USB camera on /dev/v4l/by-path/platform-fc880000.usb-usb-0:1:1.0-video-index0
[2025-09-27 20:25:49] [CSCore - PvCSCoreLogger] [DEBUG] CS: DEBUG 7: AprilTag1: opening device (UsbCameraImpl.cpp:651)
[2025-09-27 20:25:49] [CSCore - PvCSCoreLogger] [INFO] AprilTag1: Attempting to connect to USB camera on /dev/v4l/by-path/platform-fc880000.usb-usb-0:1:1.0-video-index0
[2025-09-27 20:25:49] [CSCore - PvCSCoreLogger] [DEBUG] CS: DEBUG 7: AprilTag1: opening device (UsbCameraImpl.cpp:651)
[2025-09-27 20:25:50] [Camera - USBFrameProvider - AprilTag1] [ERROR] Error grabbing image: timed out getting frame
[2025-09-27 20:25:50] [Camera - USBFrameProvider - AprilTag1] [ERROR] Error grabbing image: timed out getting frame
[2025-09-27 20:25:50] [CSCore - PvCSCoreLogger] [INFO] AprilTag1: Attempting to connect to USB camera on /dev/v4l/by-path/platform-fc880000.usb-usb-0:1:1.0-video-index0
[2025-09-27 20:25:50] [CSCore - PvCSCoreLogger] [DEBUG] CS: DEBUG 7: AprilTag1: opening device (UsbCameraImpl.cpp:651)
[2025-09-27 20:25:50] [CSCore - PvCSCoreLogger] [INFO] AprilTag1: Attempting to connect to USB camera on /dev/v4l/by-path/platform-fc880000.usb-usb-0:1:1.0-video-index0
[2025-09-27 20:25:50] [CSCore - PvCSCoreLogger] [DEBUG] CS: DEBUG 7: AprilTag1: opening device (UsbCameraImpl.cpp:651)
[2025-09-27 20:25:50] [CSCore - PvCSCoreLogger] [INFO] AprilTag1: Connected to USB camera on /dev/v4l/by-path/platform-fc880000.usb-usb-0:1:1.0-video-index0
[2025-09-27 20:25:50] [CSCore - PvCSCoreLogger] [DEBUG] CS: DEBUG 7: AprilTag1: getting capabilities (UsbCameraImpl.cpp:663)
[2025-09-27 20:25:50] [CSCore - PvCSCoreLogger] [DEBUG] CS: DEBUG 7: AprilTag1: restoring video mode (UsbCameraImpl.cpp:681)
[2025-09-27 20:25:50] [CSCore - PvCSCoreLogger] [INFO] AprilTag1: set format 1 res 320x240
[2025-09-27 20:25:50] [CSCore - PvCSCoreLogger] [INFO] AprilTag1: set FPS to 100
[2025-09-27 20:25:50] [CSCore - PvCSCoreLogger] [DEBUG] CS: DEBUG 7: AprilTag1: restoring settings (UsbCameraImpl.cpp:686)
[2025-09-27 20:25:50] [Camera - USBFrameProvider - AprilTag1] [ERROR] Error grabbing image: timed out getting frame
[2025-09-27 20:25:50] [Camera - USBFrameProvider - AprilTag1] [ERROR] Error grabbing image: timed out getting frame
[2025-09-27 20:25:50] [General - KernelLogLogger] [DEBUG] 2025-09-27T20:25:49.925778-06:00 photonvision kernel: usb 5-1: Failed to query (GET_CUR) UVC control 7 on unit 2: -71 (exp. 2).
[2025-09-27 20:25:50] [General - KernelLogLogger] [DEBUG] 2025-09-27T20:25:49.945768-06:00 photonvision kernel: usb usb5-port1: disabled by hub (EMI?), re-enabling...
[2025-09-27 20:25:50] [General - KernelLogLogger] [DEBUG] 2025-09-27T20:25:49.945818-06:00 photonvision kernel: usb 5-1: USB disconnect, device number 16
[2025-09-27 20:25:50] [General - KernelLogLogger] [DEBUG] 2025-09-27T20:25:50.295733-06:00 photonvision kernel: usb 5-1: new high-speed USB device number 17 using ehci-platform
[2025-09-27 20:25:50] [General - KernelLogLogger] [DEBUG] 2025-09-27T20:25:50.455802-06:00 photonvision kernel: usb 5-1: New USB device found, idVendor=0c45, idProduct=6366, bcdDevice= 1.00
[2025-09-27 20:25:50] [General - KernelLogLogger] [DEBUG] 2025-09-27T20:25:50.455851-06:00 photonvision kernel: usb 5-1: New USB device strings: Mfr=2, Product=1, SerialNumber=3
[2025-09-27 20:25:50] [General - KernelLogLogger] [DEBUG] 2025-09-27T20:25:50.455855-06:00 photonvision kernel: usb 5-1: Product: AprilTag1
[2025-09-27 20:25:50] [General - KernelLogLogger] [DEBUG] 2025-09-27T20:25:50.455858-06:00 photonvision kernel: usb 5-1: Manufacturer: Arducam Technology Co., Ltd.
[2025-09-27 20:25:50] [General - KernelLogLogger] [DEBUG] 2025-09-27T20:25:50.455863-06:00 photonvision kernel: usb 5-1: SerialNumber: 0001
[2025-09-27 20:25:50] [General - KernelLogLogger] [DEBUG] 2025-09-27T20:25:50.459203-06:00 photonvision kernel: usb 5-1: Found UVC 1.00 device AprilTag1 (0c45:6366)
[2025-09-27 20:25:50] [General - KernelLogLogger] [DEBUG] 2025-09-27T20:25:50.489062-06:00 photonvision kernel: input: AprilTag1: AprilTag1 as /devices/platform/fc880000.usb/usb5/5-1/5-1:1.0/input/input30
[2025-09-27 20:25:50] [General - KernelLogLogger] [DEBUG] e80000.hdmi: i2c read time out!
[2025-09-27 20:25:50] [General - KernelLogLogger] [DEBUG]  :@:zÁã	8@IڊØ-6@ Y°ã#ß4@FàäÄå4@-,¹G3@£++¿Ò2@®¼Ԟ2@%:¦{2@	ó]H2@JQô1@®ª´=Wz1@GrÒ0@˞0@Ô^g5Ö%/@Ö±¦.@«¬eM.@´xæEò-@ǰØÅÉÌ-@I]ú-@WKþ1X.@¯Ëïù.@֯±{/@æҥ«Èß/@X)Gü`a0@eøÕ0@£"ãÐ1@5ÛiÌ1@#t|³[2@6îoâZA3@ð	Â4@ßAÔiÆ4@¬dÞÏ!5@w·ÔU5@. Ø3ø®4@ô!hí3@&±mE2@Dû-úÞ-@s2UɸÄ"@î%7à @HN¼àôä?é3âg¨?¸J?ÇêZBx?Ø0}õxó>?BÊÏK*î>fÏû5tð¾gcüyï¾ÚJ8F?ة?F鉝ý	?¯Wç«ÿ?p+ÙàÓð>FzÌ:å>ȗJ;ý>.aHfµ?dÌSÇ?"±« ?ñ«ɸ
[2025-09-27 20:25:51] [Camera - USBFrameProvider - AprilTag1] [ERROR] Error grabbing image: timed out getting frame
[2025-09-27 20:25:51] [Camera - USBFrameProvider - AprilTag1] [ERROR] Error grabbing image: timed out getting frame
[2025-09-27 20:25:51] [CSCore - PvCSCoreLogger] [DEBUG] CS: DEBUG 7: AprilTag1: allocating buffers (UsbCameraImpl.cpp:701)
[2025-09-27 20:25:51] [CSCore - PvCSCoreLogger] [DEBUG] CS: DEBUG 7: AprilTag1: mapping buffers (UsbCameraImpl.cpp:715)
[2025-09-27 20:25:51] [CSCore - PvCSCoreLogger] [DEBUG] CS: DEBUG 7: AprilTag1: queuing buffers (UsbCameraImpl.cpp:765)
[2025-09-27 20:25:51] [Camera - USBFrameProvider - AprilTag1] [ERROR] Error grabbing image: timed out getting frame
[2025-09-27 20:25:51] [CSCore - PvCSCoreLogger] [ERROR] CS: ERROR 40: AprilTag1: ioctl VIDIOC_STREAMON failed: Protocol error (UsbCameraImpl.cpp:789)
[2025-09-27 20:25:51] [CSCore - PvCSCoreLogger] [DEBUG] CS: DEBUG 7: AprilTag1: queuing buffers (UsbCameraImpl.cpp:765)
[2025-09-27 20:25:51] [CSCore - PvCSCoreLogger] [ERROR] CS: ERROR 40: ioctl VIDIOC_QBUF failed at UsbCameraImpl.cpp:772: Invalid argument (UsbUtil.cpp:157)
[2025-09-27 20:25:51] [CSCore - PvCSCoreLogger] [WARN] CS: WARNING 30: AprilTag1: could not queue buffer 0 (UsbCameraImpl.cpp:773)
[2025-09-27 20:25:51] [CSCore - PvCSCoreLogger] [DEBUG] CS: DEBUG 7: AprilTag1: queuing buffers (UsbCameraImpl.cpp:765)
[2025-09-27 20:25:51] [CSCore - PvCSCoreLogger] [ERROR] CS: ERROR 40: ioctl VIDIOC_QBUF failed at UsbCameraImpl.cpp:772: No such device (UsbUtil.cpp:157)
[2025-09-27 20:25:51] [CSCore - PvCSCoreLogger] [WARN] CS: WARNING 30: AprilTag1: could not queue buffer 0 (UsbCameraImpl.cpp:773)
[2025-09-27 20:25:51] [CSCore - PvCSCoreLogger] [INFO] AprilTag1: Attempting to connect to USB camera on /dev/v4l/by-path/platform-fc880000.usb-usb-0:1:1.0-video-index0
[2025-09-27 20:25:51] [CSCore - PvCSCoreLogger] [DEBUG] CS: DEBUG 7: AprilTag1: opening device (UsbCameraImpl.cpp:651)
[2025-09-27 20:25:51] [General - KernelLogLogger] [DEBUG] 2025-09-27T20:25:51.774138-06:00 photonvision kernel: usb usb5-port1: disabled by hub (EMI?), re-enabling...
[2025-09-27 20:25:51] [General - KernelLogLogger] [DEBUG] 2025-09-27T20:25:51.774169-06:00 photonvision kernel: usb 5-1: USB disconnect, device number 17
[2025-09-27 20:25:51] [General - KernelLogLogger] [DEBUG] 2025-09-27T20:25:51.774171-06:00 photonvision kernel: usb 5-1: Failed to query (GET_CUR) UVC control 7 on unit 2: -71 (exp. 2).
[2025-09-27 20:25:51] [Camera - USBFrameProvider - AprilTag1] [ERROR] Error grabbing image: timed out getting frame
[2025-09-27 20:25:52] [Camera - USBFrameProvider - AprilTag1] [ERROR] Error grabbing image: timed out getting frame
[2025-09-27 20:25:52] [CSCore - PvCSCoreLogger] [INFO] AprilTag1: Attempting to connect to USB camera on /dev/v4l/by-path/platform-fc880000.usb-usb-0:1:1.0-video-index0
[2025-09-27 20:25:52] [CSCore - PvCSCoreLogger] [DEBUG] CS: DEBUG 7: AprilTag1: opening device (UsbCameraImpl.cpp:651)
[2025-09-27 20:25:52] [CSCore - PvCSCoreLogger] [INFO] AprilTag1: Attempting to connect to USB camera on /dev/v4l/by-path/platform-fc880000.usb-usb-0:1:1.0-video-index0
[2025-09-27 20:25:52] [CSCore - PvCSCoreLogger] [DEBUG] CS: DEBUG 7: AprilTag1: opening device (UsbCameraImpl.cpp:651)
[2025-09-27 20:25:52] [CSCore - PvCSCoreLogger] [INFO] AprilTag1: Connected to USB camera on /dev/v4l/by-path/platform-fc880000.usb-usb-0:1:1.0-video-index0
[2025-09-27 20:25:52] [CSCore - PvCSCoreLogger] [DEBUG] CS: DEBUG 7: AprilTag1: getting capabilities (UsbCameraImpl.cpp:663)
[2025-09-27 20:25:52] [CSCore - PvCSCoreLogger] [DEBUG] CS: DEBUG 7: AprilTag1: restoring video mode (UsbCameraImpl.cpp:681)
[2025-09-27 20:25:52] [CSCore - PvCSCoreLogger] [INFO] AprilTag1: set format 1 res 320x240
[2025-09-27 20:25:52] [CSCore - PvCSCoreLogger] [INFO] AprilTag1: set FPS to 100
[2025-09-27 20:25:52] [CSCore - PvCSCoreLogger] [DEBUG] CS: DEBUG 7: AprilTag1: restoring settings (UsbCameraImpl.cpp:686)
[2025-09-27 20:25:52] [Camera - USBFrameProvider - AprilTag1] [ERROR] Error grabbing image: timed out getting frame
[2025-09-27 20:25:52] [Camera - USBFrameProvider - AprilTag1] [ERROR] Error grabbing image: timed out getting frame
[2025-09-27 20:25:52] [General - KernelLogLogger] [DEBUG] 2025-09-27T20:25:52.112415-06:00 photonvision kernel: usb 5-1: new high-speed USB device number 18 using ehci-platform
[2025-09-27 20:25:52] [General - KernelLogLogger] [DEBUG] 2025-09-27T20:25:52.275746-06:00 photonvision kernel: usb 5-1: New USB device found, idVendor=0c45, idProduct=6366, bcdDevice= 1.00
[2025-09-27 20:25:52] [General - KernelLogLogger] [DEBUG] 2025-09-27T20:25:52.276970-06:00 photonvision kernel: usb 5-1: New USB device strings: Mfr=2, Product=1, SerialNumber=3
[2025-09-27 20:25:52] [General - KernelLogLogger] [DEBUG] 2025-09-27T20:25:52.276973-06:00 photonvision kernel: usb 5-1: Product: AprilTag1
[2025-09-27 20:25:52] [General - KernelLogLogger] [DEBUG] 2025-09-27T20:25:52.276974-06:00 photonvision kernel: usb 5-1: Manufacturer: Arducam Technology Co., Ltd.
[2025-09-27 20:25:52] [General - KernelLogLogger] [DEBUG] 2025-09-27T20:25:52.276975-06:00 photonvision kernel: usb 5-1: SerialNumber: 0001
[2025-09-27 20:25:52] [General - KernelLogLogger] [DEBUG] 2025-09-27T20:25:52.279072-06:00 photonvision kernel: usb 5-1: Found UVC 1.00 device AprilTag1 (0c45:6366)
[2025-09-27 20:25:52] [General - KernelLogLogger] [DEBUG] 2025-09-27T20:25:52.309313-06:00 photonvision kernel: input: AprilTag1: AprilTag1 as /devices/platform/fc880000.usb/usb5/5-1/5-1:1.0/input/input31
[2025-09-27 20:25:52] [General - KernelLogLogger] [DEBUG] td.
[2025-09-27 20:25:52] [General - KernelLogLogger] [DEBUG] 2025-09-27T20:25:18.295753-06:00 photonvision kernel: usb 5-1: SerialNumber: 0001
[2025-09-27 20:25:52] [General - KernelLogLogger] [DEBUG] 2025-09-27T20:25:18.299056-06:00 photonvision kernel: usb 5-1: Found UVC 1.00 device AprilTag1 (0c45:6366)
[2025-09-27 20:25:52] [General - KernelLogLogger] [DEBUG] 2025-09-27T20:25:18.325767-06:00 photonvision kernel: input: AprilTag1: AprilTag1 as /devices/platform/fc880000.usb/usb5/5-1/5-1:1.0/input/input16
[2025-09-27 20:25:52] [General - KernelLogLogger] [DEBUG] Gþÿ
[2025-09-27 20:25:52] [VisionModule - VisionSourceSettables - AprilTag0] [DEBUG] Setting auto exposure to true
[2025-09-27 20:25:52] [VisionModule - VisionSourceSettables - AprilTag0] [DEBUG] No property auto_exposure_bias for AprilTag0 , skipping.
[2025-09-27 20:25:52] [VisionModule - VisionSourceSettables - AprilTag0] [DEBUG] No property iso_sensitivity_auto for AprilTag0 , skipping.
[2025-09-27 20:25:52] [VisionModule - VisionSourceSettables - AprilTag0] [DEBUG] No property iso_sensitivity for AprilTag0 , skipping.
[2025-09-27 20:25:53] [Camera - USBFrameProvider - AprilTag1] [ERROR] Error grabbing image: timed out getting frame
[2025-09-27 20:25:53] [Camera - USBFrameProvider - AprilTag1] [ERROR] Error grabbing image: timed out getting frame
[2025-09-27 20:25:53] [CSCore - PvCSCoreLogger] [DEBUG] CS: DEBUG 7: AprilTag1: allocating buffers (UsbCameraImpl.cpp:701)
[2025-09-27 20:25:53] [CSCore - PvCSCoreLogger] [DEBUG] CS: DEBUG 7: AprilTag1: mapping buffers (UsbCameraImpl.cpp:715)
[2025-09-27 20:25:53] [CSCore - PvCSCoreLogger] [DEBUG] CS: DEBUG 7: AprilTag1: queuing buffers (UsbCameraImpl.cpp:765)
[2025-09-27 20:25:53] [CSCore - PvCSCoreLogger] [ERROR] CS: ERROR 40: AprilTag1: ioctl VIDIOC_STREAMON failed: Protocol error (UsbCameraImpl.cpp:789)
[2025-09-27 20:25:53] [CSCore - PvCSCoreLogger] [DEBUG] CS: DEBUG 7: AprilTag1: queuing buffers (UsbCameraImpl.cpp:765)
[2025-09-27 20:25:53] [CSCore - PvCSCoreLogger] [ERROR] CS: ERROR 40: ioctl VIDIOC_QBUF failed at UsbCameraImpl.cpp:772: No such device (UsbUtil.cpp:157)
[2025-09-27 20:25:53] [CSCore - PvCSCoreLogger] [WARN] CS: WARNING 30: AprilTag1: could not queue buffer 0 (UsbCameraImpl.cpp:773)
[2025-09-27 20:25:53] [CSCore - PvCSCoreLogger] [INFO] AprilTag1: Attempting to connect to USB camera on /dev/v4l/by-path/platform-fc880000.usb-usb-0:1:1.0-video-index0
[2025-09-27 20:25:53] [CSCore - PvCSCoreLogger] [DEBUG] CS: DEBUG 7: AprilTag1: opening device (UsbCameraImpl.cpp:651)
[2025-09-27 20:25:53] [Camera - USBFrameProvider - AprilTag1] [ERROR] Error grabbing image: timed out getting frame
[2025-09-27 20:25:53] [Camera - USBFrameProvider - AprilTag1] [ERROR] Error grabbing image: timed out getting frame
[2025-09-27 20:25:53] [General - KernelLogLogger] [DEBUG] 2025-09-27T20:25:53.565751-06:00 photonvision kernel: usb 5-1: Failed to query (GET_CUR) UVC control 3 on unit 2: -71 (exp. 2).
[2025-09-27 20:25:53] [General - KernelLogLogger] [DEBUG] 2025-09-27T20:25:53.585749-06:00 photonvision kernel: usb usb5-port1: disabled by hub (EMI?), re-enabling...
[2025-09-27 20:25:53] [General - KernelLogLogger] [DEBUG] 2025-09-27T20:25:53.585772-06:00 photonvision kernel: usb 5-1: USB disconnect, device number 18
[2025-09-27 20:25:54] [CSCore - PvCSCoreLogger] [INFO] AprilTag1: Attempting to connect to USB camera on /dev/v4l/by-path/platform-fc880000.usb-usb-0:1:1.0-video-index0
[2025-09-27 20:25:54] [CSCore - PvCSCoreLogger] [DEBUG] CS: DEBUG 7: AprilTag1: opening device (UsbCameraImpl.cpp:651)
[2025-09-27 20:25:54] [CSCore - PvCSCoreLogger] [INFO] AprilTag1: Connected to USB camera on /dev/v4l/by-path/platform-fc880000.usb-usb-0:1:1.0-video-index0
[2025-09-27 20:25:54] [CSCore - PvCSCoreLogger] [DEBUG] CS: DEBUG 7: AprilTag1: getting capabilities (UsbCameraImpl.cpp:663)
[2025-09-27 20:25:54] [CSCore - PvCSCoreLogger] [DEBUG] CS: DEBUG 7: AprilTag1: restoring video mode (UsbCameraImpl.cpp:681)
[2025-09-27 20:25:54] [Camera - USBFrameProvider - AprilTag1] [ERROR] Error grabbing image: timed out getting frame
[2025-09-27 20:25:54] [CSCore - PvCSCoreLogger] [INFO] AprilTag1: set format 1 res 320x240
[2025-09-27 20:25:54] [CSCore - PvCSCoreLogger] [INFO] AprilTag1: set FPS to 100
[2025-09-27 20:25:54] [CSCore - PvCSCoreLogger] [DEBUG] CS: DEBUG 7: AprilTag1: restoring settings (UsbCameraImpl.cpp:686)
[2025-09-27 20:25:54] [Camera - USBFrameProvider - AprilTag1] [ERROR] Error grabbing image: timed out getting frame
[2025-09-27 20:25:54] [Camera - USBFrameProvider - AprilTag1] [ERROR] Error grabbing image: timed out getting frame
[2025-09-27 20:25:54] [General - KernelLogLogger] [DEBUG] 2025-09-27T20:25:53.925848-06:00 photonvision kernel: usb 5-1: new high-speed USB device number 19 using ehci-platform
[2025-09-27 20:25:54] [General - KernelLogLogger] [DEBUG] 2025-09-27T20:25:54.085736-06:00 photonvision kernel: usb 5-1: New USB device found, idVendor=0c45, idProduct=6366, bcdDevice= 1.00
[2025-09-27 20:25:54] [General - KernelLogLogger] [DEBUG] 2025-09-27T20:25:54.085768-06:00 photonvision kernel: usb 5-1: New USB device strings: Mfr=2, Product=1, SerialNumber=3
[2025-09-27 20:25:54] [General - KernelLogLogger] [DEBUG] 2025-09-27T20:25:54.085770-06:00 photonvision kernel: usb 5-1: Product: AprilTag1
[2025-09-27 20:25:54] [General - KernelLogLogger] [DEBUG] 2025-09-27T20:25:54.085771-06:00 photonvision kernel: usb 5-1: Manufacturer: Arducam Technology Co., Ltd.
[2025-09-27 20:25:54] [General - KernelLogLogger] [DEBUG] 2025-09-27T20:25:54.085773-06:00 photonvision kernel: usb 5-1: SerialNumber: 0001
[2025-09-27 20:25:54] [General - KernelLogLogger] [DEBUG] 2025-09-27T20:25:54.089193-06:00 photonvision kernel: usb 5-1: Found UVC 1.00 device AprilTag1 (0c45:6366)
[2025-09-27 20:25:54] [General - KernelLogLogger] [DEBUG] 2025-09-27T20:25:54.119107-06:00 photonvision kernel: input: AprilTag1: AprilTag1 as /devices/platform/fc880000.usb/usb5/5-1/5-1:1.0/input/input32
[2025-09-27 20:25:54] [General - KernelLogLogger] [DEBUG] td.
[2025-09-27 20:25:54] [General - KernelLogLogger] [DEBUG] 2025-09-27T20:25:18.295753-06:00 photonvision kernel: usb 5-1: SerialNumber: 0001
[2025-09-27 20:25:54] [General - KernelLogLogger] [DEBUG] 2025-09-27T20:25:18.299056-06:00 photonvision kernel: usb 5-1: Found UVC 1.00 device AprilTag1 (0c45:6366)
[2025-09-27 20:25:54] [General - KernelLogLogger] [DEBUG] 2025-09-27T20:25:18.325767-06:00 photonvision kernel: input: AprilTag1: AprilTag1 as /devices/platform/fc880000.usb/usb5/5-1/5-1:1.0/input/input16
[2025-09-27 20:25:54] [General - KernelLogLogger] [DEBUG] Gþÿ
[2025-09-27 20:25:54] [Camera - USBFrameProvider - AprilTag1] [ERROR] Error grabbing image: timed out getting frame
[2025-09-27 20:25:54] [Config - ConfigManager] [DEBUG] Saving to disk...
[2025-09-27 20:25:54] [Config - SqlConfigProvider] [DEBUG] Saving to disk
[2025-09-27 20:25:55] [Config - SqlConfigProvider] [INFO] Settings saved!
[2025-09-27 20:25:55] [Camera - USBFrameProvider - AprilTag1] [ERROR] Error grabbing image: timed out getting frame
[2025-09-27 20:25:55] [CSCore - PvCSCoreLogger] [DEBUG] CS: DEBUG 7: AprilTag1: allocating buffers (UsbCameraImpl.cpp:701)
[2025-09-27 20:25:55] [CSCore - PvCSCoreLogger] [DEBUG] CS: DEBUG 7: AprilTag1: mapping buffers (UsbCameraImpl.cpp:715)
[2025-09-27 20:25:55] [CSCore - PvCSCoreLogger] [DEBUG] CS: DEBUG 7: AprilTag1: queuing buffers (UsbCameraImpl.cpp:765)
[2025-09-27 20:25:55] [CSCore - PvCSCoreLogger] [ERROR] CS: ERROR 40: AprilTag1: ioctl VIDIOC_STREAMON failed: Protocol error (UsbCameraImpl.cpp:789)
[2025-09-27 20:25:55] [CSCore - PvCSCoreLogger] [DEBUG] CS: DEBUG 7: AprilTag1: queuing buffers (UsbCameraImpl.cpp:765)
[2025-09-27 20:25:55] [CSCore - PvCSCoreLogger] [ERROR] CS: ERROR 40: ioctl VIDIOC_QBUF failed at UsbCameraImpl.cpp:772: No such device (UsbUtil.cpp:157)
[2025-09-27 20:25:55] [CSCore - PvCSCoreLogger] [WARN] CS: WARNING 30: AprilTag1: could not queue buffer 0 (UsbCameraImpl.cpp:773)
[2025-09-27 20:25:55] [CSCore - PvCSCoreLogger] [INFO] AprilTag1: Attempting to connect to USB camera on /dev/v4l/by-path/platform-fc880000.usb-usb-0:1:1.0-video-index0
[2025-09-27 20:25:55] [CSCore - PvCSCoreLogger] [DEBUG] CS: DEBUG 7: AprilTag1: opening device (UsbCameraImpl.cpp:651)
[2025-09-27 20:25:55] [CSCore - PvCSCoreLogger] [INFO] AprilTag1: Attempting to connect to USB camera on /dev/v4l/by-path/platform-fc880000.usb-usb-0:1:1.0-video-index0
[2025-09-27 20:25:55] [CSCore - PvCSCoreLogger] [DEBUG] CS: DEBUG 7: AprilTag1: opening device (UsbCameraImpl.cpp:651)
[2025-09-27 20:25:55] [Camera - USBFrameProvider - AprilTag1] [ERROR] Error grabbing image: timed out getting frame
[2025-09-27 20:25:55] [Camera - USBFrameProvider - AprilTag1] [ERROR] Error grabbing image: timed out getting frame
[2025-09-27 20:25:55] [General - KernelLogLogger] [DEBUG] 2025-09-27T20:25:55.422561-06:00 photonvision kernel: usb 5-1: Failed to query (GET_CUR) UVC control 10 on unit 2: -71 (exp. 2).
[2025-09-27 20:25:55] [General - KernelLogLogger] [DEBUG] 2025-09-27T20:25:55.422600-06:00 photonvision kernel: usb usb5-port1: disabled by hub (EMI?), re-enabling...
[2025-09-27 20:25:55] [General - KernelLogLogger] [DEBUG] 2025-09-27T20:25:55.422601-06:00 photonvision kernel: usb 5-1: USB disconnect, device number 19
[2025-09-27 20:25:55] [General - KernelLogLogger] [DEBUG] 2025-09-27T20:25:55.739123-06:00 photonvision kernel: usb 5-1: new high-speed USB device number 20 using ehci-platform
[2025-09-27 20:25:55] [General - KernelLogLogger] [DEBUG] 2025-09-27T20:25:55.902414-06:00 photonvision kernel: usb 5-1: New USB device found, idVendor=0c45, idProduct=6366, bcdDevice= 1.00
[2025-09-27 20:25:55] [General - KernelLogLogger] [DEBUG] 2025-09-27T20:25:55.902441-06:00 photonvision kernel: usb 5-1: New USB device strings: Mfr=2, Product=1, SerialNumber=3
[2025-09-27 20:25:55] [General - KernelLogLogger] [DEBUG] 2025-09-27T20:25:55.902443-06:00 photonvision kernel: usb 5-1: Product: AprilTag1
[2025-09-27 20:25:55] [General - KernelLogLogger] [DEBUG] 2025-09-27T20:25:55.902444-06:00 photonvision kernel: usb 5-1: Manufacturer: Arducam Technology Co., Ltd.
[2025-09-27 20:25:55] [General - KernelLogLogger] [DEBUG] 2025-09-27T20:25:55.902445-06:00 photonvision kernel: usb 5-1: SerialNumber: 0001
[2025-09-27 20:25:55] [CSCore - PvCSCoreLogger] [INFO] AprilTag1: Attempting to connect to USB camera on /dev/v4l/by-path/platform-fc880000.usb-usb-0:1:1.0-video-index0
[2025-09-27 20:25:55] [CSCore - PvCSCoreLogger] [DEBUG] CS: DEBUG 7: AprilTag1: opening device (UsbCameraImpl.cpp:651)
[2025-09-27 20:25:55] [CSCore - PvCSCoreLogger] [INFO] AprilTag1: Attempting to connect to USB camera on /dev/v4l/by-path/platform-fc880000.usb-usb-0:1:1.0-video-index0
[2025-09-27 20:25:55] [CSCore - PvCSCoreLogger] [DEBUG] CS: DEBUG 7: AprilTag1: opening device (UsbCameraImpl.cpp:651)
[2025-09-27 20:25:55] [CSCore - PvCSCoreLogger] [INFO] AprilTag1: Connected to USB camera on /dev/v4l/by-path/platform-fc880000.usb-usb-0:1:1.0-video-index0
[2025-09-27 20:25:55] [CSCore - PvCSCoreLogger] [DEBUG] CS: DEBUG 7: AprilTag1: getting capabilities (UsbCameraImpl.cpp:663)
[2025-09-27 20:25:55] [CSCore - PvCSCoreLogger] [DEBUG] CS: DEBUG 7: AprilTag1: restoring video mode (UsbCameraImpl.cpp:681)
[2025-09-27 20:25:55] [CSCore - PvCSCoreLogger] [INFO] AprilTag1: set format 1 res 320x240
[2025-09-27 20:25:56] [CSCore - PvCSCoreLogger] [INFO] AprilTag1: set FPS to 100
[2025-09-27 20:25:56] [CSCore - PvCSCoreLogger] [DEBUG] CS: DEBUG 7: AprilTag1: restoring settings (UsbCameraImpl.cpp:686)
[2025-09-27 20:25:56] [Camera - USBFrameProvider - AprilTag1] [ERROR] Error grabbing image: timed out getting frame
[2025-09-27 20:25:56] [Camera - USBFrameProvider - AprilTag1] [ERROR] Error grabbing image: timed out getting frame
[2025-09-27 20:25:56] [Camera - USBFrameProvider - AprilTag1] [ERROR] Error grabbing image: timed out getting frame
[2025-09-27 20:25:56] [Camera - USBFrameProvider - AprilTag1] [ERROR] Error grabbing image: timed out getting frame
[2025-09-27 20:25:56] [General - KernelLogLogger] [DEBUG] 2025-09-27T20:25:55.905726-06:00 photonvision kernel: usb 5-1: Found UVC 1.00 device AprilTag1 (0c45:6366)
[2025-09-27 20:25:56] [General - KernelLogLogger] [DEBUG] 2025-09-27T20:25:55.935757-06:00 photonvision kernel: input: AprilTag1: AprilTag1 as /devices/platform/fc880000.usb/usb5/5-1/5-1:1.0/input/input33
[2025-09-27 20:25:56] [CSCore - PvCSCoreLogger] [DEBUG] CS: DEBUG 7: AprilTag1: allocating buffers (UsbCameraImpl.cpp:701)
[2025-09-27 20:25:56] [CSCore - PvCSCoreLogger] [DEBUG] CS: DEBUG 7: AprilTag1: mapping buffers (UsbCameraImpl.cpp:715)
[2025-09-27 20:25:56] [CSCore - PvCSCoreLogger] [DEBUG] CS: DEBUG 7: AprilTag1: queuing buffers (UsbCameraImpl.cpp:765)
[2025-09-27 20:25:57] [CSCore - PvCSCoreLogger] [ERROR] CS: ERROR 40: AprilTag1: ioctl VIDIOC_STREAMON failed: Protocol error (UsbCameraImpl.cpp:789)
[2025-09-27 20:25:57] [CSCore - PvCSCoreLogger] [DEBUG] CS: DEBUG 7: AprilTag1: queuing buffers (UsbCameraImpl.cpp:765)
[2025-09-27 20:25:57] [CSCore - PvCSCoreLogger] [ERROR] CS: ERROR 40: ioctl VIDIOC_QBUF failed at UsbCameraImpl.cpp:772: Invalid argument (UsbUtil.cpp:157)
[2025-09-27 20:25:57] [CSCore - PvCSCoreLogger] [WARN] CS: WARNING 30: AprilTag1: could not queue buffer 0 (UsbCameraImpl.cpp:773)
[2025-09-27 20:25:57] [CSCore - PvCSCoreLogger] [INFO] AprilTag1: Attempting to connect to USB camera on /dev/v4l/by-path/platform-fc880000.usb-usb-0:1:1.0-video-index0
[2025-09-27 20:25:57] [CSCore - PvCSCoreLogger] [DEBUG] CS: DEBUG 7: AprilTag1: opening device (UsbCameraImpl.cpp:651)
[2025-09-27 20:25:57] [CSCore - PvCSCoreLogger] [INFO] AprilTag1: Attempting to connect to USB camera on /dev/v4l/by-path/platform-fc880000.usb-usb-0:1:1.0-video-index0
[2025-09-27 20:25:57] [CSCore - PvCSCoreLogger] [DEBUG] CS: DEBUG 7: AprilTag1: opening device (UsbCameraImpl.cpp:651)
[2025-09-27 20:25:57] [CSCore - PvCSCoreLogger] [INFO] AprilTag1: Attempting to connect to USB camera on /dev/v4l/by-path/platform-fc880000.usb-usb-0:1:1.0-video-index0
[2025-09-27 20:25:57] [CSCore - PvCSCoreLogger] [DEBUG] CS: DEBUG 7: AprilTag1: opening device (UsbCameraImpl.cpp:651)
[2025-09-27 20:25:57] [Camera - USBFrameProvider - AprilTag1] [ERROR] Error grabbing image: timed out getting frame
[2025-09-27 20:25:57] [Camera - USBFrameProvider - AprilTag1] [ERROR] Error grabbing image: timed out getting frame
[2025-09-27 20:25:57] [Camera - USBFrameProvider - AprilTag1] [ERROR] Error grabbing image: timed out getting frame
[2025-09-27 20:25:57] [CSCore - PvCSCoreLogger] [INFO] AprilTag1: Attempting to connect to USB camera on /dev/v4l/by-path/platform-fc880000.usb-usb-0:1:1.0-video-index0
[2025-09-27 20:25:57] [CSCore - PvCSCoreLogger] [DEBUG] CS: DEBUG 7: AprilTag1: opening device (UsbCameraImpl.cpp:651)
[2025-09-27 20:25:57] [CSCore - PvCSCoreLogger] [INFO] AprilTag1: Attempting to connect to USB camera on /dev/v4l/by-path/platform-fc880000.usb-usb-0:1:1.0-video-index0
[2025-09-27 20:25:57] [CSCore - PvCSCoreLogger] [DEBUG] CS: DEBUG 7: AprilTag1: opening device (UsbCameraImpl.cpp:651)
[2025-09-27 20:25:57] [CSCore - PvCSCoreLogger] [INFO] AprilTag1: Attempting to connect to USB camera on /dev/v4l/by-path/platform-fc880000.usb-usb-0:1:1.0-video-index0
[2025-09-27 20:25:57] [CSCore - PvCSCoreLogger] [DEBUG] CS: DEBUG 7: AprilTag1: opening device (UsbCameraImpl.cpp:651)
[2025-09-27 20:25:57] [CSCore - PvCSCoreLogger] [INFO] AprilTag1: Connected to USB camera on /dev/v4l/by-path/platform-fc880000.usb-usb-0:1:1.0-video-index0
[2025-09-27 20:25:57] [CSCore - PvCSCoreLogger] [DEBUG] CS: DEBUG 7: AprilTag1: getting capabilities (UsbCameraImpl.cpp:663)
[2025-09-27 20:25:57] [CSCore - PvCSCoreLogger] [DEBUG] CS: DEBUG 7: AprilTag1: restoring video mode (UsbCameraImpl.cpp:681)
[2025-09-27 20:25:57] [CSCore - PvCSCoreLogger] [INFO] AprilTag1: set format 1 res 320x240
[2025-09-27 20:25:57] [CSCore - PvCSCoreLogger] [INFO] AprilTag1: set FPS to 100
[2025-09-27 20:25:57] [CSCore - PvCSCoreLogger] [DEBUG] CS: DEBUG 7: AprilTag1: restoring settings (UsbCameraImpl.cpp:686)
[2025-09-27 20:25:57] [General - KernelLogLogger] [DEBUG] 2025-09-27T20:25:57.089073-06:00 photonvision kernel: usb 5-1: Failed to query (GET_RES) UVC control 1 on unit 2: -71 (exp. 2).
[2025-09-27 20:25:57] [General - KernelLogLogger] [DEBUG] 2025-09-27T20:25:57.102417-06:00 photonvision kernel: usb usb5-port1: disabled by hub (EMI?), re-enabling...
[2025-09-27 20:25:57] [General - KernelLogLogger] [DEBUG] 2025-09-27T20:25:57.102429-06:00 photonvision kernel: usb 5-1: USB disconnect, device number 20
[2025-09-27 20:25:57] [General - KernelLogLogger] [DEBUG] 2025-09-27T20:25:57.102432-06:00 photonvision kernel: usb 5-1: Failed to query (GET_CUR) UVC control 2 on unit 2: -71 (exp. 2).
[2025-09-27 20:25:57] [General - KernelLogLogger] [DEBUG] 2025-09-27T20:25:57.105749-06:00 photonvision kernel: usb 5-1: Failed to query (GET_DEF) UVC control 1 on unit 2: -19 (exp. 2).
[2025-09-27 20:25:57] [General - KernelLogLogger] [DEBUG] 2025-09-27T20:25:57.459094-06:00 photonvision kernel: usb 5-1: new high-speed USB device number 21 using ehci-platform
[2025-09-27 20:25:57] [General - KernelLogLogger] [DEBUG] 2025-09-27T20:25:57.622446-06:00 photonvision kernel: usb 5-1: New USB device found, idVendor=0c45, idProduct=6366, bcdDevice= 1.00
[2025-09-27 20:25:57] [General - KernelLogLogger] [DEBUG] 2025-09-27T20:25:57.622499-06:00 photonvision kernel: usb 5-1: New USB device strings: Mfr=2, Product=1, SerialNumber=3
[2025-09-27 20:25:57] [General - KernelLogLogger] [DEBUG] 2025-09-27T20:25:57.622503-06:00 photonvision kernel: usb 5-1: Product: AprilTag1
[2025-09-27 20:25:57] [General - KernelLogLogger] [DEBUG] 2025-09-27T20:25:57.622508-06:00 photonvision kernel: usb 5-1: Manufacturer: Arducam Technology Co., Ltd.
[2025-09-27 20:25:57] [General - KernelLogLogger] [DEBUG] 2025-09-27T20:25:57.622510-06:00 photonvision kernel: usb 5-1: SerialNumber: 0001
[2025-09-27 20:25:57] [General - KernelLogLogger] [DEBUG] 2025-09-27T20:25:57.629240-06:00 photonvision kernel: usb 5-1: Found UVC 1.00 device AprilTag1 (0c45:6366)
[2025-09-27 20:25:57] [General - KernelLogLogger] [DEBUG] 2025-09-27T20:25:57.655722-06:00 photonvision kernel: input: AprilTag1: AprilTag1 as /devices/platform/fc880000.usb/usb5/5-1/5-1:1.0/input/input34
[2025-09-27 20:25:57] [General - KernelLogLogger] [DEBUG] 7T20:25:26.582388-06:00 photonvision kernel: usb 5-1: Failed to query (GET_MIN) UVC control 1 on unit 2: -71 (exp. 2).
[2025-09-27 20:25:57] [General - KernelLogLogger] [DEBUG] 2025-09-27T20:25:26.592386-06:00 photonvision kernel: usb 5-1: Failed to query (GET_CUR) UVC control 2 on unit 2: -71 (exp. 2).
[2025-09-27 20:25:57] [General - KernelLogLogger] [DEBUG] 2025-09-27T20:25:26.595748-06:00 photonvision kernel: usb usb5-port1: disabled by hub (EMI?), re-enabling...
[2025-09-27 20:25:57] [General - KernelLogLogger] [DEBUG] 2025-09-27T20:25:26.595773-06:00 photonvision kernel: usb 5-1: USB disconnect, device number 4
[2025-09-27 20:25:57] [General - KernelLogLogger] [DEBUG] ÿ
[2025-09-27 20:25:57] [Camera - USBFrameProvider - AprilTag1] [ERROR] Error grabbing image: timed out getting frame
[2025-09-27 20:25:58] [Camera - USBFrameProvider - AprilTag1] [ERROR] Error grabbing image: timed out getting frame
[2025-09-27 20:25:58] [Camera - USBFrameProvider - AprilTag1] [ERROR] Error grabbing image: timed out getting frame
[2025-09-27 20:25:58] [Camera - USBFrameProvider - AprilTag1] [ERROR] Error grabbing image: timed out getting frame
[2025-09-27 20:25:58] [CSCore - PvCSCoreLogger] [DEBUG] CS: DEBUG 7: AprilTag1: allocating buffers (UsbCameraImpl.cpp:701)
[2025-09-27 20:25:58] [CSCore - PvCSCoreLogger] [DEBUG] CS: DEBUG 7: AprilTag1: mapping buffers (UsbCameraImpl.cpp:715)
[2025-09-27 20:25:58] [CSCore - PvCSCoreLogger] [DEBUG] CS: DEBUG 7: AprilTag1: queuing buffers (UsbCameraImpl.cpp:765)
[2025-09-27 20:25:58] [CSCore - PvCSCoreLogger] [ERROR] CS: ERROR 40: AprilTag1: ioctl VIDIOC_STREAMON failed: Protocol error (UsbCameraImpl.cpp:789)
[2025-09-27 20:25:58] [CSCore - PvCSCoreLogger] [DEBUG] CS: DEBUG 7: AprilTag1: queuing buffers (UsbCameraImpl.cpp:765)
[2025-09-27 20:25:58] [CSCore - PvCSCoreLogger] [ERROR] CS: ERROR 40: ioctl VIDIOC_QBUF failed at UsbCameraImpl.cpp:772: No such device (UsbUtil.cpp:157)
[2025-09-27 20:25:58] [CSCore - PvCSCoreLogger] [WARN] CS: WARNING 30: AprilTag1: could not queue buffer 0 (UsbCameraImpl.cpp:773)
[2025-09-27 20:25:58] [CSCore - PvCSCoreLogger] [DEBUG] CS: DEBUG 7: AprilTag1: queuing buffers (UsbCameraImpl.cpp:765)
[2025-09-27 20:25:58] [CSCore - PvCSCoreLogger] [ERROR] CS: ERROR 40: ioctl VIDIOC_QBUF failed at UsbCameraImpl.cpp:772: No such device (UsbUtil.cpp:157)
[2025-09-27 20:25:58] [CSCore - PvCSCoreLogger] [WARN] CS: WARNING 30: AprilTag1: could not queue buffer 0 (UsbCameraImpl.cpp:773)
[2025-09-27 20:25:58] [CSCore - PvCSCoreLogger] [INFO] AprilTag1: Attempting to connect to USB camera on /dev/v4l/by-path/platform-fc880000.usb-usb-0:1:1.0-video-index0
[2025-09-27 20:25:58] [CSCore - PvCSCoreLogger] [DEBUG] CS: DEBUG 7: AprilTag1: opening device (UsbCameraImpl.cpp:651)
[2025-09-27 20:25:58] [CSCore - PvCSCoreLogger] [INFO] AprilTag1: Attempting to connect to USB camera on /dev/v4l/by-path/platform-fc880000.usb-usb-0:1:1.0-video-index0
[2025-09-27 20:25:58] [CSCore - PvCSCoreLogger] [DEBUG] CS: DEBUG 7: AprilTag1: opening device (UsbCameraImpl.cpp:651)
[2025-09-27 20:25:59] [Camera - USBFrameProvider - AprilTag1] [ERROR] Error grabbing image: timed out getting frame
[2025-09-27 20:25:59] [Camera - USBFrameProvider - AprilTag1] [ERROR] Error grabbing image: timed out getting frame
[2025-09-27 20:25:59] [CSCore - PvCSCoreLogger] [INFO] AprilTag1: Attempting to connect to USB camera on /dev/v4l/by-path/platform-fc880000.usb-usb-0:1:1.0-video-index0
[2025-09-27 20:25:59] [CSCore - PvCSCoreLogger] [DEBUG] CS: DEBUG 7: AprilTag1: opening device (UsbCameraImpl.cpp:651)
[2025-09-27 20:25:59] [CSCore - PvCSCoreLogger] [INFO] AprilTag1: Attempting to connect to USB camera on /dev/v4l/by-path/platform-fc880000.usb-usb-0:1:1.0-video-index0
[2025-09-27 20:25:59] [CSCore - PvCSCoreLogger] [DEBUG] CS: DEBUG 7: AprilTag1: opening device (UsbCameraImpl.cpp:651)
[2025-09-27 20:25:59] [CSCore - PvCSCoreLogger] [INFO] AprilTag1: Attempting to connect to USB camera on /dev/v4l/by-path/platform-fc880000.usb-usb-0:1:1.0-video-index0
[2025-09-27 20:25:59] [CSCore - PvCSCoreLogger] [DEBUG] CS: DEBUG 7: AprilTag1: opening device (UsbCameraImpl.cpp:651)
[2025-09-27 20:25:59] [CSCore - PvCSCoreLogger] [INFO] AprilTag1: Connected to USB camera on /dev/v4l/by-path/platform-fc880000.usb-usb-0:1:1.0-video-index0
[2025-09-27 20:25:59] [CSCore - PvCSCoreLogger] [DEBUG] CS: DEBUG 7: AprilTag1: getting capabilities (UsbCameraImpl.cpp:663)
[2025-09-27 20:25:59] [CSCore - PvCSCoreLogger] [DEBUG] CS: DEBUG 7: AprilTag1: restoring video mode (UsbCameraImpl.cpp:681)
[2025-09-27 20:25:59] [CSCore - PvCSCoreLogger] [INFO] AprilTag1: set format 1 res 320x240
[2025-09-27 20:25:59] [CSCore - PvCSCoreLogger] [INFO] AprilTag1: set FPS to 100
[2025-09-27 20:25:59] [CSCore - PvCSCoreLogger] [DEBUG] CS: DEBUG 7: AprilTag1: restoring settings (UsbCameraImpl.cpp:686)
[2025-09-27 20:25:59] [Camera - USBFrameProvider - AprilTag1] [ERROR] Error grabbing image: timed out getting frame
[2025-09-27 20:25:59] [Camera - USBFrameProvider - AprilTag1] [ERROR] Error grabbing image: timed out getting frame
[2025-09-27 20:25:59] [General - KernelLogLogger] [DEBUG] 2025-09-27T20:25:58.952407-06:00 photonvision kernel: usb 5-1: Failed to query (GET_CUR) UVC control 6 on unit 2: -71 (exp. 2).
[2025-09-27 20:25:59] [General - KernelLogLogger] [DEBUG] 2025-09-27T20:25:58.962538-06:00 photonvision kernel: usb usb5-port1: disabled by hub (EMI?), re-enabling...
[2025-09-27 20:25:59] [General - KernelLogLogger] [DEBUG] 2025-09-27T20:25:58.962599-06:00 photonvision kernel: usb 5-1: USB disconnect, device number 21
[2025-09-27 20:25:59] [General - KernelLogLogger] [DEBUG] 2025-09-27T20:25:59.299853-06:00 photonvision kernel: usb 5-1: new high-speed USB device number 22 using ehci-platform
[2025-09-27 20:25:59] [General - KernelLogLogger] [DEBUG] 2025-09-27T20:25:59.465748-06:00 photonvision kernel: usb 5-1: New USB device found, idVendor=0c45, idProduct=6366, bcdDevice= 1.00
[2025-09-27 20:25:59] [General - KernelLogLogger] [DEBUG] 2025-09-27T20:25:59.465771-06:00 photonvision kernel: usb 5-1: New USB device strings: Mfr=2, Product=1, SerialNumber=3
[2025-09-27 20:25:59] [General - KernelLogLogger] [DEBUG] 2025-09-27T20:25:59.465772-06:00 photonvision kernel: usb 5-1: Product: AprilTag1
[2025-09-27 20:25:59] [General - KernelLogLogger] [DEBUG] 2025-09-27T20:25:59.465773-06:00 photonvision kernel: usb 5-1: Manufacturer: Arducam Technology Co., Ltd.
[2025-09-27 20:25:59] [General - KernelLogLogger] [DEBUG] 2025-09-27T20:25:59.465775-06:00 photonvision kernel: usb 5-1: SerialNumber: 0001
[2025-09-27 20:25:59] [General - KernelLogLogger] [DEBUG] 2025-09-27T20:25:59.469093-06:00 photonvision kernel: usb 5-1: Found UVC 1.00 device AprilTag1 (0c45:6366)
[2025-09-27 20:25:59] [General - KernelLogLogger] [DEBUG] 2025-09-27T20:25:59.499135-06:00 photonvision kernel: input: AprilTag1: AprilTag1 as /devices/platform/fc880000.usb/usb5/5-1/5-1:1.0/input/input35
[2025-09-27 20:25:59] [General - KernelLogLogger] [DEBUG] e80000.hdmi: i2c read time out!
[2025-09-27 20:25:59] [General - KernelLogLogger] [DEBUG]  :@:zÁã	8@IڊØ-6@ Y°ã#ß4@FàäÄå4@-,¹G3@£++¿Ò2@®¼Ԟ2@%:¦{2@	ó]H2@JQô1@®ª´=Wz1@GrÒ0@˞0@Ô^g5Ö%/@Ö±¦.@«¬eM.@´xæEò-@ǰØÅÉÌ-@I]ú-@WKþ1X.@¯Ëïù.@֯±{/@æҥ«Èß/@X)Gü`a0@eøÕ0@£"ãÐ1@5ÛiÌ1@#t|³[2@6îoâZA3@ð	Â4@ßAÔiÆ4@¬dÞÏ!5@w·ÔU5@. Ø3ø®4@ô!hí3@&±mE2@Dû-úÞ-@s2UɸÄ"@î%7à @HN¼àôä?é3âg¨?¸J?ÇêZBx?Ø0}õxó>?BÊÏK*î>fÏû5tð¾gcüyï¾ÚJ8F?ة?F鉝ý	?¯Wç«ÿ?p+ÙàÓð>FzÌ:å>ȗJ;ý>.aHfµ?dÌSÇ?"±« ?ñ«ɸ
[2025-09-27 20:26:00] [Camera - USBFrameProvider - AprilTag1] [ERROR] Error grabbing image: timed out getting frame
[2025-09-27 20:26:00] [Camera - USBFrameProvider - AprilTag1] [ERROR] Error grabbing image: timed out getting frame
[2025-09-27 20:26:00] [CSCore - PvCSCoreLogger] [DEBUG] CS: DEBUG 7: AprilTag1: allocating buffers (UsbCameraImpl.cpp:701)
[2025-09-27 20:26:00] [CSCore - PvCSCoreLogger] [DEBUG] CS: DEBUG 7: AprilTag1: mapping buffers (UsbCameraImpl.cpp:715)
[2025-09-27 20:26:00] [CSCore - PvCSCoreLogger] [DEBUG] CS: DEBUG 7: AprilTag1: queuing buffers (UsbCameraImpl.cpp:765)
[2025-09-27 20:26:00] [Camera - USBFrameProvider - AprilTag1] [ERROR] Error grabbing image: timed out getting frame
[2025-09-27 20:26:00] [CSCore - PvCSCoreLogger] [ERROR] CS: ERROR 40: AprilTag1: ioctl VIDIOC_STREAMON failed: Protocol error (UsbCameraImpl.cpp:789)
[2025-09-27 20:26:00] [CSCore - PvCSCoreLogger] [INFO] AprilTag1: Attempting to connect to USB camera on /dev/v4l/by-path/platform-fc880000.usb-usb-0:1:1.0-video-index0
[2025-09-27 20:26:00] [CSCore - PvCSCoreLogger] [DEBUG] CS: DEBUG 7: AprilTag1: opening device (UsbCameraImpl.cpp:651)
[2025-09-27 20:26:00] [CSCore - PvCSCoreLogger] [INFO] AprilTag1: Attempting to connect to USB camera on /dev/v4l/by-path/platform-fc880000.usb-usb-0:1:1.0-video-index0
[2025-09-27 20:26:00] [CSCore - PvCSCoreLogger] [DEBUG] CS: DEBUG 7: AprilTag1: opening device (UsbCameraImpl.cpp:651)
[2025-09-27 20:26:00] [General - KernelLogLogger] [DEBUG] 2025-09-27T20:26:00.822426-06:00 photonvision kernel: usb 5-1: Failed to query (GET_CUR) UVC control 4 on unit 2: -71 (exp. 2).
[2025-09-27 20:26:00] [Camera - USBFrameProvider - AprilTag1] [ERROR] Error grabbing image: timed out getting frame
[2025-09-27 20:26:01] [Camera - USBFrameProvider - AprilTag1] [ERROR] Error grabbing image: timed out getting frame
[2025-09-27 20:26:01] [CSCore - PvCSCoreLogger] [INFO] AprilTag1: Attempting to connect to USB camera on /dev/v4l/by-path/platform-fc880000.usb-usb-0:1:1.0-video-index0
[2025-09-27 20:26:01] [CSCore - PvCSCoreLogger] [DEBUG] CS: DEBUG 7: AprilTag1: opening device (UsbCameraImpl.cpp:651)
[2025-09-27 20:26:01] [CSCore - PvCSCoreLogger] [INFO] AprilTag1: Attempting to connect to USB camera on /dev/v4l/by-path/platform-fc880000.usb-usb-0:1:1.0-video-index0
[2025-09-27 20:26:01] [CSCore - PvCSCoreLogger] [DEBUG] CS: DEBUG 7: AprilTag1: opening device (UsbCameraImpl.cpp:651)
[2025-09-27 20:26:01] [CSCore - PvCSCoreLogger] [INFO] AprilTag1: Connected to USB camera on /dev/v4l/by-path/platform-fc880000.usb-usb-0:1:1.0-video-index0
[2025-09-27 20:26:01] [CSCore - PvCSCoreLogger] [DEBUG] CS: DEBUG 7: AprilTag1: getting capabilities (UsbCameraImpl.cpp:663)
[2025-09-27 20:26:01] [CSCore - PvCSCoreLogger] [DEBUG] CS: DEBUG 7: AprilTag1: restoring video mode (UsbCameraImpl.cpp:681)
[2025-09-27 20:26:01] [CSCore - PvCSCoreLogger] [INFO] AprilTag1: set format 1 res 320x240
[2025-09-27 20:26:01] [CSCore - PvCSCoreLogger] [INFO] AprilTag1: set FPS to 100
[2025-09-27 20:26:01] [CSCore - PvCSCoreLogger] [DEBUG] CS: DEBUG 7: AprilTag1: restoring settings (UsbCameraImpl.cpp:686)
[2025-09-27 20:26:01] [Camera - USBFrameProvider - AprilTag1] [ERROR] Error grabbing image: timed out getting frame
[2025-09-27 20:26:01] [Camera - USBFrameProvider - AprilTag1] [ERROR] Error grabbing image: timed out getting frame
[2025-09-27 20:26:01] [General - KernelLogLogger] [DEBUG] 2025-09-27T20:26:00.839175-06:00 photonvision kernel: usb usb5-port1: disabled by hub (EMI?), re-enabling...
[2025-09-27 20:26:01] [General - KernelLogLogger] [DEBUG] 2025-09-27T20:26:00.839269-06:00 photonvision kernel: usb 5-1: USB disconnect, device number 22
[2025-09-27 20:26:01] [General - KernelLogLogger] [DEBUG] 2025-09-27T20:26:01.179109-06:00 photonvision kernel: usb 5-1: new high-speed USB device number 23 using ehci-platform
[2025-09-27 20:26:01] [General - KernelLogLogger] [DEBUG] 2025-09-27T20:26:01.346970-06:00 photonvision kernel: usb 5-1: New USB device found, idVendor=0c45, idProduct=6366, bcdDevice= 1.00
[2025-09-27 20:26:01] [General - KernelLogLogger] [DEBUG] 2025-09-27T20:26:01.347021-06:00 photonvision kernel: usb 5-1: New USB device strings: Mfr=2, Product=1, SerialNumber=3
[2025-09-27 20:26:01] [General - KernelLogLogger] [DEBUG] 2025-09-27T20:26:01.347025-06:00 photonvision kernel: usb 5-1: Product: AprilTag1
[2025-09-27 20:26:01] [General - KernelLogLogger] [DEBUG] 2025-09-27T20:26:01.347027-06:00 photonvision kernel: usb 5-1: Manufacturer: Arducam Technology Co., Ltd.
[2025-09-27 20:26:01] [General - KernelLogLogger] [DEBUG] 2025-09-27T20:26:01.347031-06:00 photonvision kernel: usb 5-1: SerialNumber: 0001
[2025-09-27 20:26:01] [General - KernelLogLogger] [DEBUG] 2025-09-27T20:26:01.352415-06:00 photonvision kernel: usb 5-1: Found UVC 1.00 device AprilTag1 (0c45:6366)
[2025-09-27 20:26:01] [General - KernelLogLogger] [DEBUG] 2025-09-27T20:26:01.382422-06:00 photonvision kernel: input: AprilTag1: AprilTag1 as /devices/platform/fc880000.usb/usb5/5-1/5-1:1.0/input/input36
[2025-09-27 20:26:02] [Camera - USBFrameProvider - AprilTag1] [ERROR] Error grabbing image: timed out getting frame
[2025-09-27 20:26:02] [Camera - USBFrameProvider - AprilTag1] [ERROR] Error grabbing image: timed out getting frame
[2025-09-27 20:26:02] [CSCore - PvCSCoreLogger] [DEBUG] CS: DEBUG 7: AprilTag1: allocating buffers (UsbCameraImpl.cpp:701)
[2025-09-27 20:26:02] [CSCore - PvCSCoreLogger] [DEBUG] CS: DEBUG 7: AprilTag1: mapping buffers (UsbCameraImpl.cpp:715)
[2025-09-27 20:26:02] [CSCore - PvCSCoreLogger] [DEBUG] CS: DEBUG 7: AprilTag1: queuing buffers (UsbCameraImpl.cpp:765)
[2025-09-27 20:26:02] [Camera - USBFrameProvider - AprilTag1] [ERROR] Error grabbing image: timed out getting frame
[2025-09-27 20:26:02] [CSCore - PvCSCoreLogger] [ERROR] CS: ERROR 40: AprilTag1: ioctl VIDIOC_STREAMON failed: Protocol error (UsbCameraImpl.cpp:789)
[2025-09-27 20:26:02] [CSCore - PvCSCoreLogger] [DEBUG] CS: DEBUG 7: AprilTag1: queuing buffers (UsbCameraImpl.cpp:765)
[2025-09-27 20:26:02] [CSCore - PvCSCoreLogger] [ERROR] CS: ERROR 40: ioctl VIDIOC_QBUF failed at UsbCameraImpl.cpp:772: No such device (UsbUtil.cpp:157)
[2025-09-27 20:26:02] [CSCore - PvCSCoreLogger] [WARN] CS: WARNING 30: AprilTag1: could not queue buffer 0 (UsbCameraImpl.cpp:773)
[2025-09-27 20:26:02] [CSCore - PvCSCoreLogger] [INFO] AprilTag1: Attempting to connect to USB camera on /dev/v4l/by-path/platform-fc880000.usb-usb-0:1:1.0-video-index0
[2025-09-27 20:26:02] [CSCore - PvCSCoreLogger] [DEBUG] CS: DEBUG 7: AprilTag1: opening device (UsbCameraImpl.cpp:651)
[2025-09-27 20:26:02] [Camera - USBFrameProvider - AprilTag1] [ERROR] Error grabbing image: timed out getting frame
[2025-09-27 20:26:02] [General - KernelLogLogger] [DEBUG] 2025-09-27T20:26:02.677367-06:00 photonvision kernel: usb 5-1: Failed to query (GET_CUR) UVC control 7 on unit 2: -71 (exp. 2).
[2025-09-27 20:26:02] [General - KernelLogLogger] [DEBUG] 2025-09-27T20:26:02.686118-06:00 photonvision kernel: usb usb5-port1: disabled by hub (EMI?), re-enabling...
[2025-09-27 20:26:02] [General - KernelLogLogger] [DEBUG] 2025-09-27T20:26:02.686233-06:00 photonvision kernel: usb 5-1: USB disconnect, device number 23
[2025-09-27 20:26:03] [Camera - USBFrameProvider - AprilTag1] [ERROR] Error grabbing image: timed out getting frame
[2025-09-27 20:26:03] [CSCore - PvCSCoreLogger] [INFO] AprilTag1: Attempting to connect to USB camera on /dev/v4l/by-path/platform-fc880000.usb-usb-0:1:1.0-video-index0
[2025-09-27 20:26:03] [CSCore - PvCSCoreLogger] [DEBUG] CS: DEBUG 7: AprilTag1: opening device (UsbCameraImpl.cpp:651)
[2025-09-27 20:26:03] [CSCore - PvCSCoreLogger] [INFO] AprilTag1: Connected to USB camera on /dev/v4l/by-path/platform-fc880000.usb-usb-0:1:1.0-video-index0
[2025-09-27 20:26:03] [CSCore - PvCSCoreLogger] [DEBUG] CS: DEBUG 7: AprilTag1: getting capabilities (UsbCameraImpl.cpp:663)
[2025-09-27 20:26:03] [CSCore - PvCSCoreLogger] [DEBUG] CS: DEBUG 7: AprilTag1: restoring video mode (UsbCameraImpl.cpp:681)
[2025-09-27 20:26:03] [CSCore - PvCSCoreLogger] [INFO] AprilTag1: set format 1 res 320x240
[2025-09-27 20:26:03] [CSCore - PvCSCoreLogger] [INFO] AprilTag1: set FPS to 100
[2025-09-27 20:26:03] [CSCore - PvCSCoreLogger] [DEBUG] CS: DEBUG 7: AprilTag1: restoring settings (UsbCameraImpl.cpp:686)
[2025-09-27 20:26:03] [Camera - USBFrameProvider - AprilTag1] [ERROR] Error grabbing image: timed out getting frame
[2025-09-27 20:26:03] [Camera - USBFrameProvider - AprilTag1] [ERROR] Error grabbing image: timed out getting frame
[2025-09-27 20:26:03] [General - KernelLogLogger] [DEBUG] 2025-09-27T20:26:03.015781-06:00 photonvision kernel: usb 5-1: new high-speed USB device number 24 using ehci-platform
[2025-09-27 20:26:03] [General - KernelLogLogger] [DEBUG] 2025-09-27T20:26:03.179207-06:00 photonvision kernel: usb 5-1: New USB device found, idVendor=0c45, idProduct=6366, bcdDevice= 1.00
[2025-09-27 20:26:03] [General - KernelLogLogger] [DEBUG] 2025-09-27T20:26:03.179255-06:00 photonvision kernel: usb 5-1: New USB device strings: Mfr=2, Product=1, SerialNumber=3
[2025-09-27 20:26:03] [General - KernelLogLogger] [DEBUG] 2025-09-27T20:26:03.179259-06:00 photonvision kernel: usb 5-1: Product: AprilTag1
[2025-09-27 20:26:03] [General - KernelLogLogger] [DEBUG] 2025-09-27T20:26:03.179262-06:00 photonvision kernel: usb 5-1: Manufacturer: Arducam Technology Co., Ltd.
[2025-09-27 20:26:03] [General - KernelLogLogger] [DEBUG] 2025-09-27T20:26:03.179266-06:00 photonvision kernel: usb 5-1: SerialNumber: 0001
[2025-09-27 20:26:03] [General - KernelLogLogger] [DEBUG] 2025-09-27T20:26:03.185750-06:00 photonvision kernel: usb 5-1: Found UVC 1.00 device AprilTag1 (0c45:6366)
[2025-09-27 20:26:03] [General - KernelLogLogger] [DEBUG] 2025-09-27T20:26:03.219114-06:00 photonvision kernel: input: AprilTag1: AprilTag1 as /devices/platform/fc880000.usb/usb5/5-1/5-1:1.0/input/input37
[2025-09-27 20:26:03] [General - KernelLogLogger] [DEBUG] td.
[2025-09-27 20:26:03] [General - KernelLogLogger] [DEBUG] 2025-09-27T20:25:18.295753-06:00 photonvision kernel: usb 5-1: SerialNumber: 0001
[2025-09-27 20:26:03] [General - KernelLogLogger] [DEBUG] 2025-09-27T20:25:18.299056-06:00 photonvision kernel: usb 5-1: Found UVC 1.00 device AprilTag1 (0c45:6366)
[2025-09-27 20:26:03] [General - KernelLogLogger] [DEBUG] 2025-09-27T20:25:18.325767-06:00 photonvision kernel: input: AprilTag1: AprilTag1 as /devices/platform/fc880000.usb/usb5/5-1/5-1:1.0/input/input16
[2025-09-27 20:26:03] [General - KernelLogLogger] [DEBUG] Gþÿ
[2025-09-27 20:26:03] [Camera - USBFrameProvider - AprilTag1] [ERROR] Error grabbing image: timed out getting frame
[2025-09-27 20:26:04] [Camera - USBFrameProvider - AprilTag1] [ERROR] Error grabbing image: timed out getting frame
[2025-09-27 20:26:04] [CSCore - PvCSCoreLogger] [DEBUG] CS: DEBUG 7: AprilTag1: allocating buffers (UsbCameraImpl.cpp:701)
[2025-09-27 20:26:04] [CSCore - PvCSCoreLogger] [DEBUG] CS: DEBUG 7: AprilTag1: mapping buffers (UsbCameraImpl.cpp:715)
[2025-09-27 20:26:04] [CSCore - PvCSCoreLogger] [DEBUG] CS: DEBUG 7: AprilTag1: queuing buffers (UsbCameraImpl.cpp:765)
[2025-09-27 20:26:04] [Camera - USBFrameProvider - AprilTag1] [ERROR] Error grabbing image: timed out getting frame
[2025-09-27 20:26:04] [CSCore - PvCSCoreLogger] [ERROR] CS: ERROR 40: AprilTag1: ioctl VIDIOC_STREAMON failed: Protocol error (UsbCameraImpl.cpp:789)
[2025-09-27 20:26:04] [CSCore - PvCSCoreLogger] [DEBUG] CS: DEBUG 7: AprilTag1: queuing buffers (UsbCameraImpl.cpp:765)
[2025-09-27 20:26:04] [CSCore - PvCSCoreLogger] [ERROR] CS: ERROR 40: ioctl VIDIOC_QBUF failed at UsbCameraImpl.cpp:772: Invalid argument (UsbUtil.cpp:157)
[2025-09-27 20:26:04] [CSCore - PvCSCoreLogger] [WARN] CS: WARNING 30: AprilTag1: could not queue buffer 0 (UsbCameraImpl.cpp:773)
[2025-09-27 20:26:04] [CSCore - PvCSCoreLogger] [DEBUG] CS: DEBUG 7: AprilTag1: queuing buffers (UsbCameraImpl.cpp:765)
[2025-09-27 20:26:04] [CSCore - PvCSCoreLogger] [ERROR] CS: ERROR 40: ioctl VIDIOC_QBUF failed at UsbCameraImpl.cpp:772: No such device (UsbUtil.cpp:157)
[2025-09-27 20:26:04] [CSCore - PvCSCoreLogger] [WARN] CS: WARNING 30: AprilTag1: could not queue buffer 0 (UsbCameraImpl.cpp:773)
[2025-09-27 20:26:04] [CSCore - PvCSCoreLogger] [INFO] AprilTag1: Attempting to connect to USB camera on /dev/v4l/by-path/platform-fc880000.usb-usb-0:1:1.0-video-index0
[2025-09-27 20:26:04] [CSCore - PvCSCoreLogger] [DEBUG] CS: DEBUG 7: AprilTag1: opening device (UsbCameraImpl.cpp:651)
[2025-09-27 20:26:04] [CSCore - PvCSCoreLogger] [INFO] AprilTag1: Attempting to connect to USB camera on /dev/v4l/by-path/platform-fc880000.usb-usb-0:1:1.0-video-index0
[2025-09-27 20:26:04] [CSCore - PvCSCoreLogger] [DEBUG] CS: DEBUG 7: AprilTag1: opening device (UsbCameraImpl.cpp:651)
[2025-09-27 20:26:04] [Camera - USBFrameProvider - AprilTag1] [ERROR] Error grabbing image: timed out getting frame
[2025-09-27 20:26:04] [General - KernelLogLogger] [DEBUG] 2025-09-27T20:26:04.489053-06:00 photonvision kernel: usb 5-1: Failed to query (GET_MAX) UVC control 8 on unit 2: -71 (exp. 2).
[2025-09-27 20:26:04] [General - KernelLogLogger] [DEBUG] 2025-09-27T20:26:04.502398-06:00 photonvision kernel: usb 5-1: Failed to query (GET_CUR) UVC control 2 on unit 2: -71 (exp. 2).
[2025-09-27 20:26:04] [General - KernelLogLogger] [DEBUG] 2025-09-27T20:26:04.509059-06:00 photonvision kernel: usb 5-1: Failed to query (GET_DEF) UVC control 8 on unit 2: -71 (exp. 2).
[2025-09-27 20:26:04] [General - KernelLogLogger] [DEBUG] 2025-09-27T20:26:04.516411-06:00 photonvision kernel: usb usb5-port1: disabled by hub (EMI?), re-enabling...
[2025-09-27 20:26:04] [General - KernelLogLogger] [DEBUG] 2025-09-27T20:26:04.516435-06:00 photonvision kernel: usb 5-1: USB disconnect, device number 24
[2025-09-27 20:26:04] [General - KernelLogLogger] [DEBUG] 2025-09-27T20:26:04.859113-06:00 photonvision kernel: usb 5-1: new high-speed USB device number 25 using ehci-platform
[2025-09-27 20:26:04] [General - KernelLogLogger] [DEBUG] _@g¬x1^@ԠØyø\@R!ZF÷òZ@4dƮÒØX@¾c¶~0W@ÝW3ò
[2025-09-27 20:26:05] [Camera - USBFrameProvider - AprilTag1] [ERROR] Error grabbing image: timed out getting frame
[2025-09-27 20:26:05] [CSCore - PvCSCoreLogger] [INFO] AprilTag1: Attempting to connect to USB camera on /dev/v4l/by-path/platform-fc880000.usb-usb-0:1:1.0-video-index0
[2025-09-27 20:26:05] [CSCore - PvCSCoreLogger] [DEBUG] CS: DEBUG 7: AprilTag1: opening device (UsbCameraImpl.cpp:651)
[2025-09-27 20:26:05] [CSCore - PvCSCoreLogger] [INFO] AprilTag1: Attempting to connect to USB camera on /dev/v4l/by-path/platform-fc880000.usb-usb-0:1:1.0-video-index0
[2025-09-27 20:26:05] [CSCore - PvCSCoreLogger] [DEBUG] CS: DEBUG 7: AprilTag1: opening device (UsbCameraImpl.cpp:651)
[2025-09-27 20:26:05] [CSCore - PvCSCoreLogger] [INFO] AprilTag1: Attempting to connect to USB camera on /dev/v4l/by-path/platform-fc880000.usb-usb-0:1:1.0-video-index0
[2025-09-27 20:26:05] [CSCore - PvCSCoreLogger] [DEBUG] CS: DEBUG 7: AprilTag1: opening device (UsbCameraImpl.cpp:651)
[2025-09-27 20:26:05] [CSCore - PvCSCoreLogger] [INFO] AprilTag1: Connected to USB camera on /dev/v4l/by-path/platform-fc880000.usb-usb-0:1:1.0-video-index0
[2025-09-27 20:26:05] [CSCore - PvCSCoreLogger] [DEBUG] CS: DEBUG 7: AprilTag1: getting capabilities (UsbCameraImpl.cpp:663)
[2025-09-27 20:26:05] [CSCore - PvCSCoreLogger] [DEBUG] CS: DEBUG 7: AprilTag1: restoring video mode (UsbCameraImpl.cpp:681)
[2025-09-27 20:26:05] [CSCore - PvCSCoreLogger] [INFO] AprilTag1: set format 1 res 320x240
[2025-09-27 20:26:05] [CSCore - PvCSCoreLogger] [INFO] AprilTag1: set FPS to 100
[2025-09-27 20:26:05] [CSCore - PvCSCoreLogger] [DEBUG] CS: DEBUG 7: AprilTag1: restoring settings (UsbCameraImpl.cpp:686)
[2025-09-27 20:26:05] [Camera - USBFrameProvider - AprilTag1] [ERROR] Error grabbing image: timed out getting frame
[2025-09-27 20:26:05] [Camera - USBFrameProvider - AprilTag1] [ERROR] Error grabbing image: timed out getting frame
[2025-09-27 20:26:05] [Camera - USBFrameProvider - AprilTag1] [ERROR] Error grabbing image: timed out getting frame
[2025-09-27 20:26:05] [General - KernelLogLogger] [DEBUG] 2025-09-27T20:26:05.022452-06:00 photonvision kernel: usb 5-1: New USB device found, idVendor=0c45, idProduct=6366, bcdDevice= 1.00
[2025-09-27 20:26:05] [General - KernelLogLogger] [DEBUG] 2025-09-27T20:26:05.022678-06:00 photonvision kernel: usb 5-1: New USB device strings: Mfr=2, Product=1, SerialNumber=3
[2025-09-27 20:26:05] [General - KernelLogLogger] [DEBUG] 2025-09-27T20:26:05.022683-06:00 photonvision kernel: usb 5-1: Product: AprilTag1
[2025-09-27 20:26:05] [General - KernelLogLogger] [DEBUG] 2025-09-27T20:26:05.022686-06:00 photonvision kernel: usb 5-1: Manufacturer: Arducam Technology Co., Ltd.
[2025-09-27 20:26:05] [General - KernelLogLogger] [DEBUG] 2025-09-27T20:26:05.022690-06:00 photonvision kernel: usb 5-1: SerialNumber: 0001
[2025-09-27 20:26:05] [General - KernelLogLogger] [DEBUG] 2025-09-27T20:26:05.025776-06:00 photonvision kernel: usb 5-1: Found UVC 1.00 device AprilTag1 (0c45:6366)
[2025-09-27 20:26:05] [General - KernelLogLogger] [DEBUG] 2025-09-27T20:26:05.052499-06:00 photonvision kernel: input: AprilTag1: AprilTag1 as /devices/platform/fc880000.usb/usb5/5-1/5-1:1.0/input/input38
[2025-09-27 20:26:05] [General - KernelLogLogger] [DEBUG]  device found, idVendor=0c45, idProduct=6366, bcdDevice= 1.00
[2025-09-27 20:26:05] [General - KernelLogLogger] [DEBUG] 2025-09-27T20:25:30.592742-06:00 photonvision kernel: usb 5-1: New USB device strings: Mfr=2, Product=1, SerialNumber=3
[2025-09-27 20:26:05] [General - KernelLogLogger] [DEBUG] 2025-09-27T20:25:30.592746-06:00 photonvision kernel: usb 5-1: Product: AprilTag1
[2025-09-27 20:26:05] [General - KernelLogLogger] [DEBUG] 2025-09-
[2025-09-27 20:26:06] [Camera - USBFrameProvider - AprilTag1] [ERROR] Error grabbing image: timed out getting frame
[2025-09-27 20:26:06] [CSCore - PvCSCoreLogger] [DEBUG] CS: DEBUG 7: AprilTag1: allocating buffers (UsbCameraImpl.cpp:701)
[2025-09-27 20:26:06] [CSCore - PvCSCoreLogger] [DEBUG] CS: DEBUG 7: AprilTag1: mapping buffers (UsbCameraImpl.cpp:715)
[2025-09-27 20:26:06] [CSCore - PvCSCoreLogger] [DEBUG] CS: DEBUG 7: AprilTag1: queuing buffers (UsbCameraImpl.cpp:765)
[2025-09-27 20:26:06] [CSCore - PvCSCoreLogger] [ERROR] CS: ERROR 40: AprilTag1: ioctl VIDIOC_STREAMON failed: Protocol error (UsbCameraImpl.cpp:789)
[2025-09-27 20:26:06] [CSCore - PvCSCoreLogger] [INFO] AprilTag1: Attempting to connect to USB camera on /dev/v4l/by-path/platform-fc880000.usb-usb-0:1:1.0-video-index0
[2025-09-27 20:26:06] [CSCore - PvCSCoreLogger] [DEBUG] CS: DEBUG 7: AprilTag1: opening device (UsbCameraImpl.cpp:651)
[2025-09-27 20:26:06] [CSCore - PvCSCoreLogger] [INFO] AprilTag1: Attempting to connect to USB camera on /dev/v4l/by-path/platform-fc880000.usb-usb-0:1:1.0-video-index0
[2025-09-27 20:26:06] [CSCore - PvCSCoreLogger] [DEBUG] CS: DEBUG 7: AprilTag1: opening device (UsbCameraImpl.cpp:651)
[2025-09-27 20:26:06] [Camera - USBFrameProvider - AprilTag1] [ERROR] Error grabbing image: timed out getting frame
[2025-09-27 20:26:06] [Camera - USBFrameProvider - AprilTag1] [ERROR] Error grabbing image: timed out getting frame
[2025-09-27 20:26:06] [General - KernelLogLogger] [DEBUG] 2025-09-27T20:26:06.359193-06:00 photonvision kernel: usb 5-1: Failed to query (GET_CUR) UVC control 9 on unit 2: -71 (exp. 2).
[2025-09-27 20:26:06] [General - KernelLogLogger] [DEBUG] 2025-09-27T20:26:06.369191-06:00 photonvision kernel: usb usb5-port1: disabled by hub (EMI?), re-enabling...
[2025-09-27 20:26:06] [General - KernelLogLogger] [DEBUG] 2025-09-27T20:26:06.369230-06:00 photonvision kernel: usb 5-1: USB disconnect, device number 25
[2025-09-27 20:26:06] [General - KernelLogLogger] [DEBUG] 2025-09-27T20:26:06.702422-06:00 photonvision kernel: usb 5-1: new high-speed USB device number 26 using ehci-platform
[2025-09-27 20:26:06] [General - KernelLogLogger] [DEBUG] 2025-09-27T20:26:06.862952-06:00 photonvision kernel: usb 5-1: New USB device found, idVendor=0c45, idProduct=6366, bcdDevice= 1.00
[2025-09-27 20:26:06] [General - KernelLogLogger] [DEBUG] 2025-09-27T20:26:06.862998-06:00 photonvision kernel: usb 5-1: New USB device strings: Mfr=2, Product=1, SerialNumber=3
[2025-09-27 20:26:06] [General - KernelLogLogger] [DEBUG] 2025-09-27T20:26:06.863002-06:00 photonvision kernel: usb 5-1: Product: AprilTag1
[2025-09-27 20:26:06] [General - KernelLogLogger] [DEBUG] 2025-09-27T20:26:06.863005-06:00 photonvision kernel: usb 5-1: Manufacturer: Arducam Technology Co., Ltd.
[2025-09-27 20:26:06] [General - KernelLogLogger] [DEBUG] 2025-09-27T20:26:06.863009-06:00 photonvision kernel: usb 5-1: SerialNumber: 0001
[2025-09-27 20:26:06] [General - KernelLogLogger] [DEBUG] ÿ
[2025-09-27 20:26:06] [CSCore - PvCSCoreLogger] [INFO] AprilTag1: Attempting to connect to USB camera on /dev/v4l/by-path/platform-fc880000.usb-usb-0:1:1.0-video-index0
[2025-09-27 20:26:06] [CSCore - PvCSCoreLogger] [DEBUG] CS: DEBUG 7: AprilTag1: opening device (UsbCameraImpl.cpp:651)
[2025-09-27 20:26:06] [CSCore - PvCSCoreLogger] [INFO] AprilTag1: Attempting to connect to USB camera on /dev/v4l/by-path/platform-fc880000.usb-usb-0:1:1.0-video-index0
[2025-09-27 20:26:06] [CSCore - PvCSCoreLogger] [DEBUG] CS: DEBUG 7: AprilTag1: opening device (UsbCameraImpl.cpp:651)
[2025-09-27 20:26:06] [CSCore - PvCSCoreLogger] [INFO] AprilTag1: Attempting to connect to USB camera on /dev/v4l/by-path/platform-fc880000.usb-usb-0:1:1.0-video-index0
[2025-09-27 20:26:06] [CSCore - PvCSCoreLogger] [DEBUG] CS: DEBUG 7: AprilTag1: opening device (UsbCameraImpl.cpp:651)
[2025-09-27 20:26:06] [CSCore - PvCSCoreLogger] [INFO] AprilTag1: Attempting to connect to USB camera on /dev/v4l/by-path/platform-fc880000.usb-usb-0:1:1.0-video-index0
[2025-09-27 20:26:06] [CSCore - PvCSCoreLogger] [DEBUG] CS: DEBUG 7: AprilTag1: opening device (UsbCameraImpl.cpp:651)
[2025-09-27 20:26:06] [CSCore - PvCSCoreLogger] [INFO] AprilTag1: Connected to USB camera on /dev/v4l/by-path/platform-fc880000.usb-usb-0:1:1.0-video-index0
[2025-09-27 20:26:06] [CSCore - PvCSCoreLogger] [DEBUG] CS: DEBUG 7: AprilTag1: getting capabilities (UsbCameraImpl.cpp:663)
[2025-09-27 20:26:06] [CSCore - PvCSCoreLogger] [DEBUG] CS: DEBUG 7: AprilTag1: restoring video mode (UsbCameraImpl.cpp:681)
[2025-09-27 20:26:06] [Camera - USBFrameProvider - AprilTag1] [ERROR] Error grabbing image: timed out getting frame
[2025-09-27 20:26:06] [CSCore - PvCSCoreLogger] [INFO] AprilTag1: set format 1 res 320x240
[2025-09-27 20:26:06] [CSCore - PvCSCoreLogger] [INFO] AprilTag1: set FPS to 100
[2025-09-27 20:26:06] [CSCore - PvCSCoreLogger] [DEBUG] CS: DEBUG 7: AprilTag1: restoring settings (UsbCameraImpl.cpp:686)
[2025-09-27 20:26:07] [Camera - USBFrameProvider - AprilTag1] [ERROR] Error grabbing image: timed out getting frame
[2025-09-27 20:26:07] [Camera - USBFrameProvider - AprilTag1] [ERROR] Error grabbing image: timed out getting frame
[2025-09-27 20:26:07] [Camera - USBFrameProvider - AprilTag1] [ERROR] Error grabbing image: timed out getting frame
[2025-09-27 20:26:07] [General - KernelLogLogger] [DEBUG] 2025-09-27T20:26:06.869416-06:00 photonvision kernel: usb 5-1: Found UVC 1.00 device AprilTag1 (0c45:6366)
[2025-09-27 20:26:07] [General - KernelLogLogger] [DEBUG] 2025-09-27T20:26:06.895739-06:00 photonvision kernel: input: AprilTag1: AprilTag1 as /devices/platform/fc880000.usb/usb5/5-1/5-1:1.0/input/input39
[2025-09-27 20:26:08] [Camera - USBFrameProvider - AprilTag1] [ERROR] Error grabbing image: timed out getting frame
[2025-09-27 20:26:08] [CSCore - PvCSCoreLogger] [DEBUG] CS: DEBUG 7: AprilTag1: allocating buffers (UsbCameraImpl.cpp:701)
[2025-09-27 20:26:08] [CSCore - PvCSCoreLogger] [DEBUG] CS: DEBUG 7: AprilTag1: mapping buffers (UsbCameraImpl.cpp:715)
[2025-09-27 20:26:08] [CSCore - PvCSCoreLogger] [DEBUG] CS: DEBUG 7: AprilTag1: queuing buffers (UsbCameraImpl.cpp:765)
[2025-09-27 20:26:08] [CSCore - PvCSCoreLogger] [ERROR] CS: ERROR 40: AprilTag1: ioctl VIDIOC_STREAMON failed: Protocol error (UsbCameraImpl.cpp:789)
[2025-09-27 20:26:08] [CSCore - PvCSCoreLogger] [INFO] AprilTag1: Attempting to connect to USB camera on /dev/v4l/by-path/platform-fc880000.usb-usb-0:1:1.0-video-index0
[2025-09-27 20:26:08] [CSCore - PvCSCoreLogger] [DEBUG] CS: DEBUG 7: AprilTag1: opening device (UsbCameraImpl.cpp:651)
[2025-09-27 20:26:08] [CSCore - PvCSCoreLogger] [INFO] AprilTag1: Attempting to connect to USB camera on /dev/v4l/by-path/platform-fc880000.usb-usb-0:1:1.0-video-index0
[2025-09-27 20:26:08] [CSCore - PvCSCoreLogger] [DEBUG] CS: DEBUG 7: AprilTag1: opening device (UsbCameraImpl.cpp:651)
[2025-09-27 20:26:08] [Camera - USBFrameProvider - AprilTag1] [ERROR] Error grabbing image: timed out getting frame
[2025-09-27 20:26:08] [Camera - USBFrameProvider - AprilTag1] [ERROR] Error grabbing image: timed out getting frame
[2025-09-27 20:26:08] [CSCore - PvCSCoreLogger] [INFO] AprilTag1: Attempting to connect to USB camera on /dev/v4l/by-path/platform-fc880000.usb-usb-0:1:1.0-video-index0
[2025-09-27 20:26:08] [CSCore - PvCSCoreLogger] [DEBUG] CS: DEBUG 7: AprilTag1: opening device (UsbCameraImpl.cpp:651)
[2025-09-27 20:26:08] [CSCore - PvCSCoreLogger] [INFO] AprilTag1: Attempting to connect to USB camera on /dev/v4l/by-path/platform-fc880000.usb-usb-0:1:1.0-video-index0
[2025-09-27 20:26:08] [CSCore - PvCSCoreLogger] [DEBUG] CS: DEBUG 7: AprilTag1: opening device (UsbCameraImpl.cpp:651)
[2025-09-27 20:26:08] [CSCore - PvCSCoreLogger] [INFO] AprilTag1: Connected to USB camera on /dev/v4l/by-path/platform-fc880000.usb-usb-0:1:1.0-video-index0
[2025-09-27 20:26:08] [CSCore - PvCSCoreLogger] [DEBUG] CS: DEBUG 7: AprilTag1: getting capabilities (UsbCameraImpl.cpp:663)
[2025-09-27 20:26:08] [CSCore - PvCSCoreLogger] [DEBUG] CS: DEBUG 7: AprilTag1: restoring video mode (UsbCameraImpl.cpp:681)
[2025-09-27 20:26:08] [CSCore - PvCSCoreLogger] [INFO] AprilTag1: set format 1 res 320x240
[2025-09-27 20:26:08] [CSCore - PvCSCoreLogger] [INFO] AprilTag1: set FPS to 100
[2025-09-27 20:26:08] [CSCore - PvCSCoreLogger] [DEBUG] CS: DEBUG 7: AprilTag1: restoring settings (UsbCameraImpl.cpp:686)
[2025-09-27 20:26:08] [Camera - USBFrameProvider - AprilTag1] [ERROR] Error grabbing image: timed out getting frame
[2025-09-27 20:26:08] [General - KernelLogLogger] [DEBUG] 2025-09-27T20:26:08.195739-06:00 photonvision kernel: usb 5-1: Failed to query (GET_MAX) UVC control 8 on unit 2: -71 (exp. 2).
[2025-09-27 20:26:08] [General - KernelLogLogger] [DEBUG] 2025-09-27T20:26:08.205789-06:00 photonvision kernel: usb 5-1: Failed to query (GET_CUR) UVC control 2 on unit 2: -71 (exp. 2).
[2025-09-27 20:26:08] [General - KernelLogLogger] [DEBUG] 2025-09-27T20:26:08.216357-06:00 photonvision kernel: usb 5-1: Failed to query (GET_DEF) UVC control 8 on unit 2: -71 (exp. 2).
[2025-09-27 20:26:08] [General - KernelLogLogger] [DEBUG] 2025-09-27T20:26:08.216383-06:00 photonvision kernel: usb usb5-port1: disabled by hub (EMI?), re-enabling...
[2025-09-27 20:26:08] [General - KernelLogLogger] [DEBUG] 2025-09-27T20:26:08.216385-06:00 photonvision kernel: usb 5-1: USB disconnect, device number 26
[2025-09-27 20:26:08] [General - KernelLogLogger] [DEBUG] 2025-09-27T20:26:08.555800-06:00 photonvision kernel: usb 5-1: new high-speed USB device number 27 using ehci-platform
[2025-09-27 20:26:08] [General - KernelLogLogger] [DEBUG] 2025-09-27T20:26:08.719080-06:00 photonvision kernel: usb 5-1: New USB device found, idVendor=0c45, idProduct=6366, bcdDevice= 1.00
[2025-09-27 20:26:08] [General - KernelLogLogger] [DEBUG] 2025-09-27T20:26:08.719126-06:00 photonvision kernel: usb 5-1: New USB device strings: Mfr=2, Product=1, SerialNumber=3
[2025-09-27 20:26:08] [General - KernelLogLogger] [DEBUG] 2025-09-27T20:26:08.719130-06:00 photonvision kernel: usb 5-1: Product: AprilTag1
[2025-09-27 20:26:08] [General - KernelLogLogger] [DEBUG] 2025-09-27T20:26:08.719135-06:00 photonvision kernel: usb 5-1: Manufacturer: Arducam Technology Co., Ltd.
[2025-09-27 20:26:08] [General - KernelLogLogger] [DEBUG] 2025-09-27T20:26:08.719141-06:00 photonvision kernel: usb 5-1: SerialNumber: 0001
[2025-09-27 20:26:08] [General - KernelLogLogger] [DEBUG] 2025-09-27T20:26:08.725841-06:00 photonvision kernel: usb 5-1: Found UVC 1.00 device AprilTag1 (0c45:6366)
[2025-09-27 20:26:08] [General - KernelLogLogger] [DEBUG] 2025-09-27T20:26:08.756000-06:00 photonvision kernel: input: AprilTag1: AprilTag1 as /devices/platform/fc880000.usb/usb5/5-1/5-1:1.0/input/input40
[2025-09-27 20:26:08] [General - KernelLogLogger] [DEBUG] sion kernel: dwhdmi-rockchip fde80000.hdmi: ddc read failed offset:0x1
[2025-09-27 20:26:08] [General - KernelLogLogger] [DEBUG] 2025-09-27T20:25:18.609057-06:00 photonvision kernel: dwhdmi-rockchip fde80000.hdmi: i2c read time out!
[2025-09-27 20:26:08] [General - KernelLogLogger] [DEBUG] 
[2025-09-27 20:26:09] [Camera - USBFrameProvider - AprilTag1] [ERROR] Error grabbing image: timed out getting frame
[2025-09-27 20:26:09] [Camera - USBFrameProvider - AprilTag1] [ERROR] Error grabbing image: timed out getting frame
[2025-09-27 20:26:09] [Camera - USBFrameProvider - AprilTag1] [ERROR] Error grabbing image: timed out getting frame
[2025-09-27 20:26:09] [CSCore - PvCSCoreLogger] [DEBUG] CS: DEBUG 7: AprilTag1: allocating buffers (UsbCameraImpl.cpp:701)
[2025-09-27 20:26:09] [CSCore - PvCSCoreLogger] [DEBUG] CS: DEBUG 7: AprilTag1: mapping buffers (UsbCameraImpl.cpp:715)
[2025-09-27 20:26:09] [CSCore - PvCSCoreLogger] [DEBUG] CS: DEBUG 7: AprilTag1: queuing buffers (UsbCameraImpl.cpp:765)
[2025-09-27 20:26:09] [Camera - USBFrameProvider - AprilTag1] [ERROR] Error grabbing image: timed out getting frame
[2025-09-27 20:26:10] [CSCore - PvCSCoreLogger] [ERROR] CS: ERROR 40: AprilTag1: ioctl VIDIOC_STREAMON failed: Protocol error (UsbCameraImpl.cpp:789)
[2025-09-27 20:26:10] [CSCore - PvCSCoreLogger] [DEBUG] CS: DEBUG 7: AprilTag1: queuing buffers (UsbCameraImpl.cpp:765)
[2025-09-27 20:26:10] [CSCore - PvCSCoreLogger] [ERROR] CS: ERROR 40: ioctl VIDIOC_QBUF failed at UsbCameraImpl.cpp:772: Invalid argument (UsbUtil.cpp:157)
[2025-09-27 20:26:10] [CSCore - PvCSCoreLogger] [WARN] CS: WARNING 30: AprilTag1: could not queue buffer 0 (UsbCameraImpl.cpp:773)
[2025-09-27 20:26:10] [CSCore - PvCSCoreLogger] [INFO] AprilTag1: Attempting to connect to USB camera on /dev/v4l/by-path/platform-fc880000.usb-usb-0:1:1.0-video-index0
[2025-09-27 20:26:10] [CSCore - PvCSCoreLogger] [DEBUG] CS: DEBUG 7: AprilTag1: opening device (UsbCameraImpl.cpp:651)
[2025-09-27 20:26:10] [CSCore - PvCSCoreLogger] [INFO] AprilTag1: Attempting to connect to USB camera on /dev/v4l/by-path/platform-fc880000.usb-usb-0:1:1.0-video-index0
[2025-09-27 20:26:10] [CSCore - PvCSCoreLogger] [DEBUG] CS: DEBUG 7: AprilTag1: opening device (UsbCameraImpl.cpp:651)
[2025-09-27 20:26:10] [Camera - USBFrameProvider - AprilTag1] [ERROR] Error grabbing image: timed out getting frame
[2025-09-27 20:26:10] [Camera - USBFrameProvider - AprilTag1] [ERROR] Error grabbing image: timed out getting frame
[2025-09-27 20:26:10] [CSCore - PvCSCoreLogger] [INFO] AprilTag1: Attempting to connect to USB camera on /dev/v4l/by-path/platform-fc880000.usb-usb-0:1:1.0-video-index0
[2025-09-27 20:26:10] [CSCore - PvCSCoreLogger] [DEBUG] CS: DEBUG 7: AprilTag1: opening device (UsbCameraImpl.cpp:651)
[2025-09-27 20:26:10] [CSCore - PvCSCoreLogger] [INFO] AprilTag1: Attempting to connect to USB camera on /dev/v4l/by-path/platform-fc880000.usb-usb-0:1:1.0-video-index0
[2025-09-27 20:26:10] [CSCore - PvCSCoreLogger] [DEBUG] CS: DEBUG 7: AprilTag1: opening device (UsbCameraImpl.cpp:651)
[2025-09-27 20:26:10] [CSCore - PvCSCoreLogger] [INFO] AprilTag1: Connected to USB camera on /dev/v4l/by-path/platform-fc880000.usb-usb-0:1:1.0-video-index0
[2025-09-27 20:26:10] [CSCore - PvCSCoreLogger] [DEBUG] CS: DEBUG 7: AprilTag1: getting capabilities (UsbCameraImpl.cpp:663)
[2025-09-27 20:26:10] [CSCore - PvCSCoreLogger] [DEBUG] CS: DEBUG 7: AprilTag1: restoring video mode (UsbCameraImpl.cpp:681)
[2025-09-27 20:26:10] [CSCore - PvCSCoreLogger] [INFO] AprilTag1: set format 1 res 320x240
[2025-09-27 20:26:10] [CSCore - PvCSCoreLogger] [INFO] AprilTag1: set FPS to 100
[2025-09-27 20:26:10] [CSCore - PvCSCoreLogger] [DEBUG] CS: DEBUG 7: AprilTag1: restoring settings (UsbCameraImpl.cpp:686)
[2025-09-27 20:26:10] [Camera - USBFrameProvider - AprilTag1] [ERROR] Error grabbing image: timed out getting frame
[2025-09-27 20:26:10] [General - KernelLogLogger] [DEBUG] 2025-09-27T20:26:10.035745-06:00 photonvision kernel: usb 5-1: Failed to query (GET_CUR) UVC control 7 on unit 2: -71 (exp. 2).
[2025-09-27 20:26:10] [General - KernelLogLogger] [DEBUG] 2025-09-27T20:26:10.049125-06:00 photonvision kernel: usb usb5-port1: disabled by hub (EMI?), re-enabling...
[2025-09-27 20:26:10] [General - KernelLogLogger] [DEBUG] 2025-09-27T20:26:10.049175-06:00 photonvision kernel: usb 5-1: USB disconnect, device number 27
[2025-09-27 20:26:10] [General - KernelLogLogger] [DEBUG] 2025-09-27T20:26:10.375754-06:00 photonvision kernel: usb 5-1: new high-speed USB device number 28 using ehci-platform
[2025-09-27 20:26:10] [General - KernelLogLogger] [DEBUG] 2025-09-27T20:26:10.535766-06:00 photonvision kernel: usb 5-1: New USB device found, idVendor=0c45, idProduct=6366, bcdDevice= 1.00
[2025-09-27 20:26:10] [General - KernelLogLogger] [DEBUG] 2025-09-27T20:26:10.535818-06:00 photonvision kernel: usb 5-1: New USB device strings: Mfr=2, Product=1, SerialNumber=3
[2025-09-27 20:26:10] [General - KernelLogLogger] [DEBUG] 2025-09-27T20:26:10.535842-06:00 photonvision kernel: usb 5-1: Product: AprilTag1
[2025-09-27 20:26:10] [General - KernelLogLogger] [DEBUG] 2025-09-27T20:26:10.535845-06:00 photonvision kernel: usb 5-1: Manufacturer: Arducam Technology Co., Ltd.
[2025-09-27 20:26:10] [General - KernelLogLogger] [DEBUG] 2025-09-27T20:26:10.535849-06:00 photonvision kernel: usb 5-1: SerialNumber: 0001
[2025-09-27 20:26:10] [General - KernelLogLogger] [DEBUG] 2025-09-27T20:26:10.541260-06:00 photonvision kernel: usb 5-1: Found UVC 1.00 device AprilTag1 (0c45:6366)
[2025-09-27 20:26:10] [General - KernelLogLogger] [DEBUG] 2025-09-27T20:26:10.572393-06:00 photonvision kernel: input: AprilTag1: AprilTag1 as /devices/platform/fc880000.usb/usb5/5-1/5-1:1.0/input/input41
[2025-09-27 20:26:10] [General - KernelLogLogger] [DEBUG] e80000.hdmi: i2c read time out!
[2025-09-27 20:26:10] [General - KernelLogLogger] [DEBUG]  :@:zÁã	8@IڊØ-6@ Y°ã#ß4@FàäÄå4@-,¹G3@£++¿Ò2@®¼Ԟ2@%:¦{2@	ó]H2@JQô1@®ª´=Wz1@GrÒ0@˞0@Ô^g5Ö%/@Ö±¦.@«¬eM.@´xæEò-@ǰØÅÉÌ-@I]ú-@WKþ1X.@¯Ëïù.@֯±{/@æҥ«Èß/@X)Gü`a0@eøÕ0@£"ãÐ1@5ÛiÌ1@#t|³[2@6îoâZA3@ð	Â4@ßAÔiÆ4@¬dÞÏ!5@w·ÔU5@. Ø3ø®4@ô!hí3@&±mE2@Dû-úÞ-@s2UɸÄ"@î%7à @HN¼àôä?é3âg¨?¸J?ÇêZBx?Ø0}õxó>?BÊÏK*î>fÏû5tð¾gcüyï¾ÚJ8F?ة?F鉝ý	?¯Wç«ÿ?p+ÙàÓð>FzÌ:å>ȗJ;ý>.aHfµ?dÌSÇ?"±« ?ñ«ɸ
[2025-09-27 20:26:11] [Camera - USBFrameProvider - AprilTag1] [ERROR] Error grabbing image: timed out getting frame
[2025-09-27 20:26:11] [Camera - USBFrameProvider - AprilTag1] [ERROR] Error grabbing image: timed out getting frame
[2025-09-27 20:26:11] [Camera - USBFrameProvider - AprilTag1] [ERROR] Error grabbing image: timed out getting frame
[2025-09-27 20:26:11] [CSCore - PvCSCoreLogger] [DEBUG] CS: DEBUG 7: AprilTag1: allocating buffers (UsbCameraImpl.cpp:701)
[2025-09-27 20:26:11] [CSCore - PvCSCoreLogger] [DEBUG] CS: DEBUG 7: AprilTag1: mapping buffers (UsbCameraImpl.cpp:715)
[2025-09-27 20:26:11] [CSCore - PvCSCoreLogger] [DEBUG] CS: DEBUG 7: AprilTag1: queuing buffers (UsbCameraImpl.cpp:765)
[2025-09-27 20:26:11] [Camera - USBFrameProvider - AprilTag1] [ERROR] Error grabbing image: timed out getting frame
[2025-09-27 20:26:11] [CSCore - PvCSCoreLogger] [ERROR] CS: ERROR 40: AprilTag1: ioctl VIDIOC_STREAMON failed: Protocol error (UsbCameraImpl.cpp:789)
[2025-09-27 20:26:11] [CSCore - PvCSCoreLogger] [DEBUG] CS: DEBUG 7: AprilTag1: queuing buffers (UsbCameraImpl.cpp:765)
[2025-09-27 20:26:11] [CSCore - PvCSCoreLogger] [ERROR] CS: ERROR 40: ioctl VIDIOC_QBUF failed at UsbCameraImpl.cpp:772: Invalid argument (UsbUtil.cpp:157)
[2025-09-27 20:26:11] [CSCore - PvCSCoreLogger] [WARN] CS: WARNING 30: AprilTag1: could not queue buffer 0 (UsbCameraImpl.cpp:773)
[2025-09-27 20:26:11] [CSCore - PvCSCoreLogger] [INFO] AprilTag1: Attempting to connect to USB camera on /dev/v4l/by-path/platform-fc880000.usb-usb-0:1:1.0-video-index0
[2025-09-27 20:26:11] [CSCore - PvCSCoreLogger] [DEBUG] CS: DEBUG 7: AprilTag1: opening device (UsbCameraImpl.cpp:651)
[2025-09-27 20:26:11] [CSCore - PvCSCoreLogger] [INFO] AprilTag1: Attempting to connect to USB camera on /dev/v4l/by-path/platform-fc880000.usb-usb-0:1:1.0-video-index0
[2025-09-27 20:26:11] [CSCore - PvCSCoreLogger] [DEBUG] CS: DEBUG 7: AprilTag1: opening device (UsbCameraImpl.cpp:651)
[2025-09-27 20:26:11] [General - KernelLogLogger] [DEBUG] 2025-09-27T20:26:11.869075-06:00 photonvision kernel: usb 5-1: Failed to query (GET_CUR) UVC control 3 on unit 2: -71 (exp. 2).
[2025-09-27 20:26:12] [Camera - USBFrameProvider - AprilTag1] [ERROR] Error grabbing image: timed out getting frame
[2025-09-27 20:26:12] [Camera - USBFrameProvider - AprilTag1] [ERROR] Error grabbing image: timed out getting frame
[2025-09-27 20:26:12] [CSCore - PvCSCoreLogger] [INFO] AprilTag1: Attempting to connect to USB camera on /dev/v4l/by-path/platform-fc880000.usb-usb-0:1:1.0-video-index0
[2025-09-27 20:26:12] [CSCore - PvCSCoreLogger] [DEBUG] CS: DEBUG 7: AprilTag1: opening device (UsbCameraImpl.cpp:651)
[2025-09-27 20:26:12] [CSCore - PvCSCoreLogger] [INFO] AprilTag1: Connected to USB camera on /dev/v4l/by-path/platform-fc880000.usb-usb-0:1:1.0-video-index0
[2025-09-27 20:26:12] [CSCore - PvCSCoreLogger] [DEBUG] CS: DEBUG 7: AprilTag1: getting capabilities (UsbCameraImpl.cpp:663)
[2025-09-27 20:26:12] [CSCore - PvCSCoreLogger] [DEBUG] CS: DEBUG 7: AprilTag1: restoring video mode (UsbCameraImpl.cpp:681)
[2025-09-27 20:26:12] [CSCore - PvCSCoreLogger] [INFO] AprilTag1: set format 1 res 320x240
[2025-09-27 20:26:12] [CSCore - PvCSCoreLogger] [INFO] AprilTag1: set FPS to 100
[2025-09-27 20:26:12] [CSCore - PvCSCoreLogger] [DEBUG] CS: DEBUG 7: AprilTag1: restoring settings (UsbCameraImpl.cpp:686)
[2025-09-27 20:26:12] [Camera - USBFrameProvider - AprilTag1] [ERROR] Error grabbing image: timed out getting frame
[2025-09-27 20:26:12] [General - KernelLogLogger] [DEBUG] 2025-09-27T20:26:11.882420-06:00 photonvision kernel: usb usb5-port1: disabled by hub (EMI?), re-enabling...
[2025-09-27 20:26:12] [General - KernelLogLogger] [DEBUG] 2025-09-27T20:26:11.882456-06:00 photonvision kernel: usb 5-1: USB disconnect, device number 28
[2025-09-27 20:26:12] [General - KernelLogLogger] [DEBUG] 2025-09-27T20:26:12.235752-06:00 photonvision kernel: usb 5-1: new high-speed USB device number 29 using ehci-platform
[2025-09-27 20:26:12] [General - KernelLogLogger] [DEBUG] 2025-09-27T20:26:12.395752-06:00 photonvision kernel: usb 5-1: New USB device found, idVendor=0c45, idProduct=6366, bcdDevice= 1.00
[2025-09-27 20:26:12] [General - KernelLogLogger] [DEBUG] 2025-09-27T20:26:12.395783-06:00 photonvision kernel: usb 5-1: New USB device strings: Mfr=2, Product=1, SerialNumber=3
[2025-09-27 20:26:12] [General - KernelLogLogger] [DEBUG] 2025-09-27T20:26:12.395785-06:00 photonvision kernel: usb 5-1: Product: AprilTag1
[2025-09-27 20:26:12] [General - KernelLogLogger] [DEBUG] 2025-09-27T20:26:12.395786-06:00 photonvision kernel: usb 5-1: Manufacturer: Arducam Technology Co., Ltd.
[2025-09-27 20:26:12] [General - KernelLogLogger] [DEBUG] 2025-09-27T20:26:12.395789-06:00 photonvision kernel: usb 5-1: SerialNumber: 0001
[2025-09-27 20:26:12] [General - KernelLogLogger] [DEBUG] 2025-09-27T20:26:12.405820-06:00 photonvision kernel: usb 5-1: Found UVC 1.00 device AprilTag1 (0c45:6366)
[2025-09-27 20:26:12] [General - KernelLogLogger] [DEBUG] 2025-09-27T20:26:12.432407-06:00 photonvision kernel: input: AprilTag1: AprilTag1 as /devices/platform/fc880000.usb/usb5/5-1/5-1:1.0/input/input42
[2025-09-27 20:26:12] [Camera - USBFrameProvider - AprilTag1] [ERROR] Error grabbing image: timed out getting frame
[2025-09-27 20:26:13] [Camera - USBFrameProvider - AprilTag1] [ERROR] Error grabbing image: timed out getting frame
[2025-09-27 20:26:13] [Camera - USBFrameProvider - AprilTag1] [ERROR] Error grabbing image: timed out getting frame
[2025-09-27 20:26:13] [CSCore - PvCSCoreLogger] [DEBUG] CS: DEBUG 7: AprilTag1: allocating buffers (UsbCameraImpl.cpp:701)
[2025-09-27 20:26:13] [CSCore - PvCSCoreLogger] [DEBUG] CS: DEBUG 7: AprilTag1: mapping buffers (UsbCameraImpl.cpp:715)
[2025-09-27 20:26:13] [CSCore - PvCSCoreLogger] [DEBUG] CS: DEBUG 7: AprilTag1: queuing buffers (UsbCameraImpl.cpp:765)
[2025-09-27 20:26:13] [CSCore - PvCSCoreLogger] [ERROR] CS: ERROR 40: AprilTag1: ioctl VIDIOC_STREAMON failed: Protocol error (UsbCameraImpl.cpp:789)
[2025-09-27 20:26:13] [CSCore - PvCSCoreLogger] [DEBUG] CS: DEBUG 7: AprilTag1: queuing buffers (UsbCameraImpl.cpp:765)
[2025-09-27 20:26:13] [CSCore - PvCSCoreLogger] [ERROR] CS: ERROR 40: ioctl VIDIOC_QBUF failed at UsbCameraImpl.cpp:772: Invalid argument (UsbUtil.cpp:157)
[2025-09-27 20:26:13] [CSCore - PvCSCoreLogger] [WARN] CS: WARNING 30: AprilTag1: could not queue buffer 0 (UsbCameraImpl.cpp:773)
[2025-09-27 20:26:13] [Camera - USBFrameProvider - AprilTag1] [ERROR] Error grabbing image: timed out getting frame
[2025-09-27 20:26:13] [CSCore - PvCSCoreLogger] [INFO] AprilTag1: Attempting to connect to USB camera on /dev/v4l/by-path/platform-fc880000.usb-usb-0:1:1.0-video-index0
[2025-09-27 20:26:13] [CSCore - PvCSCoreLogger] [DEBUG] CS: DEBUG 7: AprilTag1: opening device (UsbCameraImpl.cpp:651)
[2025-09-27 20:26:13] [CSCore - PvCSCoreLogger] [INFO] AprilTag1: Attempting to connect to USB camera on /dev/v4l/by-path/platform-fc880000.usb-usb-0:1:1.0-video-index0
[2025-09-27 20:26:13] [CSCore - PvCSCoreLogger] [DEBUG] CS: DEBUG 7: AprilTag1: opening device (UsbCameraImpl.cpp:651)
[2025-09-27 20:26:13] [General - KernelLogLogger] [DEBUG] 2025-09-27T20:26:13.699065-06:00 photonvision kernel: usb 5-1: Failed to query (GET_RES) UVC control 8 on unit 2: -71 (exp. 2).
[2025-09-27 20:26:13] [General - KernelLogLogger] [DEBUG] 2025-09-27T20:26:13.712420-06:00 photonvision kernel: usb 5-1: Failed to query (GET_CUR) UVC control 2 on unit 2: -71 (exp. 2).
[2025-09-27 20:26:13] [General - KernelLogLogger] [DEBUG] 2025-09-27T20:26:13.719051-06:00 photonvision kernel: usb 5-1: Failed to query (GET_DEF) UVC control 8 on unit 2: -71 (exp. 2).
[2025-09-27 20:26:13] [General - KernelLogLogger] [DEBUG] 2025-09-27T20:26:13.724145-06:00 photonvision kernel: usb usb5-port1: disabled by hub (EMI?), re-enabling...
[2025-09-27 20:26:13] [General - KernelLogLogger] [DEBUG] 2025-09-27T20:26:13.724218-06:00 photonvision kernel: usb 5-1: USB disconnect, device number 29
[2025-09-27 20:26:14] [Camera - USBFrameProvider - AprilTag1] [ERROR] Error grabbing image: timed out getting frame
[2025-09-27 20:26:14] [Camera - USBFrameProvider - AprilTag1] [ERROR] Error grabbing image: timed out getting frame
[2025-09-27 20:26:14] [CSCore - PvCSCoreLogger] [INFO] AprilTag1: Attempting to connect to USB camera on /dev/v4l/by-path/platform-fc880000.usb-usb-0:1:1.0-video-index0
[2025-09-27 20:26:14] [CSCore - PvCSCoreLogger] [DEBUG] CS: DEBUG 7: AprilTag1: opening device (UsbCameraImpl.cpp:651)
[2025-09-27 20:26:14] [CSCore - PvCSCoreLogger] [INFO] AprilTag1: Attempting to connect to USB camera on /dev/v4l/by-path/platform-fc880000.usb-usb-0:1:1.0-video-index0
[2025-09-27 20:26:14] [CSCore - PvCSCoreLogger] [DEBUG] CS: DEBUG 7: AprilTag1: opening device (UsbCameraImpl.cpp:651)
[2025-09-27 20:26:14] [CSCore - PvCSCoreLogger] [INFO] AprilTag1: Connected to USB camera on /dev/v4l/by-path/platform-fc880000.usb-usb-0:1:1.0-video-index0
[2025-09-27 20:26:14] [CSCore - PvCSCoreLogger] [DEBUG] CS: DEBUG 7: AprilTag1: getting capabilities (UsbCameraImpl.cpp:663)
[2025-09-27 20:26:14] [CSCore - PvCSCoreLogger] [DEBUG] CS: DEBUG 7: AprilTag1: restoring video mode (UsbCameraImpl.cpp:681)
[2025-09-27 20:26:14] [CSCore - PvCSCoreLogger] [INFO] AprilTag1: set format 1 res 320x240
[2025-09-27 20:26:14] [CSCore - PvCSCoreLogger] [INFO] AprilTag1: set FPS to 100
[2025-09-27 20:26:14] [CSCore - PvCSCoreLogger] [DEBUG] CS: DEBUG 7: AprilTag1: restoring settings (UsbCameraImpl.cpp:686)
[2025-09-27 20:26:14] [Camera - USBFrameProvider - AprilTag1] [ERROR] Error grabbing image: timed out getting frame
[2025-09-27 20:26:14] [Camera - USBFrameProvider - AprilTag1] [ERROR] Error grabbing image: timed out getting frame
[2025-09-27 20:26:14] [General - KernelLogLogger] [DEBUG] 2025-09-27T20:26:14.075733-06:00 photonvision kernel: usb 5-1: new high-speed USB device number 30 using ehci-platform
[2025-09-27 20:26:14] [General - KernelLogLogger] [DEBUG] 2025-09-27T20:26:14.239070-06:00 photonvision kernel: usb 5-1: New USB device found, idVendor=0c45, idProduct=6366, bcdDevice= 1.00
[2025-09-27 20:26:14] [General - KernelLogLogger] [DEBUG] 2025-09-27T20:26:14.239092-06:00 photonvision kernel: usb 5-1: New USB device strings: Mfr=2, Product=1, SerialNumber=3
[2025-09-27 20:26:14] [General - KernelLogLogger] [DEBUG] 2025-09-27T20:26:14.239093-06:00 photonvision kernel: usb 5-1: Product: AprilTag1
[2025-09-27 20:26:14] [General - KernelLogLogger] [DEBUG] 2025-09-27T20:26:14.239094-06:00 photonvision kernel: usb 5-1: Manufacturer: Arducam Technology Co., Ltd.
[2025-09-27 20:26:14] [General - KernelLogLogger] [DEBUG] 2025-09-27T20:26:14.239096-06:00 photonvision kernel: usb 5-1: SerialNumber: 0001
[2025-09-27 20:26:14] [General - KernelLogLogger] [DEBUG] 2025-09-27T20:26:14.242400-06:00 photonvision kernel: usb 5-1: Found UVC 1.00 device AprilTag1 (0c45:6366)
[2025-09-27 20:26:14] [General - KernelLogLogger] [DEBUG] 2025-09-27T20:26:14.279145-06:00 photonvision kernel: input: AprilTag1: AprilTag1 as /devices/platform/fc880000.usb/usb5/5-1/5-1:1.0/input/input43
[2025-09-27 20:26:14] [General - KernelLogLogger] [DEBUG] td.
[2025-09-27 20:26:14] [General - KernelLogLogger] [DEBUG] 2025-09-27T20:25:18.295753-06:00 photonvision kernel: usb 5-1: SerialNumber: 0001
[2025-09-27 20:26:14] [General - KernelLogLogger] [DEBUG] 2025-09-27T20:25:18.299056-06:00 photonvision kernel: usb 5-1: Found UVC 1.00 device AprilTag1 (0c45:6366)
[2025-09-27 20:26:14] [General - KernelLogLogger] [DEBUG] 2025-09-27T20:25:18.325767-06:00 photonvision kernel: input: AprilTag1: AprilTag1 as /devices/platform/fc880000.usb/usb5/5-1/5-1:1.0/input/input16
[2025-09-27 20:26:14] [General - KernelLogLogger] [DEBUG] Gþÿ
[2025-09-27 20:26:15] [Camera - USBFrameProvider - AprilTag1] [ERROR] Error grabbing image: timed out getting frame
[2025-09-27 20:26:15] [Camera - USBFrameProvider - AprilTag1] [ERROR] Error grabbing image: timed out getting frame
[2025-09-27 20:26:15] [CSCore - PvCSCoreLogger] [DEBUG] CS: DEBUG 7: AprilTag1: allocating buffers (UsbCameraImpl.cpp:701)
[2025-09-27 20:26:15] [CSCore - PvCSCoreLogger] [DEBUG] CS: DEBUG 7: AprilTag1: mapping buffers (UsbCameraImpl.cpp:715)
[2025-09-27 20:26:15] [CSCore - PvCSCoreLogger] [DEBUG] CS: DEBUG 7: AprilTag1: queuing buffers (UsbCameraImpl.cpp:765)
[2025-09-27 20:26:15] [CSCore - PvCSCoreLogger] [ERROR] CS: ERROR 40: AprilTag1: ioctl VIDIOC_STREAMON failed: Protocol error (UsbCameraImpl.cpp:789)
[2025-09-27 20:26:15] [CSCore - PvCSCoreLogger] [DEBUG] CS: DEBUG 7: AprilTag1: queuing buffers (UsbCameraImpl.cpp:765)
[2025-09-27 20:26:15] [CSCore - PvCSCoreLogger] [ERROR] CS: ERROR 40: ioctl VIDIOC_QBUF failed at UsbCameraImpl.cpp:772: Invalid argument (UsbUtil.cpp:157)
[2025-09-27 20:26:15] [CSCore - PvCSCoreLogger] [WARN] CS: WARNING 30: AprilTag1: could not queue buffer 0 (UsbCameraImpl.cpp:773)
[2025-09-27 20:26:15] [CSCore - PvCSCoreLogger] [DEBUG] CS: DEBUG 7: AprilTag1: queuing buffers (UsbCameraImpl.cpp:765)
[2025-09-27 20:26:15] [CSCore - PvCSCoreLogger] [ERROR] CS: ERROR 40: ioctl VIDIOC_QBUF failed at UsbCameraImpl.cpp:772: No such device (UsbUtil.cpp:157)
[2025-09-27 20:26:15] [CSCore - PvCSCoreLogger] [WARN] CS: WARNING 30: AprilTag1: could not queue buffer 0 (UsbCameraImpl.cpp:773)
[2025-09-27 20:26:15] [CSCore - PvCSCoreLogger] [INFO] AprilTag1: Attempting to connect to USB camera on /dev/v4l/by-path/platform-fc880000.usb-usb-0:1:1.0-video-index0
[2025-09-27 20:26:15] [CSCore - PvCSCoreLogger] [DEBUG] CS: DEBUG 7: AprilTag1: opening device (UsbCameraImpl.cpp:651)
[2025-09-27 20:26:15] [CSCore - PvCSCoreLogger] [INFO] AprilTag1: Attempting to connect to USB camera on /dev/v4l/by-path/platform-fc880000.usb-usb-0:1:1.0-video-index0
[2025-09-27 20:26:15] [CSCore - PvCSCoreLogger] [DEBUG] CS: DEBUG 7: AprilTag1: opening device (UsbCameraImpl.cpp:651)
[2025-09-27 20:26:15] [Camera - USBFrameProvider - AprilTag1] [ERROR] Error grabbing image: timed out getting frame
[2025-09-27 20:26:15] [Camera - USBFrameProvider - AprilTag1] [ERROR] Error grabbing image: timed out getting frame
[2025-09-27 20:26:15] [General - KernelLogLogger] [DEBUG] 2025-09-27T20:26:15.542426-06:00 photonvision kernel: usb 5-1: Failed to query (GET_MIN) UVC control 8 on unit 2: -71 (exp. 2).
[2025-09-27 20:26:15] [General - KernelLogLogger] [DEBUG] 2025-09-27T20:26:15.542467-06:00 photonvision kernel: usb usb5-port1: disabled by hub (EMI?), re-enabling...
[2025-09-27 20:26:15] [General - KernelLogLogger] [DEBUG] 2025-09-27T20:26:15.542471-06:00 photonvision kernel: usb 5-1: USB disconnect, device number 30
[2025-09-27 20:26:15] [General - KernelLogLogger] [DEBUG] 2025-09-27T20:26:15.551236-06:00 photonvision kernel: usb 5-1: Failed to query (GET_CUR) UVC control 2 on unit 2: -71 (exp. 2).
[2025-09-27 20:26:15] [General - KernelLogLogger] [DEBUG] 2025-09-27T20:26:15.899105-06:00 photonvision kernel: usb 5-1: new high-speed USB device number 31 using ehci-platform
[2025-09-27 20:26:15] [General - KernelLogLogger] [DEBUG] ÿ
[2025-09-27 20:26:16] [CSCore - PvCSCoreLogger] [INFO] AprilTag1: Attempting to connect to USB camera on /dev/v4l/by-path/platform-fc880000.usb-usb-0:1:1.0-video-index0
[2025-09-27 20:26:16] [CSCore - PvCSCoreLogger] [DEBUG] CS: DEBUG 7: AprilTag1: opening device (UsbCameraImpl.cpp:651)
[2025-09-27 20:26:16] [CSCore - PvCSCoreLogger] [INFO] AprilTag1: Connected to USB camera on /dev/v4l/by-path/platform-fc880000.usb-usb-0:1:1.0-video-index0
[2025-09-27 20:26:16] [CSCore - PvCSCoreLogger] [DEBUG] CS: DEBUG 7: AprilTag1: getting capabilities (UsbCameraImpl.cpp:663)
[2025-09-27 20:26:16] [CSCore - PvCSCoreLogger] [DEBUG] CS: DEBUG 7: AprilTag1: restoring video mode (UsbCameraImpl.cpp:681)
[2025-09-27 20:26:16] [CSCore - PvCSCoreLogger] [INFO] AprilTag1: set format 1 res 320x240
[2025-09-27 20:26:16] [CSCore - PvCSCoreLogger] [INFO] AprilTag1: set FPS to 100
[2025-09-27 20:26:16] [CSCore - PvCSCoreLogger] [DEBUG] CS: DEBUG 7: AprilTag1: restoring settings (UsbCameraImpl.cpp:686)
[2025-09-27 20:26:16] [Camera - USBFrameProvider - AprilTag1] [ERROR] Error grabbing image: timed out getting frame
[2025-09-27 20:26:16] [Camera - USBFrameProvider - AprilTag1] [ERROR] Error grabbing image: timed out getting frame
[2025-09-27 20:26:16] [Camera - USBFrameProvider - AprilTag1] [ERROR] Error grabbing image: timed out getting frame
[2025-09-27 20:26:16] [General - KernelLogLogger] [DEBUG] 2025-09-27T20:26:16.062441-06:00 photonvision kernel: usb 5-1: New USB device found, idVendor=0c45, idProduct=6366, bcdDevice= 1.00
[2025-09-27 20:26:16] [General - KernelLogLogger] [DEBUG] 2025-09-27T20:26:16.062500-06:00 photonvision kernel: usb 5-1: New USB device strings: Mfr=2, Product=1, SerialNumber=3
[2025-09-27 20:26:16] [General - KernelLogLogger] [DEBUG] 2025-09-27T20:26:16.062504-06:00 photonvision kernel: usb 5-1: Product: AprilTag1
[2025-09-27 20:26:16] [General - KernelLogLogger] [DEBUG] 2025-09-27T20:26:16.062510-06:00 photonvision kernel: usb 5-1: Manufacturer: Arducam Technology Co., Ltd.
[2025-09-27 20:26:16] [General - KernelLogLogger] [DEBUG] 2025-09-27T20:26:16.062518-06:00 photonvision kernel: usb 5-1: SerialNumber: 0001
[2025-09-27 20:26:16] [General - KernelLogLogger] [DEBUG] 2025-09-27T20:26:16.069068-06:00 photonvision kernel: usb 5-1: Found UVC 1.00 device AprilTag1 (0c45:6366)
[2025-09-27 20:26:16] [General - KernelLogLogger] [DEBUG] 2025-09-27T20:26:16.095822-06:00 photonvision kernel: input: AprilTag1: AprilTag1 as /devices/platform/fc880000.usb/usb5/5-1/5-1:1.0/input/input44
[2025-09-27 20:26:16] [General - KernelLogLogger] [DEBUG] 
[2025-09-27 20:26:16] [Camera - USBFrameProvider - AprilTag1] [ERROR] Error grabbing image: timed out getting frame
[2025-09-27 20:26:17] [CSCore - PvCSCoreLogger] [DEBUG] CS: DEBUG 7: AprilTag1: allocating buffers (UsbCameraImpl.cpp:701)
[2025-09-27 20:26:17] [CSCore - PvCSCoreLogger] [DEBUG] CS: DEBUG 7: AprilTag1: mapping buffers (UsbCameraImpl.cpp:715)
[2025-09-27 20:26:17] [CSCore - PvCSCoreLogger] [DEBUG] CS: DEBUG 7: AprilTag1: queuing buffers (UsbCameraImpl.cpp:765)
[2025-09-27 20:26:17] [Camera - USBFrameProvider - AprilTag1] [ERROR] Error grabbing image: timed out getting frame
[2025-09-27 20:26:17] [CSCore - PvCSCoreLogger] [ERROR] CS: ERROR 40: AprilTag1: ioctl VIDIOC_STREAMON failed: Protocol error (UsbCameraImpl.cpp:789)
[2025-09-27 20:26:17] [CSCore - PvCSCoreLogger] [DEBUG] CS: DEBUG 7: AprilTag1: queuing buffers (UsbCameraImpl.cpp:765)
[2025-09-27 20:26:17] [CSCore - PvCSCoreLogger] [ERROR] CS: ERROR 40: ioctl VIDIOC_QBUF failed at UsbCameraImpl.cpp:772: Invalid argument (UsbUtil.cpp:157)
[2025-09-27 20:26:17] [CSCore - PvCSCoreLogger] [WARN] CS: WARNING 30: AprilTag1: could not queue buffer 0 (UsbCameraImpl.cpp:773)
[2025-09-27 20:26:17] [CSCore - PvCSCoreLogger] [DEBUG] CS: DEBUG 7: AprilTag1: queuing buffers (UsbCameraImpl.cpp:765)
[2025-09-27 20:26:17] [CSCore - PvCSCoreLogger] [ERROR] CS: ERROR 40: ioctl VIDIOC_QBUF failed at UsbCameraImpl.cpp:772: No such device (UsbUtil.cpp:157)
[2025-09-27 20:26:17] [CSCore - PvCSCoreLogger] [WARN] CS: WARNING 30: AprilTag1: could not queue buffer 0 (UsbCameraImpl.cpp:773)
[2025-09-27 20:26:17] [CSCore - PvCSCoreLogger] [DEBUG] CS: DEBUG 7: AprilTag1: queuing buffers (UsbCameraImpl.cpp:765)
[2025-09-27 20:26:17] [CSCore - PvCSCoreLogger] [ERROR] CS: ERROR 40: ioctl VIDIOC_QBUF failed at UsbCameraImpl.cpp:772: No such device (UsbUtil.cpp:157)
[2025-09-27 20:26:17] [CSCore - PvCSCoreLogger] [WARN] CS: WARNING 30: AprilTag1: could not queue buffer 0 (UsbCameraImpl.cpp:773)
[2025-09-27 20:26:17] [CSCore - PvCSCoreLogger] [INFO] AprilTag1: Attempting to connect to USB camera on /dev/v4l/by-path/platform-fc880000.usb-usb-0:1:1.0-video-index0
[2025-09-27 20:26:17] [CSCore - PvCSCoreLogger] [DEBUG] CS: DEBUG 7: AprilTag1: opening device (UsbCameraImpl.cpp:651)
[2025-09-27 20:26:17] [Camera - USBFrameProvider - AprilTag1] [ERROR] Error grabbing image: timed out getting frame
[2025-09-27 20:26:17] [Camera - USBFrameProvider - AprilTag1] [ERROR] Error grabbing image: timed out getting frame
[2025-09-27 20:26:17] [General - KernelLogLogger] [DEBUG] 2025-09-27T20:26:17.375764-06:00 photonvision kernel: usb 5-1: Failed to query (GET_MAX) UVC control 1 on unit 2: -71 (exp. 2).
[2025-09-27 20:26:17] [General - KernelLogLogger] [DEBUG] 2025-09-27T20:26:17.392418-06:00 photonvision kernel: usb 5-1: Failed to query (GET_CUR) UVC control 2 on unit 2: -71 (exp. 2).
[2025-09-27 20:26:17] [General - KernelLogLogger] [DEBUG] 2025-09-27T20:26:17.402446-06:00 photonvision kernel: usb 5-1: Failed to query (GET_DEF) UVC control 1 on unit 2: -71 (exp. 2).
[2025-09-27 20:26:17] [General - KernelLogLogger] [DEBUG] 2025-09-27T20:26:17.405822-06:00 photonvision kernel: usb usb5-port1: disabled by hub (EMI?), re-enabling...
[2025-09-27 20:26:17] [General - KernelLogLogger] [DEBUG] 2025-09-27T20:26:17.405870-06:00 photonvision kernel: usb 5-1: USB disconnect, device number 31
[2025-09-27 20:26:17] [General - KernelLogLogger] [DEBUG] 2025-09-27T20:26:17.739135-06:00 photonvision kernel: usb 5-1: new high-speed USB device number 32 using ehci-platform
[2025-09-27 20:26:17] [General - KernelLogLogger] [DEBUG] _@g¬x1^@ԠØyø\@R!ZF÷òZ@4dƮÒØX@¾c¶~0W@ÝW3ò
[2025-09-27 20:26:17] [CSCore - PvCSCoreLogger] [INFO] AprilTag1: Attempting to connect to USB camera on /dev/v4l/by-path/platform-fc880000.usb-usb-0:1:1.0-video-index0
[2025-09-27 20:26:17] [CSCore - PvCSCoreLogger] [DEBUG] CS: DEBUG 7: AprilTag1: opening device (UsbCameraImpl.cpp:651)
[2025-09-27 20:26:17] [CSCore - PvCSCoreLogger] [INFO] AprilTag1: Attempting to connect to USB camera on /dev/v4l/by-path/platform-fc880000.usb-usb-0:1:1.0-video-index0
[2025-09-27 20:26:17] [CSCore - PvCSCoreLogger] [DEBUG] CS: DEBUG 7: AprilTag1: opening device (UsbCameraImpl.cpp:651)
[2025-09-27 20:26:17] [CSCore - PvCSCoreLogger] [INFO] AprilTag1: Attempting to connect to USB camera on /dev/v4l/by-path/platform-fc880000.usb-usb-0:1:1.0-video-index0
[2025-09-27 20:26:17] [CSCore - PvCSCoreLogger] [DEBUG] CS: DEBUG 7: AprilTag1: opening device (UsbCameraImpl.cpp:651)
[2025-09-27 20:26:17] [CSCore - PvCSCoreLogger] [INFO] AprilTag1: Connected to USB camera on /dev/v4l/by-path/platform-fc880000.usb-usb-0:1:1.0-video-index0
[2025-09-27 20:26:17] [CSCore - PvCSCoreLogger] [DEBUG] CS: DEBUG 7: AprilTag1: getting capabilities (UsbCameraImpl.cpp:663)
[2025-09-27 20:26:17] [CSCore - PvCSCoreLogger] [DEBUG] CS: DEBUG 7: AprilTag1: restoring video mode (UsbCameraImpl.cpp:681)
[2025-09-27 20:26:18] [CSCore - PvCSCoreLogger] [INFO] AprilTag1: set format 1 res 320x240
[2025-09-27 20:26:18] [CSCore - PvCSCoreLogger] [INFO] AprilTag1: set FPS to 100
[2025-09-27 20:26:18] [CSCore - PvCSCoreLogger] [DEBUG] CS: DEBUG 7: AprilTag1: restoring settings (UsbCameraImpl.cpp:686)
[2025-09-27 20:26:18] [Camera - USBFrameProvider - AprilTag1] [ERROR] Error grabbing image: timed out getting frame
[2025-09-27 20:26:18] [Camera - USBFrameProvider - AprilTag1] [ERROR] Error grabbing image: timed out getting frame
[2025-09-27 20:26:18] [Camera - USBFrameProvider - AprilTag1] [ERROR] Error grabbing image: timed out getting frame
[2025-09-27 20:26:18] [General - KernelLogLogger] [DEBUG] 2025-09-27T20:26:17.906717-06:00 photonvision kernel: usb 5-1: New USB device found, idVendor=0c45, idProduct=6366, bcdDevice= 1.00
[2025-09-27 20:26:18] [General - KernelLogLogger] [DEBUG] 2025-09-27T20:26:17.906764-06:00 photonvision kernel: usb 5-1: New USB device strings: Mfr=2, Product=1, SerialNumber=3
[2025-09-27 20:26:18] [General - KernelLogLogger] [DEBUG] 2025-09-27T20:26:17.906768-06:00 photonvision kernel: usb 5-1: Product: AprilTag1
[2025-09-27 20:26:18] [General - KernelLogLogger] [DEBUG] 2025-09-27T20:26:17.906771-06:00 photonvision kernel: usb 5-1: Manufacturer: Arducam Technology Co., Ltd.
[2025-09-27 20:26:18] [General - KernelLogLogger] [DEBUG] 2025-09-27T20:26:17.906775-06:00 photonvision kernel: usb 5-1: SerialNumber: 0001
[2025-09-27 20:26:18] [General - KernelLogLogger] [DEBUG] 2025-09-27T20:26:17.906778-06:00 photonvision kernel: usb 5-1: Found UVC 1.00 device AprilTag1 (0c45:6366)
[2025-09-27 20:26:18] [General - KernelLogLogger] [DEBUG] 2025-09-27T20:26:17.936319-06:00 photonvision kernel: input: AprilTag1: AprilTag1 as /devices/platform/fc880000.usb/usb5/5-1/5-1:1.0/input/input45
[2025-09-27 20:26:18] [General - KernelLogLogger] [DEBUG] 6:00 photonvision kernel: input: AprilTag1: AprilTag1 as /devices/platform/fc880000.usb/usb5/5-1/5-1:1.0/input/input43
[2025-09-27 20:26:18] [General - KernelLogLogger] [DEBUG] td.
[2025-09-27 20:26:18] [General - KernelLogLogger] [DEBUG] 2025-09-27T20:25:18.295753-06:00 photonvision kernel: usb 5-1: SerialNumber: 0001
[2025-09-27 20:26:18] [General - KernelLogLogger] [DEBUG] 2025-09-27T20:25:18.299056-06:00 photonvision kernel: usb 5-1: Found UVC 1.00 device AprilTag1 (0c45:6366)
[2025-09-27 20:26:18] [General - KernelLogLogger] [DEBUG] 2025-09-27T20:25:18.325767-06:00 photonvision kernel: input: AprilTag1: AprilTag1 as /devices/platform/fc880000.usb/usb5/5-1/5-1:1.0/input/input16
[2025-09-27 20:26:18] [General - KernelLogLogger] [DEBUG] Gþÿ
[2025-09-27 20:26:18] [Camera - USBFrameProvider - AprilTag1] [ERROR] Error grabbing image: timed out getting frame
[2025-09-27 20:26:19] [CSCore - PvCSCoreLogger] [DEBUG] CS: DEBUG 7: AprilTag1: allocating buffers (UsbCameraImpl.cpp:701)
[2025-09-27 20:26:19] [CSCore - PvCSCoreLogger] [DEBUG] CS: DEBUG 7: AprilTag1: mapping buffers (UsbCameraImpl.cpp:715)
[2025-09-27 20:26:19] [CSCore - PvCSCoreLogger] [DEBUG] CS: DEBUG 7: AprilTag1: queuing buffers (UsbCameraImpl.cpp:765)
[2025-09-27 20:26:19] [Camera - USBFrameProvider - AprilTag1] [ERROR] Error grabbing image: timed out getting frame
[2025-09-27 20:26:19] [CSCore - PvCSCoreLogger] [ERROR] CS: ERROR 40: AprilTag1: ioctl VIDIOC_STREAMON failed: Protocol error (UsbCameraImpl.cpp:789)
[2025-09-27 20:26:19] [CSCore - PvCSCoreLogger] [INFO] AprilTag1: Attempting to connect to USB camera on /dev/v4l/by-path/platform-fc880000.usb-usb-0:1:1.0-video-index0
[2025-09-27 20:26:19] [CSCore - PvCSCoreLogger] [DEBUG] CS: DEBUG 7: AprilTag1: opening device (UsbCameraImpl.cpp:651)
[2025-09-27 20:26:19] [CSCore - PvCSCoreLogger] [INFO] AprilTag1: Attempting to connect to USB camera on /dev/v4l/by-path/platform-fc880000.usb-usb-0:1:1.0-video-index0
[2025-09-27 20:26:19] [CSCore - PvCSCoreLogger] [DEBUG] CS: DEBUG 7: AprilTag1: opening device (UsbCameraImpl.cpp:651)
[2025-09-27 20:26:19] [Camera - USBFrameProvider - AprilTag1] [ERROR] Error grabbing image: timed out getting frame
[2025-09-27 20:26:19] [Camera - USBFrameProvider - AprilTag1] [ERROR] Error grabbing image: timed out getting frame
[2025-09-27 20:26:19] [CSCore - PvCSCoreLogger] [INFO] AprilTag1: Attempting to connect to USB camera on /dev/v4l/by-path/platform-fc880000.usb-usb-0:1:1.0-video-index0
[2025-09-27 20:26:19] [CSCore - PvCSCoreLogger] [DEBUG] CS: DEBUG 7: AprilTag1: opening device (UsbCameraImpl.cpp:651)
[2025-09-27 20:26:19] [CSCore - PvCSCoreLogger] [INFO] AprilTag1: Attempting to connect to USB camera on /dev/v4l/by-path/platform-fc880000.usb-usb-0:1:1.0-video-index0
[2025-09-27 20:26:19] [CSCore - PvCSCoreLogger] [DEBUG] CS: DEBUG 7: AprilTag1: opening device (UsbCameraImpl.cpp:651)
[2025-09-27 20:26:19] [CSCore - PvCSCoreLogger] [INFO] AprilTag1: Attempting to connect to USB camera on /dev/v4l/by-path/platform-fc880000.usb-usb-0:1:1.0-video-index0
[2025-09-27 20:26:19] [CSCore - PvCSCoreLogger] [DEBUG] CS: DEBUG 7: AprilTag1: opening device (UsbCameraImpl.cpp:651)
[2025-09-27 20:26:19] [CSCore - PvCSCoreLogger] [INFO] AprilTag1: Connected to USB camera on /dev/v4l/by-path/platform-fc880000.usb-usb-0:1:1.0-video-index0
[2025-09-27 20:26:19] [CSCore - PvCSCoreLogger] [DEBUG] CS: DEBUG 7: AprilTag1: getting capabilities (UsbCameraImpl.cpp:663)
[2025-09-27 20:26:19] [CSCore - PvCSCoreLogger] [DEBUG] CS: DEBUG 7: AprilTag1: restoring video mode (UsbCameraImpl.cpp:681)
[2025-09-27 20:26:19] [CSCore - PvCSCoreLogger] [INFO] AprilTag1: set format 1 res 320x240
[2025-09-27 20:26:19] [CSCore - PvCSCoreLogger] [INFO] AprilTag1: set FPS to 100
[2025-09-27 20:26:19] [CSCore - PvCSCoreLogger] [DEBUG] CS: DEBUG 7: AprilTag1: restoring settings (UsbCameraImpl.cpp:686)
[2025-09-27 20:26:19] [General - KernelLogLogger] [DEBUG] 2025-09-27T20:26:19.229120-06:00 photonvision kernel: usb 5-1: Failed to query (GET_CUR) UVC control 1 on unit 2: -71 (exp. 2).
[2025-09-27 20:26:19] [General - KernelLogLogger] [DEBUG] 2025-09-27T20:26:19.242457-06:00 photonvision kernel: usb usb5-port1: disabled by hub (EMI?), re-enabling...
[2025-09-27 20:26:19] [General - KernelLogLogger] [DEBUG] 2025-09-27T20:26:19.242517-06:00 photonvision kernel: usb 5-1: USB disconnect, device number 32
[2025-09-27 20:26:19] [General - KernelLogLogger] [DEBUG] 2025-09-27T20:26:19.592420-06:00 photonvision kernel: usb 5-1: new high-speed USB device number 33 using ehci-platform
[2025-09-27 20:26:19] [General - KernelLogLogger] [DEBUG] 2025-09-27T20:26:19.752431-06:00 photonvision kernel: usb 5-1: New USB device found, idVendor=0c45, idProduct=6366, bcdDevice= 1.00
[2025-09-27 20:26:19] [General - KernelLogLogger] [DEBUG] 2025-09-27T20:26:19.752496-06:00 photonvision kernel: usb 5-1: New USB device strings: Mfr=2, Product=1, SerialNumber=3
[2025-09-27 20:26:19] [General - KernelLogLogger] [DEBUG] 2025-09-27T20:26:19.752500-06:00 photonvision kernel: usb 5-1: Product: AprilTag1
[2025-09-27 20:26:19] [General - KernelLogLogger] [DEBUG] 2025-09-27T20:26:19.752503-06:00 photonvision kernel: usb 5-1: Manufacturer: Arducam Technology Co., Ltd.
[2025-09-27 20:26:19] [General - KernelLogLogger] [DEBUG] 2025-09-27T20:26:19.752533-06:00 photonvision kernel: usb 5-1: SerialNumber: 0001
[2025-09-27 20:26:19] [General - KernelLogLogger] [DEBUG] 2025-09-27T20:26:19.756228-06:00 photonvision kernel: usb 5-1: Found UVC 1.00 device AprilTag1 (0c45:6366)
[2025-09-27 20:26:19] [General - KernelLogLogger] [DEBUG] 2025-09-27T20:26:19.785768-06:00 photonvision kernel: input: AprilTag1: AprilTag1 as /devices/platform/fc880000.usb/usb5/5-1/5-1:1.0/input/input46
[2025-09-27 20:26:19] [General - KernelLogLogger] [DEBUG] e80000.hdmi: i2c read time out!
[2025-09-27 20:26:19] [General - KernelLogLogger] [DEBUG]  :@:zÁã	8@IڊØ-6@ Y°ã#ß4@FàäÄå4@-,¹G3@£++¿Ò2@®¼Ԟ2@%:¦{2@	ó]H2@JQô1@®ª´=Wz1@GrÒ0@˞0@Ô^g5Ö%/@Ö±¦.@«¬eM.@´xæEò-@ǰØÅÉÌ-@I]ú-@WKþ1X.@¯Ëïù.@֯±{/@æҥ«Èß/@X)Gü`a0@eøÕ0@£"ãÐ1@5ÛiÌ1@#t|³[2@6îoâZA3@ð	Â4@ßAÔiÆ4@¬dÞÏ!5@w·ÔU5@. Ø3ø®4@ô!hí3@&±mE2@Dû-úÞ-@s2UɸÄ"@î%7à @HN¼àôä?é3âg¨?¸J?ÇêZBx?Ø0}õxó>?BÊÏK*î>fÏû5tð¾gcüyï¾ÚJ8F?ة?F鉝ý	?¯Wç«ÿ?p+ÙàÓð>FzÌ:å>ȗJ;ý>.aHfµ?dÌSÇ?"±« ?ñ«ɸ
[2025-09-27 20:26:19] [Camera - USBFrameProvider - AprilTag1] [ERROR] Error grabbing image: timed out getting frame
[2025-09-27 20:26:20] [Camera - USBFrameProvider - AprilTag1] [ERROR] Error grabbing image: timed out getting frame
[2025-09-27 20:26:20] [Camera - USBFrameProvider - AprilTag1] [ERROR] Error grabbing image: timed out getting frame
[2025-09-27 20:26:20] [Camera - USBFrameProvider - AprilTag1] [ERROR] Error grabbing image: timed out getting frame
[2025-09-27 20:26:20] [CSCore - PvCSCoreLogger] [DEBUG] CS: DEBUG 7: AprilTag1: allocating buffers (UsbCameraImpl.cpp:701)
[2025-09-27 20:26:20] [CSCore - PvCSCoreLogger] [DEBUG] CS: DEBUG 7: AprilTag1: mapping buffers (UsbCameraImpl.cpp:715)
[2025-09-27 20:26:20] [CSCore - PvCSCoreLogger] [DEBUG] CS: DEBUG 7: AprilTag1: queuing buffers (UsbCameraImpl.cpp:765)
[2025-09-27 20:26:21] [CSCore - PvCSCoreLogger] [ERROR] CS: ERROR 40: AprilTag1: ioctl VIDIOC_STREAMON failed: Protocol error (UsbCameraImpl.cpp:789)
[2025-09-27 20:26:21] [Camera - USBFrameProvider - AprilTag1] [ERROR] Error grabbing image: timed out getting frame
[2025-09-27 20:26:21] [CSCore - PvCSCoreLogger] [INFO] AprilTag1: Attempting to connect to USB camera on /dev/v4l/by-path/platform-fc880000.usb-usb-0:1:1.0-video-index0
[2025-09-27 20:26:21] [CSCore - PvCSCoreLogger] [DEBUG] CS: DEBUG 7: AprilTag1: opening device (UsbCameraImpl.cpp:651)
[2025-09-27 20:26:21] [CSCore - PvCSCoreLogger] [INFO] AprilTag1: Attempting to connect to USB camera on /dev/v4l/by-path/platform-fc880000.usb-usb-0:1:1.0-video-index0
[2025-09-27 20:26:21] [CSCore - PvCSCoreLogger] [DEBUG] CS: DEBUG 7: AprilTag1: opening device (UsbCameraImpl.cpp:651)
[2025-09-27 20:26:21] [Camera - USBFrameProvider - AprilTag1] [ERROR] Error grabbing image: timed out getting frame
[2025-09-27 20:26:21] [Camera - USBFrameProvider - AprilTag1] [ERROR] Error grabbing image: timed out getting frame
[2025-09-27 20:26:21] [CSCore - PvCSCoreLogger] [INFO] AprilTag1: Attempting to connect to USB camera on /dev/v4l/by-path/platform-fc880000.usb-usb-0:1:1.0-video-index0
[2025-09-27 20:26:21] [CSCore - PvCSCoreLogger] [DEBUG] CS: DEBUG 7: AprilTag1: opening device (UsbCameraImpl.cpp:651)
[2025-09-27 20:26:21] [CSCore - PvCSCoreLogger] [INFO] AprilTag1: Attempting to connect to USB camera on /dev/v4l/by-path/platform-fc880000.usb-usb-0:1:1.0-video-index0
[2025-09-27 20:26:21] [CSCore - PvCSCoreLogger] [DEBUG] CS: DEBUG 7: AprilTag1: opening device (UsbCameraImpl.cpp:651)
[2025-09-27 20:26:21] [CSCore - PvCSCoreLogger] [INFO] AprilTag1: Connected to USB camera on /dev/v4l/by-path/platform-fc880000.usb-usb-0:1:1.0-video-index0
[2025-09-27 20:26:21] [CSCore - PvCSCoreLogger] [DEBUG] CS: DEBUG 7: AprilTag1: getting capabilities (UsbCameraImpl.cpp:663)
[2025-09-27 20:26:21] [CSCore - PvCSCoreLogger] [DEBUG] CS: DEBUG 7: AprilTag1: restoring video mode (UsbCameraImpl.cpp:681)
[2025-09-27 20:26:21] [CSCore - PvCSCoreLogger] [INFO] AprilTag1: set format 1 res 320x240
[2025-09-27 20:26:21] [CSCore - PvCSCoreLogger] [INFO] AprilTag1: set FPS to 100
[2025-09-27 20:26:21] [CSCore - PvCSCoreLogger] [DEBUG] CS: DEBUG 7: AprilTag1: restoring settings (UsbCameraImpl.cpp:686)
[2025-09-27 20:26:21] [Camera - USBFrameProvider - AprilTag1] [ERROR] Error grabbing image: timed out getting frame
[2025-09-27 20:26:21] [General - KernelLogLogger] [DEBUG] 2025-09-27T20:26:21.089100-06:00 photonvision kernel: usb usb5-port1: disabled by hub (EMI?), re-enabling...
[2025-09-27 20:26:21] [General - KernelLogLogger] [DEBUG] 2025-09-27T20:26:21.089154-06:00 photonvision kernel: usb 5-1: USB disconnect, device number 33
[2025-09-27 20:26:21] [General - KernelLogLogger] [DEBUG] 2025-09-27T20:26:21.442448-06:00 photonvision kernel: usb 5-1: new high-speed USB device number 34 using ehci-platform
[2025-09-27 20:26:21] [General - KernelLogLogger] [DEBUG] 2025-09-27T20:26:21.603523-06:00 photonvision kernel: usb 5-1: New USB device found, idVendor=0c45, idProduct=6366, bcdDevice= 1.00
[2025-09-27 20:26:21] [General - KernelLogLogger] [DEBUG] 2025-09-27T20:26:21.603549-06:00 photonvision kernel: usb 5-1: New USB device strings: Mfr=2, Product=1, SerialNumber=3
[2025-09-27 20:26:21] [General - KernelLogLogger] [DEBUG] 2025-09-27T20:26:21.603551-06:00 photonvision kernel: usb 5-1: Product: AprilTag1
[2025-09-27 20:26:21] [General - KernelLogLogger] [DEBUG] 2025-09-27T20:26:21.603552-06:00 photonvision kernel: usb 5-1: Manufacturer: Arducam Technology Co., Ltd.
[2025-09-27 20:26:21] [General - KernelLogLogger] [DEBUG] 2025-09-27T20:26:21.603554-06:00 photonvision kernel: usb 5-1: SerialNumber: 0001
[2025-09-27 20:26:21] [General - KernelLogLogger] [DEBUG] 2025-09-27T20:26:21.605828-06:00 photonvision kernel: usb 5-1: Found UVC 1.00 device AprilTag1 (0c45:6366)
[2025-09-27 20:26:21] [General - KernelLogLogger] [DEBUG] 2025-09-27T20:26:21.632402-06:00 photonvision kernel: input: AprilTag1: AprilTag1 as /devices/platform/fc880000.usb/usb5/5-1/5-1:1.0/input/input47
[2025-09-27 20:26:22] [Camera - USBFrameProvider - AprilTag1] [ERROR] Error grabbing image: timed out getting frame
[2025-09-27 20:26:22] [Camera - USBFrameProvider - AprilTag1] [ERROR] Error grabbing image: timed out getting frame
[2025-09-27 20:26:22] [Camera - USBFrameProvider - AprilTag1] [ERROR] Error grabbing image: timed out getting frame
[2025-09-27 20:26:22] [CSCore - PvCSCoreLogger] [DEBUG] CS: DEBUG 7: AprilTag1: allocating buffers (UsbCameraImpl.cpp:701)
[2025-09-27 20:26:22] [CSCore - PvCSCoreLogger] [DEBUG] CS: DEBUG 7: AprilTag1: mapping buffers (UsbCameraImpl.cpp:715)
[2025-09-27 20:26:22] [CSCore - PvCSCoreLogger] [DEBUG] CS: DEBUG 7: AprilTag1: queuing buffers (UsbCameraImpl.cpp:765)
[2025-09-27 20:26:22] [CSCore - PvCSCoreLogger] [ERROR] CS: ERROR 40: AprilTag1: ioctl VIDIOC_STREAMON failed: Protocol error (UsbCameraImpl.cpp:789)
[2025-09-27 20:26:22] [CSCore - PvCSCoreLogger] [DEBUG] CS: DEBUG 7: AprilTag1: queuing buffers (UsbCameraImpl.cpp:765)
[2025-09-27 20:26:22] [CSCore - PvCSCoreLogger] [ERROR] CS: ERROR 40: ioctl VIDIOC_QBUF failed at UsbCameraImpl.cpp:772: Invalid argument (UsbUtil.cpp:157)
[2025-09-27 20:26:22] [CSCore - PvCSCoreLogger] [WARN] CS: WARNING 30: AprilTag1: could not queue buffer 0 (UsbCameraImpl.cpp:773)
[2025-09-27 20:26:22] [General - KernelLogLogger] [DEBUG] 2025-09-27T20:26:22.901672-06:00 photonvision kernel: usb 5-1: Failed to query (GET_CUR) UVC control 4 on unit 2: -71 (exp. 2).
[2025-09-27 20:26:22] [General - KernelLogLogger] [DEBUG] P
[2025-09-27 20:26:22] [CSCore - PvCSCoreLogger] [INFO] AprilTag1: Attempting to connect to USB camera on /dev/v4l/by-path/platform-fc880000.usb-usb-0:1:1.0-video-index0
[2025-09-27 20:26:22] [CSCore - PvCSCoreLogger] [DEBUG] CS: DEBUG 7: AprilTag1: opening device (UsbCameraImpl.cpp:651)
[2025-09-27 20:26:22] [CSCore - PvCSCoreLogger] [INFO] AprilTag1: Attempting to connect to USB camera on /dev/v4l/by-path/platform-fc880000.usb-usb-0:1:1.0-video-index0
[2025-09-27 20:26:22] [CSCore - PvCSCoreLogger] [DEBUG] CS: DEBUG 7: AprilTag1: opening device (UsbCameraImpl.cpp:651)
[2025-09-27 20:26:22] [CSCore - PvCSCoreLogger] [INFO] AprilTag1: Attempting to connect to USB camera on /dev/v4l/by-path/platform-fc880000.usb-usb-0:1:1.0-video-index0
[2025-09-27 20:26:22] [CSCore - PvCSCoreLogger] [DEBUG] CS: DEBUG 7: AprilTag1: opening device (UsbCameraImpl.cpp:651)
[2025-09-27 20:26:22] [Camera - USBFrameProvider - AprilTag1] [ERROR] Error grabbing image: timed out getting frame
[2025-09-27 20:26:23] [Camera - USBFrameProvider - AprilTag1] [ERROR] Error grabbing image: timed out getting frame
[2025-09-27 20:26:23] [CSCore - PvCSCoreLogger] [INFO] AprilTag1: Attempting to connect to USB camera on /dev/v4l/by-path/platform-fc880000.usb-usb-0:1:1.0-video-index0
[2025-09-27 20:26:23] [CSCore - PvCSCoreLogger] [DEBUG] CS: DEBUG 7: AprilTag1: opening device (UsbCameraImpl.cpp:651)
[2025-09-27 20:26:23] [CSCore - PvCSCoreLogger] [INFO] AprilTag1: Attempting to connect to USB camera on /dev/v4l/by-path/platform-fc880000.usb-usb-0:1:1.0-video-index0
[2025-09-27 20:26:23] [CSCore - PvCSCoreLogger] [DEBUG] CS: DEBUG 7: AprilTag1: opening device (UsbCameraImpl.cpp:651)
[2025-09-27 20:26:23] [CSCore - PvCSCoreLogger] [INFO] AprilTag1: Attempting to connect to USB camera on /dev/v4l/by-path/platform-fc880000.usb-usb-0:1:1.0-video-index0
[2025-09-27 20:26:23] [CSCore - PvCSCoreLogger] [DEBUG] CS: DEBUG 7: AprilTag1: opening device (UsbCameraImpl.cpp:651)
[2025-09-27 20:26:23] [CSCore - PvCSCoreLogger] [INFO] AprilTag1: Attempting to connect to USB camera on /dev/v4l/by-path/platform-fc880000.usb-usb-0:1:1.0-video-index0
[2025-09-27 20:26:23] [CSCore - PvCSCoreLogger] [DEBUG] CS: DEBUG 7: AprilTag1: opening device (UsbCameraImpl.cpp:651)
[2025-09-27 20:26:23] [CSCore - PvCSCoreLogger] [INFO] AprilTag1: Connected to USB camera on /dev/v4l/by-path/platform-fc880000.usb-usb-0:1:1.0-video-index0
[2025-09-27 20:26:23] [CSCore - PvCSCoreLogger] [DEBUG] CS: DEBUG 7: AprilTag1: getting capabilities (UsbCameraImpl.cpp:663)
[2025-09-27 20:26:23] [CSCore - PvCSCoreLogger] [DEBUG] CS: DEBUG 7: AprilTag1: restoring video mode (UsbCameraImpl.cpp:681)
[2025-09-27 20:26:23] [CSCore - PvCSCoreLogger] [INFO] AprilTag1: set format 1 res 320x240
[2025-09-27 20:26:23] [CSCore - PvCSCoreLogger] [INFO] AprilTag1: set FPS to 100
[2025-09-27 20:26:23] [CSCore - PvCSCoreLogger] [DEBUG] CS: DEBUG 7: AprilTag1: restoring settings (UsbCameraImpl.cpp:686)
[2025-09-27 20:26:23] [Camera - USBFrameProvider - AprilTag1] [ERROR] Error grabbing image: timed out getting frame
[2025-09-27 20:26:23] [Camera - USBFrameProvider - AprilTag1] [ERROR] Error grabbing image: timed out getting frame
[2025-09-27 20:26:23] [General - KernelLogLogger] [DEBUG] 2025-09-27T20:26:22.909096-06:00 photonvision kernel: usb usb5-port1: disabled by hub (EMI?), re-enabling...
[2025-09-27 20:26:23] [General - KernelLogLogger] [DEBUG] 2025-09-27T20:26:22.909124-06:00 photonvision kernel: usb 5-1: USB disconnect, device number 34
[2025-09-27 20:26:23] [General - KernelLogLogger] [DEBUG] 2025-09-27T20:26:23.262403-06:00 photonvision kernel: usb 5-1: new high-speed USB device number 35 using ehci-platform
[2025-09-27 20:26:23] [General - KernelLogLogger] [DEBUG] 2025-09-27T20:26:23.422722-06:00 photonvision kernel: usb 5-1: New USB device found, idVendor=0c45, idProduct=6366, bcdDevice= 1.00
[2025-09-27 20:26:23] [General - KernelLogLogger] [DEBUG] 2025-09-27T20:26:23.422777-06:00 photonvision kernel: usb 5-1: New USB device strings: Mfr=2, Product=1, SerialNumber=3
[2025-09-27 20:26:23] [General - KernelLogLogger] [DEBUG] 2025-09-27T20:26:23.422781-06:00 photonvision kernel: usb 5-1: Product: AprilTag1
[2025-09-27 20:26:23] [General - KernelLogLogger] [DEBUG] 2025-09-27T20:26:23.422785-06:00 photonvision kernel: usb 5-1: Manufacturer: Arducam Technology Co., Ltd.
[2025-09-27 20:26:23] [General - KernelLogLogger] [DEBUG] 2025-09-27T20:26:23.422789-06:00 photonvision kernel: usb 5-1: SerialNumber: 0001
[2025-09-27 20:26:23] [General - KernelLogLogger] [DEBUG] 2025-09-27T20:26:23.425804-06:00 photonvision kernel: usb 5-1: Found UVC 1.00 device AprilTag1 (0c45:6366)
[2025-09-27 20:26:23] [General - KernelLogLogger] [DEBUG] 2025-09-27T20:26:23.452502-06:00 photonvision kernel: input: AprilTag1: AprilTag1 as /devices/platform/fc880000.usb/usb5/5-1/5-1:1.0/input/input48
[2025-09-27 20:26:24] [Camera - USBFrameProvider - AprilTag1] [ERROR] Error grabbing image: timed out getting frame
[2025-09-27 20:26:24] [Camera - USBFrameProvider - AprilTag1] [ERROR] Error grabbing image: timed out getting frame
[2025-09-27 20:26:24] [CSCore - PvCSCoreLogger] [DEBUG] CS: DEBUG 7: AprilTag1: allocating buffers (UsbCameraImpl.cpp:701)
[2025-09-27 20:26:24] [CSCore - PvCSCoreLogger] [DEBUG] CS: DEBUG 7: AprilTag1: mapping buffers (UsbCameraImpl.cpp:715)
[2025-09-27 20:26:24] [CSCore - PvCSCoreLogger] [DEBUG] CS: DEBUG 7: AprilTag1: queuing buffers (UsbCameraImpl.cpp:765)
[2025-09-27 20:26:24] [Camera - USBFrameProvider - AprilTag1] [ERROR] Error grabbing image: timed out getting frame
[2025-09-27 20:26:24] [CSCore - PvCSCoreLogger] [ERROR] CS: ERROR 40: AprilTag1: ioctl VIDIOC_STREAMON failed: Protocol error (UsbCameraImpl.cpp:789)
[2025-09-27 20:26:24] [CSCore - PvCSCoreLogger] [INFO] AprilTag1: Attempting to connect to USB camera on /dev/v4l/by-path/platform-fc880000.usb-usb-0:1:1.0-video-index0
[2025-09-27 20:26:24] [CSCore - PvCSCoreLogger] [DEBUG] CS: DEBUG 7: AprilTag1: opening device (UsbCameraImpl.cpp:651)
[2025-09-27 20:26:24] [CSCore - PvCSCoreLogger] [INFO] AprilTag1: Attempting to connect to USB camera on /dev/v4l/by-path/platform-fc880000.usb-usb-0:1:1.0-video-index0
[2025-09-27 20:26:24] [CSCore - PvCSCoreLogger] [DEBUG] CS: DEBUG 7: AprilTag1: opening device (UsbCameraImpl.cpp:651)
[2025-09-27 20:26:24] [Camera - USBFrameProvider - AprilTag1] [ERROR] Error grabbing image: timed out getting frame
[2025-09-27 20:26:24] [General - KernelLogLogger] [DEBUG] 2025-09-27T20:26:24.745736-06:00 photonvision kernel: usb 5-1: Failed to query (GET_CUR) UVC control 7 on unit 2: -71 (exp. 2).
[2025-09-27 20:26:24] [General - KernelLogLogger] [DEBUG] 2025-09-27T20:26:24.755744-06:00 photonvision kernel: usb usb5-port1: disabled by hub (EMI?), re-enabling...
[2025-09-27 20:26:24] [General - KernelLogLogger] [DEBUG] 2025-09-27T20:26:24.755770-06:00 photonvision kernel: usb 5-1: USB disconnect, device number 35
[2025-09-27 20:26:24] [General - KernelLogLogger] [DEBUG] ÿ
[2025-09-27 20:26:25] [Camera - USBFrameProvider - AprilTag1] [ERROR] Error grabbing image: timed out getting frame
[2025-09-27 20:26:25] [CSCore - PvCSCoreLogger] [INFO] AprilTag1: Attempting to connect to USB camera on /dev/v4l/by-path/platform-fc880000.usb-usb-0:1:1.0-video-index0
[2025-09-27 20:26:25] [CSCore - PvCSCoreLogger] [DEBUG] CS: DEBUG 7: AprilTag1: opening device (UsbCameraImpl.cpp:651)
[2025-09-27 20:26:25] [CSCore - PvCSCoreLogger] [INFO] AprilTag1: Attempting to connect to USB camera on /dev/v4l/by-path/platform-fc880000.usb-usb-0:1:1.0-video-index0
[2025-09-27 20:26:25] [CSCore - PvCSCoreLogger] [DEBUG] CS: DEBUG 7: AprilTag1: opening device (UsbCameraImpl.cpp:651)
[2025-09-27 20:26:25] [CSCore - PvCSCoreLogger] [INFO] AprilTag1: Attempting to connect to USB camera on /dev/v4l/by-path/platform-fc880000.usb-usb-0:1:1.0-video-index0
[2025-09-27 20:26:25] [CSCore - PvCSCoreLogger] [DEBUG] CS: DEBUG 7: AprilTag1: opening device (UsbCameraImpl.cpp:651)
[2025-09-27 20:26:25] [CSCore - PvCSCoreLogger] [INFO] AprilTag1: Attempting to connect to USB camera on /dev/v4l/by-path/platform-fc880000.usb-usb-0:1:1.0-video-index0
[2025-09-27 20:26:25] [CSCore - PvCSCoreLogger] [DEBUG] CS: DEBUG 7: AprilTag1: opening device (UsbCameraImpl.cpp:651)
[2025-09-27 20:26:25] [CSCore - PvCSCoreLogger] [INFO] AprilTag1: Connected to USB camera on /dev/v4l/by-path/platform-fc880000.usb-usb-0:1:1.0-video-index0
[2025-09-27 20:26:25] [CSCore - PvCSCoreLogger] [DEBUG] CS: DEBUG 7: AprilTag1: getting capabilities (UsbCameraImpl.cpp:663)
[2025-09-27 20:26:25] [CSCore - PvCSCoreLogger] [DEBUG] CS: DEBUG 7: AprilTag1: restoring video mode (UsbCameraImpl.cpp:681)
[2025-09-27 20:26:25] [CSCore - PvCSCoreLogger] [INFO] AprilTag1: set format 1 res 320x240
[2025-09-27 20:26:25] [CSCore - PvCSCoreLogger] [INFO] AprilTag1: set FPS to 100
[2025-09-27 20:26:25] [CSCore - PvCSCoreLogger] [DEBUG] CS: DEBUG 7: AprilTag1: restoring settings (UsbCameraImpl.cpp:686)
[2025-09-27 20:26:25] [Camera - USBFrameProvider - AprilTag1] [ERROR] Error grabbing image: timed out getting frame
[2025-09-27 20:26:25] [Camera - USBFrameProvider - AprilTag1] [ERROR] Error grabbing image: timed out getting frame
[2025-09-27 20:26:25] [General - KernelLogLogger] [DEBUG] 2025-09-27T20:26:25.092485-06:00 photonvision kernel: usb 5-1: new high-speed USB device number 36 using ehci-platform
[2025-09-27 20:26:25] [General - KernelLogLogger] [DEBUG] 2025-09-27T20:26:25.252422-06:00 photonvision kernel: usb 5-1: New USB device found, idVendor=0c45, idProduct=6366, bcdDevice= 1.00
[2025-09-27 20:26:25] [General - KernelLogLogger] [DEBUG] 2025-09-27T20:26:25.252476-06:00 photonvision kernel: usb 5-1: New USB device strings: Mfr=2, Product=1, SerialNumber=3
[2025-09-27 20:26:25] [General - KernelLogLogger] [DEBUG] 2025-09-27T20:26:25.252480-06:00 photonvision kernel: usb 5-1: Product: AprilTag1
[2025-09-27 20:26:25] [General - KernelLogLogger] [DEBUG] 2025-09-27T20:26:25.252483-06:00 photonvision kernel: usb 5-1: Manufacturer: Arducam Technology Co., Ltd.
[2025-09-27 20:26:25] [General - KernelLogLogger] [DEBUG] 2025-09-27T20:26:25.252487-06:00 photonvision kernel: usb 5-1: SerialNumber: 0001
[2025-09-27 20:26:25] [General - KernelLogLogger] [DEBUG] 2025-09-27T20:26:25.255735-06:00 photonvision kernel: usb 5-1: Found UVC 1.00 device AprilTag1 (0c45:6366)
[2025-09-27 20:26:25] [General - KernelLogLogger] [DEBUG] 2025-09-27T20:26:25.286455-06:00 photonvision kernel: input: AprilTag1: AprilTag1 as /devices/platform/fc880000.usb/usb5/5-1/5-1:1.0/input/input49
[2025-09-27 20:26:25] [General - KernelLogLogger] [DEBUG] td.
[2025-09-27 20:26:25] [General - KernelLogLogger] [DEBUG] 2025-09-27T20:25:18.295753-06:00 photonvision kernel: usb 5-1: SerialNumber: 0001
[2025-09-27 20:26:25] [General - KernelLogLogger] [DEBUG] 2025-09-27T20:25:18.299056-06:00 photonvision kernel: usb 5-1: Found UVC 1.00 device AprilTag1 (0c45:6366)
[2025-09-27 20:26:25] [General - KernelLogLogger] [DEBUG] 2025-09-27T20:25:18.325767-06:00 photonvision kernel: input: AprilTag1: AprilTag1 as /devices/platform/fc880000.usb/usb5/5-1/5-1:1.0/input/input16
[2025-09-27 20:26:25] [General - KernelLogLogger] [DEBUG] Gþÿ
[2025-09-27 20:26:25] [Camera - USBFrameProvider - AprilTag1] [ERROR] Error grabbing image: timed out getting frame
[2025-09-27 20:26:26] [Camera - USBFrameProvider - AprilTag1] [ERROR] Error grabbing image: timed out getting frame
[2025-09-27 20:26:26] [CSCore - PvCSCoreLogger] [DEBUG] CS: DEBUG 7: AprilTag1: allocating buffers (UsbCameraImpl.cpp:701)
[2025-09-27 20:26:26] [CSCore - PvCSCoreLogger] [DEBUG] CS: DEBUG 7: AprilTag1: mapping buffers (UsbCameraImpl.cpp:715)
[2025-09-27 20:26:26] [CSCore - PvCSCoreLogger] [DEBUG] CS: DEBUG 7: AprilTag1: queuing buffers (UsbCameraImpl.cpp:765)
[2025-09-27 20:26:26] [Camera - USBFrameProvider - AprilTag1] [ERROR] Error grabbing image: timed out getting frame
[2025-09-27 20:26:26] [CSCore - PvCSCoreLogger] [ERROR] CS: ERROR 40: AprilTag1: ioctl VIDIOC_STREAMON failed: Protocol error (UsbCameraImpl.cpp:789)
[2025-09-27 20:26:26] [CSCore - PvCSCoreLogger] [INFO] AprilTag1: Attempting to connect to USB camera on /dev/v4l/by-path/platform-fc880000.usb-usb-0:1:1.0-video-index0
[2025-09-27 20:26:26] [CSCore - PvCSCoreLogger] [DEBUG] CS: DEBUG 7: AprilTag1: opening device (UsbCameraImpl.cpp:651)
[2025-09-27 20:26:26] [CSCore - PvCSCoreLogger] [INFO] AprilTag1: Attempting to connect to USB camera on /dev/v4l/by-path/platform-fc880000.usb-usb-0:1:1.0-video-index0
[2025-09-27 20:26:26] [CSCore - PvCSCoreLogger] [DEBUG] CS: DEBUG 7: AprilTag1: opening device (UsbCameraImpl.cpp:651)
[2025-09-27 20:26:26] [Camera - USBFrameProvider - AprilTag1] [ERROR] Error grabbing image: timed out getting frame
[2025-09-27 20:26:26] [General - KernelLogLogger] [DEBUG] 2025-09-27T20:26:26.577243-06:00 photonvision kernel: usb 5-1: Failed to query (GET_MAX) UVC control 8 on unit 2: -71 (exp. 2).
[2025-09-27 20:26:26] [General - KernelLogLogger] [DEBUG] 2025-09-27T20:26:26.589074-06:00 photonvision kernel: usb usb5-port1: disabled by hub (EMI?), re-enabling...
[2025-09-27 20:26:26] [General - KernelLogLogger] [DEBUG] 2025-09-27T20:26:26.589087-06:00 photonvision kernel: usb 5-1: USB disconnect, device number 36
[2025-09-27 20:26:26] [General - KernelLogLogger] [DEBUG] 2025-09-27T20:26:26.589089-06:00 photonvision kernel: usb 5-1: Failed to query (GET_CUR) UVC control 2 on unit 2: -71 (exp. 2).
[2025-09-27 20:26:26] [General - KernelLogLogger] [DEBUG] 2025-09-27T20:26:26.589090-06:00 photonvision kernel: usb 5-1: Failed to query (GET_DEF) UVC control 8 on unit 2: -19 (exp. 2).
[2025-09-27 20:26:27] [Camera - USBFrameProvider - AprilTag1] [ERROR] Error grabbing image: timed out getting frame
[2025-09-27 20:26:27] [CSCore - PvCSCoreLogger] [INFO] AprilTag1: Attempting to connect to USB camera on /dev/v4l/by-path/platform-fc880000.usb-usb-0:1:1.0-video-index0
[2025-09-27 20:26:27] [CSCore - PvCSCoreLogger] [DEBUG] CS: DEBUG 7: AprilTag1: opening device (UsbCameraImpl.cpp:651)
[2025-09-27 20:26:27] [CSCore - PvCSCoreLogger] [INFO] AprilTag1: Attempting to connect to USB camera on /dev/v4l/by-path/platform-fc880000.usb-usb-0:1:1.0-video-index0
[2025-09-27 20:26:27] [CSCore - PvCSCoreLogger] [DEBUG] CS: DEBUG 7: AprilTag1: opening device (UsbCameraImpl.cpp:651)
[2025-09-27 20:26:27] [CSCore - PvCSCoreLogger] [INFO] AprilTag1: Connected to USB camera on /dev/v4l/by-path/platform-fc880000.usb-usb-0:1:1.0-video-index0
[2025-09-27 20:26:27] [CSCore - PvCSCoreLogger] [DEBUG] CS: DEBUG 7: AprilTag1: getting capabilities (UsbCameraImpl.cpp:663)
[2025-09-27 20:26:27] [CSCore - PvCSCoreLogger] [DEBUG] CS: DEBUG 7: AprilTag1: restoring video mode (UsbCameraImpl.cpp:681)
[2025-09-27 20:26:27] [CSCore - PvCSCoreLogger] [INFO] AprilTag1: set format 1 res 320x240
[2025-09-27 20:26:27] [CSCore - PvCSCoreLogger] [INFO] AprilTag1: set FPS to 100
[2025-09-27 20:26:27] [CSCore - PvCSCoreLogger] [DEBUG] CS: DEBUG 7: AprilTag1: restoring settings (UsbCameraImpl.cpp:686)
[2025-09-27 20:26:27] [Camera - USBFrameProvider - AprilTag1] [ERROR] Error grabbing image: timed out getting frame
[2025-09-27 20:26:27] [Camera - USBFrameProvider - AprilTag1] [ERROR] Error grabbing image: timed out getting frame
[2025-09-27 20:26:27] [Camera - USBFrameProvider - AprilTag1] [ERROR] Error grabbing image: timed out getting frame
[2025-09-27 20:26:27] [General - KernelLogLogger] [DEBUG] 2025-09-27T20:26:26.932411-06:00 photonvision kernel: usb 5-1: new high-speed USB device number 37 using ehci-platform
[2025-09-27 20:26:27] [General - KernelLogLogger] [DEBUG] 2025-09-27T20:26:27.094361-06:00 photonvision kernel: usb 5-1: New USB device found, idVendor=0c45, idProduct=6366, bcdDevice= 1.00
[2025-09-27 20:26:27] [General - KernelLogLogger] [DEBUG] 2025-09-27T20:26:27.094391-06:00 photonvision kernel: usb 5-1: New USB device strings: Mfr=2, Product=1, SerialNumber=3
[2025-09-27 20:26:27] [General - KernelLogLogger] [DEBUG] 2025-09-27T20:26:27.094393-06:00 photonvision kernel: usb 5-1: Product: AprilTag1
[2025-09-27 20:26:27] [General - KernelLogLogger] [DEBUG] 2025-09-27T20:26:27.094394-06:00 photonvision kernel: usb 5-1: Manufacturer: Arducam Technology Co., Ltd.
[2025-09-27 20:26:27] [General - KernelLogLogger] [DEBUG] 2025-09-27T20:26:27.094395-06:00 photonvision kernel: usb 5-1: SerialNumber: 0001
[2025-09-27 20:26:27] [General - KernelLogLogger] [DEBUG] 2025-09-27T20:26:27.099060-06:00 photonvision kernel: usb 5-1: Found UVC 1.00 device AprilTag1 (0c45:6366)
[2025-09-27 20:26:27] [General - KernelLogLogger] [DEBUG] 2025-09-27T20:26:27.125718-06:00 photonvision kernel: input: AprilTag1: AprilTag1 as /devices/platform/fc880000.usb/usb5/5-1/5-1:1.0/input/input50
[2025-09-27 20:26:27] [General - KernelLogLogger] [DEBUG] td.
[2025-09-27 20:26:27] [General - KernelLogLogger] [DEBUG] 2025-09-27T20:25:18.295753-06:00 photonvision kernel: usb 5-1: SerialNumber: 0001
[2025-09-27 20:26:27] [General - KernelLogLogger] [DEBUG] 2025-09-27T20:25:18.299056-06:00 photonvision kernel: usb 5-1: Found UVC 1.00 device AprilTag1 (0c45:6366)
[2025-09-27 20:26:27] [General - KernelLogLogger] [DEBUG] 2025-09-27T20:25:18.325767-06:00 photonvision kernel: input: AprilTag1: AprilTag1 as /devices/platform/fc880000.usb/usb5/5-1/5-1:1.0/input/input16
[2025-09-27 20:26:27] [General - KernelLogLogger] [DEBUG] Gþÿ
[2025-09-27 20:26:28] [Camera - USBFrameProvider - AprilTag1] [ERROR] Error grabbing image: timed out getting frame
[2025-09-27 20:26:28] [CSCore - PvCSCoreLogger] [DEBUG] CS: DEBUG 7: AprilTag1: allocating buffers (UsbCameraImpl.cpp:701)
[2025-09-27 20:26:28] [CSCore - PvCSCoreLogger] [DEBUG] CS: DEBUG 7: AprilTag1: mapping buffers (UsbCameraImpl.cpp:715)
[2025-09-27 20:26:28] [CSCore - PvCSCoreLogger] [DEBUG] CS: DEBUG 7: AprilTag1: queuing buffers (UsbCameraImpl.cpp:765)
[2025-09-27 20:26:28] [Camera - USBFrameProvider - AprilTag1] [ERROR] Error grabbing image: timed out getting frame
[2025-09-27 20:26:28] [CSCore - PvCSCoreLogger] [ERROR] CS: ERROR 40: AprilTag1: ioctl VIDIOC_STREAMON failed: Protocol error (UsbCameraImpl.cpp:789)
[2025-09-27 20:26:28] [CSCore - PvCSCoreLogger] [INFO] AprilTag1: Attempting to connect to USB camera on /dev/v4l/by-path/platform-fc880000.usb-usb-0:1:1.0-video-index0
[2025-09-27 20:26:28] [CSCore - PvCSCoreLogger] [DEBUG] CS: DEBUG 7: AprilTag1: opening device (UsbCameraImpl.cpp:651)
[2025-09-27 20:26:28] [CSCore - PvCSCoreLogger] [INFO] AprilTag1: Attempting to connect to USB camera on /dev/v4l/by-path/platform-fc880000.usb-usb-0:1:1.0-video-index0
[2025-09-27 20:26:28] [CSCore - PvCSCoreLogger] [DEBUG] CS: DEBUG 7: AprilTag1: opening device (UsbCameraImpl.cpp:651)
[2025-09-27 20:26:28] [Camera - USBFrameProvider - AprilTag1] [ERROR] Error grabbing image: timed out getting frame
[2025-09-27 20:26:28] [General - KernelLogLogger] [DEBUG] 2025-09-27T20:26:28.422454-06:00 photonvision kernel: usb 5-1: Failed to query (GET_CUR) UVC control 6 on unit 2: -71 (exp. 2).
[2025-09-27 20:26:28] [General - KernelLogLogger] [DEBUG] 2025-09-27T20:26:28.439100-06:00 photonvision kernel: usb usb5-port1: disabled by hub (EMI?), re-enabling...
[2025-09-27 20:26:28] [General - KernelLogLogger] [DEBUG] 2025-09-27T20:26:28.439133-06:00 photonvision kernel: usb 5-1: USB disconnect, device number 37
[2025-09-27 20:26:28] [General - KernelLogLogger] [DEBUG] 2025-09-27T20:26:28.786872-06:00 photonvision kernel: usb 5-1: new high-speed USB device number 38 using ehci-platform
[2025-09-27 20:26:28] [Camera - USBFrameProvider - AprilTag1] [ERROR] Error grabbing image: timed out getting frame
[2025-09-27 20:26:29] [CSCore - PvCSCoreLogger] [INFO] AprilTag1: Attempting to connect to USB camera on /dev/v4l/by-path/platform-fc880000.usb-usb-0:1:1.0-video-index0
[2025-09-27 20:26:29] [CSCore - PvCSCoreLogger] [DEBUG] CS: DEBUG 7: AprilTag1: opening device (UsbCameraImpl.cpp:651)
[2025-09-27 20:26:29] [CSCore - PvCSCoreLogger] [INFO] AprilTag1: Attempting to connect to USB camera on /dev/v4l/by-path/platform-fc880000.usb-usb-0:1:1.0-video-index0
[2025-09-27 20:26:29] [CSCore - PvCSCoreLogger] [DEBUG] CS: DEBUG 7: AprilTag1: opening device (UsbCameraImpl.cpp:651)
[2025-09-27 20:26:29] [CSCore - PvCSCoreLogger] [INFO] AprilTag1: Attempting to connect to USB camera on /dev/v4l/by-path/platform-fc880000.usb-usb-0:1:1.0-video-index0
[2025-09-27 20:26:29] [CSCore - PvCSCoreLogger] [DEBUG] CS: DEBUG 7: AprilTag1: opening device (UsbCameraImpl.cpp:651)
[2025-09-27 20:26:29] [CSCore - PvCSCoreLogger] [INFO] AprilTag1: Connected to USB camera on /dev/v4l/by-path/platform-fc880000.usb-usb-0:1:1.0-video-index0
[2025-09-27 20:26:29] [CSCore - PvCSCoreLogger] [DEBUG] CS: DEBUG 7: AprilTag1: getting capabilities (UsbCameraImpl.cpp:663)
[2025-09-27 20:26:29] [CSCore - PvCSCoreLogger] [DEBUG] CS: DEBUG 7: AprilTag1: restoring video mode (UsbCameraImpl.cpp:681)
[2025-09-27 20:26:29] [CSCore - PvCSCoreLogger] [INFO] AprilTag1: set format 1 res 320x240
[2025-09-27 20:26:29] [CSCore - PvCSCoreLogger] [INFO] AprilTag1: set FPS to 100
[2025-09-27 20:26:29] [CSCore - PvCSCoreLogger] [DEBUG] CS: DEBUG 7: AprilTag1: restoring settings (UsbCameraImpl.cpp:686)
[2025-09-27 20:26:29] [Camera - USBFrameProvider - AprilTag1] [ERROR] Error grabbing image: timed out getting frame
[2025-09-27 20:26:29] [Camera - USBFrameProvider - AprilTag1] [ERROR] Error grabbing image: timed out getting frame
[2025-09-27 20:26:29] [Camera - USBFrameProvider - AprilTag1] [ERROR] Error grabbing image: timed out getting frame
[2025-09-27 20:26:29] [General - KernelLogLogger] [DEBUG] 2025-09-27T20:26:28.949119-06:00 photonvision kernel: usb 5-1: New USB device found, idVendor=0c45, idProduct=6366, bcdDevice= 1.00
[2025-09-27 20:26:29] [General - KernelLogLogger] [DEBUG] 2025-09-27T20:26:28.949166-06:00 photonvision kernel: usb 5-1: New USB device strings: Mfr=2, Product=1, SerialNumber=3
[2025-09-27 20:26:29] [General - KernelLogLogger] [DEBUG] 2025-09-27T20:26:28.949170-06:00 photonvision kernel: usb 5-1: Product: AprilTag1
[2025-09-27 20:26:29] [General - KernelLogLogger] [DEBUG] 2025-09-27T20:26:28.949173-06:00 photonvision kernel: usb 5-1: Manufacturer: Arducam Technology Co., Ltd.
[2025-09-27 20:26:29] [General - KernelLogLogger] [DEBUG] 2025-09-27T20:26:28.949177-06:00 photonvision kernel: usb 5-1: SerialNumber: 0001
[2025-09-27 20:26:29] [General - KernelLogLogger] [DEBUG] 2025-09-27T20:26:28.952419-06:00 photonvision kernel: usb 5-1: Found UVC 1.00 device AprilTag1 (0c45:6366)
[2025-09-27 20:26:29] [General - KernelLogLogger] [DEBUG] 2025-09-27T20:26:28.982451-06:00 photonvision kernel: input: AprilTag1: AprilTag1 as /devices/platform/fc880000.usb/usb5/5-1/5-1:1.0/input/input51
[2025-09-27 20:26:29] [General - KernelLogLogger] [DEBUG] 
[2025-09-27 20:26:30] [Camera - USBFrameProvider - AprilTag1] [ERROR] Error grabbing image: timed out getting frame
[2025-09-27 20:26:30] [CSCore - PvCSCoreLogger] [DEBUG] CS: DEBUG 7: AprilTag1: allocating buffers (UsbCameraImpl.cpp:701)
[2025-09-27 20:26:30] [CSCore - PvCSCoreLogger] [DEBUG] CS: DEBUG 7: AprilTag1: mapping buffers (UsbCameraImpl.cpp:715)
[2025-09-27 20:26:30] [CSCore - PvCSCoreLogger] [DEBUG] CS: DEBUG 7: AprilTag1: queuing buffers (UsbCameraImpl.cpp:765)
[2025-09-27 20:26:30] [CSCore - PvCSCoreLogger] [ERROR] CS: ERROR 40: AprilTag1: ioctl VIDIOC_STREAMON failed: Protocol error (UsbCameraImpl.cpp:789)
[2025-09-27 20:26:30] [Camera - USBFrameProvider - AprilTag1] [ERROR] Error grabbing image: timed out getting frame
[2025-09-27 20:26:30] [CSCore - PvCSCoreLogger] [INFO] AprilTag1: Attempting to connect to USB camera on /dev/v4l/by-path/platform-fc880000.usb-usb-0:1:1.0-video-index0
[2025-09-27 20:26:30] [CSCore - PvCSCoreLogger] [DEBUG] CS: DEBUG 7: AprilTag1: opening device (UsbCameraImpl.cpp:651)
[2025-09-27 20:26:30] [CSCore - PvCSCoreLogger] [INFO] AprilTag1: Attempting to connect to USB camera on /dev/v4l/by-path/platform-fc880000.usb-usb-0:1:1.0-video-index0
[2025-09-27 20:26:30] [CSCore - PvCSCoreLogger] [DEBUG] CS: DEBUG 7: AprilTag1: opening device (UsbCameraImpl.cpp:651)
[2025-09-27 20:26:30] [Camera - USBFrameProvider - AprilTag1] [ERROR] Error grabbing image: timed out getting frame
[2025-09-27 20:26:30] [Camera - USBFrameProvider - AprilTag1] [ERROR] Error grabbing image: timed out getting frame
[2025-09-27 20:26:30] [General - KernelLogLogger] [DEBUG] 2025-09-27T20:26:30.275743-06:00 photonvision kernel: usb 5-1: Failed to query (GET_MIN) UVC control 1 on unit 2: -71 (exp. 2).
[2025-09-27 20:26:30] [General - KernelLogLogger] [DEBUG] 2025-09-27T20:26:30.292452-06:00 photonvision kernel: usb 5-1: Failed to query (GET_CUR) UVC control 2 on unit 2: -71 (exp. 2).
[2025-09-27 20:26:30] [General - KernelLogLogger] [DEBUG] 2025-09-27T20:26:30.299102-06:00 photonvision kernel: usb 5-1: Failed to query (GET_DEF) UVC control 1 on unit 2: -71 (exp. 2).
[2025-09-27 20:26:30] [General - KernelLogLogger] [DEBUG] 2025-09-27T20:26:30.379074-06:00 photonvision kernel: usb usb5-port1: disabled by hub (EMI?), re-enabling...
[2025-09-27 20:26:30] [General - KernelLogLogger] [DEBUG] 2025-09-27T20:26:30.379124-06:00 photonvision kernel: usb 5-1: USB disconnect, device number 38
[2025-09-27 20:26:30] [General - KernelLogLogger] [DEBUG] 2025-09-27T20:26:30.729092-06:00 photonvision kernel: usb 5-1: new high-speed USB device number 39 using ehci-platform
[2025-09-27 20:26:30] [General - KernelLogLogger] [DEBUG] 2025-09-27T20:26:30.892436-06:00 photonvision kernel: usb 5-1: New USB device found, idVendor=0c45, idProduct=6366, bcdDevice= 1.00
[2025-09-27 20:26:30] [General - KernelLogLogger] [DEBUG] 2025-09-27T20:26:30.892497-06:00 photonvision kernel: usb 5-1: New USB device strings: Mfr=2, Product=1, SerialNumber=3
[2025-09-27 20:26:30] [General - KernelLogLogger] [DEBUG] 2025-09-27T20:26:30.892502-06:00 photonvision kernel: usb 5-1: Product: AprilTag1
[2025-09-27 20:26:30] [General - KernelLogLogger] [DEBUG] 2025-09-27T20:26:30.892505-06:00 photonvision kernel: usb 5-1: Manufacturer: Arducam Technology Co., Ltd.
[2025-09-27 20:26:30] [General - KernelLogLogger] [DEBUG] 2025-09-27T20:26:30.892531-06:00 photonvision kernel: usb 5-1: SerialNumber: 0001
[2025-09-27 20:26:30] [General - KernelLogLogger] [DEBUG] 2025-09-27T20:26:30.892535-06:00 photonvision kernel: usb 5-1: Found UVC 1.00 device AprilTag1 (0c45:6366)
[2025-09-27 20:26:30] [CSCore - PvCSCoreLogger] [INFO] AprilTag1: Attempting to connect to USB camera on /dev/v4l/by-path/platform-fc880000.usb-usb-0:1:1.0-video-index0
[2025-09-27 20:26:30] [CSCore - PvCSCoreLogger] [DEBUG] CS: DEBUG 7: AprilTag1: opening device (UsbCameraImpl.cpp:651)
[2025-09-27 20:26:30] [CSCore - PvCSCoreLogger] [INFO] AprilTag1: Attempting to connect to USB camera on /dev/v4l/by-path/platform-fc880000.usb-usb-0:1:1.0-video-index0
[2025-09-27 20:26:30] [CSCore - PvCSCoreLogger] [DEBUG] CS: DEBUG 7: AprilTag1: opening device (UsbCameraImpl.cpp:651)
[2025-09-27 20:26:30] [CSCore - PvCSCoreLogger] [INFO] AprilTag1: Attempting to connect to USB camera on /dev/v4l/by-path/platform-fc880000.usb-usb-0:1:1.0-video-index0
[2025-09-27 20:26:30] [CSCore - PvCSCoreLogger] [DEBUG] CS: DEBUG 7: AprilTag1: opening device (UsbCameraImpl.cpp:651)
[2025-09-27 20:26:30] [CSCore - PvCSCoreLogger] [INFO] AprilTag1: Attempting to connect to USB camera on /dev/v4l/by-path/platform-fc880000.usb-usb-0:1:1.0-video-index0
[2025-09-27 20:26:30] [CSCore - PvCSCoreLogger] [DEBUG] CS: DEBUG 7: AprilTag1: opening device (UsbCameraImpl.cpp:651)
[2025-09-27 20:26:30] [CSCore - PvCSCoreLogger] [INFO] AprilTag1: Connected to USB camera on /dev/v4l/by-path/platform-fc880000.usb-usb-0:1:1.0-video-index0
[2025-09-27 20:26:30] [CSCore - PvCSCoreLogger] [DEBUG] CS: DEBUG 7: AprilTag1: getting capabilities (UsbCameraImpl.cpp:663)
[2025-09-27 20:26:30] [CSCore - PvCSCoreLogger] [DEBUG] CS: DEBUG 7: AprilTag1: restoring video mode (UsbCameraImpl.cpp:681)
[2025-09-27 20:26:30] [CSCore - PvCSCoreLogger] [INFO] AprilTag1: set format 1 res 320x240
[2025-09-27 20:26:31] [CSCore - PvCSCoreLogger] [INFO] AprilTag1: set FPS to 100
[2025-09-27 20:26:31] [CSCore - PvCSCoreLogger] [DEBUG] CS: DEBUG 7: AprilTag1: restoring settings (UsbCameraImpl.cpp:686)
[2025-09-27 20:26:31] [Camera - USBFrameProvider - AprilTag1] [ERROR] Error grabbing image: timed out getting frame
[2025-09-27 20:26:31] [Camera - USBFrameProvider - AprilTag1] [ERROR] Error grabbing image: timed out getting frame
[2025-09-27 20:26:31] [Camera - USBFrameProvider - AprilTag1] [ERROR] Error grabbing image: timed out getting frame
[2025-09-27 20:26:31] [General - KernelLogLogger] [DEBUG] 2025-09-27T20:26:30.922405-06:00 photonvision kernel: input: AprilTag1: AprilTag1 as /devices/platform/fc880000.usb/usb5/5-1/5-1:1.0/input/input52
[2025-09-27 20:26:31] [Camera - USBFrameProvider - AprilTag1] [ERROR] Error grabbing image: timed out getting frame
[2025-09-27 20:26:32] [CSCore - PvCSCoreLogger] [DEBUG] CS: DEBUG 7: AprilTag1: allocating buffers (UsbCameraImpl.cpp:701)
[2025-09-27 20:26:32] [CSCore - PvCSCoreLogger] [DEBUG] CS: DEBUG 7: AprilTag1: mapping buffers (UsbCameraImpl.cpp:715)
[2025-09-27 20:26:32] [CSCore - PvCSCoreLogger] [DEBUG] CS: DEBUG 7: AprilTag1: queuing buffers (UsbCameraImpl.cpp:765)
[2025-09-27 20:26:32] [Camera - USBFrameProvider - AprilTag1] [ERROR] Error grabbing image: timed out getting frame
[2025-09-27 20:26:32] [CSCore - PvCSCoreLogger] [ERROR] CS: ERROR 40: AprilTag1: ioctl VIDIOC_STREAMON failed: Protocol error (UsbCameraImpl.cpp:789)
[2025-09-27 20:26:32] [CSCore - PvCSCoreLogger] [INFO] AprilTag1: Attempting to connect to USB camera on /dev/v4l/by-path/platform-fc880000.usb-usb-0:1:1.0-video-index0
[2025-09-27 20:26:32] [CSCore - PvCSCoreLogger] [DEBUG] CS: DEBUG 7: AprilTag1: opening device (UsbCameraImpl.cpp:651)
[2025-09-27 20:26:32] [CSCore - PvCSCoreLogger] [INFO] AprilTag1: Attempting to connect to USB camera on /dev/v4l/by-path/platform-fc880000.usb-usb-0:1:1.0-video-index0
[2025-09-27 20:26:32] [CSCore - PvCSCoreLogger] [DEBUG] CS: DEBUG 7: AprilTag1: opening device (UsbCameraImpl.cpp:651)
[2025-09-27 20:26:32] [CSCore - PvCSCoreLogger] [INFO] AprilTag1: Attempting to connect to USB camera on /dev/v4l/by-path/platform-fc880000.usb-usb-0:1:1.0-video-index0
[2025-09-27 20:26:32] [CSCore - PvCSCoreLogger] [DEBUG] CS: DEBUG 7: AprilTag1: opening device (UsbCameraImpl.cpp:651)
[2025-09-27 20:26:32] [Camera - USBFrameProvider - AprilTag1] [ERROR] Error grabbing image: timed out getting frame
[2025-09-27 20:26:32] [Camera - USBFrameProvider - AprilTag1] [ERROR] Error grabbing image: timed out getting frame
[2025-09-27 20:26:32] [CSCore - PvCSCoreLogger] [INFO] AprilTag1: Attempting to connect to USB camera on /dev/v4l/by-path/platform-fc880000.usb-usb-0:1:1.0-video-index0
[2025-09-27 20:26:32] [CSCore - PvCSCoreLogger] [DEBUG] CS: DEBUG 7: AprilTag1: opening device (UsbCameraImpl.cpp:651)
[2025-09-27 20:26:32] [CSCore - PvCSCoreLogger] [INFO] AprilTag1: Connected to USB camera on /dev/v4l/by-path/platform-fc880000.usb-usb-0:1:1.0-video-index0
[2025-09-27 20:26:32] [CSCore - PvCSCoreLogger] [DEBUG] CS: DEBUG 7: AprilTag1: getting capabilities (UsbCameraImpl.cpp:663)
[2025-09-27 20:26:32] [CSCore - PvCSCoreLogger] [DEBUG] CS: DEBUG 7: AprilTag1: restoring video mode (UsbCameraImpl.cpp:681)
[2025-09-27 20:26:32] [CSCore - PvCSCoreLogger] [INFO] AprilTag1: set format 1 res 320x240
[2025-09-27 20:26:32] [CSCore - PvCSCoreLogger] [INFO] AprilTag1: set FPS to 100
[2025-09-27 20:26:32] [CSCore - PvCSCoreLogger] [DEBUG] CS: DEBUG 7: AprilTag1: restoring settings (UsbCameraImpl.cpp:686)
[2025-09-27 20:26:32] [General - KernelLogLogger] [DEBUG] 2025-09-27T20:26:32.222389-06:00 photonvision kernel: usb 5-1: Failed to query (GET_RES) UVC control 1 on unit 2: -71 (exp. 2).
[2025-09-27 20:26:32] [General - KernelLogLogger] [DEBUG] 2025-09-27T20:26:32.250090-06:00 photonvision kernel: usb usb5-port1: disabled by hub (EMI?), re-enabling...
[2025-09-27 20:26:32] [General - KernelLogLogger] [DEBUG] 2025-09-27T20:26:32.250111-06:00 photonvision kernel: usb 5-1: USB disconnect, device number 39
[2025-09-27 20:26:32] [General - KernelLogLogger] [DEBUG] 2025-09-27T20:26:32.250113-06:00 photonvision kernel: usb 5-1: Failed to query (GET_CUR) UVC control 2 on unit 2: -71 (exp. 2).
[2025-09-27 20:26:32] [General - KernelLogLogger] [DEBUG] 2025-09-27T20:26:32.250114-06:00 photonvision kernel: usb 5-1: Failed to query (GET_DEF) UVC control 1 on unit 2: -19 (exp. 2).
[2025-09-27 20:26:32] [General - KernelLogLogger] [DEBUG] 2025-09-27T20:26:32.612767-06:00 photonvision kernel: usb 5-1: new high-speed USB device number 40 using ehci-platform
[2025-09-27 20:26:32] [General - KernelLogLogger] [DEBUG] 2025-09-27T20:26:32.772652-06:00 photonvision kernel: usb 5-1: New USB device found, idVendor=0c45, idProduct=6366, bcdDevice= 1.00
[2025-09-27 20:26:32] [General - KernelLogLogger] [DEBUG] 2025-09-27T20:26:32.772670-06:00 photonvision kernel: usb 5-1: New USB device strings: Mfr=2, Product=1, SerialNumber=3
[2025-09-27 20:26:32] [General - KernelLogLogger] [DEBUG] 2025-09-27T20:26:32.772674-06:00 photonvision kernel: usb 5-1: Product: AprilTag1
[2025-09-27 20:26:32] [General - KernelLogLogger] [DEBUG] 2025-09-27T20:26:32.772679-06:00 photonvision kernel: usb 5-1: Manufacturer: Arducam Technology Co., Ltd.
[2025-09-27 20:26:32] [General - KernelLogLogger] [DEBUG] 2025-09-27T20:26:32.772681-06:00 photonvision kernel: usb 5-1: SerialNumber: 0001
[2025-09-27 20:26:32] [General - KernelLogLogger] [DEBUG] 2025-09-27T20:26:32.775920-06:00 photonvision kernel: usb 5-1: Found UVC 1.00 device AprilTag1 (0c45:6366)
[2025-09-27 20:26:32] [General - KernelLogLogger] [DEBUG] 2025-09-27T20:26:32.802430-06:00 photonvision kernel: input: AprilTag1: AprilTag1 as /devices/platform/fc880000.usb/usb5/5-1/5-1:1.0/input/input53
[2025-09-27 20:26:32] [General - KernelLogLogger] [DEBUG] 7T20:25:26.582388-06:00 photonvision kernel: usb 5-1: Failed to query (GET_MIN) UVC control 1 on unit 2: -71 (exp. 2).
[2025-09-27 20:26:32] [General - KernelLogLogger] [DEBUG] 2025-09-27T20:25:26.592386-06:00 photonvision kernel: usb 5-1: Failed to query (GET_CUR) UVC control 2 on unit 2: -71 (exp. 2).
[2025-09-27 20:26:32] [General - KernelLogLogger] [DEBUG] 2025-09-27T20:25:26.595748-06:00 photonvision kernel: usb usb5-port1: disabled by hub (EMI?), re-enabling...
[2025-09-27 20:26:32] [General - KernelLogLogger] [DEBUG] 2025-09-27T20:25:26.595773-06:00 photonvision kernel: usb 5-1: USB disconnect, device number 4
[2025-09-27 20:26:32] [General - KernelLogLogger] [DEBUG] ÿ
[2025-09-27 20:26:33] [Camera - USBFrameProvider - AprilTag1] [ERROR] Error grabbing image: timed out getting frame
[2025-09-27 20:26:33] [Camera - USBFrameProvider - AprilTag1] [ERROR] Error grabbing image: timed out getting frame
[2025-09-27 20:26:33] [Camera - USBFrameProvider - AprilTag1] [ERROR] Error grabbing image: timed out getting frame
[2025-09-27 20:26:33] [Camera - USBFrameProvider - AprilTag1] [ERROR] Error grabbing image: timed out getting frame
[2025-09-27 20:26:33] [CSCore - PvCSCoreLogger] [DEBUG] CS: DEBUG 7: AprilTag1: allocating buffers (UsbCameraImpl.cpp:701)
[2025-09-27 20:26:33] [CSCore - PvCSCoreLogger] [DEBUG] CS: DEBUG 7: AprilTag1: mapping buffers (UsbCameraImpl.cpp:715)
[2025-09-27 20:26:33] [CSCore - PvCSCoreLogger] [DEBUG] CS: DEBUG 7: AprilTag1: queuing buffers (UsbCameraImpl.cpp:765)
[2025-09-27 20:26:34] [CSCore - PvCSCoreLogger] [ERROR] CS: ERROR 40: AprilTag1: ioctl VIDIOC_STREAMON failed: Protocol error (UsbCameraImpl.cpp:789)
[2025-09-27 20:26:34] [CSCore - PvCSCoreLogger] [DEBUG] CS: DEBUG 7: AprilTag1: queuing buffers (UsbCameraImpl.cpp:765)
[2025-09-27 20:26:34] [CSCore - PvCSCoreLogger] [ERROR] CS: ERROR 40: ioctl VIDIOC_QBUF failed at UsbCameraImpl.cpp:772: Invalid argument (UsbUtil.cpp:157)
[2025-09-27 20:26:34] [CSCore - PvCSCoreLogger] [WARN] CS: WARNING 30: AprilTag1: could not queue buffer 0 (UsbCameraImpl.cpp:773)
[2025-09-27 20:26:34] [CSCore - PvCSCoreLogger] [DEBUG] CS: DEBUG 7: AprilTag1: queuing buffers (UsbCameraImpl.cpp:765)
[2025-09-27 20:26:34] [CSCore - PvCSCoreLogger] [ERROR] CS: ERROR 40: ioctl VIDIOC_QBUF failed at UsbCameraImpl.cpp:772: No such device (UsbUtil.cpp:157)
[2025-09-27 20:26:34] [CSCore - PvCSCoreLogger] [WARN] CS: WARNING 30: AprilTag1: could not queue buffer 0 (UsbCameraImpl.cpp:773)
[2025-09-27 20:26:34] [CSCore - PvCSCoreLogger] [INFO] AprilTag1: Attempting to connect to USB camera on /dev/v4l/by-path/platform-fc880000.usb-usb-0:1:1.0-video-index0
[2025-09-27 20:26:34] [CSCore - PvCSCoreLogger] [DEBUG] CS: DEBUG 7: AprilTag1: opening device (UsbCameraImpl.cpp:651)
[2025-09-27 20:26:34] [CSCore - PvCSCoreLogger] [INFO] AprilTag1: Attempting to connect to USB camera on /dev/v4l/by-path/platform-fc880000.usb-usb-0:1:1.0-video-index0
[2025-09-27 20:26:34] [CSCore - PvCSCoreLogger] [DEBUG] CS: DEBUG 7: AprilTag1: opening device (UsbCameraImpl.cpp:651)
[2025-09-27 20:26:34] [Camera - USBFrameProvider - AprilTag1] [ERROR] Error grabbing image: timed out getting frame
[2025-09-27 20:26:34] [Camera - USBFrameProvider - AprilTag1] [ERROR] Error grabbing image: timed out getting frame
[2025-09-27 20:26:34] [CSCore - PvCSCoreLogger] [INFO] AprilTag1: Attempting to connect to USB camera on /dev/v4l/by-path/platform-fc880000.usb-usb-0:1:1.0-video-index0
[2025-09-27 20:26:34] [Camera - USBFrameProvider - AprilTag1] [ERROR] Error grabbing image: timed out getting frame
[2025-09-27 20:26:34] [CSCore - PvCSCoreLogger] [DEBUG] CS: DEBUG 7: AprilTag1: opening device (UsbCameraImpl.cpp:651)
[2025-09-27 20:26:34] [CSCore - PvCSCoreLogger] [INFO] AprilTag1: Attempting to connect to USB camera on /dev/v4l/by-path/platform-fc880000.usb-usb-0:1:1.0-video-index0
[2025-09-27 20:26:34] [CSCore - PvCSCoreLogger] [DEBUG] CS: DEBUG 7: AprilTag1: opening device (UsbCameraImpl.cpp:651)
[2025-09-27 20:26:34] [CSCore - PvCSCoreLogger] [INFO] AprilTag1: Connected to USB camera on /dev/v4l/by-path/platform-fc880000.usb-usb-0:1:1.0-video-index0
[2025-09-27 20:26:34] [CSCore - PvCSCoreLogger] [DEBUG] CS: DEBUG 7: AprilTag1: getting capabilities (UsbCameraImpl.cpp:663)
[2025-09-27 20:26:34] [CSCore - PvCSCoreLogger] [DEBUG] CS: DEBUG 7: AprilTag1: restoring video mode (UsbCameraImpl.cpp:681)
[2025-09-27 20:26:34] [CSCore - PvCSCoreLogger] [INFO] AprilTag1: set format 1 res 320x240
[2025-09-27 20:26:34] [CSCore - PvCSCoreLogger] [INFO] AprilTag1: set FPS to 100
[2025-09-27 20:26:34] [CSCore - PvCSCoreLogger] [DEBUG] CS: DEBUG 7: AprilTag1: restoring settings (UsbCameraImpl.cpp:686)
[2025-09-27 20:26:34] [General - KernelLogLogger] [DEBUG] 2025-09-27T20:26:34.079151-06:00 photonvision kernel: usb 5-1: Failed to query (GET_CUR) UVC control 3 on unit 2: -71 (exp. 2).
[2025-09-27 20:26:34] [General - KernelLogLogger] [DEBUG] 2025-09-27T20:26:34.099100-06:00 photonvision kernel: usb usb5-port1: disabled by hub (EMI?), re-enabling...
[2025-09-27 20:26:34] [General - KernelLogLogger] [DEBUG] 2025-09-27T20:26:34.099151-06:00 photonvision kernel: usb 5-1: USB disconnect, device number 40
[2025-09-27 20:26:34] [General - KernelLogLogger] [DEBUG] 2025-09-27T20:26:34.442423-06:00 photonvision kernel: usb 5-1: new high-speed USB device number 41 using ehci-platform
[2025-09-27 20:26:34] [General - KernelLogLogger] [DEBUG] 2025-09-27T20:26:34.602427-06:00 photonvision kernel: usb 5-1: New USB device found, idVendor=0c45, idProduct=6366, bcdDevice= 1.00
[2025-09-27 20:26:34] [General - KernelLogLogger] [DEBUG] 2025-09-27T20:26:34.602482-06:00 photonvision kernel: usb 5-1: New USB device strings: Mfr=2, Product=1, SerialNumber=3
[2025-09-27 20:26:34] [General - KernelLogLogger] [DEBUG] 2025-09-27T20:26:34.602486-06:00 photonvision kernel: usb 5-1: Product: AprilTag1
[2025-09-27 20:26:34] [General - KernelLogLogger] [DEBUG] 2025-09-27T20:26:34.602489-06:00 photonvision kernel: usb 5-1: Manufacturer: Arducam Technology Co., Ltd.
[2025-09-27 20:26:34] [General - KernelLogLogger] [DEBUG] 2025-09-27T20:26:34.602493-06:00 photonvision kernel: usb 5-1: SerialNumber: 0001
[2025-09-27 20:26:34] [General - KernelLogLogger] [DEBUG] 2025-09-27T20:26:34.609111-06:00 photonvision kernel: usb 5-1: Found UVC 1.00 device AprilTag1 (0c45:6366)
[2025-09-27 20:26:34] [General - KernelLogLogger] [DEBUG] 2025-09-27T20:26:34.635787-06:00 photonvision kernel: input: AprilTag1: AprilTag1 as /devices/platform/fc880000.usb/usb5/5-1/5-1:1.0/input/input54
[2025-09-27 20:26:34] [Camera - USBFrameProvider - AprilTag1] [ERROR] Error grabbing image: timed out getting frame
[2025-09-27 20:26:35] [Camera - USBFrameProvider - AprilTag1] [ERROR] Error grabbing image: timed out getting frame
[2025-09-27 20:26:35] [Camera - USBFrameProvider - AprilTag1] [ERROR] Error grabbing image: timed out getting frame
[2025-09-27 20:26:35] [Camera - USBFrameProvider - AprilTag1] [ERROR] Error grabbing image: timed out getting frame
[2025-09-27 20:26:35] [CSCore - PvCSCoreLogger] [DEBUG] CS: DEBUG 7: AprilTag1: allocating buffers (UsbCameraImpl.cpp:701)
[2025-09-27 20:26:35] [CSCore - PvCSCoreLogger] [DEBUG] CS: DEBUG 7: AprilTag1: mapping buffers (UsbCameraImpl.cpp:715)
[2025-09-27 20:26:35] [CSCore - PvCSCoreLogger] [DEBUG] CS: DEBUG 7: AprilTag1: queuing buffers (UsbCameraImpl.cpp:765)
[2025-09-27 20:26:35] [CSCore - PvCSCoreLogger] [ERROR] CS: ERROR 40: AprilTag1: ioctl VIDIOC_STREAMON failed: Protocol error (UsbCameraImpl.cpp:789)
[2025-09-27 20:26:35] [CSCore - PvCSCoreLogger] [DEBUG] CS: DEBUG 7: AprilTag1: queuing buffers (UsbCameraImpl.cpp:765)
[2025-09-27 20:26:35] [CSCore - PvCSCoreLogger] [ERROR] CS: ERROR 40: ioctl VIDIOC_QBUF failed at UsbCameraImpl.cpp:772: Invalid argument (UsbUtil.cpp:157)
[2025-09-27 20:26:35] [CSCore - PvCSCoreLogger] [WARN] CS: WARNING 30: AprilTag1: could not queue buffer 0 (UsbCameraImpl.cpp:773)
[2025-09-27 20:26:35] [CSCore - PvCSCoreLogger] [INFO] AprilTag1: Attempting to connect to USB camera on /dev/v4l/by-path/platform-fc880000.usb-usb-0:1:1.0-video-index0
[2025-09-27 20:26:35] [CSCore - PvCSCoreLogger] [DEBUG] CS: DEBUG 7: AprilTag1: opening device (UsbCameraImpl.cpp:651)
[2025-09-27 20:26:35] [CSCore - PvCSCoreLogger] [INFO] AprilTag1: Attempting to connect to USB camera on /dev/v4l/by-path/platform-fc880000.usb-usb-0:1:1.0-video-index0
[2025-09-27 20:26:35] [CSCore - PvCSCoreLogger] [DEBUG] CS: DEBUG 7: AprilTag1: opening device (UsbCameraImpl.cpp:651)
[2025-09-27 20:26:36] [Camera - USBFrameProvider - AprilTag1] [ERROR] Error grabbing image: timed out getting frame
[2025-09-27 20:26:36] [Camera - USBFrameProvider - AprilTag1] [ERROR] Error grabbing image: timed out getting frame
[2025-09-27 20:26:36] [CSCore - PvCSCoreLogger] [INFO] AprilTag1: Attempting to connect to USB camera on /dev/v4l/by-path/platform-fc880000.usb-usb-0:1:1.0-video-index0
[2025-09-27 20:26:36] [CSCore - PvCSCoreLogger] [DEBUG] CS: DEBUG 7: AprilTag1: opening device (UsbCameraImpl.cpp:651)
[2025-09-27 20:26:36] [CSCore - PvCSCoreLogger] [INFO] AprilTag1: Attempting to connect to USB camera on /dev/v4l/by-path/platform-fc880000.usb-usb-0:1:1.0-video-index0
[2025-09-27 20:26:36] [CSCore - PvCSCoreLogger] [DEBUG] CS: DEBUG 7: AprilTag1: opening device (UsbCameraImpl.cpp:651)
[2025-09-27 20:26:36] [CSCore - PvCSCoreLogger] [INFO] AprilTag1: Connected to USB camera on /dev/v4l/by-path/platform-fc880000.usb-usb-0:1:1.0-video-index0
[2025-09-27 20:26:36] [CSCore - PvCSCoreLogger] [DEBUG] CS: DEBUG 7: AprilTag1: getting capabilities (UsbCameraImpl.cpp:663)
[2025-09-27 20:26:36] [CSCore - PvCSCoreLogger] [DEBUG] CS: DEBUG 7: AprilTag1: restoring video mode (UsbCameraImpl.cpp:681)
[2025-09-27 20:26:36] [CSCore - PvCSCoreLogger] [INFO] AprilTag1: set format 1 res 320x240
[2025-09-27 20:26:36] [Camera - USBFrameProvider - AprilTag1] [ERROR] Error grabbing image: timed out getting frame
[2025-09-27 20:26:36] [CSCore - PvCSCoreLogger] [INFO] AprilTag1: set FPS to 100
[2025-09-27 20:26:36] [CSCore - PvCSCoreLogger] [DEBUG] CS: DEBUG 7: AprilTag1: restoring settings (UsbCameraImpl.cpp:686)
[2025-09-27 20:26:36] [Camera - USBFrameProvider - AprilTag1] [ERROR] Error grabbing image: timed out getting frame
[2025-09-27 20:26:36] [General - KernelLogLogger] [DEBUG] 2025-09-27T20:26:35.939546-06:00 photonvision kernel: usb 5-1: Failed to query (GET_CUR) UVC control 6 on unit 2: -71 (exp. 2).
[2025-09-27 20:26:36] [General - KernelLogLogger] [DEBUG] 2025-09-27T20:26:35.975834-06:00 photonvision kernel: usb usb5-port1: disabled by hub (EMI?), re-enabling...
[2025-09-27 20:26:36] [General - KernelLogLogger] [DEBUG] 2025-09-27T20:26:35.975886-06:00 photonvision kernel: usb 5-1: USB disconnect, device number 41
[2025-09-27 20:26:36] [General - KernelLogLogger] [DEBUG] 2025-09-27T20:26:36.319107-06:00 photonvision kernel: usb 5-1: new high-speed USB device number 42 using ehci-platform
[2025-09-27 20:26:36] [General - KernelLogLogger] [DEBUG] 2025-09-27T20:26:36.480978-06:00 photonvision kernel: usb 5-1: New USB device found, idVendor=0c45, idProduct=6366, bcdDevice= 1.00
[2025-09-27 20:26:36] [General - KernelLogLogger] [DEBUG] 2025-09-27T20:26:36.481039-06:00 photonvision kernel: usb 5-1: New USB device strings: Mfr=2, Product=1, SerialNumber=3
[2025-09-27 20:26:36] [General - KernelLogLogger] [DEBUG] 2025-09-27T20:26:36.481045-06:00 photonvision kernel: usb 5-1: Product: AprilTag1
[2025-09-27 20:26:36] [General - KernelLogLogger] [DEBUG] 2025-09-27T20:26:36.481048-06:00 photonvision kernel: usb 5-1: Manufacturer: Arducam Technology Co., Ltd.
[2025-09-27 20:26:36] [General - KernelLogLogger] [DEBUG] 2025-09-27T20:26:36.481052-06:00 photonvision kernel: usb 5-1: SerialNumber: 0001
[2025-09-27 20:26:36] [General - KernelLogLogger] [DEBUG] 2025-09-27T20:26:36.482407-06:00 photonvision kernel: usb 5-1: Found UVC 1.00 device AprilTag1 (0c45:6366)
[2025-09-27 20:26:36] [General - KernelLogLogger] [DEBUG] 2025-09-27T20:26:36.512415-06:00 photonvision kernel: input: AprilTag1: AprilTag1 as /devices/platform/fc880000.usb/usb5/5-1/5-1:1.0/input/input55
[2025-09-27 20:26:36] [General - KernelLogLogger] [DEBUG] e80000.hdmi: i2c read time out!
[2025-09-27 20:26:36] [General - KernelLogLogger] [DEBUG]  :@:zÁã	8@IڊØ-6@ Y°ã#ß4@FàäÄå4@-,¹G3@£++¿Ò2@®¼Ԟ2@%:¦{2@	ó]H2@JQô1@®ª´=Wz1@GrÒ0@˞0@Ô^g5Ö%/@Ö±¦.@«¬eM.@´xæEò-@ǰØÅÉÌ-@I]ú-@WKþ1X.@¯Ëïù.@֯±{/@æҥ«Èß/@X)Gü`a0@eøÕ0@£"ãÐ1@5ÛiÌ1@#t|³[2@6îoâZA3@ð	Â4@ßAÔiÆ4@¬dÞÏ!5@w·ÔU5@. Ø3ø®4@ô!hí3@&±mE2@Dû-úÞ-@s2UɸÄ"@î%7à @HN¼àôä?é3âg¨?¸J?ÇêZBx?Ø0}õxó>?BÊÏK*î>fÏû5tð¾gcüyï¾ÚJ8F?ة?F鉝ý	?¯Wç«ÿ?p+ÙàÓð>FzÌ:å>ȗJ;ý>.aHfµ?dÌSÇ?"±« ?ñ«ɸ
[2025-09-27 20:26:37] [Camera - USBFrameProvider - AprilTag1] [ERROR] Error grabbing image: timed out getting frame
[2025-09-27 20:26:37] [Camera - USBFrameProvider - AprilTag1] [ERROR] Error grabbing image: timed out getting frame
[2025-09-27 20:26:37] [CSCore - PvCSCoreLogger] [DEBUG] CS: DEBUG 7: AprilTag1: allocating buffers (UsbCameraImpl.cpp:701)
[2025-09-27 20:26:37] [CSCore - PvCSCoreLogger] [DEBUG] CS: DEBUG 7: AprilTag1: mapping buffers (UsbCameraImpl.cpp:715)
[2025-09-27 20:26:37] [CSCore - PvCSCoreLogger] [DEBUG] CS: DEBUG 7: AprilTag1: queuing buffers (UsbCameraImpl.cpp:765)
[2025-09-27 20:26:37] [Camera - USBFrameProvider - AprilTag1] [ERROR] Error grabbing image: timed out getting frame
[2025-09-27 20:26:37] [CSCore - PvCSCoreLogger] [ERROR] CS: ERROR 40: AprilTag1: ioctl VIDIOC_STREAMON failed: Protocol error (UsbCameraImpl.cpp:789)
[2025-09-27 20:26:37] [CSCore - PvCSCoreLogger] [INFO] AprilTag1: Attempting to connect to USB camera on /dev/v4l/by-path/platform-fc880000.usb-usb-0:1:1.0-video-index0
[2025-09-27 20:26:37] [CSCore - PvCSCoreLogger] [DEBUG] CS: DEBUG 7: AprilTag1: opening device (UsbCameraImpl.cpp:651)
[2025-09-27 20:26:37] [CSCore - PvCSCoreLogger] [INFO] AprilTag1: Attempting to connect to USB camera on /dev/v4l/by-path/platform-fc880000.usb-usb-0:1:1.0-video-index0
[2025-09-27 20:26:37] [CSCore - PvCSCoreLogger] [DEBUG] CS: DEBUG 7: AprilTag1: opening device (UsbCameraImpl.cpp:651)
[2025-09-27 20:26:37] [General - KernelLogLogger] [DEBUG] 2025-09-27T20:26:37.812432-06:00 photonvision kernel: usb 5-1: Failed to query (GET_CUR) UVC control 9 on unit 2: -71 (exp. 2).
[2025-09-27 20:26:37] [General - KernelLogLogger] [DEBUG]  
[2025-09-27 20:26:37] [Camera - USBFrameProvider - AprilTag1] [ERROR] Error grabbing image: timed out getting frame
[2025-09-27 20:26:38] [Camera - USBFrameProvider - AprilTag1] [ERROR] Error grabbing image: timed out getting frame
[2025-09-27 20:26:38] [CSCore - PvCSCoreLogger] [INFO] AprilTag1: Attempting to connect to USB camera on /dev/v4l/by-path/platform-fc880000.usb-usb-0:1:1.0-video-index0
[2025-09-27 20:26:38] [CSCore - PvCSCoreLogger] [DEBUG] CS: DEBUG 7: AprilTag1: opening device (UsbCameraImpl.cpp:651)
[2025-09-27 20:26:38] [CSCore - PvCSCoreLogger] [INFO] AprilTag1: Attempting to connect to USB camera on /dev/v4l/by-path/platform-fc880000.usb-usb-0:1:1.0-video-index0
[2025-09-27 20:26:38] [CSCore - PvCSCoreLogger] [DEBUG] CS: DEBUG 7: AprilTag1: opening device (UsbCameraImpl.cpp:651)
[2025-09-27 20:26:38] [CSCore - PvCSCoreLogger] [INFO] AprilTag1: Connected to USB camera on /dev/v4l/by-path/platform-fc880000.usb-usb-0:1:1.0-video-index0
[2025-09-27 20:26:38] [CSCore - PvCSCoreLogger] [DEBUG] CS: DEBUG 7: AprilTag1: getting capabilities (UsbCameraImpl.cpp:663)
[2025-09-27 20:26:38] [CSCore - PvCSCoreLogger] [DEBUG] CS: DEBUG 7: AprilTag1: restoring video mode (UsbCameraImpl.cpp:681)
[2025-09-27 20:26:38] [CSCore - PvCSCoreLogger] [INFO] AprilTag1: set format 1 res 320x240
[2025-09-27 20:26:38] [CSCore - PvCSCoreLogger] [INFO] AprilTag1: set FPS to 100
[2025-09-27 20:26:38] [CSCore - PvCSCoreLogger] [DEBUG] CS: DEBUG 7: AprilTag1: restoring settings (UsbCameraImpl.cpp:686)
[2025-09-27 20:26:38] [Camera - USBFrameProvider - AprilTag1] [ERROR] Error grabbing image: timed out getting frame
[2025-09-27 20:26:38] [Camera - USBFrameProvider - AprilTag1] [ERROR] Error grabbing image: timed out getting frame
[2025-09-27 20:26:38] [General - KernelLogLogger] [DEBUG] 2025-09-27T20:26:37.826368-06:00 photonvision kernel: usb usb5-port1: disabled by hub (EMI?), re-enabling...
[2025-09-27 20:26:38] [General - KernelLogLogger] [DEBUG] 2025-09-27T20:26:37.826414-06:00 photonvision kernel: usb 5-1: USB disconnect, device number 42
[2025-09-27 20:26:38] [General - KernelLogLogger] [DEBUG] 2025-09-27T20:26:38.152493-06:00 photonvision kernel: usb 5-1: new high-speed USB device number 43 using ehci-platform
[2025-09-27 20:26:38] [General - KernelLogLogger] [DEBUG] 2025-09-27T20:26:38.316072-06:00 photonvision kernel: usb 5-1: New USB device found, idVendor=0c45, idProduct=6366, bcdDevice= 1.00
[2025-09-27 20:26:38] [General - KernelLogLogger] [DEBUG] 2025-09-27T20:26:38.316145-06:00 photonvision kernel: usb 5-1: New USB device strings: Mfr=2, Product=1, SerialNumber=3
[2025-09-27 20:26:38] [General - KernelLogLogger] [DEBUG] 2025-09-27T20:26:38.316150-06:00 photonvision kernel: usb 5-1: Product: AprilTag1
[2025-09-27 20:26:38] [General - KernelLogLogger] [DEBUG] 2025-09-27T20:26:38.316153-06:00 photonvision kernel: usb 5-1: Manufacturer: Arducam Technology Co., Ltd.
[2025-09-27 20:26:38] [General - KernelLogLogger] [DEBUG] 2025-09-27T20:26:38.316157-06:00 photonvision kernel: usb 5-1: SerialNumber: 0001
[2025-09-27 20:26:38] [General - KernelLogLogger] [DEBUG] 2025-09-27T20:26:38.319069-06:00 photonvision kernel: usb 5-1: Found UVC 1.00 device AprilTag1 (0c45:6366)
[2025-09-27 20:26:38] [General - KernelLogLogger] [DEBUG] 2025-09-27T20:26:38.353369-06:00 photonvision kernel: input: AprilTag1: AprilTag1 as /devices/platform/fc880000.usb/usb5/5-1/5-1:1.0/input/input56
[2025-09-27 20:26:39] [Camera - USBFrameProvider - AprilTag1] [ERROR] Error grabbing image: timed out getting frame
[2025-09-27 20:26:39] [Camera - USBFrameProvider - AprilTag1] [ERROR] Error grabbing image: timed out getting frame
[2025-09-27 20:26:39] [CSCore - PvCSCoreLogger] [DEBUG] CS: DEBUG 7: AprilTag1: allocating buffers (UsbCameraImpl.cpp:701)
[2025-09-27 20:26:39] [CSCore - PvCSCoreLogger] [DEBUG] CS: DEBUG 7: AprilTag1: mapping buffers (UsbCameraImpl.cpp:715)
[2025-09-27 20:26:39] [CSCore - PvCSCoreLogger] [DEBUG] CS: DEBUG 7: AprilTag1: queuing buffers (UsbCameraImpl.cpp:765)
[2025-09-27 20:26:39] [Camera - USBFrameProvider - AprilTag1] [ERROR] Error grabbing image: timed out getting frame
[2025-09-27 20:26:39] [CSCore - PvCSCoreLogger] [ERROR] CS: ERROR 40: AprilTag1: ioctl VIDIOC_STREAMON failed: Protocol error (UsbCameraImpl.cpp:789)
[2025-09-27 20:26:39] [CSCore - PvCSCoreLogger] [DEBUG] CS: DEBUG 7: AprilTag1: queuing buffers (UsbCameraImpl.cpp:765)
[2025-09-27 20:26:39] [CSCore - PvCSCoreLogger] [ERROR] CS: ERROR 40: ioctl VIDIOC_QBUF failed at UsbCameraImpl.cpp:772: Invalid argument (UsbUtil.cpp:157)
[2025-09-27 20:26:39] [CSCore - PvCSCoreLogger] [WARN] CS: WARNING 30: AprilTag1: could not queue buffer 0 (UsbCameraImpl.cpp:773)
[2025-09-27 20:26:39] [CSCore - PvCSCoreLogger] [DEBUG] CS: DEBUG 7: AprilTag1: queuing buffers (UsbCameraImpl.cpp:765)
[2025-09-27 20:26:39] [CSCore - PvCSCoreLogger] [ERROR] CS: ERROR 40: ioctl VIDIOC_QBUF failed at UsbCameraImpl.cpp:772: No such device (UsbUtil.cpp:157)
[2025-09-27 20:26:39] [CSCore - PvCSCoreLogger] [WARN] CS: WARNING 30: AprilTag1: could not queue buffer 0 (UsbCameraImpl.cpp:773)
[2025-09-27 20:26:39] [CSCore - PvCSCoreLogger] [DEBUG] CS: DEBUG 7: AprilTag1: queuing buffers (UsbCameraImpl.cpp:765)
[2025-09-27 20:26:39] [CSCore - PvCSCoreLogger] [ERROR] CS: ERROR 40: ioctl VIDIOC_QBUF failed at UsbCameraImpl.cpp:772: No such device (UsbUtil.cpp:157)
[2025-09-27 20:26:39] [CSCore - PvCSCoreLogger] [WARN] CS: WARNING 30: AprilTag1: could not queue buffer 0 (UsbCameraImpl.cpp:773)
[2025-09-27 20:26:39] [CSCore - PvCSCoreLogger] [INFO] AprilTag1: Attempting to connect to USB camera on /dev/v4l/by-path/platform-fc880000.usb-usb-0:1:1.0-video-index0
[2025-09-27 20:26:39] [CSCore - PvCSCoreLogger] [DEBUG] CS: DEBUG 7: AprilTag1: opening device (UsbCameraImpl.cpp:651)
[2025-09-27 20:26:39] [CSCore - PvCSCoreLogger] [INFO] AprilTag1: Attempting to connect to USB camera on /dev/v4l/by-path/platform-fc880000.usb-usb-0:1:1.0-video-index0
[2025-09-27 20:26:39] [CSCore - PvCSCoreLogger] [DEBUG] CS: DEBUG 7: AprilTag1: opening device (UsbCameraImpl.cpp:651)
[2025-09-27 20:26:39] [Camera - USBFrameProvider - AprilTag1] [ERROR] Error grabbing image: timed out getting frame
[2025-09-27 20:26:39] [General - KernelLogLogger] [DEBUG] 2025-09-27T20:26:39.775815-06:00 photonvision kernel: usb usb5-port1: disabled by hub (EMI?), re-enabling...
[2025-09-27 20:26:39] [General - KernelLogLogger] [DEBUG] 2025-09-27T20:26:39.775896-06:00 photonvision kernel: usb 5-1: USB disconnect, device number 43
[2025-09-27 20:26:40] [Camera - USBFrameProvider - AprilTag1] [ERROR] Error grabbing image: timed out getting frame
[2025-09-27 20:26:40] [CSCore - PvCSCoreLogger] [INFO] AprilTag1: Attempting to connect to USB camera on /dev/v4l/by-path/platform-fc880000.usb-usb-0:1:1.0-video-index0
[2025-09-27 20:26:40] [CSCore - PvCSCoreLogger] [DEBUG] CS: DEBUG 7: AprilTag1: opening device (UsbCameraImpl.cpp:651)
[2025-09-27 20:26:40] [CSCore - PvCSCoreLogger] [INFO] AprilTag1: Attempting to connect to USB camera on /dev/v4l/by-path/platform-fc880000.usb-usb-0:1:1.0-video-index0
[2025-09-27 20:26:40] [CSCore - PvCSCoreLogger] [DEBUG] CS: DEBUG 7: AprilTag1: opening device (UsbCameraImpl.cpp:651)
[2025-09-27 20:26:40] [CSCore - PvCSCoreLogger] [INFO] AprilTag1: Connected to USB camera on /dev/v4l/by-path/platform-fc880000.usb-usb-0:1:1.0-video-index0
[2025-09-27 20:26:40] [CSCore - PvCSCoreLogger] [DEBUG] CS: DEBUG 7: AprilTag1: getting capabilities (UsbCameraImpl.cpp:663)
[2025-09-27 20:26:40] [CSCore - PvCSCoreLogger] [DEBUG] CS: DEBUG 7: AprilTag1: restoring video mode (UsbCameraImpl.cpp:681)
[2025-09-27 20:26:40] [Camera - USBFrameProvider - AprilTag1] [ERROR] Error grabbing image: timed out getting frame
[2025-09-27 20:26:40] [CSCore - PvCSCoreLogger] [INFO] AprilTag1: set format 1 res 320x240
[2025-09-27 20:26:40] [CSCore - PvCSCoreLogger] [INFO] AprilTag1: set FPS to 100
[2025-09-27 20:26:40] [CSCore - PvCSCoreLogger] [DEBUG] CS: DEBUG 7: AprilTag1: restoring settings (UsbCameraImpl.cpp:686)
[2025-09-27 20:26:40] [Camera - USBFrameProvider - AprilTag1] [ERROR] Error grabbing image: timed out getting frame
[2025-09-27 20:26:40] [General - KernelLogLogger] [DEBUG] 2025-09-27T20:26:40.135763-06:00 photonvision kernel: usb 5-1: new high-speed USB device number 44 using ehci-platform
[2025-09-27 20:26:40] [General - KernelLogLogger] [DEBUG] 2025-09-27T20:26:40.299084-06:00 photonvision kernel: usb 5-1: New USB device found, idVendor=0c45, idProduct=6366, bcdDevice= 1.00
[2025-09-27 20:26:40] [General - KernelLogLogger] [DEBUG] 2025-09-27T20:26:40.299138-06:00 photonvision kernel: usb 5-1: New USB device strings: Mfr=2, Product=1, SerialNumber=3
[2025-09-27 20:26:40] [General - KernelLogLogger] [DEBUG] 2025-09-27T20:26:40.299142-06:00 photonvision kernel: usb 5-1: Product: AprilTag1
[2025-09-27 20:26:40] [General - KernelLogLogger] [DEBUG] 2025-09-27T20:26:40.299145-06:00 photonvision kernel: usb 5-1: Manufacturer: Arducam Technology Co., Ltd.
[2025-09-27 20:26:40] [General - KernelLogLogger] [DEBUG] 2025-09-27T20:26:40.299150-06:00 photonvision kernel: usb 5-1: SerialNumber: 0001
[2025-09-27 20:26:40] [General - KernelLogLogger] [DEBUG] 2025-09-27T20:26:40.302423-06:00 photonvision kernel: usb 5-1: Found UVC 1.00 device AprilTag1 (0c45:6366)
[2025-09-27 20:26:40] [General - KernelLogLogger] [DEBUG] 2025-09-27T20:26:40.332423-06:00 photonvision kernel: input: AprilTag1: AprilTag1 as /devices/platform/fc880000.usb/usb5/5-1/5-1:1.0/input/input57
[2025-09-27 20:26:40] [General - KernelLogLogger] [DEBUG] td.
[2025-09-27 20:26:40] [General - KernelLogLogger] [DEBUG] 2025-09-27T20:25:18.295753-06:00 photonvision kernel: usb 5-1: SerialNumber: 0001
[2025-09-27 20:26:40] [General - KernelLogLogger] [DEBUG] 2025-09-27T20:25:18.299056-06:00 photonvision kernel: usb 5-1: Found UVC 1.00 device AprilTag1 (0c45:6366)
[2025-09-27 20:26:40] [General - KernelLogLogger] [DEBUG] 2025-09-27T20:25:18.325767-06:00 photonvision kernel: input: AprilTag1: AprilTag1 as /devices/platform/fc880000.usb/usb5/5-1/5-1:1.0/input/input16
[2025-09-27 20:26:40] [General - KernelLogLogger] [DEBUG] Gþÿ
[2025-09-27 20:26:40] [Camera - USBFrameProvider - AprilTag1] [ERROR] Error grabbing image: timed out getting frame
[2025-09-27 20:26:41] [Camera - USBFrameProvider - AprilTag1] [ERROR] Error grabbing image: timed out getting frame
[2025-09-27 20:26:41] [Camera - USBFrameProvider - AprilTag1] [ERROR] Error grabbing image: timed out getting frame
[2025-09-27 20:26:41] [CSCore - PvCSCoreLogger] [DEBUG] CS: DEBUG 7: AprilTag1: allocating buffers (UsbCameraImpl.cpp:701)
[2025-09-27 20:26:41] [CSCore - PvCSCoreLogger] [DEBUG] CS: DEBUG 7: AprilTag1: mapping buffers (UsbCameraImpl.cpp:715)
[2025-09-27 20:26:41] [CSCore - PvCSCoreLogger] [DEBUG] CS: DEBUG 7: AprilTag1: queuing buffers (UsbCameraImpl.cpp:765)
[2025-09-27 20:26:41] [CSCore - PvCSCoreLogger] [ERROR] CS: ERROR 40: AprilTag1: ioctl VIDIOC_STREAMON failed: Protocol error (UsbCameraImpl.cpp:789)
[2025-09-27 20:26:41] [CSCore - PvCSCoreLogger] [DEBUG] CS: DEBUG 7: AprilTag1: queuing buffers (UsbCameraImpl.cpp:765)
[2025-09-27 20:26:41] [CSCore - PvCSCoreLogger] [ERROR] CS: ERROR 40: ioctl VIDIOC_QBUF failed at UsbCameraImpl.cpp:772: Invalid argument (UsbUtil.cpp:157)
[2025-09-27 20:26:41] [CSCore - PvCSCoreLogger] [WARN] CS: WARNING 30: AprilTag1: could not queue buffer 0 (UsbCameraImpl.cpp:773)
[2025-09-27 20:26:41] [Camera - USBFrameProvider - AprilTag1] [ERROR] Error grabbing image: timed out getting frame
[2025-09-27 20:26:41] [CSCore - PvCSCoreLogger] [DEBUG] CS: DEBUG 7: AprilTag1: queuing buffers (UsbCameraImpl.cpp:765)
[2025-09-27 20:26:41] [CSCore - PvCSCoreLogger] [ERROR] CS: ERROR 40: ioctl VIDIOC_QBUF failed at UsbCameraImpl.cpp:772: No such device (UsbUtil.cpp:157)
[2025-09-27 20:26:41] [CSCore - PvCSCoreLogger] [WARN] CS: WARNING 30: AprilTag1: could not queue buffer 0 (UsbCameraImpl.cpp:773)
[2025-09-27 20:26:41] [CSCore - PvCSCoreLogger] [INFO] AprilTag1: Attempting to connect to USB camera on /dev/v4l/by-path/platform-fc880000.usb-usb-0:1:1.0-video-index0
[2025-09-27 20:26:41] [CSCore - PvCSCoreLogger] [DEBUG] CS: DEBUG 7: AprilTag1: opening device (UsbCameraImpl.cpp:651)
[2025-09-27 20:26:41] [General - KernelLogLogger] [DEBUG] 2025-09-27T20:26:41.645703-06:00 photonvision kernel: usb 5-1: Failed to query (GET_CUR) UVC control 1 on unit 2: -71 (exp. 2).
[2025-09-27 20:26:41] [General - KernelLogLogger] [DEBUG] 2025-09-27T20:26:41.746526-06:00 photonvision kernel: usb usb5-port1: disabled by hub (EMI?), re-enabling...
[2025-09-27 20:26:41] [General - KernelLogLogger] [DEBUG] 2025-09-27T20:26:41.746576-06:00 photonvision kernel: usb 5-1: USB disconnect, device number 44
[2025-09-27 20:26:41] [General - KernelLogLogger] [DEBUG] ÿ
[2025-09-27 20:26:42] [Camera - USBFrameProvider - AprilTag1] [ERROR] Error grabbing image: timed out getting frame
[2025-09-27 20:26:42] [CSCore - PvCSCoreLogger] [INFO] AprilTag1: Attempting to connect to USB camera on /dev/v4l/by-path/platform-fc880000.usb-usb-0:1:1.0-video-index0
[2025-09-27 20:26:42] [CSCore - PvCSCoreLogger] [DEBUG] CS: DEBUG 7: AprilTag1: opening device (UsbCameraImpl.cpp:651)
[2025-09-27 20:26:42] [CSCore - PvCSCoreLogger] [INFO] AprilTag1: Attempting to connect to USB camera on /dev/v4l/by-path/platform-fc880000.usb-usb-0:1:1.0-video-index0
[2025-09-27 20:26:42] [CSCore - PvCSCoreLogger] [DEBUG] CS: DEBUG 7: AprilTag1: opening device (UsbCameraImpl.cpp:651)
[2025-09-27 20:26:42] [CSCore - PvCSCoreLogger] [INFO] AprilTag1: Attempting to connect to USB camera on /dev/v4l/by-path/platform-fc880000.usb-usb-0:1:1.0-video-index0
[2025-09-27 20:26:42] [CSCore - PvCSCoreLogger] [DEBUG] CS: DEBUG 7: AprilTag1: opening device (UsbCameraImpl.cpp:651)
[2025-09-27 20:26:42] [CSCore - PvCSCoreLogger] [INFO] AprilTag1: Attempting to connect to USB camera on /dev/v4l/by-path/platform-fc880000.usb-usb-0:1:1.0-video-index0
[2025-09-27 20:26:42] [CSCore - PvCSCoreLogger] [DEBUG] CS: DEBUG 7: AprilTag1: opening device (UsbCameraImpl.cpp:651)
[2025-09-27 20:26:42] [CSCore - PvCSCoreLogger] [INFO] AprilTag1: Connected to USB camera on /dev/v4l/by-path/platform-fc880000.usb-usb-0:1:1.0-video-index0
[2025-09-27 20:26:42] [CSCore - PvCSCoreLogger] [DEBUG] CS: DEBUG 7: AprilTag1: getting capabilities (UsbCameraImpl.cpp:663)
[2025-09-27 20:26:42] [CSCore - PvCSCoreLogger] [DEBUG] CS: DEBUG 7: AprilTag1: restoring video mode (UsbCameraImpl.cpp:681)
[2025-09-27 20:26:42] [Camera - USBFrameProvider - AprilTag1] [ERROR] Error grabbing image: timed out getting frame
[2025-09-27 20:26:42] [CSCore - PvCSCoreLogger] [INFO] AprilTag1: set format 1 res 320x240
[2025-09-27 20:26:42] [CSCore - PvCSCoreLogger] [INFO] AprilTag1: set FPS to 100
[2025-09-27 20:26:42] [CSCore - PvCSCoreLogger] [DEBUG] CS: DEBUG 7: AprilTag1: restoring settings (UsbCameraImpl.cpp:686)
[2025-09-27 20:26:42] [Camera - USBFrameProvider - AprilTag1] [ERROR] Error grabbing image: timed out getting frame
[2025-09-27 20:26:42] [Camera - USBFrameProvider - AprilTag1] [ERROR] Error grabbing image: timed out getting frame
[2025-09-27 20:26:42] [General - KernelLogLogger] [DEBUG] 2025-09-27T20:26:42.069098-06:00 photonvision kernel: usb 5-1: new high-speed USB device number 45 using ehci-platform
[2025-09-27 20:26:42] [General - KernelLogLogger] [DEBUG] 2025-09-27T20:26:42.229378-06:00 photonvision kernel: usb 5-1: New USB device found, idVendor=0c45, idProduct=6366, bcdDevice= 1.00
[2025-09-27 20:26:42] [General - KernelLogLogger] [DEBUG] 2025-09-27T20:26:42.229429-06:00 photonvision kernel: usb 5-1: New USB device strings: Mfr=2, Product=1, SerialNumber=3
[2025-09-27 20:26:42] [General - KernelLogLogger] [DEBUG] 2025-09-27T20:26:42.229434-06:00 photonvision kernel: usb 5-1: Product: AprilTag1
[2025-09-27 20:26:42] [General - KernelLogLogger] [DEBUG] 2025-09-27T20:26:42.229460-06:00 photonvision kernel: usb 5-1: Manufacturer: Arducam Technology Co., Ltd.
[2025-09-27 20:26:42] [General - KernelLogLogger] [DEBUG] 2025-09-27T20:26:42.229465-06:00 photonvision kernel: usb 5-1: SerialNumber: 0001
[2025-09-27 20:26:42] [General - KernelLogLogger] [DEBUG] 2025-09-27T20:26:42.232418-06:00 photonvision kernel: usb 5-1: Found UVC 1.00 device AprilTag1 (0c45:6366)
[2025-09-27 20:26:42] [General - KernelLogLogger] [DEBUG] 2025-09-27T20:26:42.262398-06:00 photonvision kernel: input: AprilTag1: AprilTag1 as /devices/platform/fc880000.usb/usb5/5-1/5-1:1.0/input/input58
[2025-09-27 20:26:42] [General - KernelLogLogger] [DEBUG] td.
[2025-09-27 20:26:42] [General - KernelLogLogger] [DEBUG] 2025-09-27T20:25:18.295753-06:00 photonvision kernel: usb 5-1: SerialNumber: 0001
[2025-09-27 20:26:42] [General - KernelLogLogger] [DEBUG] 2025-09-27T20:25:18.299056-06:00 photonvision kernel: usb 5-1: Found UVC 1.00 device AprilTag1 (0c45:6366)
[2025-09-27 20:26:42] [General - KernelLogLogger] [DEBUG] 2025-09-27T20:25:18.325767-06:00 photonvision kernel: input: AprilTag1: AprilTag1 as /devices/platform/fc880000.usb/usb5/5-1/5-1:1.0/input/input16
[2025-09-27 20:26:42] [General - KernelLogLogger] [DEBUG] Gþÿ
[2025-09-27 20:26:43] [Camera - USBFrameProvider - AprilTag1] [ERROR] Error grabbing image: timed out getting frame
[2025-09-27 20:26:43] [Camera - USBFrameProvider - AprilTag1] [ERROR] Error grabbing image: timed out getting frame
[2025-09-27 20:26:43] [CSCore - PvCSCoreLogger] [DEBUG] CS: DEBUG 7: AprilTag1: allocating buffers (UsbCameraImpl.cpp:701)
[2025-09-27 20:26:43] [CSCore - PvCSCoreLogger] [DEBUG] CS: DEBUG 7: AprilTag1: mapping buffers (UsbCameraImpl.cpp:715)
[2025-09-27 20:26:43] [CSCore - PvCSCoreLogger] [DEBUG] CS: DEBUG 7: AprilTag1: queuing buffers (UsbCameraImpl.cpp:765)
[2025-09-27 20:26:43] [CSCore - PvCSCoreLogger] [ERROR] CS: ERROR 40: AprilTag1: ioctl VIDIOC_STREAMON failed: Protocol error (UsbCameraImpl.cpp:789)
[2025-09-27 20:26:43] [Camera - USBFrameProvider - AprilTag1] [ERROR] Error grabbing image: timed out getting frame
[2025-09-27 20:26:43] [CSCore - PvCSCoreLogger] [INFO] AprilTag1: Attempting to connect to USB camera on /dev/v4l/by-path/platform-fc880000.usb-usb-0:1:1.0-video-index0
[2025-09-27 20:26:43] [CSCore - PvCSCoreLogger] [DEBUG] CS: DEBUG 7: AprilTag1: opening device (UsbCameraImpl.cpp:651)
[2025-09-27 20:26:43] [CSCore - PvCSCoreLogger] [INFO] AprilTag1: Attempting to connect to USB camera on /dev/v4l/by-path/platform-fc880000.usb-usb-0:1:1.0-video-index0
[2025-09-27 20:26:43] [CSCore - PvCSCoreLogger] [DEBUG] CS: DEBUG 7: AprilTag1: opening device (UsbCameraImpl.cpp:651)
[2025-09-27 20:26:43] [General - KernelLogLogger] [DEBUG] 2025-09-27T20:26:43.569066-06:00 photonvision kernel: usb 5-1: Failed to query (GET_CUR) UVC control 7 on unit 2: -71 (exp. 2).
[2025-09-27 20:26:43] [General - KernelLogLogger] [DEBUG] 2025-09-27T20:26:43.672400-06:00 photonvision kernel: usb usb5-port1: disabled by hub (EMI?), re-enabling...
[2025-09-27 20:26:43] [General - KernelLogLogger] [DEBUG] 2025-09-27T20:26:43.672422-06:00 photonvision kernel: usb 5-1: USB disconnect, device number 45
[2025-09-27 20:26:43] [Camera - USBFrameProvider - AprilTag1] [ERROR] Error grabbing image: timed out getting frame
[2025-09-27 20:26:44] [Camera - USBFrameProvider - AprilTag1] [ERROR] Error grabbing image: timed out getting frame
[2025-09-27 20:26:44] [CSCore - PvCSCoreLogger] [INFO] AprilTag1: Attempting to connect to USB camera on /dev/v4l/by-path/platform-fc880000.usb-usb-0:1:1.0-video-index0
[2025-09-27 20:26:44] [CSCore - PvCSCoreLogger] [DEBUG] CS: DEBUG 7: AprilTag1: opening device (UsbCameraImpl.cpp:651)
[2025-09-27 20:26:44] [CSCore - PvCSCoreLogger] [INFO] AprilTag1: Connected to USB camera on /dev/v4l/by-path/platform-fc880000.usb-usb-0:1:1.0-video-index0
[2025-09-27 20:26:44] [CSCore - PvCSCoreLogger] [DEBUG] CS: DEBUG 7: AprilTag1: getting capabilities (UsbCameraImpl.cpp:663)
[2025-09-27 20:26:44] [CSCore - PvCSCoreLogger] [DEBUG] CS: DEBUG 7: AprilTag1: restoring video mode (UsbCameraImpl.cpp:681)
[2025-09-27 20:26:44] [CSCore - PvCSCoreLogger] [INFO] AprilTag1: set format 1 res 320x240
[2025-09-27 20:26:44] [CSCore - PvCSCoreLogger] [INFO] AprilTag1: set FPS to 100
[2025-09-27 20:26:44] [CSCore - PvCSCoreLogger] [DEBUG] CS: DEBUG 7: AprilTag1: restoring settings (UsbCameraImpl.cpp:686)
[2025-09-27 20:26:44] [Camera - USBFrameProvider - AprilTag1] [ERROR] Error grabbing image: timed out getting frame
[2025-09-27 20:26:44] [Camera - USBFrameProvider - AprilTag1] [ERROR] Error grabbing image: timed out getting frame
[2025-09-27 20:26:44] [General - KernelLogLogger] [DEBUG] 2025-09-27T20:26:44.015731-06:00 photonvision kernel: usb 5-1: new high-speed USB device number 46 using ehci-platform
[2025-09-27 20:26:44] [General - KernelLogLogger] [DEBUG] 2025-09-27T20:26:44.175739-06:00 photonvision kernel: usb 5-1: New USB device found, idVendor=0c45, idProduct=6366, bcdDevice= 1.00
[2025-09-27 20:26:44] [General - KernelLogLogger] [DEBUG] 2025-09-27T20:26:44.175764-06:00 photonvision kernel: usb 5-1: New USB device strings: Mfr=2, Product=1, SerialNumber=3
[2025-09-27 20:26:44] [General - KernelLogLogger] [DEBUG] 2025-09-27T20:26:44.175766-06:00 photonvision kernel: usb 5-1: Product: AprilTag1
[2025-09-27 20:26:44] [General - KernelLogLogger] [DEBUG] 2025-09-27T20:26:44.175767-06:00 photonvision kernel: usb 5-1: Manufacturer: Arducam Technology Co., Ltd.
[2025-09-27 20:26:44] [General - KernelLogLogger] [DEBUG] 2025-09-27T20:26:44.175769-06:00 photonvision kernel: usb 5-1: SerialNumber: 0001
[2025-09-27 20:26:44] [General - KernelLogLogger] [DEBUG] 2025-09-27T20:26:44.179065-06:00 photonvision kernel: usb 5-1: Found UVC 1.00 device AprilTag1 (0c45:6366)
[2025-09-27 20:26:44] [General - KernelLogLogger] [DEBUG] 2025-09-27T20:26:44.205750-06:00 photonvision kernel: input: AprilTag1: AprilTag1 as /devices/platform/fc880000.usb/usb5/5-1/5-1:1.0/input/input59
[2025-09-27 20:26:44] [General - KernelLogLogger] [DEBUG] sb 5-1: New USB device strings: Mfr=2, Product=1, SerialNumber=3
[2025-09-27 20:26:44] [General - KernelLogLogger] [DEBUG] 2025-09-27T20:25:37.696074-06:00 photonvision kernel: usb 5-1: Product: AprilTag1
[2025-09-27 20:26:44] [General - KernelLogLogger] [DEBUG] 2025-09-27T20:25:37.696078-06:00 photonvision kernel: usb 5-1: Manufacturer: Arducam Technology Co., Ltd.
[2025-09-27 20:26:44] [General - KernelLogLogger] [DEBUG] 2025-09-27T20:25:37.696081-06:00 photonvision kernel: usb 5-1: SerialNumber: 0001
[2025-09-27 20:26:44] [General - KernelLogLogger] [DEBUG] "@«3ï$@
[2025-09-27 20:26:44] [General - KernelLogLogger] [DEBUG] S`Zi«%@^_©%@¸þ$@~|$@zBû¥ū$@8M¹|%@éJ݌M'@®£j¦*@¡մÃy¨/@yÂteÏ@2@Ù §SÖ3@¨86@+E\Rº?<@¨+D«	¼A@
[2025-09-27 20:26:45] [Camera - USBFrameProvider - AprilTag1] [ERROR] Error grabbing image: timed out getting frame
[2025-09-27 20:26:45] [Camera - USBFrameProvider - AprilTag1] [ERROR] Error grabbing image: timed out getting frame
[2025-09-27 20:26:45] [CSCore - PvCSCoreLogger] [DEBUG] CS: DEBUG 7: AprilTag1: allocating buffers (UsbCameraImpl.cpp:701)
[2025-09-27 20:26:45] [CSCore - PvCSCoreLogger] [DEBUG] CS: DEBUG 7: AprilTag1: mapping buffers (UsbCameraImpl.cpp:715)
[2025-09-27 20:26:45] [CSCore - PvCSCoreLogger] [DEBUG] CS: DEBUG 7: AprilTag1: queuing buffers (UsbCameraImpl.cpp:765)
[2025-09-27 20:26:45] [Camera - USBFrameProvider - AprilTag1] [ERROR] Error grabbing image: timed out getting frame
[2025-09-27 20:26:45] [CSCore - PvCSCoreLogger] [ERROR] CS: ERROR 40: AprilTag1: ioctl VIDIOC_STREAMON failed: Protocol error (UsbCameraImpl.cpp:789)
[2025-09-27 20:26:45] [CSCore - PvCSCoreLogger] [DEBUG] CS: DEBUG 7: AprilTag1: queuing buffers (UsbCameraImpl.cpp:765)
[2025-09-27 20:26:45] [CSCore - PvCSCoreLogger] [ERROR] CS: ERROR 40: ioctl VIDIOC_QBUF failed at UsbCameraImpl.cpp:772: Invalid argument (UsbUtil.cpp:157)
[2025-09-27 20:26:45] [CSCore - PvCSCoreLogger] [WARN] CS: WARNING 30: AprilTag1: could not queue buffer 0 (UsbCameraImpl.cpp:773)
[2025-09-27 20:26:45] [CSCore - PvCSCoreLogger] [INFO] AprilTag1: Attempting to connect to USB camera on /dev/v4l/by-path/platform-fc880000.usb-usb-0:1:1.0-video-index0
[2025-09-27 20:26:45] [CSCore - PvCSCoreLogger] [DEBUG] CS: DEBUG 7: AprilTag1: opening device (UsbCameraImpl.cpp:651)
[2025-09-27 20:26:45] [CSCore - PvCSCoreLogger] [INFO] AprilTag1: Attempting to connect to USB camera on /dev/v4l/by-path/platform-fc880000.usb-usb-0:1:1.0-video-index0
[2025-09-27 20:26:45] [CSCore - PvCSCoreLogger] [DEBUG] CS: DEBUG 7: AprilTag1: opening device (UsbCameraImpl.cpp:651)
[2025-09-27 20:26:45] [Camera - USBFrameProvider - AprilTag1] [ERROR] Error grabbing image: timed out getting frame
[2025-09-27 20:26:45] [General - KernelLogLogger] [DEBUG] 2025-09-27T20:26:45.542420-06:00 photonvision kernel: usb 5-1: Failed to query (GET_CUR) UVC control 7 on unit 2: -71 (exp. 2).
[2025-09-27 20:26:45] [General - KernelLogLogger] [DEBUG] 2025-09-27T20:26:45.605827-06:00 photonvision kernel: usb usb5-port1: disabled by hub (EMI?), re-enabling...
[2025-09-27 20:26:45] [General - KernelLogLogger] [DEBUG] 2025-09-27T20:26:45.605880-06:00 photonvision kernel: usb 5-1: USB disconnect, device number 46
[2025-09-27 20:26:46] [Camera - USBFrameProvider - AprilTag1] [ERROR] Error grabbing image: timed out getting frame
[2025-09-27 20:26:46] [CSCore - PvCSCoreLogger] [INFO] AprilTag1: Attempting to connect to USB camera on /dev/v4l/by-path/platform-fc880000.usb-usb-0:1:1.0-video-index0
[2025-09-27 20:26:46] [CSCore - PvCSCoreLogger] [DEBUG] CS: DEBUG 7: AprilTag1: opening device (UsbCameraImpl.cpp:651)
[2025-09-27 20:26:46] [CSCore - PvCSCoreLogger] [INFO] AprilTag1: Attempting to connect to USB camera on /dev/v4l/by-path/platform-fc880000.usb-usb-0:1:1.0-video-index0
[2025-09-27 20:26:46] [CSCore - PvCSCoreLogger] [DEBUG] CS: DEBUG 7: AprilTag1: opening device (UsbCameraImpl.cpp:651)
[2025-09-27 20:26:46] [CSCore - PvCSCoreLogger] [INFO] AprilTag1: Attempting to connect to USB camera on /dev/v4l/by-path/platform-fc880000.usb-usb-0:1:1.0-video-index0
[2025-09-27 20:26:46] [CSCore - PvCSCoreLogger] [DEBUG] CS: DEBUG 7: AprilTag1: opening device (UsbCameraImpl.cpp:651)
[2025-09-27 20:26:46] [CSCore - PvCSCoreLogger] [INFO] AprilTag1: Connected to USB camera on /dev/v4l/by-path/platform-fc880000.usb-usb-0:1:1.0-video-index0
[2025-09-27 20:26:46] [CSCore - PvCSCoreLogger] [DEBUG] CS: DEBUG 7: AprilTag1: getting capabilities (UsbCameraImpl.cpp:663)
[2025-09-27 20:26:46] [CSCore - PvCSCoreLogger] [DEBUG] CS: DEBUG 7: AprilTag1: restoring video mode (UsbCameraImpl.cpp:681)
[2025-09-27 20:26:46] [CSCore - PvCSCoreLogger] [INFO] AprilTag1: set format 1 res 320x240
[2025-09-27 20:26:46] [CSCore - PvCSCoreLogger] [INFO] AprilTag1: set FPS to 100
[2025-09-27 20:26:46] [CSCore - PvCSCoreLogger] [DEBUG] CS: DEBUG 7: AprilTag1: restoring settings (UsbCameraImpl.cpp:686)
[2025-09-27 20:26:46] [Camera - USBFrameProvider - AprilTag1] [ERROR] Error grabbing image: timed out getting frame
[2025-09-27 20:26:46] [Camera - USBFrameProvider - AprilTag1] [ERROR] Error grabbing image: timed out getting frame
[2025-09-27 20:26:46] [General - KernelLogLogger] [DEBUG] 2025-09-27T20:26:45.955756-06:00 photonvision kernel: usb 5-1: new high-speed USB device number 47 using ehci-platform
[2025-09-27 20:26:46] [General - KernelLogLogger] [DEBUG] 2025-09-27T20:26:46.115741-06:00 photonvision kernel: usb 5-1: New USB device found, idVendor=0c45, idProduct=6366, bcdDevice= 1.00
[2025-09-27 20:26:46] [General - KernelLogLogger] [DEBUG] 2025-09-27T20:26:46.115770-06:00 photonvision kernel: usb 5-1: New USB device strings: Mfr=2, Product=1, SerialNumber=3
[2025-09-27 20:26:46] [General - KernelLogLogger] [DEBUG] 2025-09-27T20:26:46.115773-06:00 photonvision kernel: usb 5-1: Product: AprilTag1
[2025-09-27 20:26:46] [General - KernelLogLogger] [DEBUG] 2025-09-27T20:26:46.115775-06:00 photonvision kernel: usb 5-1: Manufacturer: Arducam Technology Co., Ltd.
[2025-09-27 20:26:46] [General - KernelLogLogger] [DEBUG] 2025-09-27T20:26:46.115778-06:00 photonvision kernel: usb 5-1: SerialNumber: 0001
[2025-09-27 20:26:46] [General - KernelLogLogger] [DEBUG] 2025-09-27T20:26:46.125926-06:00 photonvision kernel: usb 5-1: Found UVC 1.00 device AprilTag1 (0c45:6366)
[2025-09-27 20:26:46] [General - KernelLogLogger] [DEBUG] 2025-09-27T20:26:46.152562-06:00 photonvision kernel: input: AprilTag1: AprilTag1 as /devices/platform/fc880000.usb/usb5/5-1/5-1:1.0/input/input60
[2025-09-27 20:26:46] [General - KernelLogLogger] [DEBUG] sb 5-1: New USB device strings: Mfr=2, Product=1, SerialNumber=3
[2025-09-27 20:26:46] [General - KernelLogLogger] [DEBUG] 2025-09-27T20:25:57.622503-06:00 photonvision kernel: usb 5-1: Product: AprilTag1
[2025-09-27 20:26:46] [General - KernelLogLogger] [DEBUG] 2025-09-27T20:25:57.622508-06:00 photonvision kernel: usb 5-1: Manufacturer: Arducam Technology Co., Ltd.
[2025-09-27 20:26:46] [General - KernelLogLogger] [DEBUG] 2025-09-27T20:25:57.622510-06:00 photonvision kernel: usb 5-1: SerialNumber: 0001
[2025-09-27 20:26:46] [General - KernelLogLogger] [DEBUG] ÿ
[2025-09-27 20:26:46] [Camera - USBFrameProvider - AprilTag1] [ERROR] Error grabbing image: timed out getting frame
[2025-09-27 20:26:47] [Camera - USBFrameProvider - AprilTag1] [ERROR] Error grabbing image: timed out getting frame
[2025-09-27 20:26:47] [CSCore - PvCSCoreLogger] [DEBUG] CS: DEBUG 7: AprilTag1: allocating buffers (UsbCameraImpl.cpp:701)
[2025-09-27 20:26:47] [CSCore - PvCSCoreLogger] [DEBUG] CS: DEBUG 7: AprilTag1: mapping buffers (UsbCameraImpl.cpp:715)
[2025-09-27 20:26:47] [CSCore - PvCSCoreLogger] [DEBUG] CS: DEBUG 7: AprilTag1: queuing buffers (UsbCameraImpl.cpp:765)
[2025-09-27 20:26:47] [Camera - USBFrameProvider - AprilTag1] [ERROR] Error grabbing image: timed out getting frame
[2025-09-27 20:26:47] [CSCore - PvCSCoreLogger] [ERROR] CS: ERROR 40: AprilTag1: ioctl VIDIOC_STREAMON failed: Protocol error (UsbCameraImpl.cpp:789)
[2025-09-27 20:26:47] [CSCore - PvCSCoreLogger] [DEBUG] CS: DEBUG 7: AprilTag1: queuing buffers (UsbCameraImpl.cpp:765)
[2025-09-27 20:26:47] [CSCore - PvCSCoreLogger] [ERROR] CS: ERROR 40: ioctl VIDIOC_QBUF failed at UsbCameraImpl.cpp:772: No such device (UsbUtil.cpp:157)
[2025-09-27 20:26:47] [CSCore - PvCSCoreLogger] [WARN] CS: WARNING 30: AprilTag1: could not queue buffer 0 (UsbCameraImpl.cpp:773)
[2025-09-27 20:26:47] [CSCore - PvCSCoreLogger] [DEBUG] CS: DEBUG 7: AprilTag1: queuing buffers (UsbCameraImpl.cpp:765)
[2025-09-27 20:26:47] [CSCore - PvCSCoreLogger] [ERROR] CS: ERROR 40: ioctl VIDIOC_QBUF failed at UsbCameraImpl.cpp:772: No such device (UsbUtil.cpp:157)
[2025-09-27 20:26:47] [CSCore - PvCSCoreLogger] [WARN] CS: WARNING 30: AprilTag1: could not queue buffer 0 (UsbCameraImpl.cpp:773)
[2025-09-27 20:26:47] [CSCore - PvCSCoreLogger] [INFO] AprilTag1: Attempting to connect to USB camera on /dev/v4l/by-path/platform-fc880000.usb-usb-0:1:1.0-video-index0
[2025-09-27 20:26:47] [CSCore - PvCSCoreLogger] [DEBUG] CS: DEBUG 7: AprilTag1: opening device (UsbCameraImpl.cpp:651)
[2025-09-27 20:26:47] [CSCore - PvCSCoreLogger] [INFO] AprilTag1: Attempting to connect to USB camera on /dev/v4l/by-path/platform-fc880000.usb-usb-0:1:1.0-video-index0
[2025-09-27 20:26:47] [CSCore - PvCSCoreLogger] [DEBUG] CS: DEBUG 7: AprilTag1: opening device (UsbCameraImpl.cpp:651)
[2025-09-27 20:26:47] [Camera - USBFrameProvider - AprilTag1] [ERROR] Error grabbing image: timed out getting frame
[2025-09-27 20:26:47] [General - KernelLogLogger] [DEBUG] 2025-09-27T20:26:47.479245-06:00 photonvision kernel: usb 5-1: Failed to query (GET_CUR) UVC control 10 on unit 2: -71 (exp. 2).
[2025-09-27 20:26:47] [General - KernelLogLogger] [DEBUG] 2025-09-27T20:26:47.569067-06:00 photonvision kernel: usb usb5-port1: disabled by hub (EMI?), re-enabling...
[2025-09-27 20:26:47] [General - KernelLogLogger] [DEBUG] 2025-09-27T20:26:47.569089-06:00 photonvision kernel: usb 5-1: USB disconnect, device number 47
[2025-09-27 20:26:48] [Camera - USBFrameProvider - AprilTag1] [ERROR] Error grabbing image: timed out getting frame
[2025-09-27 20:26:48] [CSCore - PvCSCoreLogger] [INFO] AprilTag1: Attempting to connect to USB camera on /dev/v4l/by-path/platform-fc880000.usb-usb-0:1:1.0-video-index0
[2025-09-27 20:26:48] [CSCore - PvCSCoreLogger] [DEBUG] CS: DEBUG 7: AprilTag1: opening device (UsbCameraImpl.cpp:651)
[2025-09-27 20:26:48] [CSCore - PvCSCoreLogger] [INFO] AprilTag1: Attempting to connect to USB camera on /dev/v4l/by-path/platform-fc880000.usb-usb-0:1:1.0-video-index0
[2025-09-27 20:26:48] [CSCore - PvCSCoreLogger] [DEBUG] CS: DEBUG 7: AprilTag1: opening device (UsbCameraImpl.cpp:651)
[2025-09-27 20:26:48] [CSCore - PvCSCoreLogger] [INFO] AprilTag1: Connected to USB camera on /dev/v4l/by-path/platform-fc880000.usb-usb-0:1:1.0-video-index0
[2025-09-27 20:26:48] [CSCore - PvCSCoreLogger] [DEBUG] CS: DEBUG 7: AprilTag1: getting capabilities (UsbCameraImpl.cpp:663)
[2025-09-27 20:26:48] [CSCore - PvCSCoreLogger] [DEBUG] CS: DEBUG 7: AprilTag1: restoring video mode (UsbCameraImpl.cpp:681)
[2025-09-27 20:26:48] [CSCore - PvCSCoreLogger] [INFO] AprilTag1: set format 1 res 320x240
[2025-09-27 20:26:48] [CSCore - PvCSCoreLogger] [INFO] AprilTag1: set FPS to 100
[2025-09-27 20:26:48] [CSCore - PvCSCoreLogger] [DEBUG] CS: DEBUG 7: AprilTag1: restoring settings (UsbCameraImpl.cpp:686)
[2025-09-27 20:26:48] [Camera - USBFrameProvider - AprilTag1] [ERROR] Error grabbing image: timed out getting frame
[2025-09-27 20:26:48] [Camera - USBFrameProvider - AprilTag1] [ERROR] Error grabbing image: timed out getting frame
[2025-09-27 20:26:48] [Camera - USBFrameProvider - AprilTag1] [ERROR] Error grabbing image: timed out getting frame
[2025-09-27 20:26:48] [General - KernelLogLogger] [DEBUG] 2025-09-27T20:26:47.919167-06:00 photonvision kernel: usb 5-1: new high-speed USB device number 48 using ehci-platform
[2025-09-27 20:26:48] [General - KernelLogLogger] [DEBUG] 2025-09-27T20:26:48.079097-06:00 photonvision kernel: usb 5-1: New USB device found, idVendor=0c45, idProduct=6366, bcdDevice= 1.00
[2025-09-27 20:26:48] [General - KernelLogLogger] [DEBUG] 2025-09-27T20:26:48.079179-06:00 photonvision kernel: usb 5-1: New USB device strings: Mfr=2, Product=1, SerialNumber=3
[2025-09-27 20:26:48] [General - KernelLogLogger] [DEBUG] 2025-09-27T20:26:48.079184-06:00 photonvision kernel: usb 5-1: Product: AprilTag1
[2025-09-27 20:26:48] [General - KernelLogLogger] [DEBUG] 2025-09-27T20:26:48.079188-06:00 photonvision kernel: usb 5-1: Manufacturer: Arducam Technology Co., Ltd.
[2025-09-27 20:26:48] [General - KernelLogLogger] [DEBUG] 2025-09-27T20:26:48.079193-06:00 photonvision kernel: usb 5-1: SerialNumber: 0001
[2025-09-27 20:26:48] [General - KernelLogLogger] [DEBUG] 2025-09-27T20:26:48.082400-06:00 photonvision kernel: usb 5-1: Found UVC 1.00 device AprilTag1 (0c45:6366)
[2025-09-27 20:26:48] [General - KernelLogLogger] [DEBUG] 2025-09-27T20:26:48.112397-06:00 photonvision kernel: input: AprilTag1: AprilTag1 as /devices/platform/fc880000.usb/usb5/5-1/5-1:1.0/input/input61
[2025-09-27 20:26:48] [General - KernelLogLogger] [DEBUG] sb 5-1: New USB device strings: Mfr=2, Product=1, SerialNumber=3
[2025-09-27 20:26:48] [General - KernelLogLogger] [DEBUG] 2025-09-27T20:26:08.719130-06:00 photonvision kernel: usb 5-1: Product: AprilTag1
[2025-09-27 20:26:48] [General - KernelLogLogger] [DEBUG] 2025-09-27T20:26:08.719135-06:00 photonvision kernel: usb 5-1: Manufacturer: Arducam Technology Co., Ltd.
[2025-09-27 20:26:48] [General - KernelLogLogger] [DEBUG] 2025-09-27T20:26:08.719141-06:00 photonvision kernel: usb 5-1: SerialNumber: 0001
[2025-09-27 20:26:48] [General - KernelLogLogger] [DEBUG] ÿ
[2025-09-27 20:26:49] [Camera - USBFrameProvider - AprilTag1] [ERROR] Error grabbing image: timed out getting frame
[2025-09-27 20:26:49] [CSCore - PvCSCoreLogger] [DEBUG] CS: DEBUG 7: AprilTag1: allocating buffers (UsbCameraImpl.cpp:701)
[2025-09-27 20:26:49] [CSCore - PvCSCoreLogger] [DEBUG] CS: DEBUG 7: AprilTag1: mapping buffers (UsbCameraImpl.cpp:715)
[2025-09-27 20:26:49] [CSCore - PvCSCoreLogger] [DEBUG] CS: DEBUG 7: AprilTag1: queuing buffers (UsbCameraImpl.cpp:765)
[2025-09-27 20:26:49] [Camera - USBFrameProvider - AprilTag1] [ERROR] Error grabbing image: timed out getting frame
[2025-09-27 20:26:49] [CSCore - PvCSCoreLogger] [ERROR] CS: ERROR 40: AprilTag1: ioctl VIDIOC_STREAMON failed: Protocol error (UsbCameraImpl.cpp:789)
[2025-09-27 20:26:49] [CSCore - PvCSCoreLogger] [DEBUG] CS: DEBUG 7: AprilTag1: queuing buffers (UsbCameraImpl.cpp:765)
[2025-09-27 20:26:49] [CSCore - PvCSCoreLogger] [ERROR] CS: ERROR 40: ioctl VIDIOC_QBUF failed at UsbCameraImpl.cpp:772: No such device (UsbUtil.cpp:157)
[2025-09-27 20:26:49] [CSCore - PvCSCoreLogger] [WARN] CS: WARNING 30: AprilTag1: could not queue buffer 0 (UsbCameraImpl.cpp:773)
[2025-09-27 20:26:49] [CSCore - PvCSCoreLogger] [INFO] AprilTag1: Attempting to connect to USB camera on /dev/v4l/by-path/platform-fc880000.usb-usb-0:1:1.0-video-index0
[2025-09-27 20:26:49] [CSCore - PvCSCoreLogger] [DEBUG] CS: DEBUG 7: AprilTag1: opening device (UsbCameraImpl.cpp:651)
[2025-09-27 20:26:49] [CSCore - PvCSCoreLogger] [INFO] AprilTag1: Attempting to connect to USB camera on /dev/v4l/by-path/platform-fc880000.usb-usb-0:1:1.0-video-index0
[2025-09-27 20:26:49] [CSCore - PvCSCoreLogger] [DEBUG] CS: DEBUG 7: AprilTag1: opening device (UsbCameraImpl.cpp:651)
[2025-09-27 20:26:49] [Camera - USBFrameProvider - AprilTag1] [ERROR] Error grabbing image: timed out getting frame
[2025-09-27 20:26:49] [Camera - USBFrameProvider - AprilTag1] [ERROR] Error grabbing image: timed out getting frame
[2025-09-27 20:26:49] [General - KernelLogLogger] [DEBUG] 2025-09-27T20:26:49.445790-06:00 photonvision kernel: usb 5-1: Failed to query (GET_MIN) UVC control 1 on unit 2: -71 (exp. 2).
[2025-09-27 20:26:49] [General - KernelLogLogger] [DEBUG] 2025-09-27T20:26:49.475733-06:00 photonvision kernel: usb 5-1: Failed to query (GET_CUR) UVC control 2 on unit 2: -71 (exp. 2).
[2025-09-27 20:26:49] [General - KernelLogLogger] [DEBUG] 2025-09-27T20:26:49.492387-06:00 photonvision kernel: usb 5-1: Failed to query (GET_DEF) UVC control 1 on unit 2: -71 (exp. 2).
[2025-09-27 20:26:49] [General - KernelLogLogger] [DEBUG] 2025-09-27T20:26:49.535740-06:00 photonvision kernel: usb usb5-port1: disabled by hub (EMI?), re-enabling...
[2025-09-27 20:26:49] [General - KernelLogLogger] [DEBUG] 2025-09-27T20:26:49.535764-06:00 photonvision kernel: usb 5-1: USB disconnect, device number 48
[2025-09-27 20:26:49] [General - KernelLogLogger] [DEBUG] 2025-09-27T20:26:49.880181-06:00 photonvision kernel: usb 5-1: new high-speed USB device number 49 using ehci-platform
[2025-09-27 20:26:49] [General - KernelLogLogger] [DEBUG] 2025-09-27T20:26:30.892436-06:00 photonvision kernel: usb 5-1: New USB device found, idVendor=0c45, idProduct=6366, bcdDevice= 1.00
[2025-09-27 20:26:49] [General - KernelLogLogger] [DEBUG] 2025-09-27T20:26:30.892497-06:00 photonvision kernel: usb 5-1: New USB device strings: Mfr=2, Product=1, SerialNumber=3
[2025-09-27 20:26:49] [General - KernelLogLogger] [DEBUG] 2025-09-27T20:26:30.892502-06:00 photonvision kernel: usb 5-1: Product: AprilTag1
[2025-09-27 20:26:49] [General - KernelLogLogger] [DEBUG] 2025-09-27T20:26:30.892505-06:00 photonvision kernel: usb 5-1: Manufacturer: Arducam Technology Co., Ltd.
[2025-09-27 20:26:49] [General - KernelLogLogger] [DEBUG] 2025-09-27T20:26:30.892531-06:00 photonvisioa
[2025-09-27 20:26:50] [CSCore - PvCSCoreLogger] [INFO] AprilTag1: Attempting to connect to USB camera on /dev/v4l/by-path/platform-fc880000.usb-usb-0:1:1.0-video-index0
[2025-09-27 20:26:50] [CSCore - PvCSCoreLogger] [DEBUG] CS: DEBUG 7: AprilTag1: opening device (UsbCameraImpl.cpp:651)
[2025-09-27 20:26:50] [CSCore - PvCSCoreLogger] [INFO] AprilTag1: Attempting to connect to USB camera on /dev/v4l/by-path/platform-fc880000.usb-usb-0:1:1.0-video-index0
[2025-09-27 20:26:50] [CSCore - PvCSCoreLogger] [DEBUG] CS: DEBUG 7: AprilTag1: opening device (UsbCameraImpl.cpp:651)
[2025-09-27 20:26:50] [CSCore - PvCSCoreLogger] [INFO] AprilTag1: Connected to USB camera on /dev/v4l/by-path/platform-fc880000.usb-usb-0:1:1.0-video-index0
[2025-09-27 20:26:50] [CSCore - PvCSCoreLogger] [DEBUG] CS: DEBUG 7: AprilTag1: getting capabilities (UsbCameraImpl.cpp:663)
[2025-09-27 20:26:50] [CSCore - PvCSCoreLogger] [DEBUG] CS: DEBUG 7: AprilTag1: restoring video mode (UsbCameraImpl.cpp:681)
[2025-09-27 20:26:50] [CSCore - PvCSCoreLogger] [INFO] AprilTag1: set format 1 res 320x240
[2025-09-27 20:26:50] [CSCore - PvCSCoreLogger] [INFO] AprilTag1: set FPS to 100
[2025-09-27 20:26:50] [CSCore - PvCSCoreLogger] [DEBUG] CS: DEBUG 7: AprilTag1: restoring settings (UsbCameraImpl.cpp:686)
[2025-09-27 20:26:50] [Camera - USBFrameProvider - AprilTag1] [ERROR] Error grabbing image: timed out getting frame
[2025-09-27 20:26:50] [Camera - USBFrameProvider - AprilTag1] [ERROR] Error grabbing image: timed out getting frame
[2025-09-27 20:26:50] [Camera - USBFrameProvider - AprilTag1] [ERROR] Error grabbing image: timed out getting frame
[2025-09-27 20:26:50] [General - KernelLogLogger] [DEBUG] 2025-09-27T20:26:50.039061-06:00 photonvision kernel: usb 5-1: New USB device found, idVendor=0c45, idProduct=6366, bcdDevice= 1.00
[2025-09-27 20:26:50] [General - KernelLogLogger] [DEBUG] 2025-09-27T20:26:50.039087-06:00 photonvision kernel: usb 5-1: New USB device strings: Mfr=2, Product=1, SerialNumber=3
[2025-09-27 20:26:50] [General - KernelLogLogger] [DEBUG] 2025-09-27T20:26:50.039088-06:00 photonvision kernel: usb 5-1: Product: AprilTag1
[2025-09-27 20:26:50] [General - KernelLogLogger] [DEBUG] 2025-09-27T20:26:50.039090-06:00 photonvision kernel: usb 5-1: Manufacturer: Arducam Technology Co., Ltd.
[2025-09-27 20:26:50] [General - KernelLogLogger] [DEBUG] 2025-09-27T20:26:50.039091-06:00 photonvision kernel: usb 5-1: SerialNumber: 0001
[2025-09-27 20:26:50] [General - KernelLogLogger] [DEBUG] 2025-09-27T20:26:50.045775-06:00 photonvision kernel: usb 5-1: Found UVC 1.00 device AprilTag1 (0c45:6366)
[2025-09-27 20:26:50] [General - KernelLogLogger] [DEBUG] 2025-09-27T20:26:50.072385-06:00 photonvision kernel: input: AprilTag1: AprilTag1 as /devices/platform/fc880000.usb/usb5/5-1/5-1:1.0/input/input62
[2025-09-27 20:26:50] [General - KernelLogLogger] [DEBUG] SB device found, idVendor=0c45, idProduct=6366, bcdDevice= 1.00
[2025-09-27 20:26:50] [General - KernelLogLogger] [DEBUG] 2025-09-27T20:26:32.772670-06:00 photonvision kernel: usb 5-1: New USB device strings: Mfr=2, Product=1, SerialNumber=3
[2025-09-27 20:26:50] [General - KernelLogLogger] [DEBUG] 2025-09-27T20:26:32.772674-06:00 photonvision kernel: usb 5-1: Product: AprilTag1
[2025-09-27 20:26:50] [General - KernelLogLogger] [DEBUG] 2025-0ñ
[2025-09-27 20:26:50] [Camera - USBFrameProvider - AprilTag1] [ERROR] Error grabbing image: timed out getting frame
[2025-09-27 20:26:51] [CSCore - PvCSCoreLogger] [DEBUG] CS: DEBUG 7: AprilTag1: allocating buffers (UsbCameraImpl.cpp:701)
[2025-09-27 20:26:51] [CSCore - PvCSCoreLogger] [DEBUG] CS: DEBUG 7: AprilTag1: mapping buffers (UsbCameraImpl.cpp:715)
[2025-09-27 20:26:51] [CSCore - PvCSCoreLogger] [DEBUG] CS: DEBUG 7: AprilTag1: queuing buffers (UsbCameraImpl.cpp:765)
[2025-09-27 20:26:51] [Camera - USBFrameProvider - AprilTag1] [ERROR] Error grabbing image: timed out getting frame
[2025-09-27 20:26:51] [CSCore - PvCSCoreLogger] [ERROR] CS: ERROR 40: AprilTag1: ioctl VIDIOC_STREAMON failed: Protocol error (UsbCameraImpl.cpp:789)
[2025-09-27 20:26:51] [CSCore - PvCSCoreLogger] [DEBUG] CS: DEBUG 7: AprilTag1: queuing buffers (UsbCameraImpl.cpp:765)
[2025-09-27 20:26:51] [CSCore - PvCSCoreLogger] [ERROR] CS: ERROR 40: ioctl VIDIOC_QBUF failed at UsbCameraImpl.cpp:772: Invalid argument (UsbUtil.cpp:157)
[2025-09-27 20:26:51] [CSCore - PvCSCoreLogger] [WARN] CS: WARNING 30: AprilTag1: could not queue buffer 0 (UsbCameraImpl.cpp:773)
[2025-09-27 20:26:51] [CSCore - PvCSCoreLogger] [INFO] AprilTag1: Attempting to connect to USB camera on /dev/v4l/by-path/platform-fc880000.usb-usb-0:1:1.0-video-index0
[2025-09-27 20:26:51] [CSCore - PvCSCoreLogger] [DEBUG] CS: DEBUG 7: AprilTag1: opening device (UsbCameraImpl.cpp:651)
[2025-09-27 20:26:51] [CSCore - PvCSCoreLogger] [INFO] AprilTag1: Attempting to connect to USB camera on /dev/v4l/by-path/platform-fc880000.usb-usb-0:1:1.0-video-index0
[2025-09-27 20:26:51] [CSCore - PvCSCoreLogger] [DEBUG] CS: DEBUG 7: AprilTag1: opening device (UsbCameraImpl.cpp:651)
[2025-09-27 20:26:51] [Camera - USBFrameProvider - AprilTag1] [ERROR] Error grabbing image: timed out getting frame
[2025-09-27 20:26:51] [Camera - USBFrameProvider - AprilTag1] [ERROR] Error grabbing image: timed out getting frame
[2025-09-27 20:26:51] [General - KernelLogLogger] [DEBUG] 2025-09-27T20:26:51.469085-06:00 photonvision kernel: usb 5-1: Failed to query (GET_MIN) UVC control 1 on unit 2: -71 (exp. 2).
[2025-09-27 20:26:51] [General - KernelLogLogger] [DEBUG] 2025-09-27T20:26:51.479061-06:00 photonvision kernel: usb 5-1: Failed to query (GET_CUR) UVC control 2 on unit 2: -71 (exp. 2).
[2025-09-27 20:26:51] [General - KernelLogLogger] [DEBUG] 2025-09-27T20:26:51.489040-06:00 photonvision kernel: usb 5-1: Failed to query (GET_DEF) UVC control 1 on unit 2: -71 (exp. 2).
[2025-09-27 20:26:51] [General - KernelLogLogger] [DEBUG] 2025-09-27T20:26:51.506315-06:00 photonvision kernel: usb usb5-port1: disabled by hub (EMI?), re-enabling...
[2025-09-27 20:26:51] [General - KernelLogLogger] [DEBUG] 2025-09-27T20:26:51.506408-06:00 photonvision kernel: usb 5-1: USB disconnect, device number 49
[2025-09-27 20:26:51] [General - KernelLogLogger] [DEBUG] 2025-09-27T20:26:51.849309-06:00 photonvision kernel: usb 5-1: new high-speed USB device number 50 using ehci-platform
[2025-09-27 20:26:51] [General - KernelLogLogger] [DEBUG] d UVC 1.00 device AprilTag1 (0c45:6366)
[2025-09-27 20:26:51] [General - KernelLogLogger] [DEBUG] 2025-09-27T20:26:44.205750-06:00 photonvision kernel: input: AprilTag1: AprilTag1 as /devices/platform/fc880000.usb/usb5/5-1/5-1:1.0/input/input59
[2025-09-27 20:26:51] [General - KernelLogLogger] [DEBUG] sb 5-1: New USB device strings: Mfr=2, Product=1, SerialNumber=3
[2025-09-27 20:26:51] [General - KernelLogLogger] [DEBUG] 2025-09-27T20:25:37.696074-06:00 photonvision kernel: usb 5-1: Product: AprilTag1
[2025-09-27 20:26:51] [General - KernelLogLogger] [DEBUG] 2025-09-27T20:25:37.696078-06:00 photonvision kernel: usb 5-1: Manufacturer: Arducam Technology Co., Ltd.
[2025-09-27 20:26:51] [General - KernelLogLogger] [DEBUG] 2025-09-27T20:25:37.696081-06:00 photonvisioa
[2025-09-27 20:26:52] [Camera - USBFrameProvider - AprilTag1] [ERROR] Error grabbing image: timed out getting frame
[2025-09-27 20:26:52] [CSCore - PvCSCoreLogger] [INFO] AprilTag1: Attempting to connect to USB camera on /dev/v4l/by-path/platform-fc880000.usb-usb-0:1:1.0-video-index0
[2025-09-27 20:26:52] [CSCore - PvCSCoreLogger] [DEBUG] CS: DEBUG 7: AprilTag1: opening device (UsbCameraImpl.cpp:651)
[2025-09-27 20:26:52] [CSCore - PvCSCoreLogger] [INFO] AprilTag1: Attempting to connect to USB camera on /dev/v4l/by-path/platform-fc880000.usb-usb-0:1:1.0-video-index0
[2025-09-27 20:26:52] [CSCore - PvCSCoreLogger] [DEBUG] CS: DEBUG 7: AprilTag1: opening device (UsbCameraImpl.cpp:651)
[2025-09-27 20:26:52] [CSCore - PvCSCoreLogger] [INFO] AprilTag1: Attempting to connect to USB camera on /dev/v4l/by-path/platform-fc880000.usb-usb-0:1:1.0-video-index0
[2025-09-27 20:26:52] [CSCore - PvCSCoreLogger] [DEBUG] CS: DEBUG 7: AprilTag1: opening device (UsbCameraImpl.cpp:651)
[2025-09-27 20:26:52] [CSCore - PvCSCoreLogger] [INFO] AprilTag1: Connected to USB camera on /dev/v4l/by-path/platform-fc880000.usb-usb-0:1:1.0-video-index0
[2025-09-27 20:26:52] [CSCore - PvCSCoreLogger] [DEBUG] CS: DEBUG 7: AprilTag1: getting capabilities (UsbCameraImpl.cpp:663)
[2025-09-27 20:26:52] [CSCore - PvCSCoreLogger] [DEBUG] CS: DEBUG 7: AprilTag1: restoring video mode (UsbCameraImpl.cpp:681)
[2025-09-27 20:26:52] [CSCore - PvCSCoreLogger] [INFO] AprilTag1: set format 1 res 320x240
[2025-09-27 20:26:52] [CSCore - PvCSCoreLogger] [INFO] AprilTag1: set FPS to 100
[2025-09-27 20:26:52] [CSCore - PvCSCoreLogger] [DEBUG] CS: DEBUG 7: AprilTag1: restoring settings (UsbCameraImpl.cpp:686)
[2025-09-27 20:26:52] [Camera - USBFrameProvider - AprilTag1] [ERROR] Error grabbing image: timed out getting frame
[2025-09-27 20:26:52] [Camera - USBFrameProvider - AprilTag1] [ERROR] Error grabbing image: timed out getting frame
[2025-09-27 20:26:52] [Camera - USBFrameProvider - AprilTag1] [ERROR] Error grabbing image: timed out getting frame
[2025-09-27 20:26:52] [General - KernelLogLogger] [DEBUG] 2025-09-27T20:26:52.015787-06:00 photonvision kernel: usb 5-1: New USB device found, idVendor=0c45, idProduct=6366, bcdDevice= 1.00
[2025-09-27 20:26:52] [General - KernelLogLogger] [DEBUG] 2025-09-27T20:26:52.015838-06:00 photonvision kernel: usb 5-1: New USB device strings: Mfr=2, Product=1, SerialNumber=3
[2025-09-27 20:26:52] [General - KernelLogLogger] [DEBUG] 2025-09-27T20:26:52.015843-06:00 photonvision kernel: usb 5-1: Product: AprilTag1
[2025-09-27 20:26:52] [General - KernelLogLogger] [DEBUG] 2025-09-27T20:26:52.015847-06:00 photonvision kernel: usb 5-1: Manufacturer: Arducam Technology Co., Ltd.
[2025-09-27 20:26:52] [General - KernelLogLogger] [DEBUG] 2025-09-27T20:26:52.015850-06:00 photonvision kernel: usb 5-1: SerialNumber: 0001
[2025-09-27 20:26:52] [General - KernelLogLogger] [DEBUG] 2025-09-27T20:26:52.015854-06:00 photonvision kernel: usb 5-1: Found UVC 1.00 device AprilTag1 (0c45:6366)
[2025-09-27 20:26:52] [General - KernelLogLogger] [DEBUG] 2025-09-27T20:26:52.045762-06:00 photonvision kernel: input: AprilTag1: AprilTag1 as /devices/platform/fc880000.usb/usb5/5-1/5-1:1.0/input/input63
[2025-09-27 20:26:52] [General - KernelLogLogger] [DEBUG] 6:00 photonvision kernel: input: AprilTag1: AprilTag1 as /devices/platform/fc880000.usb/usb5/5-1/5-1:1.0/input/input60
[2025-09-27 20:26:52] [General - KernelLogLogger] [DEBUG] sb 5-1: New USB device strings: Mfr=2, Product=1, SerialNumber=3
[2025-09-27 20:26:52] [General - KernelLogLogger] [DEBUG] 2025-09-27T20:25:57.622503-06:00 photonvision kernel: usb 5-1: Product: AprilTag1
[2025-09-27 20:26:52] [General - KernelLogLogger] [DEBUG] 2025-09-27T20:25:57.622508-06:00 photonvision kernel: usb 5-1: Manufacturer: Arducam Technology Co., Ltd.
[2025-09-27 20:26:52] [General - KernelLogLogger] [DEBUG] 2025-09-27T20:25:57.622510-06:00 photonvision kernel: usb 5-1: SerialNumber: 0001
[2025-09-27 20:26:52] [General - KernelLogLogger] [DEBUG] ÿ
[2025-09-27 20:26:53] [Camera - USBFrameProvider - AprilTag1] [ERROR] Error grabbing image: timed out getting frame
[2025-09-27 20:26:53] [CSCore - PvCSCoreLogger] [DEBUG] CS: DEBUG 7: AprilTag1: allocating buffers (UsbCameraImpl.cpp:701)
[2025-09-27 20:26:53] [CSCore - PvCSCoreLogger] [DEBUG] CS: DEBUG 7: AprilTag1: mapping buffers (UsbCameraImpl.cpp:715)
[2025-09-27 20:26:53] [CSCore - PvCSCoreLogger] [DEBUG] CS: DEBUG 7: AprilTag1: queuing buffers (UsbCameraImpl.cpp:765)
[2025-09-27 20:26:53] [Camera - USBFrameProvider - AprilTag1] [ERROR] Error grabbing image: timed out getting frame
[2025-09-27 20:26:53] [CSCore - PvCSCoreLogger] [ERROR] CS: ERROR 40: AprilTag1: ioctl VIDIOC_STREAMON failed: Protocol error (UsbCameraImpl.cpp:789)
[2025-09-27 20:26:53] [CSCore - PvCSCoreLogger] [INFO] AprilTag1: Attempting to connect to USB camera on /dev/v4l/by-path/platform-fc880000.usb-usb-0:1:1.0-video-index0
[2025-09-27 20:26:53] [CSCore - PvCSCoreLogger] [DEBUG] CS: DEBUG 7: AprilTag1: opening device (UsbCameraImpl.cpp:651)
[2025-09-27 20:26:53] [CSCore - PvCSCoreLogger] [INFO] AprilTag1: Attempting to connect to USB camera on /dev/v4l/by-path/platform-fc880000.usb-usb-0:1:1.0-video-index0
[2025-09-27 20:26:53] [CSCore - PvCSCoreLogger] [DEBUG] CS: DEBUG 7: AprilTag1: opening device (UsbCameraImpl.cpp:651)
[2025-09-27 20:26:53] [Camera - USBFrameProvider - AprilTag1] [ERROR] Error grabbing image: timed out getting frame
[2025-09-27 20:26:53] [General - KernelLogLogger] [DEBUG] 2025-09-27T20:26:53.459048-06:00 photonvision kernel: usb 5-1: Failed to query (GET_CUR) UVC control 3 on unit 2: -71 (exp. 2).
[2025-09-27 20:26:53] [General - KernelLogLogger] [DEBUG] 2025-09-27T20:26:53.502444-06:00 photonvision kernel: usb usb5-port1: disabled by hub (EMI?), re-enabling...
[2025-09-27 20:26:53] [General - KernelLogLogger] [DEBUG] 2025-09-27T20:26:53.502494-06:00 photonvision kernel: usb 5-1: USB disconnect, device number 50
[2025-09-27 20:26:53] [General - KernelLogLogger] [DEBUG] 2025-09-27T20:26:53.849175-06:00 photonvision kernel: usb 5-1: new high-speed USB device number 51 using ehci-platform
[2025-09-27 20:26:53] [General - KernelLogLogger] [DEBUG] 0:26:28.949177-06:00 photonvision kernel: usb 5-1: SerialNumber: 0001
[2025-09-27 20:26:53] [General - KernelLogLogger] [DEBUG] 2025-09-27T20:26:28.952419-06:00 photonvision kernel: usb 5-1: Found UVC 1.00 device AprilTag1 (0c45:6366)
[2025-09-27 20:26:53] [General - KernelLogLogger] [DEBUG] 2025-09-27T20:26:28.982451-06:00 photonvision kernee
[2025-09-27 20:26:53] [Camera - USBFrameProvider - AprilTag1] [ERROR] Error grabbing image: timed out getting frame
[2025-09-27 20:26:54] [CSCore - PvCSCoreLogger] [INFO] AprilTag1: Attempting to connect to USB camera on /dev/v4l/by-path/platform-fc880000.usb-usb-0:1:1.0-video-index0
[2025-09-27 20:26:54] [CSCore - PvCSCoreLogger] [DEBUG] CS: DEBUG 7: AprilTag1: opening device (UsbCameraImpl.cpp:651)
[2025-09-27 20:26:54] [CSCore - PvCSCoreLogger] [INFO] AprilTag1: Attempting to connect to USB camera on /dev/v4l/by-path/platform-fc880000.usb-usb-0:1:1.0-video-index0
[2025-09-27 20:26:54] [CSCore - PvCSCoreLogger] [DEBUG] CS: DEBUG 7: AprilTag1: opening device (UsbCameraImpl.cpp:651)
[2025-09-27 20:26:54] [CSCore - PvCSCoreLogger] [INFO] AprilTag1: Connected to USB camera on /dev/v4l/by-path/platform-fc880000.usb-usb-0:1:1.0-video-index0
[2025-09-27 20:26:54] [CSCore - PvCSCoreLogger] [DEBUG] CS: DEBUG 7: AprilTag1: getting capabilities (UsbCameraImpl.cpp:663)
[2025-09-27 20:26:54] [CSCore - PvCSCoreLogger] [DEBUG] CS: DEBUG 7: AprilTag1: restoring video mode (UsbCameraImpl.cpp:681)
[2025-09-27 20:26:54] [CSCore - PvCSCoreLogger] [INFO] AprilTag1: set format 1 res 320x240
[2025-09-27 20:26:54] [CSCore - PvCSCoreLogger] [INFO] AprilTag1: set FPS to 100
[2025-09-27 20:26:54] [CSCore - PvCSCoreLogger] [DEBUG] CS: DEBUG 7: AprilTag1: restoring settings (UsbCameraImpl.cpp:686)
[2025-09-27 20:26:54] [Camera - USBFrameProvider - AprilTag1] [ERROR] Error grabbing image: timed out getting frame
[2025-09-27 20:26:54] [Camera - USBFrameProvider - AprilTag1] [ERROR] Error grabbing image: timed out getting frame
[2025-09-27 20:26:54] [Camera - USBFrameProvider - AprilTag1] [ERROR] Error grabbing image: timed out getting frame
[2025-09-27 20:26:54] [General - KernelLogLogger] [DEBUG] 2025-09-27T20:26:54.005868-06:00 photonvision kernel: usb 5-1: New USB device found, idVendor=0c45, idProduct=6366, bcdDevice= 1.00
[2025-09-27 20:26:54] [General - KernelLogLogger] [DEBUG] 2025-09-27T20:26:54.005923-06:00 photonvision kernel: usb 5-1: New USB device strings: Mfr=2, Product=1, SerialNumber=3
[2025-09-27 20:26:54] [General - KernelLogLogger] [DEBUG] 2025-09-27T20:26:54.005928-06:00 photonvision kernel: usb 5-1: Product: AprilTag1
[2025-09-27 20:26:54] [General - KernelLogLogger] [DEBUG] 2025-09-27T20:26:54.005931-06:00 photonvision kernel: usb 5-1: Manufacturer: Arducam Technology Co., Ltd.
[2025-09-27 20:26:54] [General - KernelLogLogger] [DEBUG] 2025-09-27T20:26:54.005934-06:00 photonvision kernel: usb 5-1: SerialNumber: 0001
[2025-09-27 20:26:54] [General - KernelLogLogger] [DEBUG] 2025-09-27T20:26:54.009384-06:00 photonvision kernel: usb 5-1: Found UVC 1.00 device AprilTag1 (0c45:6366)
[2025-09-27 20:26:54] [General - KernelLogLogger] [DEBUG] 2025-09-27T20:26:54.035755-06:00 photonvision kernel: input: AprilTag1: AprilTag1 as /devices/platform/fc880000.usb/usb5/5-1/5-1:1.0/input/input64
[2025-09-27 20:26:54] [General - KernelLogLogger] [DEBUG] 6:00 photonvision kernel: input: AprilTag1: AprilTag1 as /devices/platform/fc880000.usb/usb5/5-1/5-1:1.0/input/input61
[2025-09-27 20:26:54] [General - KernelLogLogger] [DEBUG] sb 5-1: New USB device strings: Mfr=2, Product=1, SerialNumber=3
[2025-09-27 20:26:54] [General - KernelLogLogger] [DEBUG] 2025-09-27T20:26:08.719130-06:00 photonvision kernel: usb 5-1: Product: AprilTag1
[2025-09-27 20:26:54] [General - KernelLogLogger] [DEBUG] 2025-09-27T20:26:08.719135-06:00 photonvision kernel: usb 5-1: Manufacturer: Arducam Technology Co., Ltd.
[2025-09-27 20:26:54] [General - KernelLogLogger] [DEBUG] 2025-09-27T20:26:08.719141-06:00 photonvision kernel: usb 5-1: SerialNumber: 0001
[2025-09-27 20:26:54] [General - KernelLogLogger] [DEBUG] ÿ
[2025-09-27 20:26:55] [CSCore - PvCSCoreLogger] [DEBUG] CS: DEBUG 7: AprilTag1: allocating buffers (UsbCameraImpl.cpp:701)
[2025-09-27 20:26:55] [CSCore - PvCSCoreLogger] [DEBUG] CS: DEBUG 7: AprilTag1: mapping buffers (UsbCameraImpl.cpp:715)
[2025-09-27 20:26:55] [CSCore - PvCSCoreLogger] [DEBUG] CS: DEBUG 7: AprilTag1: queuing buffers (UsbCameraImpl.cpp:765)
[2025-09-27 20:26:55] [Camera - USBFrameProvider - AprilTag1] [ERROR] Error grabbing image: timed out getting frame
[2025-09-27 20:26:55] [CSCore - PvCSCoreLogger] [ERROR] CS: ERROR 40: AprilTag1: ioctl VIDIOC_STREAMON failed: Protocol error (UsbCameraImpl.cpp:789)
[2025-09-27 20:26:55] [CSCore - PvCSCoreLogger] [DEBUG] CS: DEBUG 7: AprilTag1: queuing buffers (UsbCameraImpl.cpp:765)
[2025-09-27 20:26:55] [CSCore - PvCSCoreLogger] [ERROR] CS: ERROR 40: ioctl VIDIOC_QBUF failed at UsbCameraImpl.cpp:772: No such device (UsbUtil.cpp:157)
[2025-09-27 20:26:55] [CSCore - PvCSCoreLogger] [WARN] CS: WARNING 30: AprilTag1: could not queue buffer 0 (UsbCameraImpl.cpp:773)
[2025-09-27 20:26:55] [Camera - USBFrameProvider - AprilTag1] [ERROR] Error grabbing image: timed out getting frame
[2025-09-27 20:26:55] [CSCore - PvCSCoreLogger] [INFO] AprilTag1: Attempting to connect to USB camera on /dev/v4l/by-path/platform-fc880000.usb-usb-0:1:1.0-video-index0
[2025-09-27 20:26:55] [CSCore - PvCSCoreLogger] [DEBUG] CS: DEBUG 7: AprilTag1: opening device (UsbCameraImpl.cpp:651)
[2025-09-27 20:26:55] [Camera - USBFrameProvider - AprilTag1] [ERROR] Error grabbing image: timed out getting frame
[2025-09-27 20:26:55] [Camera - USBFrameProvider - AprilTag1] [ERROR] Error grabbing image: timed out getting frame
[2025-09-27 20:26:55] [CSCore - PvCSCoreLogger] [INFO] AprilTag1: Attempting to connect to USB camera on /dev/v4l/by-path/platform-fc880000.usb-usb-0:1:1.0-video-index0
[2025-09-27 20:26:55] [CSCore - PvCSCoreLogger] [DEBUG] CS: DEBUG 7: AprilTag1: opening device (UsbCameraImpl.cpp:651)
[2025-09-27 20:26:55] [CSCore - PvCSCoreLogger] [INFO] AprilTag1: Attempting to connect to USB camera on /dev/v4l/by-path/platform-fc880000.usb-usb-0:1:1.0-video-index0
[2025-09-27 20:26:55] [CSCore - PvCSCoreLogger] [DEBUG] CS: DEBUG 7: AprilTag1: opening device (UsbCameraImpl.cpp:651)
[2025-09-27 20:26:55] [CSCore - PvCSCoreLogger] [INFO] AprilTag1: Connected to USB camera on /dev/v4l/by-path/platform-fc880000.usb-usb-0:1:1.0-video-index0
[2025-09-27 20:26:55] [CSCore - PvCSCoreLogger] [DEBUG] CS: DEBUG 7: AprilTag1: getting capabilities (UsbCameraImpl.cpp:663)
[2025-09-27 20:26:55] [CSCore - PvCSCoreLogger] [DEBUG] CS: DEBUG 7: AprilTag1: restoring video mode (UsbCameraImpl.cpp:681)
[2025-09-27 20:26:55] [General - KernelLogLogger] [DEBUG] 2025-09-27T20:26:55.226401-06:00 photonvision kernel: usb 5-1: Failed to query (GET_MAX) UVC control 8 on unit 2: -71 (exp. 2).
[2025-09-27 20:26:55] [General - KernelLogLogger] [DEBUG] 2025-09-27T20:26:55.242612-06:00 photonvision kernel: usb 5-1: Failed to query (GET_CUR) UVC control 2 on unit 2: -71 (exp. 2).
[2025-09-27 20:26:55] [General - KernelLogLogger] [DEBUG] 2025-09-27T20:26:55.249079-06:00 photonvision kernel: usb 5-1: Failed to query (GET_DEF) UVC control 8 on unit 2: -71 (exp. 2).
[2025-09-27 20:26:55] [General - KernelLogLogger] [DEBUG] 2025-09-27T20:26:55.325754-06:00 photonvision kernel: usb usb5-port1: disabled by hub (EMI?), re-enabling...
[2025-09-27 20:26:55] [General - KernelLogLogger] [DEBUG] 2025-09-27T20:26:55.325802-06:00 photonvision kernel: usb 5-1: USB disconnect, device number 51
[2025-09-27 20:26:55] [General - KernelLogLogger] [DEBUG] 2025-09-27T20:26:55.679097-06:00 photonvision kernel: usb 5-1: new high-speed USB device number 52 using ehci-platform
[2025-09-27 20:26:55] [General - KernelLogLogger] [DEBUG] 2025-09-27T20:26:55.843268-06:00 photonvision kernel: usb 5-1: New USB device found, idVendor=0c45, idProduct=6366, bcdDevice= 1.00
[2025-09-27 20:26:55] [General - KernelLogLogger] [DEBUG] 2025-09-27T20:26:55.843290-06:00 photonvision kernel: usb 5-1: New USB device strings: Mfr=2, Product=1, SerialNumber=3
[2025-09-27 20:26:55] [General - KernelLogLogger] [DEBUG] 2025-09-27T20:26:55.843292-06:00 photonvision kernel: usb 5-1: Product: AprilTag1
[2025-09-27 20:26:55] [General - KernelLogLogger] [DEBUG] 2025-09-27T20:26:55.843293-06:00 photonvision kernel: usb 5-1: Manufacturer: Arducam Technology Co., Ltd.
[2025-09-27 20:26:55] [General - KernelLogLogger] [DEBUG] 2025-09-27T20:26:55.843295-06:00 photonvision kernel: usb 5-1: SerialNumber: 0001
[2025-09-27 20:26:55] [General - KernelLogLogger] [DEBUG] 9-27T20:25:26.319243-06:00 photonvision kernel: rockchip-hdptx-phy-hdmi fed60000.hdmiphy: bus_width:0x16a8c8,bit_rate:1485000
[2025-09-27 20:26:55] [General - KernelLogLogger] [DEBUG] 2025-09-27T20:25:26.319245-06:00 photonvision kernel: rockch
[2025-09-27 20:26:55] [CSCore - PvCSCoreLogger] [INFO] AprilTag1: set format 1 res 320x240
[2025-09-27 20:26:55] [CSCore - PvCSCoreLogger] [INFO] AprilTag1: set FPS to 100
[2025-09-27 20:26:55] [CSCore - PvCSCoreLogger] [DEBUG] CS: DEBUG 7: AprilTag1: restoring settings (UsbCameraImpl.cpp:686)
[2025-09-27 20:26:56] [Camera - USBFrameProvider - AprilTag1] [ERROR] Error grabbing image: timed out getting frame
[2025-09-27 20:26:56] [Camera - USBFrameProvider - AprilTag1] [ERROR] Error grabbing image: timed out getting frame
[2025-09-27 20:26:56] [Camera - USBFrameProvider - AprilTag1] [ERROR] Error grabbing image: timed out getting frame
[2025-09-27 20:26:56] [General - KernelLogLogger] [DEBUG] 2025-09-27T20:26:55.845723-06:00 photonvision kernel: usb 5-1: Found UVC 1.00 device AprilTag1 (0c45:6366)
[2025-09-27 20:26:56] [General - KernelLogLogger] [DEBUG] 2025-09-27T20:26:55.872375-06:00 photonvision kernel: input: AprilTag1: AprilTag1 as /devices/platform/fc880000.usb/usb5/5-1/5-1:1.0/input/input65
[2025-09-27 20:26:56] [General - KernelLogLogger] [DEBUG] F@o¿޹hH@9jV°J@
[2025-09-27 20:26:56] [Camera - USBFrameProvider - AprilTag1] [ERROR] Error grabbing image: timed out getting frame
[2025-09-27 20:26:57] [CSCore - PvCSCoreLogger] [DEBUG] CS: DEBUG 7: AprilTag1: allocating buffers (UsbCameraImpl.cpp:701)
[2025-09-27 20:26:57] [CSCore - PvCSCoreLogger] [DEBUG] CS: DEBUG 7: AprilTag1: mapping buffers (UsbCameraImpl.cpp:715)
[2025-09-27 20:26:57] [CSCore - PvCSCoreLogger] [DEBUG] CS: DEBUG 7: AprilTag1: queuing buffers (UsbCameraImpl.cpp:765)
[2025-09-27 20:26:57] [Camera - USBFrameProvider - AprilTag1] [ERROR] Error grabbing image: timed out getting frame
[2025-09-27 20:26:57] [CSCore - PvCSCoreLogger] [ERROR] CS: ERROR 40: AprilTag1: ioctl VIDIOC_STREAMON failed: Protocol error (UsbCameraImpl.cpp:789)
[2025-09-27 20:26:57] [CSCore - PvCSCoreLogger] [DEBUG] CS: DEBUG 7: AprilTag1: queuing buffers (UsbCameraImpl.cpp:765)
[2025-09-27 20:26:57] [CSCore - PvCSCoreLogger] [ERROR] CS: ERROR 40: ioctl VIDIOC_QBUF failed at UsbCameraImpl.cpp:772: Invalid argument (UsbUtil.cpp:157)
[2025-09-27 20:26:57] [CSCore - PvCSCoreLogger] [WARN] CS: WARNING 30: AprilTag1: could not queue buffer 0 (UsbCameraImpl.cpp:773)
[2025-09-27 20:26:57] [Camera - USBFrameProvider - AprilTag1] [ERROR] Error grabbing image: timed out getting frame
[2025-09-27 20:26:57] [Camera - USBFrameProvider - AprilTag1] [ERROR] Error grabbing image: timed out getting frame
[2025-09-27 20:26:57] [General - KernelLogLogger] [DEBUG] 2025-09-27T20:26:57.285911-06:00 photonvision kernel: usb 5-1: Failed to query (GET_CUR) UVC control 6 on unit 2: -71 (exp. 2).
[2025-09-27 20:26:57] [General - KernelLogLogger] [DEBUG] 
[2025-09-27 20:26:57] [General - KernelLogLogger] [DEBUG] Ííñÿ
[2025-09-27 20:26:58] [Camera - USBFrameProvider - AprilTag1] [ERROR] Error grabbing image: timed out getting frame
[2025-09-27 20:26:58] [Camera - USBFrameProvider - AprilTag1] [ERROR] Error grabbing image: timed out getting frame
[2025-09-27 20:26:58] [Camera - USBFrameProvider - AprilTag1] [ERROR] Error grabbing image: timed out getting frame
[2025-09-27 20:26:58] [Camera - USBFrameProvider - AprilTag1] [ERROR] Error grabbing image: timed out getting frame
[2025-09-27 20:26:59] [Camera - USBFrameProvider - AprilTag1] [ERROR] Error grabbing image: timed out getting frame
[2025-09-27 20:26:59] [CSCore - PvCSCoreLogger] [DEBUG] CS: DEBUG 7: AprilTag1: queuing buffers (UsbCameraImpl.cpp:765)
[2025-09-27 20:26:59] [CSCore - PvCSCoreLogger] [ERROR] CS: ERROR 40: ioctl VIDIOC_QBUF failed at UsbCameraImpl.cpp:772: Invalid argument (UsbUtil.cpp:157)
[2025-09-27 20:26:59] [CSCore - PvCSCoreLogger] [WARN] CS: WARNING 30: AprilTag1: could not queue buffer 0 (UsbCameraImpl.cpp:773)
[2025-09-27 20:26:59] [Camera - USBFrameProvider - AprilTag1] [ERROR] Error grabbing image: timed out getting frame
[2025-09-27 20:26:59] [Camera - USBFrameProvider - AprilTag1] [ERROR] Error grabbing image: timed out getting frame
[2025-09-27 20:26:59] [Camera - USBFrameProvider - AprilTag1] [ERROR] Error grabbing image: timed out getting frame
[2025-09-27 20:27:00] [Camera - USBFrameProvider - AprilTag1] [ERROR] Error grabbing image: timed out getting frame
[2025-09-27 20:27:00] [Camera - USBFrameProvider - AprilTag1] [ERROR] Error grabbing image: timed out getting frame
[2025-09-27 20:27:00] [Camera - USBFrameProvider - AprilTag1] [ERROR] Error grabbing image: timed out getting frame
[2025-09-27 20:27:01] [Camera - USBFrameProvider - AprilTag1] [ERROR] Error grabbing image: timed out getting frame
[2025-09-27 20:27:01] [CSCore - PvCSCoreLogger] [DEBUG] CS: DEBUG 7: AprilTag1: queuing buffers (UsbCameraImpl.cpp:765)
[2025-09-27 20:27:01] [CSCore - PvCSCoreLogger] [ERROR] CS: ERROR 40: ioctl VIDIOC_QBUF failed at UsbCameraImpl.cpp:772: Invalid argument (UsbUtil.cpp:157)
[2025-09-27 20:27:01] [CSCore - PvCSCoreLogger] [WARN] CS: WARNING 30: AprilTag1: could not queue buffer 0 (UsbCameraImpl.cpp:773)
[2025-09-27 20:27:01] [Camera - USBFrameProvider - AprilTag1] [ERROR] Error grabbing image: timed out getting frame
[2025-09-27 20:27:01] [Camera - USBFrameProvider - AprilTag1] [ERROR] Error grabbing image: timed out getting frame
[2025-09-27 20:27:01] [Camera - USBFrameProvider - AprilTag1] [ERROR] Error grabbing image: timed out getting frame
[2025-09-27 20:27:02] [Camera - USBFrameProvider - AprilTag1] [ERROR] Error grabbing image: timed out getting frame
[2025-09-27 20:27:02] [Camera - USBFrameProvider - AprilTag1] [ERROR] Error grabbing image: timed out getting frame
[2025-09-27 20:27:02] [Camera - USBFrameProvider - AprilTag1] [ERROR] Error grabbing image: timed out getting frame
[2025-09-27 20:27:02] [Camera - USBFrameProvider - AprilTag1] [ERROR] Error grabbing image: timed out getting frame
[2025-09-27 20:27:03] [Camera - USBFrameProvider - AprilTag1] [ERROR] Error grabbing image: timed out getting frame
[2025-09-27 20:27:03] [CSCore - PvCSCoreLogger] [DEBUG] CS: DEBUG 7: AprilTag1: queuing buffers (UsbCameraImpl.cpp:765)
[2025-09-27 20:27:03] [CSCore - PvCSCoreLogger] [ERROR] CS: ERROR 40: ioctl VIDIOC_QBUF failed at UsbCameraImpl.cpp:772: Invalid argument (UsbUtil.cpp:157)
[2025-09-27 20:27:03] [CSCore - PvCSCoreLogger] [WARN] CS: WARNING 30: AprilTag1: could not queue buffer 0 (UsbCameraImpl.cpp:773)
[2025-09-27 20:27:03] [Camera - USBFrameProvider - AprilTag1] [ERROR] Error grabbing image: timed out getting frame
[2025-09-27 20:27:03] [Camera - USBFrameProvider - AprilTag1] [ERROR] Error grabbing image: timed out getting frame
[2025-09-27 20:27:04] [Camera - USBFrameProvider - AprilTag1] [ERROR] Error grabbing image: timed out getting frame
[2025-09-27 20:27:04] [Camera - USBFrameProvider - AprilTag1] [ERROR] Error grabbing image: timed out getting frame
[2025-09-27 20:27:04] [Camera - USBFrameProvider - AprilTag1] [ERROR] Error grabbing image: timed out getting frame
[2025-09-27 20:27:04] [Camera - USBFrameProvider - AprilTag1] [ERROR] Error grabbing image: timed out getting frame
[2025-09-27 20:27:05] [Camera - USBFrameProvider - AprilTag1] [ERROR] Error grabbing image: timed out getting frame
[2025-09-27 20:27:05] [CSCore - PvCSCoreLogger] [DEBUG] CS: DEBUG 7: AprilTag1: queuing buffers (UsbCameraImpl.cpp:765)
[2025-09-27 20:27:05] [CSCore - PvCSCoreLogger] [ERROR] CS: ERROR 40: ioctl VIDIOC_QBUF failed at UsbCameraImpl.cpp:772: Invalid argument (UsbUtil.cpp:157)
[2025-09-27 20:27:05] [CSCore - PvCSCoreLogger] [WARN] CS: WARNING 30: AprilTag1: could not queue buffer 0 (UsbCameraImpl.cpp:773)
[2025-09-27 20:27:05] [Camera - USBFrameProvider - AprilTag1] [ERROR] Error grabbing image: timed out getting frame
[2025-09-27 20:27:05] [Camera - USBFrameProvider - AprilTag1] [ERROR] Error grabbing image: timed out getting frame
[2025-09-27 20:27:05] [Camera - USBFrameProvider - AprilTag1] [ERROR] Error grabbing image: timed out getting frame
[2025-09-27 20:27:06] [Camera - USBFrameProvider - AprilTag1] [ERROR] Error grabbing image: timed out getting frame
[2025-09-27 20:27:06] [Camera - USBFrameProvider - AprilTag1] [ERROR] Error grabbing image: timed out getting frame
[2025-09-27 20:27:06] [Camera - USBFrameProvider - AprilTag1] [ERROR] Error grabbing image: timed out getting frame
[2025-09-27 20:27:07] [Camera - USBFrameProvider - AprilTag1] [ERROR] Error grabbing image: timed out getting frame
[2025-09-27 20:27:07] [Camera - USBFrameProvider - AprilTag1] [ERROR] Error grabbing image: timed out getting frame
[2025-09-27 20:27:07] [CSCore - PvCSCoreLogger] [DEBUG] CS: DEBUG 7: AprilTag1: queuing buffers (UsbCameraImpl.cpp:765)
[2025-09-27 20:27:07] [CSCore - PvCSCoreLogger] [ERROR] CS: ERROR 40: ioctl VIDIOC_QBUF failed at UsbCameraImpl.cpp:772: Invalid argument (UsbUtil.cpp:157)
[2025-09-27 20:27:07] [CSCore - PvCSCoreLogger] [WARN] CS: WARNING 30: AprilTag1: could not queue buffer 0 (UsbCameraImpl.cpp:773)
[2025-09-27 20:27:07] [Camera - USBFrameProvider - AprilTag1] [ERROR] Error grabbing image: timed out getting frame
[2025-09-27 20:27:07] [Camera - USBFrameProvider - AprilTag1] [ERROR] Error grabbing image: timed out getting frame
[2025-09-27 20:27:08] [Camera - USBFrameProvider - AprilTag1] [ERROR] Error grabbing image: timed out getting frame
[2025-09-27 20:27:08] [Camera - USBFrameProvider - AprilTag1] [ERROR] Error grabbing image: timed out getting frame
[2025-09-27 20:27:08] [Camera - USBFrameProvider - AprilTag1] [ERROR] Error grabbing image: timed out getting frame
[2025-09-27 20:27:08] [Camera - USBFrameProvider - AprilTag1] [ERROR] Error grabbing image: timed out getting frame
[2025-09-27 20:27:09] [Camera - USBFrameProvider - AprilTag1] [ERROR] Error grabbing image: timed out getting frame
[2025-09-27 20:27:09] [CSCore - PvCSCoreLogger] [DEBUG] CS: DEBUG 7: AprilTag1: queuing buffers (UsbCameraImpl.cpp:765)
[2025-09-27 20:27:09] [CSCore - PvCSCoreLogger] [ERROR] CS: ERROR 40: ioctl VIDIOC_QBUF failed at UsbCameraImpl.cpp:772: Invalid argument (UsbUtil.cpp:157)
[2025-09-27 20:27:09] [CSCore - PvCSCoreLogger] [WARN] CS: WARNING 30: AprilTag1: could not queue buffer 0 (UsbCameraImpl.cpp:773)
[2025-09-27 20:27:09] [Camera - USBFrameProvider - AprilTag1] [ERROR] Error grabbing image: timed out getting frame
[2025-09-27 20:27:09] [Camera - USBFrameProvider - AprilTag1] [ERROR] Error grabbing image: timed out getting frame
[2025-09-27 20:27:10] [Camera - USBFrameProvider - AprilTag1] [ERROR] Error grabbing image: timed out getting frame
[2025-09-27 20:27:10] [Camera - USBFrameProvider - AprilTag1] [ERROR] Error grabbing image: timed out getting frame
[2025-09-27 20:27:10] [Camera - USBFrameProvider - AprilTag1] [ERROR] Error grabbing image: timed out getting frame
[2025-09-27 20:27:10] [Camera - USBFrameProvider - AprilTag1] [ERROR] Error grabbing image: timed out getting frame
[2025-09-27 20:27:11] [Camera - USBFrameProvider - AprilTag1] [ERROR] Error grabbing image: timed out getting frame
[2025-09-27 20:27:11] [CSCore - PvCSCoreLogger] [DEBUG] CS: DEBUG 7: AprilTag1: queuing buffers (UsbCameraImpl.cpp:765)
[2025-09-27 20:27:11] [CSCore - PvCSCoreLogger] [ERROR] CS: ERROR 40: ioctl VIDIOC_QBUF failed at UsbCameraImpl.cpp:772: Invalid argument (UsbUtil.cpp:157)
[2025-09-27 20:27:11] [CSCore - PvCSCoreLogger] [WARN] CS: WARNING 30: AprilTag1: could not queue buffer 0 (UsbCameraImpl.cpp:773)
[2025-09-27 20:27:11] [Camera - USBFrameProvider - AprilTag1] [ERROR] Error grabbing image: timed out getting frame
[2025-09-27 20:27:11] [Camera - USBFrameProvider - AprilTag1] [ERROR] Error grabbing image: timed out getting frame
[2025-09-27 20:27:11] [Camera - USBFrameProvider - AprilTag1] [ERROR] Error grabbing image: timed out getting frame
[2025-09-27 20:27:12] [Camera - USBFrameProvider - AprilTag1] [ERROR] Error grabbing image: timed out getting frame
[2025-09-27 20:27:12] [Camera - USBFrameProvider - AprilTag1] [ERROR] Error grabbing image: timed out getting frame
[2025-09-27 20:27:12] [Camera - USBFrameProvider - AprilTag1] [ERROR] Error grabbing image: timed out getting frame
[2025-09-27 20:27:12] [Camera - USBFrameProvider - AprilTag1] [ERROR] Error grabbing image: timed out getting frame
[2025-09-27 20:27:13] [Camera - USBFrameProvider - AprilTag1] [ERROR] Error grabbing image: timed out getting frame
[2025-09-27 20:27:13] [CSCore - PvCSCoreLogger] [DEBUG] CS: DEBUG 7: AprilTag1: queuing buffers (UsbCameraImpl.cpp:765)
[2025-09-27 20:27:13] [CSCore - PvCSCoreLogger] [ERROR] CS: ERROR 40: ioctl VIDIOC_QBUF failed at UsbCameraImpl.cpp:772: Invalid argument (UsbUtil.cpp:157)
[2025-09-27 20:27:13] [CSCore - PvCSCoreLogger] [WARN] CS: WARNING 30: AprilTag1: could not queue buffer 0 (UsbCameraImpl.cpp:773)
[2025-09-27 20:27:13] [Camera - USBFrameProvider - AprilTag1] [ERROR] Error grabbing image: timed out getting frame
[2025-09-27 20:27:13] [Camera - USBFrameProvider - AprilTag1] [ERROR] Error grabbing image: timed out getting frame
[2025-09-27 20:27:14] [Camera - USBFrameProvider - AprilTag1] [ERROR] Error grabbing image: timed out getting frame
[2025-09-27 20:27:14] [Camera - USBFrameProvider - AprilTag1] [ERROR] Error grabbing image: timed out getting frame
[2025-09-27 20:27:14] [Camera - USBFrameProvider - AprilTag1] [ERROR] Error grabbing image: timed out getting frame
[2025-09-27 20:27:14] [Camera - USBFrameProvider - AprilTag1] [ERROR] Error grabbing image: timed out getting frame
[2025-09-27 20:27:15] [Camera - USBFrameProvider - AprilTag1] [ERROR] Error grabbing image: timed out getting frame
[2025-09-27 20:27:15] [CSCore - PvCSCoreLogger] [DEBUG] CS: DEBUG 7: AprilTag1: queuing buffers (UsbCameraImpl.cpp:765)
[2025-09-27 20:27:15] [CSCore - PvCSCoreLogger] [ERROR] CS: ERROR 40: ioctl VIDIOC_QBUF failed at UsbCameraImpl.cpp:772: Invalid argument (UsbUtil.cpp:157)
[2025-09-27 20:27:15] [CSCore - PvCSCoreLogger] [WARN] CS: WARNING 30: AprilTag1: could not queue buffer 0 (UsbCameraImpl.cpp:773)
[2025-09-27 20:27:15] [Camera - USBFrameProvider - AprilTag1] [ERROR] Error grabbing image: timed out getting frame
[2025-09-27 20:27:15] [Camera - USBFrameProvider - AprilTag1] [ERROR] Error grabbing image: timed out getting frame
[2025-09-27 20:27:15] [Camera - USBFrameProvider - AprilTag1] [ERROR] Error grabbing image: timed out getting frame
[2025-09-27 20:27:16] [Camera - USBFrameProvider - AprilTag1] [ERROR] Error grabbing image: timed out getting frame
[2025-09-27 20:27:16] [Camera - USBFrameProvider - AprilTag1] [ERROR] Error grabbing image: timed out getting frame
[2025-09-27 20:27:16] [Camera - USBFrameProvider - AprilTag1] [ERROR] Error grabbing image: timed out getting frame
[2025-09-27 20:27:17] [Camera - USBFrameProvider - AprilTag1] [ERROR] Error grabbing image: timed out getting frame
[2025-09-27 20:27:17] [CSCore - PvCSCoreLogger] [DEBUG] CS: DEBUG 7: AprilTag1: queuing buffers (UsbCameraImpl.cpp:765)
[2025-09-27 20:27:17] [CSCore - PvCSCoreLogger] [ERROR] CS: ERROR 40: ioctl VIDIOC_QBUF failed at UsbCameraImpl.cpp:772: Invalid argument (UsbUtil.cpp:157)
[2025-09-27 20:27:17] [CSCore - PvCSCoreLogger] [WARN] CS: WARNING 30: AprilTag1: could not queue buffer 0 (UsbCameraImpl.cpp:773)
[2025-09-27 20:27:17] [Camera - USBFrameProvider - AprilTag1] [ERROR] Error grabbing image: timed out getting frame
[2025-09-27 20:27:17] [Camera - USBFrameProvider - AprilTag1] [ERROR] Error grabbing image: timed out getting frame
[2025-09-27 20:27:17] [Camera - USBFrameProvider - AprilTag1] [ERROR] Error grabbing image: timed out getting frame
[2025-09-27 20:27:18] [Camera - USBFrameProvider - AprilTag1] [ERROR] Error grabbing image: timed out getting frame
[2025-09-27 20:27:18] [Camera - USBFrameProvider - AprilTag1] [ERROR] Error grabbing image: timed out getting frame
[2025-09-27 20:27:18] [Camera - USBFrameProvider - AprilTag1] [ERROR] Error grabbing image: timed out getting frame
[2025-09-27 20:27:18] [Camera - USBFrameProvider - AprilTag1] [ERROR] Error grabbing image: timed out getting frame
[2025-09-27 20:27:19] [Camera - USBFrameProvider - AprilTag1] [ERROR] Error grabbing image: timed out getting frame
[2025-09-27 20:27:19] [CSCore - PvCSCoreLogger] [DEBUG] CS: DEBUG 7: AprilTag1: queuing buffers (UsbCameraImpl.cpp:765)
[2025-09-27 20:27:19] [CSCore - PvCSCoreLogger] [ERROR] CS: ERROR 40: ioctl VIDIOC_QBUF failed at UsbCameraImpl.cpp:772: Invalid argument (UsbUtil.cpp:157)
[2025-09-27 20:27:19] [CSCore - PvCSCoreLogger] [WARN] CS: WARNING 30: AprilTag1: could not queue buffer 0 (UsbCameraImpl.cpp:773)
[2025-09-27 20:27:19] [Camera - USBFrameProvider - AprilTag1] [ERROR] Error grabbing image: timed out getting frame
[2025-09-27 20:27:19] [Camera - USBFrameProvider - AprilTag1] [ERROR] Error grabbing image: timed out getting frame
[2025-09-27 20:27:20] [Camera - USBFrameProvider - AprilTag1] [ERROR] Error grabbing image: timed out getting frame
[2025-09-27 20:27:20] [Camera - USBFrameProvider - AprilTag1] [ERROR] Error grabbing image: timed out getting frame
[2025-09-27 20:27:20] [Camera - USBFrameProvider - AprilTag1] [ERROR] Error grabbing image: timed out getting frame
[2025-09-27 20:27:20] [Camera - USBFrameProvider - AprilTag1] [ERROR] Error grabbing image: timed out getting frame
[2025-09-27 20:27:21] [Camera - USBFrameProvider - AprilTag1] [ERROR] Error grabbing image: timed out getting frame
[2025-09-27 20:27:21] [CSCore - PvCSCoreLogger] [DEBUG] CS: DEBUG 7: AprilTag1: queuing buffers (UsbCameraImpl.cpp:765)
[2025-09-27 20:27:21] [CSCore - PvCSCoreLogger] [ERROR] CS: ERROR 40: ioctl VIDIOC_QBUF failed at UsbCameraImpl.cpp:772: Invalid argument (UsbUtil.cpp:157)
[2025-09-27 20:27:21] [CSCore - PvCSCoreLogger] [WARN] CS: WARNING 30: AprilTag1: could not queue buffer 0 (UsbCameraImpl.cpp:773)
[2025-09-27 20:27:21] [Camera - USBFrameProvider - AprilTag1] [ERROR] Error grabbing image: timed out getting frame
[2025-09-27 20:27:21] [Camera - USBFrameProvider - AprilTag1] [ERROR] Error grabbing image: timed out getting frame
[2025-09-27 20:27:21] [Camera - USBFrameProvider - AprilTag1] [ERROR] Error grabbing image: timed out getting frame
[2025-09-27 20:27:22] [Camera - USBFrameProvider - AprilTag1] [ERROR] Error grabbing image: timed out getting frame
[2025-09-27 20:27:22] [Camera - USBFrameProvider - AprilTag1] [ERROR] Error grabbing image: timed out getting frame
[2025-09-27 20:27:22] [Camera - USBFrameProvider - AprilTag1] [ERROR] Error grabbing image: timed out getting frame
[2025-09-27 20:27:23] [Camera - USBFrameProvider - AprilTag1] [ERROR] Error grabbing image: timed out getting frame
[2025-09-27 20:27:23] [Camera - USBFrameProvider - AprilTag1] [ERROR] Error grabbing image: timed out getting frame
[2025-09-27 20:27:23] [CSCore - PvCSCoreLogger] [DEBUG] CS: DEBUG 7: AprilTag1: queuing buffers (UsbCameraImpl.cpp:765)
[2025-09-27 20:27:23] [CSCore - PvCSCoreLogger] [ERROR] CS: ERROR 40: ioctl VIDIOC_QBUF failed at UsbCameraImpl.cpp:772: Invalid argument (UsbUtil.cpp:157)
[2025-09-27 20:27:23] [CSCore - PvCSCoreLogger] [WARN] CS: WARNING 30: AprilTag1: could not queue buffer 0 (UsbCameraImpl.cpp:773)
[2025-09-27 20:27:23] [Camera - USBFrameProvider - AprilTag1] [ERROR] Error grabbing image: timed out getting frame
[2025-09-27 20:27:23] [Camera - USBFrameProvider - AprilTag1] [ERROR] Error grabbing image: timed out getting frame
[2025-09-27 20:27:24] [Camera - USBFrameProvider - AprilTag1] [ERROR] Error grabbing image: timed out getting frame
[2025-09-27 20:27:24] [Camera - USBFrameProvider - AprilTag1] [ERROR] Error grabbing image: timed out getting frame
[2025-09-27 20:27:24] [Camera - USBFrameProvider - AprilTag1] [ERROR] Error grabbing image: timed out getting frame
[2025-09-27 20:27:24] [Camera - USBFrameProvider - AprilTag1] [ERROR] Error grabbing image: timed out getting frame
[2025-09-27 20:27:25] [Camera - USBFrameProvider - AprilTag1] [ERROR] Error grabbing image: timed out getting frame
[2025-09-27 20:27:25] [CSCore - PvCSCoreLogger] [DEBUG] CS: DEBUG 7: AprilTag1: queuing buffers (UsbCameraImpl.cpp:765)
[2025-09-27 20:27:25] [CSCore - PvCSCoreLogger] [ERROR] CS: ERROR 40: ioctl VIDIOC_QBUF failed at UsbCameraImpl.cpp:772: Invalid argument (UsbUtil.cpp:157)
[2025-09-27 20:27:25] [CSCore - PvCSCoreLogger] [WARN] CS: WARNING 30: AprilTag1: could not queue buffer 0 (UsbCameraImpl.cpp:773)
[2025-09-27 20:27:25] [Camera - USBFrameProvider - AprilTag1] [ERROR] Error grabbing image: timed out getting frame
[2025-09-27 20:27:25] [Camera - USBFrameProvider - AprilTag1] [ERROR] Error grabbing image: timed out getting frame
[2025-09-27 20:27:26] [Camera - USBFrameProvider - AprilTag1] [ERROR] Error grabbing image: timed out getting frame
[2025-09-27 20:27:26] [Camera - USBFrameProvider - AprilTag1] [ERROR] Error grabbing image: timed out getting frame
[2025-09-27 20:27:26] [Camera - USBFrameProvider - AprilTag1] [ERROR] Error grabbing image: timed out getting frame
[2025-09-27 20:27:26] [Camera - USBFrameProvider - AprilTag1] [ERROR] Error grabbing image: timed out getting frame
[2025-09-27 20:27:27] [Camera - USBFrameProvider - AprilTag1] [ERROR] Error grabbing image: timed out getting frame
[2025-09-27 20:27:27] [CSCore - PvCSCoreLogger] [DEBUG] CS: DEBUG 7: AprilTag1: queuing buffers (UsbCameraImpl.cpp:765)
[2025-09-27 20:27:27] [CSCore - PvCSCoreLogger] [ERROR] CS: ERROR 40: ioctl VIDIOC_QBUF failed at UsbCameraImpl.cpp:772: Invalid argument (UsbUtil.cpp:157)
[2025-09-27 20:27:27] [CSCore - PvCSCoreLogger] [WARN] CS: WARNING 30: AprilTag1: could not queue buffer 0 (UsbCameraImpl.cpp:773)
[2025-09-27 20:27:27] [Camera - USBFrameProvider - AprilTag1] [ERROR] Error grabbing image: timed out getting frame
[2025-09-27 20:27:27] [Camera - USBFrameProvider - AprilTag1] [ERROR] Error grabbing image: timed out getting frame
[2025-09-27 20:27:27] [Camera - USBFrameProvider - AprilTag1] [ERROR] Error grabbing image: timed out getting frame
[2025-09-27 20:27:28] [Camera - USBFrameProvider - AprilTag1] [ERROR] Error grabbing image: timed out getting frame
[2025-09-27 20:27:28] [Camera - USBFrameProvider - AprilTag1] [ERROR] Error grabbing image: timed out getting frame
[2025-09-27 20:27:28] [Camera - USBFrameProvider - AprilTag1] [ERROR] Error grabbing image: timed out getting frame
[2025-09-27 20:27:29] [Camera - USBFrameProvider - AprilTag1] [ERROR] Error grabbing image: timed out getting frame
[2025-09-27 20:27:29] [Camera - USBFrameProvider - AprilTag1] [ERROR] Error grabbing image: timed out getting frame
[2025-09-27 20:27:29] [CSCore - PvCSCoreLogger] [DEBUG] CS: DEBUG 7: AprilTag1: queuing buffers (UsbCameraImpl.cpp:765)
[2025-09-27 20:27:29] [CSCore - PvCSCoreLogger] [ERROR] CS: ERROR 40: ioctl VIDIOC_QBUF failed at UsbCameraImpl.cpp:772: Invalid argument (UsbUtil.cpp:157)
[2025-09-27 20:27:29] [CSCore - PvCSCoreLogger] [WARN] CS: WARNING 30: AprilTag1: could not queue buffer 0 (UsbCameraImpl.cpp:773)
[2025-09-27 20:27:29] [Camera - USBFrameProvider - AprilTag1] [ERROR] Error grabbing image: timed out getting frame
[2025-09-27 20:27:29] [Camera - USBFrameProvider - AprilTag1] [ERROR] Error grabbing image: timed out getting frame
[2025-09-27 20:27:30] [Camera - USBFrameProvider - AprilTag1] [ERROR] Error grabbing image: timed out getting frame
[2025-09-27 20:27:30] [Camera - USBFrameProvider - AprilTag1] [ERROR] Error grabbing image: timed out getting frame
[2025-09-27 20:27:30] [Camera - USBFrameProvider - AprilTag1] [ERROR] Error grabbing image: timed out getting frame
[2025-09-27 20:27:30] [Camera - USBFrameProvider - AprilTag1] [ERROR] Error grabbing image: timed out getting frame
[2025-09-27 20:27:31] [Camera - USBFrameProvider - AprilTag1] [ERROR] Error grabbing image: timed out getting frame
[2025-09-27 20:27:31] [CSCore - PvCSCoreLogger] [DEBUG] CS: DEBUG 7: AprilTag1: queuing buffers (UsbCameraImpl.cpp:765)
[2025-09-27 20:27:31] [CSCore - PvCSCoreLogger] [ERROR] CS: ERROR 40: ioctl VIDIOC_QBUF failed at UsbCameraImpl.cpp:772: Invalid argument (UsbUtil.cpp:157)
[2025-09-27 20:27:31] [CSCore - PvCSCoreLogger] [WARN] CS: WARNING 30: AprilTag1: could not queue buffer 0 (UsbCameraImpl.cpp:773)
[2025-09-27 20:27:31] [Camera - USBFrameProvider - AprilTag1] [ERROR] Error grabbing image: timed out getting frame
[2025-09-27 20:27:31] [Camera - USBFrameProvider - AprilTag1] [ERROR] Error grabbing image: timed out getting frame
[2025-09-27 20:27:31] [Camera - USBFrameProvider - AprilTag1] [ERROR] Error grabbing image: timed out getting frame
[2025-09-27 20:27:32] [Camera - USBFrameProvider - AprilTag1] [ERROR] Error grabbing image: timed out getting frame
[2025-09-27 20:27:32] [Camera - USBFrameProvider - AprilTag1] [ERROR] Error grabbing image: timed out getting frame
[2025-09-27 20:27:32] [Camera - USBFrameProvider - AprilTag1] [ERROR] Error grabbing image: timed out getting frame
[2025-09-27 20:27:33] [Camera - USBFrameProvider - AprilTag1] [ERROR] Error grabbing image: timed out getting frame
[2025-09-27 20:27:33] [CSCore - PvCSCoreLogger] [DEBUG] CS: DEBUG 7: AprilTag1: queuing buffers (UsbCameraImpl.cpp:765)
[2025-09-27 20:27:33] [CSCore - PvCSCoreLogger] [ERROR] CS: ERROR 40: ioctl VIDIOC_QBUF failed at UsbCameraImpl.cpp:772: Invalid argument (UsbUtil.cpp:157)
[2025-09-27 20:27:33] [CSCore - PvCSCoreLogger] [WARN] CS: WARNING 30: AprilTag1: could not queue buffer 0 (UsbCameraImpl.cpp:773)
[2025-09-27 20:27:33] [Camera - USBFrameProvider - AprilTag1] [ERROR] Error grabbing image: timed out getting frame
[2025-09-27 20:27:33] [Camera - USBFrameProvider - AprilTag1] [ERROR] Error grabbing image: timed out getting frame
[2025-09-27 20:27:33] [Camera - USBFrameProvider - AprilTag1] [ERROR] Error grabbing image: timed out getting frame
[2025-09-27 20:27:34] [Camera - USBFrameProvider - AprilTag1] [ERROR] Error grabbing image: timed out getting frame
[2025-09-27 20:27:34] [Camera - USBFrameProvider - AprilTag1] [ERROR] Error grabbing image: timed out getting frame
[2025-09-27 20:27:34] [Camera - USBFrameProvider - AprilTag1] [ERROR] Error grabbing image: timed out getting frame
[2025-09-27 20:27:34] [Camera - USBFrameProvider - AprilTag1] [ERROR] Error grabbing image: timed out getting frame
[2025-09-27 20:27:35] [Camera - USBFrameProvider - AprilTag1] [ERROR] Error grabbing image: timed out getting frame
[2025-09-27 20:27:35] [CSCore - PvCSCoreLogger] [DEBUG] CS: DEBUG 7: AprilTag1: queuing buffers (UsbCameraImpl.cpp:765)
[2025-09-27 20:27:35] [CSCore - PvCSCoreLogger] [ERROR] CS: ERROR 40: ioctl VIDIOC_QBUF failed at UsbCameraImpl.cpp:772: Invalid argument (UsbUtil.cpp:157)
[2025-09-27 20:27:35] [CSCore - PvCSCoreLogger] [WARN] CS: WARNING 30: AprilTag1: could not queue buffer 0 (UsbCameraImpl.cpp:773)
[2025-09-27 20:27:35] [Camera - USBFrameProvider - AprilTag1] [ERROR] Error grabbing image: timed out getting frame
[2025-09-27 20:27:35] [Camera - USBFrameProvider - AprilTag1] [ERROR] Error grabbing image: timed out getting frame
[2025-09-27 20:27:36] [Camera - USBFrameProvider - AprilTag1] [ERROR] Error grabbing image: timed out getting frame
[2025-09-27 20:27:36] [Camera - USBFrameProvider - AprilTag1] [ERROR] Error grabbing image: timed out getting frame
[2025-09-27 20:27:36] [Camera - USBFrameProvider - AprilTag1] [ERROR] Error grabbing image: timed out getting frame
[2025-09-27 20:27:36] [Camera - USBFrameProvider - AprilTag1] [ERROR] Error grabbing image: timed out getting frame
[2025-09-27 20:27:37] [Camera - USBFrameProvider - AprilTag1] [ERROR] Error grabbing image: timed out getting frame
[2025-09-27 20:27:37] [CSCore - PvCSCoreLogger] [DEBUG] CS: DEBUG 7: AprilTag1: queuing buffers (UsbCameraImpl.cpp:765)
[2025-09-27 20:27:37] [CSCore - PvCSCoreLogger] [ERROR] CS: ERROR 40: ioctl VIDIOC_QBUF failed at UsbCameraImpl.cpp:772: Invalid argument (UsbUtil.cpp:157)
[2025-09-27 20:27:37] [CSCore - PvCSCoreLogger] [WARN] CS: WARNING 30: AprilTag1: could not queue buffer 0 (UsbCameraImpl.cpp:773)
[2025-09-27 20:27:37] [Camera - USBFrameProvider - AprilTag1] [ERROR] Error grabbing image: timed out getting frame
[2025-09-27 20:27:37] [Camera - USBFrameProvider - AprilTag1] [ERROR] Error grabbing image: timed out getting frame
[2025-09-27 20:27:37] [Camera - USBFrameProvider - AprilTag1] [ERROR] Error grabbing image: timed out getting frame
[2025-09-27 20:27:38] [Camera - USBFrameProvider - AprilTag1] [ERROR] Error grabbing image: timed out getting frame
[2025-09-27 20:27:38] [Camera - USBFrameProvider - AprilTag1] [ERROR] Error grabbing image: timed out getting frame
[2025-09-27 20:27:38] [Camera - USBFrameProvider - AprilTag1] [ERROR] Error grabbing image: timed out getting frame
[2025-09-27 20:27:39] [Camera - USBFrameProvider - AprilTag1] [ERROR] Error grabbing image: timed out getting frame
[2025-09-27 20:27:39] [Camera - USBFrameProvider - AprilTag1] [ERROR] Error grabbing image: timed out getting frame
[2025-09-27 20:27:39] [CSCore - PvCSCoreLogger] [DEBUG] CS: DEBUG 7: AprilTag1: queuing buffers (UsbCameraImpl.cpp:765)
[2025-09-27 20:27:39] [CSCore - PvCSCoreLogger] [ERROR] CS: ERROR 40: ioctl VIDIOC_QBUF failed at UsbCameraImpl.cpp:772: Invalid argument (UsbUtil.cpp:157)
[2025-09-27 20:27:39] [CSCore - PvCSCoreLogger] [WARN] CS: WARNING 30: AprilTag1: could not queue buffer 0 (UsbCameraImpl.cpp:773)
[2025-09-27 20:27:39] [Camera - USBFrameProvider - AprilTag1] [ERROR] Error grabbing image: timed out getting frame
[2025-09-27 20:27:39] [Camera - USBFrameProvider - AprilTag1] [ERROR] Error grabbing image: timed out getting frame
[2025-09-27 20:27:40] [Camera - USBFrameProvider - AprilTag1] [ERROR] Error grabbing image: timed out getting frame
[2025-09-27 20:27:40] [Camera - USBFrameProvider - AprilTag1] [ERROR] Error grabbing image: timed out getting frame
[2025-09-27 20:27:40] [Camera - USBFrameProvider - AprilTag1] [ERROR] Error grabbing image: timed out getting frame
[2025-09-27 20:27:40] [Camera - USBFrameProvider - AprilTag1] [ERROR] Error grabbing image: timed out getting frame
[2025-09-27 20:27:41] [Camera - USBFrameProvider - AprilTag1] [ERROR] Error grabbing image: timed out getting frame
[2025-09-27 20:27:41] [CSCore - PvCSCoreLogger] [DEBUG] CS: DEBUG 7: AprilTag1: queuing buffers (UsbCameraImpl.cpp:765)
[2025-09-27 20:27:41] [CSCore - PvCSCoreLogger] [ERROR] CS: ERROR 40: ioctl VIDIOC_QBUF failed at UsbCameraImpl.cpp:772: Invalid argument (UsbUtil.cpp:157)
[2025-09-27 20:27:41] [CSCore - PvCSCoreLogger] [WARN] CS: WARNING 30: AprilTag1: could not queue buffer 0 (UsbCameraImpl.cpp:773)
[2025-09-27 20:27:41] [Camera - USBFrameProvider - AprilTag1] [ERROR] Error grabbing image: timed out getting frame
[2025-09-27 20:27:41] [Camera - USBFrameProvider - AprilTag1] [ERROR] Error grabbing image: timed out getting frame
[2025-09-27 20:27:42] [Camera - USBFrameProvider - AprilTag1] [ERROR] Error grabbing image: timed out getting frame
[2025-09-27 20:27:42] [Camera - USBFrameProvider - AprilTag1] [ERROR] Error grabbing image: timed out getting frame
[2025-09-27 20:27:42] [CSCore - PvCSCoreLogger] [INFO] AprilTag1: Attempting to connect to USB camera on /dev/v4l/by-path/platform-fc880000.usb-usb-0:1:1.0-video-index0
[2025-09-27 20:27:42] [CSCore - PvCSCoreLogger] [DEBUG] CS: DEBUG 7: AprilTag1: opening device (UsbCameraImpl.cpp:651)
[2025-09-27 20:27:42] [CSCore - PvCSCoreLogger] [INFO] AprilTag1: Attempting to connect to USB camera on /dev/v4l/by-path/platform-fc880000.usb-usb-0:1:1.0-video-index0
[2025-09-27 20:27:42] [CSCore - PvCSCoreLogger] [DEBUG] CS: DEBUG 7: AprilTag1: opening device (UsbCameraImpl.cpp:651)
[2025-09-27 20:27:42] [Camera - USBFrameProvider - AprilTag1] [ERROR] Error grabbing image: timed out getting frame
[2025-09-27 20:27:42] [Camera - USBFrameProvider - AprilTag1] [ERROR] Error grabbing image: timed out getting frame
[2025-09-27 20:27:42] [General - KernelLogLogger] [DEBUG] 2025-09-27T20:27:42.535714-06:00 photonvision kernel: usb 5-1: USB disconnect, device number 52
[2025-09-27 20:27:42] [General - KernelLogLogger] [DEBUG] 2025-09-27T20:27:42.882410-06:00 photonvision kernel: usb 5-1: new high-speed USB device number 53 using ehci-platform
[2025-09-27 20:27:43] [Camera - USBFrameProvider - AprilTag1] [ERROR] Error grabbing image: timed out getting frame
[2025-09-27 20:27:43] [Camera - USBFrameProvider - AprilTag1] [ERROR] Error grabbing image: timed out getting frame
[2025-09-27 20:27:43] [Camera - USBFrameProvider - AprilTag1] [ERROR] Error grabbing image: timed out getting frame
[2025-09-27 20:27:43] [General - KernelLogLogger] [DEBUG] 2025-09-27T20:27:43.425761-06:00 photonvision kernel: usb 5-1: device not accepting address 53, error -71
[2025-09-27 20:27:43] [General - KernelLogLogger] [DEBUG] 2025-09-27T20:27:43.755712-06:00 photonvision kernel: usb 5-1: new high-speed USB device number 54 using ehci-platform
[2025-09-27 20:27:43] [Camera - USBFrameProvider - AprilTag1] [ERROR] Error grabbing image: timed out getting frame
[2025-09-27 20:27:43] [CSCore - PvCSCoreLogger] [INFO] AprilTag1: Attempting to connect to USB camera on /dev/v4l/by-path/platform-fc880000.usb-usb-0:1:1.0-video-index0
[2025-09-27 20:27:43] [CSCore - PvCSCoreLogger] [DEBUG] CS: DEBUG 7: AprilTag1: opening device (UsbCameraImpl.cpp:651)
[2025-09-27 20:27:43] [CSCore - PvCSCoreLogger] [INFO] AprilTag1: Connected to USB camera on /dev/v4l/by-path/platform-fc880000.usb-usb-0:1:1.0-video-index0
[2025-09-27 20:27:43] [CSCore - PvCSCoreLogger] [DEBUG] CS: DEBUG 7: AprilTag1: getting capabilities (UsbCameraImpl.cpp:663)
[2025-09-27 20:27:43] [CSCore - PvCSCoreLogger] [DEBUG] CS: DEBUG 7: AprilTag1: restoring video mode (UsbCameraImpl.cpp:681)
[2025-09-27 20:27:43] [CSCore - PvCSCoreLogger] [INFO] AprilTag1: set format 1 res 320x240
[2025-09-27 20:27:44] [CSCore - PvCSCoreLogger] [INFO] AprilTag1: set FPS to 100
[2025-09-27 20:27:44] [CSCore - PvCSCoreLogger] [DEBUG] CS: DEBUG 7: AprilTag1: restoring settings (UsbCameraImpl.cpp:686)
[2025-09-27 20:27:44] [Camera - USBFrameProvider - AprilTag1] [ERROR] Error grabbing image: timed out getting frame
[2025-09-27 20:27:44] [CSCore - PvCSCoreLogger] [ERROR] CS: ERROR 40: ioctl VIDIOC_S_EXT_CTRLS failed at UsbCameraProperty.cpp:71: Protocol error (UsbUtil.cpp:157)
[2025-09-27 20:27:44] [CSCore - PvCSCoreLogger] [WARN] CS: WARNING 30: AprilTag1: failed to set property exposure_dynamic_framerate (UsbCameraImpl.cpp:695)
[2025-09-27 20:27:44] [CSCore - PvCSCoreLogger] [DEBUG] CS: DEBUG 7: AprilTag1: allocating buffers (UsbCameraImpl.cpp:701)
[2025-09-27 20:27:44] [CSCore - PvCSCoreLogger] [DEBUG] CS: DEBUG 7: AprilTag1: mapping buffers (UsbCameraImpl.cpp:715)
[2025-09-27 20:27:44] [CSCore - PvCSCoreLogger] [DEBUG] CS: DEBUG 7: AprilTag1: queuing buffers (UsbCameraImpl.cpp:765)
[2025-09-27 20:27:44] [Camera - USBFrameProvider - AprilTag1] [ERROR] Error grabbing image: timed out getting frame
[2025-09-27 20:27:44] [Camera - USBFrameProvider - AprilTag1] [ERROR] Error grabbing image: timed out getting frame
[2025-09-27 20:27:44] [General - KernelLogLogger] [DEBUG] 2025-09-27T20:27:43.922432-06:00 photonvision kernel: usb 5-1: New USB device found, idVendor=0c45, idProduct=6366, bcdDevice= 1.00
[2025-09-27 20:27:44] [General - KernelLogLogger] [DEBUG] 2025-09-27T20:27:43.922478-06:00 photonvision kernel: usb 5-1: New USB device strings: Mfr=2, Product=1, SerialNumber=3
[2025-09-27 20:27:44] [General - KernelLogLogger] [DEBUG] 2025-09-27T20:27:43.922482-06:00 photonvision kernel: usb 5-1: Product: AprilTag1
[2025-09-27 20:27:44] [General - KernelLogLogger] [DEBUG] 2025-09-27T20:27:43.922485-06:00 photonvision kernel: usb 5-1: Manufacturer: Arducam Technology Co., Ltd.
[2025-09-27 20:27:44] [General - KernelLogLogger] [DEBUG] 2025-09-27T20:27:43.922488-06:00 photonvision kernel: usb 5-1: SerialNumber: 0001
[2025-09-27 20:27:44] [General - KernelLogLogger] [DEBUG] 2025-09-27T20:27:43.922492-06:00 photonvision kernel: usb 5-1: Found UVC 1.00 device AprilTag1 (0c45:6366)
[2025-09-27 20:27:44] [General - KernelLogLogger] [DEBUG] 2025-09-27T20:27:43.957340-06:00 photonvision kernel: input: AprilTag1: AprilTag1 as /devices/platform/fc880000.usb/usb5/5-1/5-1:1.0/input/input66
[2025-09-27 20:27:44] [General - KernelLogLogger] [DEBUG] 2025-09-27T20:27:44.255716-06:00 photonvision kernel: usb 5-1: Failed to query (SET_CUR) UVC control 3 on unit 1: -71 (exp. 1).
[2025-09-27 20:27:44] [General - KernelLogLogger] [DEBUG] ew USB device strings: Mfr=2, Product=1, SerialNumber=3
[2025-09-27 20:27:44] [General - KernelLogLogger] [DEBUG] 2025-09-27T20:25:37.696074-06:00 photonvision kernel: usb 5-1: Product: AprilTag1
[2025-09-27 20:27:44] [General - KernelLogLogger] [DEBUG] 2025-09-27T20:25:37.696078-06:00 photonvision kernel: usb 5-1: Manufacturer: Arducam Technology Co., Ltd.
[2025-09-27 20:27:44] [General - KernelLogLogger] [DEBUG] 2025-09-27T20:25:37.696081-06:00 photonvisioa
[2025-09-27 20:27:45] [Camera - USBFrameProvider - AprilTag1] [ERROR] Error grabbing image: timed out getting frame
[2025-09-27 20:27:45] [CSCore - PvCSCoreLogger] [ERROR] CS: ERROR 40: AprilTag1: ioctl VIDIOC_STREAMON failed: Protocol error (UsbCameraImpl.cpp:789)
[2025-09-27 20:27:45] [CSCore - PvCSCoreLogger] [DEBUG] CS: DEBUG 7: AprilTag1: queuing buffers (UsbCameraImpl.cpp:765)
[2025-09-27 20:27:45] [CSCore - PvCSCoreLogger] [ERROR] CS: ERROR 40: ioctl VIDIOC_QBUF failed at UsbCameraImpl.cpp:772: No such device (UsbUtil.cpp:157)
[2025-09-27 20:27:45] [CSCore - PvCSCoreLogger] [WARN] CS: WARNING 30: AprilTag1: could not queue buffer 0 (UsbCameraImpl.cpp:773)
[2025-09-27 20:27:45] [CSCore - PvCSCoreLogger] [DEBUG] CS: DEBUG 7: AprilTag1: queuing buffers (UsbCameraImpl.cpp:765)
[2025-09-27 20:27:45] [CSCore - PvCSCoreLogger] [ERROR] CS: ERROR 40: ioctl VIDIOC_QBUF failed at UsbCameraImpl.cpp:772: No such device (UsbUtil.cpp:157)
[2025-09-27 20:27:45] [CSCore - PvCSCoreLogger] [WARN] CS: WARNING 30: AprilTag1: could not queue buffer 0 (UsbCameraImpl.cpp:773)
[2025-09-27 20:27:45] [CSCore - PvCSCoreLogger] [DEBUG] CS: DEBUG 7: AprilTag1: queuing buffers (UsbCameraImpl.cpp:765)
[2025-09-27 20:27:45] [CSCore - PvCSCoreLogger] [ERROR] CS: ERROR 40: ioctl VIDIOC_QBUF failed at UsbCameraImpl.cpp:772: No such device (UsbUtil.cpp:157)
[2025-09-27 20:27:45] [CSCore - PvCSCoreLogger] [WARN] CS: WARNING 30: AprilTag1: could not queue buffer 0 (UsbCameraImpl.cpp:773)
[2025-09-27 20:27:45] [CSCore - PvCSCoreLogger] [INFO] AprilTag1: Attempting to connect to USB camera on /dev/v4l/by-path/platform-fc880000.usb-usb-0:1:1.0-video-index0
[2025-09-27 20:27:45] [CSCore - PvCSCoreLogger] [DEBUG] CS: DEBUG 7: AprilTag1: opening device (UsbCameraImpl.cpp:651)
[2025-09-27 20:27:45] [CSCore - PvCSCoreLogger] [INFO] AprilTag1: Attempting to connect to USB camera on /dev/v4l/by-path/platform-fc880000.usb-usb-0:1:1.0-video-index0
[2025-09-27 20:27:45] [CSCore - PvCSCoreLogger] [DEBUG] CS: DEBUG 7: AprilTag1: opening device (UsbCameraImpl.cpp:651)
[2025-09-27 20:27:45] [Camera - USBFrameProvider - AprilTag1] [ERROR] Error grabbing image: timed out getting frame
[2025-09-27 20:27:45] [Camera - USBFrameProvider - AprilTag1] [ERROR] Error grabbing image: timed out getting frame
[2025-09-27 20:27:45] [CSCore - PvCSCoreLogger] [INFO] AprilTag1: Attempting to connect to USB camera on /dev/v4l/by-path/platform-fc880000.usb-usb-0:1:1.0-video-index0
[2025-09-27 20:27:45] [CSCore - PvCSCoreLogger] [DEBUG] CS: DEBUG 7: AprilTag1: opening device (UsbCameraImpl.cpp:651)
[2025-09-27 20:27:45] [CSCore - PvCSCoreLogger] [INFO] AprilTag1: Attempting to connect to USB camera on /dev/v4l/by-path/platform-fc880000.usb-usb-0:1:1.0-video-index0
[2025-09-27 20:27:45] [CSCore - PvCSCoreLogger] [DEBUG] CS: DEBUG 7: AprilTag1: opening device (UsbCameraImpl.cpp:651)
[2025-09-27 20:27:45] [CSCore - PvCSCoreLogger] [INFO] AprilTag1: Attempting to connect to USB camera on /dev/v4l/by-path/platform-fc880000.usb-usb-0:1:1.0-video-index0
[2025-09-27 20:27:45] [CSCore - PvCSCoreLogger] [DEBUG] CS: DEBUG 7: AprilTag1: opening device (UsbCameraImpl.cpp:651)
[2025-09-27 20:27:45] [CSCore - PvCSCoreLogger] [INFO] AprilTag1: Attempting to connect to USB camera on /dev/v4l/by-path/platform-fc880000.usb-usb-0:1:1.0-video-index0
[2025-09-27 20:27:45] [CSCore - PvCSCoreLogger] [DEBUG] CS: DEBUG 7: AprilTag1: opening device (UsbCameraImpl.cpp:651)
[2025-09-27 20:27:45] [CSCore - PvCSCoreLogger] [INFO] AprilTag1: Connected to USB camera on /dev/v4l/by-path/platform-fc880000.usb-usb-0:1:1.0-video-index0
[2025-09-27 20:27:45] [CSCore - PvCSCoreLogger] [DEBUG] CS: DEBUG 7: AprilTag1: getting capabilities (UsbCameraImpl.cpp:663)
[2025-09-27 20:27:45] [CSCore - PvCSCoreLogger] [DEBUG] CS: DEBUG 7: AprilTag1: restoring video mode (UsbCameraImpl.cpp:681)
[2025-09-27 20:27:45] [CSCore - PvCSCoreLogger] [INFO] AprilTag1: set format 1 res 320x240
[2025-09-27 20:27:45] [CSCore - PvCSCoreLogger] [INFO] AprilTag1: set FPS to 100
[2025-09-27 20:27:45] [CSCore - PvCSCoreLogger] [DEBUG] CS: DEBUG 7: AprilTag1: restoring settings (UsbCameraImpl.cpp:686)
[2025-09-27 20:27:45] [Camera - USBFrameProvider - AprilTag1] [ERROR] Error grabbing image: timed out getting frame
[2025-09-27 20:27:45] [General - KernelLogLogger] [DEBUG] 2025-09-27T20:27:45.082399-06:00 photonvision kernel: usb 5-1: Failed to query (GET_CUR) UVC control 7 on unit 2: -32 (exp. 2).
[2025-09-27 20:27:45] [General - KernelLogLogger] [DEBUG] 2025-09-27T20:27:45.189089-06:00 photonvision kernel: usb usb5-port1: disabled by hub (EMI?), re-enabling...
[2025-09-27 20:27:45] [General - KernelLogLogger] [DEBUG] 2025-09-27T20:27:45.189137-06:00 photonvision kernel: usb 5-1: USB disconnect, device number 54
[2025-09-27 20:27:45] [General - KernelLogLogger] [DEBUG] 2025-09-27T20:27:45.539102-06:00 photonvision kernel: usb 5-1: new high-speed USB device number 55 using ehci-platform
[2025-09-27 20:27:45] [General - KernelLogLogger] [DEBUG] 2025-09-27T20:27:45.699096-06:00 photonvision kernel: usb 5-1: New USB device found, idVendor=0c45, idProduct=6366, bcdDevice= 1.00
[2025-09-27 20:27:45] [General - KernelLogLogger] [DEBUG] 2025-09-27T20:27:45.699159-06:00 photonvision kernel: usb 5-1: New USB device strings: Mfr=2, Product=1, SerialNumber=3
[2025-09-27 20:27:45] [General - KernelLogLogger] [DEBUG] 2025-09-27T20:27:45.699164-06:00 photonvision kernel: usb 5-1: Product: AprilTag1
[2025-09-27 20:27:45] [General - KernelLogLogger] [DEBUG] 2025-09-27T20:27:45.699168-06:00 photonvision kernel: usb 5-1: Manufacturer: Arducam Technology Co., Ltd.
[2025-09-27 20:27:45] [General - KernelLogLogger] [DEBUG] 2025-09-27T20:27:45.699209-06:00 photonvision kernel: usb 5-1: SerialNumber: 0001
[2025-09-27 20:27:45] [General - KernelLogLogger] [DEBUG] 2025-09-27T20:27:45.705800-06:00 photonvision kernel: usb 5-1: Found UVC 1.00 device AprilTag1 (0c45:6366)
[2025-09-27 20:27:45] [General - KernelLogLogger] [DEBUG] 2025-09-27T20:27:45.732437-06:00 photonvision kernel: input: AprilTag1: AprilTag1 as /devices/platform/fc880000.usb/usb5/5-1/5-1:1.0/input/input67
[2025-09-27 20:27:45] [General - KernelLogLogger] [DEBUG] e80000.hdmi: i2c read time out!
[2025-09-27 20:27:45] [General - KernelLogLogger] [DEBUG]  :@:zÁã	8@IڊØ-6@ Y°ã#ß4@FàäÄå4@-,¹G3@£++¿Ò2@®¼Ԟ2@%:¦{2@	ó]H2@JQô1@®ª´=Wz1@GrÒ0@˞0@Ô^g5Ö%/@Ö±¦.@«¬eM.@´xæEò-@ǰØÅÉÌ-@I]ú-@WKþ1X.@¯Ëïù.@֯±{/@æҥ«Èß/@X)Gü`a0@eøÕ0@£"ãÐ1@5ÛiÌ1@#t|³[2@6îoâZA3@ð	Â4@ßAÔiÆ4@¬dÞÏ!5@w·ÔU5@. Ø3ø®4@ô!hí3@&±mE2@Dû-úÞ-@s2UɸÄ"@î%7à @HN¼àôä?é3âg¨?¸J?ÇêZBx?Ø0}õxó>?BÊÏK*î>fÏû5tð¾gcüyï¾ÚJ8F?ة?F鉝ý	?¯Wç«ÿ?p+ÙàÓð>FzÌ:å>ȗJ;ý>.aHfµ?dÌSÇ?"±« ?ñ«ɸ
[2025-09-27 20:27:46] [Camera - USBFrameProvider - AprilTag1] [ERROR] Error grabbing image: timed out getting frame
[2025-09-27 20:27:46] [Camera - USBFrameProvider - AprilTag1] [ERROR] Error grabbing image: timed out getting frame
[2025-09-27 20:27:46] [Camera - USBFrameProvider - AprilTag1] [ERROR] Error grabbing image: timed out getting frame
[2025-09-27 20:27:46] [CSCore - PvCSCoreLogger] [DEBUG] CS: DEBUG 7: AprilTag1: allocating buffers (UsbCameraImpl.cpp:701)
[2025-09-27 20:27:46] [CSCore - PvCSCoreLogger] [DEBUG] CS: DEBUG 7: AprilTag1: mapping buffers (UsbCameraImpl.cpp:715)
[2025-09-27 20:27:46] [CSCore - PvCSCoreLogger] [DEBUG] CS: DEBUG 7: AprilTag1: queuing buffers (UsbCameraImpl.cpp:765)
[2025-09-27 20:27:46] [Camera - USBFrameProvider - AprilTag1] [ERROR] Error grabbing image: timed out getting frame
[2025-09-27 20:27:47] [Camera - USBFrameProvider - AprilTag1] [ERROR] Error grabbing image: timed out getting frame
[2025-09-27 20:27:47] [CSCore - PvCSCoreLogger] [ERROR] CS: ERROR 40: AprilTag1: ioctl VIDIOC_STREAMON failed: Protocol error (UsbCameraImpl.cpp:789)
[2025-09-27 20:27:47] [Camera - USBFrameProvider - AprilTag1] [ERROR] Error grabbing image: timed out getting frame
[2025-09-27 20:27:47] [Camera - USBFrameProvider - AprilTag1] [ERROR] Error grabbing image: timed out getting frame
[2025-09-27 20:27:47] [General - KernelLogLogger] [DEBUG] 2025-09-27T20:27:47.175740-06:00 photonvision kernel: usb 5-1: Failed to query (GET_CUR) UVC control 7 on unit 2: -71 (exp. 2).
[2025-09-27 20:27:48] [Camera - USBFrameProvider - AprilTag1] [ERROR] Error grabbing image: timed out getting frame
[2025-09-27 20:27:48] [Camera - USBFrameProvider - AprilTag1] [ERROR] Error grabbing image: timed out getting frame
[2025-09-27 20:27:48] [Camera - USBFrameProvider - AprilTag1] [ERROR] Error grabbing image: timed out getting frame
[2025-09-27 20:27:48] [Camera - USBFrameProvider - AprilTag1] [ERROR] Error grabbing image: timed out getting frame
[2025-09-27 20:27:49] [Camera - USBFrameProvider - AprilTag1] [ERROR] Error grabbing image: timed out getting frame
[2025-09-27 20:27:49] [CSCore - PvCSCoreLogger] [DEBUG] CS: DEBUG 7: AprilTag1: queuing buffers (UsbCameraImpl.cpp:765)
[2025-09-27 20:27:49] [CSCore - PvCSCoreLogger] [ERROR] CS: ERROR 40: ioctl VIDIOC_QBUF failed at UsbCameraImpl.cpp:772: Invalid argument (UsbUtil.cpp:157)
[2025-09-27 20:27:49] [CSCore - PvCSCoreLogger] [WARN] CS: WARNING 30: AprilTag1: could not queue buffer 0 (UsbCameraImpl.cpp:773)
[2025-09-27 20:27:49] [Camera - USBFrameProvider - AprilTag1] [ERROR] Error grabbing image: timed out getting frame
[2025-09-27 20:27:49] [Camera - USBFrameProvider - AprilTag1] [ERROR] Error grabbing image: timed out getting frame
[2025-09-27 20:27:49] [Camera - USBFrameProvider - AprilTag1] [ERROR] Error grabbing image: timed out getting frame
[2025-09-27 20:27:50] [Camera - USBFrameProvider - AprilTag1] [ERROR] Error grabbing image: timed out getting frame
[2025-09-27 20:27:50] [Camera - USBFrameProvider - AprilTag1] [ERROR] Error grabbing image: timed out getting frame
[2025-09-27 20:27:50] [Camera - USBFrameProvider - AprilTag1] [ERROR] Error grabbing image: timed out getting frame
[2025-09-27 20:27:51] [Camera - USBFrameProvider - AprilTag1] [ERROR] Error grabbing image: timed out getting frame
[2025-09-27 20:27:51] [CSCore - PvCSCoreLogger] [DEBUG] CS: DEBUG 7: AprilTag1: queuing buffers (UsbCameraImpl.cpp:765)
[2025-09-27 20:27:51] [CSCore - PvCSCoreLogger] [ERROR] CS: ERROR 40: ioctl VIDIOC_QBUF failed at UsbCameraImpl.cpp:772: Invalid argument (UsbUtil.cpp:157)
[2025-09-27 20:27:51] [CSCore - PvCSCoreLogger] [WARN] CS: WARNING 30: AprilTag1: could not queue buffer 0 (UsbCameraImpl.cpp:773)
[2025-09-27 20:27:51] [Camera - USBFrameProvider - AprilTag1] [ERROR] Error grabbing image: timed out getting frame
[2025-09-27 20:27:51] [Camera - USBFrameProvider - AprilTag1] [ERROR] Error grabbing image: timed out getting frame
[2025-09-27 20:27:51] [Camera - USBFrameProvider - AprilTag1] [ERROR] Error grabbing image: timed out getting frame
[2025-09-27 20:27:52] [Camera - USBFrameProvider - AprilTag1] [ERROR] Error grabbing image: timed out getting frame
[2025-09-27 20:27:52] [Camera - USBFrameProvider - AprilTag1] [ERROR] Error grabbing image: timed out getting frame
[2025-09-27 20:27:52] [Camera - USBFrameProvider - AprilTag1] [ERROR] Error grabbing image: timed out getting frame
[2025-09-27 20:27:52] [Camera - USBFrameProvider - AprilTag1] [ERROR] Error grabbing image: timed out getting frame
[2025-09-27 20:27:53] [Camera - USBFrameProvider - AprilTag1] [ERROR] Error grabbing image: timed out getting frame
[2025-09-27 20:27:53] [CSCore - PvCSCoreLogger] [DEBUG] CS: DEBUG 7: AprilTag1: queuing buffers (UsbCameraImpl.cpp:765)
[2025-09-27 20:27:53] [CSCore - PvCSCoreLogger] [ERROR] CS: ERROR 40: ioctl VIDIOC_QBUF failed at UsbCameraImpl.cpp:772: Invalid argument (UsbUtil.cpp:157)
[2025-09-27 20:27:53] [CSCore - PvCSCoreLogger] [WARN] CS: WARNING 30: AprilTag1: could not queue buffer 0 (UsbCameraImpl.cpp:773)
[2025-09-27 20:27:53] [Camera - USBFrameProvider - AprilTag1] [ERROR] Error grabbing image: timed out getting frame
[2025-09-27 20:27:53] [Camera - USBFrameProvider - AprilTag1] [ERROR] Error grabbing image: timed out getting frame
[2025-09-27 20:27:53] [Camera - USBFrameProvider - AprilTag1] [ERROR] Error grabbing image: timed out getting frame
[2025-09-27 20:27:54] [Camera - USBFrameProvider - AprilTag1] [ERROR] Error grabbing image: timed out getting frame
[2025-09-27 20:27:54] [Camera - USBFrameProvider - AprilTag1] [ERROR] Error grabbing image: timed out getting frame
[2025-09-27 20:27:54] [Camera - USBFrameProvider - AprilTag1] [ERROR] Error grabbing image: timed out getting frame
[2025-09-27 20:27:55] [Camera - USBFrameProvider - AprilTag1] [ERROR] Error grabbing image: timed out getting frame
[2025-09-27 20:27:55] [CSCore - PvCSCoreLogger] [DEBUG] CS: DEBUG 7: AprilTag1: queuing buffers (UsbCameraImpl.cpp:765)
[2025-09-27 20:27:55] [CSCore - PvCSCoreLogger] [ERROR] CS: ERROR 40: ioctl VIDIOC_QBUF failed at UsbCameraImpl.cpp:772: Invalid argument (UsbUtil.cpp:157)
[2025-09-27 20:27:55] [CSCore - PvCSCoreLogger] [WARN] CS: WARNING 30: AprilTag1: could not queue buffer 0 (UsbCameraImpl.cpp:773)
[2025-09-27 20:27:55] [Camera - USBFrameProvider - AprilTag1] [ERROR] Error grabbing image: timed out getting frame
[2025-09-27 20:27:55] [Camera - USBFrameProvider - AprilTag1] [ERROR] Error grabbing image: timed out getting frame
[2025-09-27 20:27:55] [Camera - USBFrameProvider - AprilTag1] [ERROR] Error grabbing image: timed out getting frame
[2025-09-27 20:27:56] [Camera - USBFrameProvider - AprilTag1] [ERROR] Error grabbing image: timed out getting frame
[2025-09-27 20:27:56] [Camera - USBFrameProvider - AprilTag1] [ERROR] Error grabbing image: timed out getting frame
[2025-09-27 20:27:56] [Camera - USBFrameProvider - AprilTag1] [ERROR] Error grabbing image: timed out getting frame
[2025-09-27 20:27:56] [Camera - USBFrameProvider - AprilTag1] [ERROR] Error grabbing image: timed out getting frame
[2025-09-27 20:27:57] [CSCore - PvCSCoreLogger] [DEBUG] CS: DEBUG 7: AprilTag1: queuing buffers (UsbCameraImpl.cpp:765)
[2025-09-27 20:27:57] [CSCore - PvCSCoreLogger] [ERROR] CS: ERROR 40: ioctl VIDIOC_QBUF failed at UsbCameraImpl.cpp:772: Invalid argument (UsbUtil.cpp:157)
[2025-09-27 20:27:57] [CSCore - PvCSCoreLogger] [WARN] CS: WARNING 30: AprilTag1: could not queue buffer 0 (UsbCameraImpl.cpp:773)
[2025-09-27 20:27:57] [Camera - USBFrameProvider - AprilTag1] [ERROR] Error grabbing image: timed out getting frame
[2025-09-27 20:27:57] [Camera - USBFrameProvider - AprilTag1] [ERROR] Error grabbing image: timed out getting frame
[2025-09-27 20:27:57] [Camera - USBFrameProvider - AprilTag1] [ERROR] Error grabbing image: timed out getting frame
[2025-09-27 20:27:58] [Camera - USBFrameProvider - AprilTag1] [ERROR] Error grabbing image: timed out getting frame
[2025-09-27 20:27:58] [Camera - USBFrameProvider - AprilTag1] [ERROR] Error grabbing image: timed out getting frame
[2025-09-27 20:27:58] [Camera - USBFrameProvider - AprilTag1] [ERROR] Error grabbing image: timed out getting frame
[2025-09-27 20:27:58] [Camera - USBFrameProvider - AprilTag1] [ERROR] Error grabbing image: timed out getting frame
[2025-09-27 20:27:59] [Camera - USBFrameProvider - AprilTag1] [ERROR] Error grabbing image: timed out getting frame
[2025-09-27 20:27:59] [CSCore - PvCSCoreLogger] [DEBUG] CS: DEBUG 7: AprilTag1: queuing buffers (UsbCameraImpl.cpp:765)
[2025-09-27 20:27:59] [CSCore - PvCSCoreLogger] [ERROR] CS: ERROR 40: ioctl VIDIOC_QBUF failed at UsbCameraImpl.cpp:772: Invalid argument (UsbUtil.cpp:157)
[2025-09-27 20:27:59] [CSCore - PvCSCoreLogger] [WARN] CS: WARNING 30: AprilTag1: could not queue buffer 0 (UsbCameraImpl.cpp:773)
[2025-09-27 20:27:59] [Camera - USBFrameProvider - AprilTag1] [ERROR] Error grabbing image: timed out getting frame
[2025-09-27 20:27:59] [Camera - USBFrameProvider - AprilTag1] [ERROR] Error grabbing image: timed out getting frame
[2025-09-27 20:27:59] [Camera - USBFrameProvider - AprilTag1] [ERROR] Error grabbing image: timed out getting frame
[2025-09-27 20:28:00] [Camera - USBFrameProvider - AprilTag1] [ERROR] Error grabbing image: timed out getting frame
[2025-09-27 20:28:00] [Camera - USBFrameProvider - AprilTag1] [ERROR] Error grabbing image: timed out getting frame
[2025-09-27 20:28:00] [Camera - USBFrameProvider - AprilTag1] [ERROR] Error grabbing image: timed out getting frame
[2025-09-27 20:28:01] [Camera - USBFrameProvider - AprilTag1] [ERROR] Error grabbing image: timed out getting frame
[2025-09-27 20:28:01] [CSCore - PvCSCoreLogger] [DEBUG] CS: DEBUG 7: AprilTag1: queuing buffers (UsbCameraImpl.cpp:765)
[2025-09-27 20:28:01] [CSCore - PvCSCoreLogger] [ERROR] CS: ERROR 40: ioctl VIDIOC_QBUF failed at UsbCameraImpl.cpp:772: Invalid argument (UsbUtil.cpp:157)
[2025-09-27 20:28:01] [CSCore - PvCSCoreLogger] [WARN] CS: WARNING 30: AprilTag1: could not queue buffer 0 (UsbCameraImpl.cpp:773)
[2025-09-27 20:28:01] [Camera - USBFrameProvider - AprilTag1] [ERROR] Error grabbing image: timed out getting frame
[2025-09-27 20:28:01] [Camera - USBFrameProvider - Reef2] [ERROR] Error grabbing image: timed out getting frame
[2025-09-27 20:28:01] [Camera - USBFrameProvider - AprilTag1] [ERROR] Error grabbing image: timed out getting frame
[2025-09-27 20:28:01] [Camera - USBFrameProvider - AprilTag1] [ERROR] Error grabbing image: timed out getting frame
[2025-09-27 20:28:01] [General - KernelLogLogger] [DEBUG] 2025-09-27T20:28:01.465753-06:00 photonvision kernel: xhci-hcd xhci-hcd.11.auto: WARN: buffer overrun event for slot 1 ep 2 on endpoint
[2025-09-27 20:28:01] [General - KernelLogLogger] [DEBUG] 
[2025-09-27 20:28:02] [Camera - USBFrameProvider - AprilTag1] [ERROR] Error grabbing image: timed out getting frame
[2025-09-27 20:28:02] [Camera - USBFrameProvider - AprilTag1] [ERROR] Error grabbing image: timed out getting frame
[2025-09-27 20:28:02] [Camera - USBFrameProvider - AprilTag1] [ERROR] Error grabbing image: timed out getting frame
[2025-09-27 20:28:02] [Camera - USBFrameProvider - AprilTag1] [ERROR] Error grabbing image: timed out getting frame
[2025-09-27 20:28:03] [Camera - USBFrameProvider - AprilTag1] [ERROR] Error grabbing image: timed out getting frame
[2025-09-27 20:28:03] [CSCore - PvCSCoreLogger] [DEBUG] CS: DEBUG 7: AprilTag1: queuing buffers (UsbCameraImpl.cpp:765)
[2025-09-27 20:28:03] [CSCore - PvCSCoreLogger] [ERROR] CS: ERROR 40: ioctl VIDIOC_QBUF failed at UsbCameraImpl.cpp:772: Invalid argument (UsbUtil.cpp:157)
[2025-09-27 20:28:03] [CSCore - PvCSCoreLogger] [WARN] CS: WARNING 30: AprilTag1: could not queue buffer 0 (UsbCameraImpl.cpp:773)
[2025-09-27 20:28:03] [Camera - USBFrameProvider - AprilTag1] [ERROR] Error grabbing image: timed out getting frame
[2025-09-27 20:28:03] [Camera - USBFrameProvider - AprilTag1] [ERROR] Error grabbing image: timed out getting frame
[2025-09-27 20:28:04] [Camera - USBFrameProvider - AprilTag1] [ERROR] Error grabbing image: timed out getting frame
[2025-09-27 20:28:04] [Camera - USBFrameProvider - AprilTag1] [ERROR] Error grabbing image: timed out getting frame
[2025-09-27 20:28:04] [Camera - USBFrameProvider - AprilTag1] [ERROR] Error grabbing image: timed out getting frame
[2025-09-27 20:28:04] [Camera - USBFrameProvider - AprilTag1] [ERROR] Error grabbing image: timed out getting frame
[2025-09-27 20:28:05] [Camera - USBFrameProvider - AprilTag1] [ERROR] Error grabbing image: timed out getting frame
[2025-09-27 20:28:05] [CSCore - PvCSCoreLogger] [DEBUG] CS: DEBUG 7: AprilTag1: queuing buffers (UsbCameraImpl.cpp:765)
[2025-09-27 20:28:05] [CSCore - PvCSCoreLogger] [ERROR] CS: ERROR 40: ioctl VIDIOC_QBUF failed at UsbCameraImpl.cpp:772: Invalid argument (UsbUtil.cpp:157)
[2025-09-27 20:28:05] [CSCore - PvCSCoreLogger] [WARN] CS: WARNING 30: AprilTag1: could not queue buffer 0 (UsbCameraImpl.cpp:773)
[2025-09-27 20:28:05] [Camera - USBFrameProvider - AprilTag1] [ERROR] Error grabbing image: timed out getting frame
[2025-09-27 20:28:05] [Camera - USBFrameProvider - AprilTag1] [ERROR] Error grabbing image: timed out getting frame
[2025-09-27 20:28:05] [Camera - USBFrameProvider - AprilTag1] [ERROR] Error grabbing image: timed out getting frame
[2025-09-27 20:28:06] [Camera - USBFrameProvider - AprilTag1] [ERROR] Error grabbing image: timed out getting frame
[2025-09-27 20:28:06] [Camera - USBFrameProvider - AprilTag1] [ERROR] Error grabbing image: timed out getting frame
[2025-09-27 20:28:06] [Camera - USBFrameProvider - AprilTag1] [ERROR] Error grabbing image: timed out getting frame
[2025-09-27 20:28:07] [Camera - USBFrameProvider - AprilTag1] [ERROR] Error grabbing image: timed out getting frame
[2025-09-27 20:28:07] [CSCore - PvCSCoreLogger] [DEBUG] CS: DEBUG 7: AprilTag1: queuing buffers (UsbCameraImpl.cpp:765)
[2025-09-27 20:28:07] [CSCore - PvCSCoreLogger] [ERROR] CS: ERROR 40: ioctl VIDIOC_QBUF failed at UsbCameraImpl.cpp:772: Invalid argument (UsbUtil.cpp:157)
[2025-09-27 20:28:07] [CSCore - PvCSCoreLogger] [WARN] CS: WARNING 30: AprilTag1: could not queue buffer 0 (UsbCameraImpl.cpp:773)
[2025-09-27 20:28:07] [Camera - USBFrameProvider - AprilTag1] [ERROR] Error grabbing image: timed out getting frame
[2025-09-27 20:28:07] [Camera - USBFrameProvider - AprilTag1] [ERROR] Error grabbing image: timed out getting frame
[2025-09-27 20:28:07] [Camera - USBFrameProvider - AprilTag1] [ERROR] Error grabbing image: timed out getting frame
[2025-09-27 20:28:08] [Camera - USBFrameProvider - AprilTag1] [ERROR] Error grabbing image: timed out getting frame
[2025-09-27 20:28:08] [Camera - USBFrameProvider - AprilTag1] [ERROR] Error grabbing image: timed out getting frame
[2025-09-27 20:28:08] [Camera - USBFrameProvider - AprilTag1] [ERROR] Error grabbing image: timed out getting frame
[2025-09-27 20:28:08] [Camera - USBFrameProvider - AprilTag1] [ERROR] Error grabbing image: timed out getting frame
[2025-09-27 20:28:09] [Camera - USBFrameProvider - AprilTag1] [ERROR] Error grabbing image: timed out getting frame
[2025-09-27 20:28:09] [CSCore - PvCSCoreLogger] [DEBUG] CS: DEBUG 7: AprilTag1: queuing buffers (UsbCameraImpl.cpp:765)
[2025-09-27 20:28:09] [CSCore - PvCSCoreLogger] [ERROR] CS: ERROR 40: ioctl VIDIOC_QBUF failed at UsbCameraImpl.cpp:772: Invalid argument (UsbUtil.cpp:157)
[2025-09-27 20:28:09] [CSCore - PvCSCoreLogger] [WARN] CS: WARNING 30: AprilTag1: could not queue buffer 0 (UsbCameraImpl.cpp:773)
[2025-09-27 20:28:09] [Camera - USBFrameProvider - AprilTag1] [ERROR] Error grabbing image: timed out getting frame
[2025-09-27 20:28:09] [Camera - USBFrameProvider - AprilTag1] [ERROR] Error grabbing image: timed out getting frame
[2025-09-27 20:28:10] [Camera - USBFrameProvider - AprilTag1] [ERROR] Error grabbing image: timed out getting frame
[2025-09-27 20:28:10] [Camera - USBFrameProvider - AprilTag1] [ERROR] Error grabbing image: timed out getting frame
[2025-09-27 20:28:10] [Camera - USBFrameProvider - AprilTag1] [ERROR] Error grabbing image: timed out getting frame
[2025-09-27 20:28:10] [Camera - USBFrameProvider - AprilTag1] [ERROR] Error grabbing image: timed out getting frame
[2025-09-27 20:28:11] [Camera - USBFrameProvider - AprilTag1] [ERROR] Error grabbing image: timed out getting frame
[2025-09-27 20:28:11] [CSCore - PvCSCoreLogger] [DEBUG] CS: DEBUG 7: AprilTag1: queuing buffers (UsbCameraImpl.cpp:765)
[2025-09-27 20:28:11] [CSCore - PvCSCoreLogger] [ERROR] CS: ERROR 40: ioctl VIDIOC_QBUF failed at UsbCameraImpl.cpp:772: Invalid argument (UsbUtil.cpp:157)
[2025-09-27 20:28:11] [CSCore - PvCSCoreLogger] [WARN] CS: WARNING 30: AprilTag1: could not queue buffer 0 (UsbCameraImpl.cpp:773)
[2025-09-27 20:28:11] [Camera - USBFrameProvider - AprilTag1] [ERROR] Error grabbing image: timed out getting frame
[2025-09-27 20:28:11] [Camera - USBFrameProvider - AprilTag1] [ERROR] Error grabbing image: timed out getting frame
[2025-09-27 20:28:11] [Camera - USBFrameProvider - AprilTag1] [ERROR] Error grabbing image: timed out getting frame
[2025-09-27 20:28:12] [Camera - USBFrameProvider - AprilTag1] [ERROR] Error grabbing image: timed out getting frame
[2025-09-27 20:28:12] [Camera - USBFrameProvider - AprilTag1] [ERROR] Error grabbing image: timed out getting frame
[2025-09-27 20:28:12] [Camera - USBFrameProvider - AprilTag1] [ERROR] Error grabbing image: timed out getting frame
[2025-09-27 20:28:13] [Camera - USBFrameProvider - AprilTag1] [ERROR] Error grabbing image: timed out getting frame
[2025-09-27 20:28:13] [CSCore - PvCSCoreLogger] [DEBUG] CS: DEBUG 7: AprilTag1: queuing buffers (UsbCameraImpl.cpp:765)
[2025-09-27 20:28:13] [CSCore - PvCSCoreLogger] [ERROR] CS: ERROR 40: ioctl VIDIOC_QBUF failed at UsbCameraImpl.cpp:772: Invalid argument (UsbUtil.cpp:157)
[2025-09-27 20:28:13] [CSCore - PvCSCoreLogger] [WARN] CS: WARNING 30: AprilTag1: could not queue buffer 0 (UsbCameraImpl.cpp:773)
[2025-09-27 20:28:13] [Camera - USBFrameProvider - AprilTag1] [ERROR] Error grabbing image: timed out getting frame
[2025-09-27 20:28:13] [Camera - USBFrameProvider - AprilTag1] [ERROR] Error grabbing image: timed out getting frame
[2025-09-27 20:28:13] [Camera - USBFrameProvider - AprilTag1] [ERROR] Error grabbing image: timed out getting frame
[2025-09-27 20:28:14] [Camera - USBFrameProvider - AprilTag1] [ERROR] Error grabbing image: timed out getting frame
[2025-09-27 20:28:14] [Camera - USBFrameProvider - AprilTag1] [ERROR] Error grabbing image: timed out getting frame
[2025-09-27 20:28:14] [Camera - USBFrameProvider - AprilTag1] [ERROR] Error grabbing image: timed out getting frame
[2025-09-27 20:28:14] [Camera - USBFrameProvider - AprilTag1] [ERROR] Error grabbing image: timed out getting frame
[2025-09-27 20:28:15] [Camera - USBFrameProvider - AprilTag1] [ERROR] Error grabbing image: timed out getting frame
[2025-09-27 20:28:15] [CSCore - PvCSCoreLogger] [DEBUG] CS: DEBUG 7: AprilTag1: queuing buffers (UsbCameraImpl.cpp:765)
[2025-09-27 20:28:15] [CSCore - PvCSCoreLogger] [ERROR] CS: ERROR 40: ioctl VIDIOC_QBUF failed at UsbCameraImpl.cpp:772: Invalid argument (UsbUtil.cpp:157)
[2025-09-27 20:28:15] [CSCore - PvCSCoreLogger] [WARN] CS: WARNING 30: AprilTag1: could not queue buffer 0 (UsbCameraImpl.cpp:773)
[2025-09-27 20:28:15] [Camera - USBFrameProvider - AprilTag1] [ERROR] Error grabbing image: timed out getting frame
[2025-09-27 20:28:15] [Camera - USBFrameProvider - AprilTag1] [ERROR] Error grabbing image: timed out getting frame
[2025-09-27 20:28:16] [Camera - USBFrameProvider - AprilTag1] [ERROR] Error grabbing image: timed out getting frame
[2025-09-27 20:28:16] [Camera - USBFrameProvider - AprilTag1] [ERROR] Error grabbing image: timed out getting frame
[2025-09-27 20:28:16] [CSCore - PvCSCoreLogger] [INFO] AprilTag1: Attempting to connect to USB camera on /dev/v4l/by-path/platform-fc880000.usb-usb-0:1:1.0-video-index0
[2025-09-27 20:28:16] [CSCore - PvCSCoreLogger] [DEBUG] CS: DEBUG 7: AprilTag1: opening device (UsbCameraImpl.cpp:651)
[2025-09-27 20:28:16] [CSCore - PvCSCoreLogger] [INFO] AprilTag1: Attempting to connect to USB camera on /dev/v4l/by-path/platform-fc880000.usb-usb-0:1:1.0-video-index0
[2025-09-27 20:28:16] [CSCore - PvCSCoreLogger] [DEBUG] CS: DEBUG 7: AprilTag1: opening device (UsbCameraImpl.cpp:651)
[2025-09-27 20:28:16] [Camera - USBFrameProvider - AprilTag1] [ERROR] Error grabbing image: timed out getting frame
[2025-09-27 20:28:16] [Camera - USBFrameProvider - AprilTag1] [ERROR] Error grabbing image: timed out getting frame
[2025-09-27 20:28:16] [General - KernelLogLogger] [DEBUG] 2025-09-27T20:28:01.535801-06:00 photonvision kernel: message repeated 2 times: [ xhci-hcd xhci-hcd.11.auto: WARN: buffer overrun event for slot 1 ep 2 on endpoint]
[2025-09-27 20:28:16] [General - KernelLogLogger] [DEBUG] 2025-09-27T20:28:16.475785-06:00 photonvision kernel: usb usb5-port1: disabled by hub (EMI?), re-enabling...
[2025-09-27 20:28:16] [General - KernelLogLogger] [DEBUG] 2025-09-27T20:28:16.475855-06:00 photonvision kernel: usb 5-1: USB disconnect, device number 55
[2025-09-27 20:28:16] [General - KernelLogLogger] [DEBUG] 2025-09-27T20:28:16.829265-06:00 photonvision kernel: usb 5-1: new high-speed USB device number 56 using ehci-platform
[2025-09-27 20:28:16] [General - KernelLogLogger] [DEBUG] :00 photonvision kernel: usb 5-1: SerialNumber: 0001
[2025-09-27 20:28:16] [General - KernelLogLogger] [DEBUG] ÿ
[2025-09-27 20:28:17] [Camera - USBFrameProvider - AprilTag1] [ERROR] Error grabbing image: timed out getting frame
[2025-09-27 20:28:17] [CSCore - PvCSCoreLogger] [INFO] AprilTag1: Attempting to connect to USB camera on /dev/v4l/by-path/platform-fc880000.usb-usb-0:1:1.0-video-index0
[2025-09-27 20:28:17] [CSCore - PvCSCoreLogger] [DEBUG] CS: DEBUG 7: AprilTag1: opening device (UsbCameraImpl.cpp:651)
[2025-09-27 20:28:17] [CSCore - PvCSCoreLogger] [INFO] AprilTag1: Attempting to connect to USB camera on /dev/v4l/by-path/platform-fc880000.usb-usb-0:1:1.0-video-index0
[2025-09-27 20:28:17] [CSCore - PvCSCoreLogger] [DEBUG] CS: DEBUG 7: AprilTag1: opening device (UsbCameraImpl.cpp:651)
[2025-09-27 20:28:17] [CSCore - PvCSCoreLogger] [INFO] AprilTag1: Attempting to connect to USB camera on /dev/v4l/by-path/platform-fc880000.usb-usb-0:1:1.0-video-index0
[2025-09-27 20:28:17] [CSCore - PvCSCoreLogger] [DEBUG] CS: DEBUG 7: AprilTag1: opening device (UsbCameraImpl.cpp:651)
[2025-09-27 20:28:17] [CSCore - PvCSCoreLogger] [INFO] AprilTag1: Connected to USB camera on /dev/v4l/by-path/platform-fc880000.usb-usb-0:1:1.0-video-index0
[2025-09-27 20:28:17] [CSCore - PvCSCoreLogger] [DEBUG] CS: DEBUG 7: AprilTag1: getting capabilities (UsbCameraImpl.cpp:663)
[2025-09-27 20:28:17] [CSCore - PvCSCoreLogger] [DEBUG] CS: DEBUG 7: AprilTag1: restoring video mode (UsbCameraImpl.cpp:681)
[2025-09-27 20:28:17] [Camera - USBFrameProvider - AprilTag1] [ERROR] Error grabbing image: timed out getting frame
[2025-09-27 20:28:17] [CSCore - PvCSCoreLogger] [INFO] AprilTag1: set format 1 res 320x240
[2025-09-27 20:28:17] [CSCore - PvCSCoreLogger] [INFO] AprilTag1: set FPS to 100
[2025-09-27 20:28:17] [CSCore - PvCSCoreLogger] [DEBUG] CS: DEBUG 7: AprilTag1: restoring settings (UsbCameraImpl.cpp:686)
[2025-09-27 20:28:17] [Camera - USBFrameProvider - AprilTag1] [ERROR] Error grabbing image: timed out getting frame
[2025-09-27 20:28:17] [General - KernelLogLogger] [DEBUG] 2025-09-27T20:28:16.965778-06:00 photonvision kernel: usb 5-1: device descriptor read/64, error -71
[2025-09-27 20:28:17] [General - KernelLogLogger] [DEBUG] 2025-09-27T20:28:17.233012-06:00 photonvision kernel: usb 5-1: New USB device found, idVendor=0c45, idProduct=6366, bcdDevice= 1.00
[2025-09-27 20:28:17] [General - KernelLogLogger] [DEBUG] 2025-09-27T20:28:17.233083-06:00 photonvision kernel: usb 5-1: New USB device strings: Mfr=2, Product=1, SerialNumber=3
[2025-09-27 20:28:17] [General - KernelLogLogger] [DEBUG] 2025-09-27T20:28:17.233088-06:00 photonvision kernel: usb 5-1: Product: AprilTag1
[2025-09-27 20:28:17] [General - KernelLogLogger] [DEBUG] 2025-09-27T20:28:17.233093-06:00 photonvision kernel: usb 5-1: Manufacturer: Arducam Technology Co., Ltd.
[2025-09-27 20:28:17] [General - KernelLogLogger] [DEBUG] 2025-09-27T20:28:17.233096-06:00 photonvision kernel: usb 5-1: SerialNumber: 0001
[2025-09-27 20:28:17] [General - KernelLogLogger] [DEBUG] 2025-09-27T20:28:17.235770-06:00 photonvision kernel: usb 5-1: Found UVC 1.00 device AprilTag1 (0c45:6366)
[2025-09-27 20:28:17] [General - KernelLogLogger] [DEBUG] 2025-09-27T20:28:17.268417-06:00 photonvision kernel: input: AprilTag1: AprilTag1 as /devices/platform/fc880000.usb/usb5/5-1/5-1:1.0/input/input68
[2025-09-27 20:28:17] [General - KernelLogLogger] [DEBUG] tonvision kernel: usb 5-1: New USB device strings: Mfr=2, Product=1, SerialNumber=3
[2025-09-27 20:28:17] [General - KernelLogLogger] [DEBUG] 2025-09-27T20:26:30.892502-06:00 photonvision kernel: usb 5-1: Product: AprilTag1
[2025-09-27 20:28:17] [General - KernelLogLogger] [DEBUG] 2025-09-27T20:26:30.892505-06:00 photonvision kernel: usb 5-1: Manufacturer: Arducam Technology Co., Ltd.
[2025-09-27 20:28:17] [General - KernelLogLogger] [DEBUG] 2025-09-27T20:26:30.892531-06:00 photonvisioa
[2025-09-27 20:28:17] [Camera - USBFrameProvider - AprilTag1] [ERROR] Error grabbing image: timed out getting frame
[2025-09-27 20:28:18] [Camera - USBFrameProvider - AprilTag1] [ERROR] Error grabbing image: timed out getting frame
[2025-09-27 20:28:18] [Camera - USBFrameProvider - AprilTag1] [ERROR] Error grabbing image: timed out getting frame
[2025-09-27 20:28:18] [CSCore - PvCSCoreLogger] [DEBUG] CS: DEBUG 7: AprilTag1: allocating buffers (UsbCameraImpl.cpp:701)
[2025-09-27 20:28:18] [CSCore - PvCSCoreLogger] [DEBUG] CS: DEBUG 7: AprilTag1: mapping buffers (UsbCameraImpl.cpp:715)
[2025-09-27 20:28:18] [CSCore - PvCSCoreLogger] [DEBUG] CS: DEBUG 7: AprilTag1: queuing buffers (UsbCameraImpl.cpp:765)
[2025-09-27 20:28:18] [CSCore - PvCSCoreLogger] [ERROR] CS: ERROR 40: AprilTag1: ioctl VIDIOC_STREAMON failed: Protocol error (UsbCameraImpl.cpp:789)
[2025-09-27 20:28:18] [CSCore - PvCSCoreLogger] [DEBUG] CS: DEBUG 7: AprilTag1: queuing buffers (UsbCameraImpl.cpp:765)
[2025-09-27 20:28:18] [CSCore - PvCSCoreLogger] [ERROR] CS: ERROR 40: ioctl VIDIOC_QBUF failed at UsbCameraImpl.cpp:772: No such device (UsbUtil.cpp:157)
[2025-09-27 20:28:18] [CSCore - PvCSCoreLogger] [WARN] CS: WARNING 30: AprilTag1: could not queue buffer 0 (UsbCameraImpl.cpp:773)
[2025-09-27 20:28:18] [CSCore - PvCSCoreLogger] [INFO] AprilTag1: Attempting to connect to USB camera on /dev/v4l/by-path/platform-fc880000.usb-usb-0:1:1.0-video-index0
[2025-09-27 20:28:18] [CSCore - PvCSCoreLogger] [DEBUG] CS: DEBUG 7: AprilTag1: opening device (UsbCameraImpl.cpp:651)
[2025-09-27 20:28:18] [Camera - USBFrameProvider - AprilTag1] [ERROR] Error grabbing image: timed out getting frame
[2025-09-27 20:28:18] [General - KernelLogLogger] [DEBUG] 2025-09-27T20:28:18.612451-06:00 photonvision kernel: usb usb5-port1: disabled by hub (EMI?), re-enabling...
[2025-09-27 20:28:18] [General - KernelLogLogger] [DEBUG] 2025-09-27T20:28:18.612499-06:00 photonvision kernel: usb 5-1: USB disconnect, device number 56
[2025-09-27 20:28:19] [Camera - USBFrameProvider - AprilTag1] [ERROR] Error grabbing image: timed out getting frame
[2025-09-27 20:28:19] [CSCore - PvCSCoreLogger] [INFO] AprilTag1: Attempting to connect to USB camera on /dev/v4l/by-path/platform-fc880000.usb-usb-0:1:1.0-video-index0
[2025-09-27 20:28:19] [CSCore - PvCSCoreLogger] [DEBUG] CS: DEBUG 7: AprilTag1: opening device (UsbCameraImpl.cpp:651)
[2025-09-27 20:28:19] [CSCore - PvCSCoreLogger] [INFO] AprilTag1: Connected to USB camera on /dev/v4l/by-path/platform-fc880000.usb-usb-0:1:1.0-video-index0
[2025-09-27 20:28:19] [CSCore - PvCSCoreLogger] [DEBUG] CS: DEBUG 7: AprilTag1: getting capabilities (UsbCameraImpl.cpp:663)
[2025-09-27 20:28:19] [CSCore - PvCSCoreLogger] [DEBUG] CS: DEBUG 7: AprilTag1: restoring video mode (UsbCameraImpl.cpp:681)
[2025-09-27 20:28:19] [CSCore - PvCSCoreLogger] [INFO] AprilTag1: set format 1 res 320x240
[2025-09-27 20:28:19] [CSCore - PvCSCoreLogger] [INFO] AprilTag1: set FPS to 100
[2025-09-27 20:28:19] [CSCore - PvCSCoreLogger] [DEBUG] CS: DEBUG 7: AprilTag1: restoring settings (UsbCameraImpl.cpp:686)
[2025-09-27 20:28:19] [Camera - USBFrameProvider - AprilTag1] [ERROR] Error grabbing image: timed out getting frame
[2025-09-27 20:28:19] [Camera - USBFrameProvider - AprilTag1] [ERROR] Error grabbing image: timed out getting frame
[2025-09-27 20:28:19] [Camera - USBFrameProvider - AprilTag1] [ERROR] Error grabbing image: timed out getting frame
[2025-09-27 20:28:19] [General - KernelLogLogger] [DEBUG] 2025-09-27T20:28:18.965784-06:00 photonvision kernel: usb 5-1: new high-speed USB device number 57 using ehci-platform
[2025-09-27 20:28:19] [General - KernelLogLogger] [DEBUG] 2025-09-27T20:28:19.129125-06:00 photonvision kernel: usb 5-1: New USB device found, idVendor=0c45, idProduct=6366, bcdDevice= 1.00
[2025-09-27 20:28:19] [General - KernelLogLogger] [DEBUG] 2025-09-27T20:28:19.129185-06:00 photonvision kernel: usb 5-1: New USB device strings: Mfr=2, Product=1, SerialNumber=3
[2025-09-27 20:28:19] [General - KernelLogLogger] [DEBUG] 2025-09-27T20:28:19.129190-06:00 photonvision kernel: usb 5-1: Product: AprilTag1
[2025-09-27 20:28:19] [General - KernelLogLogger] [DEBUG] 2025-09-27T20:28:19.129193-06:00 photonvision kernel: usb 5-1: Manufacturer: Arducam Technology Co., Ltd.
[2025-09-27 20:28:19] [General - KernelLogLogger] [DEBUG] 2025-09-27T20:28:19.129197-06:00 photonvision kernel: usb 5-1: SerialNumber: 0001
[2025-09-27 20:28:19] [General - KernelLogLogger] [DEBUG] 2025-09-27T20:28:19.129201-06:00 photonvision kernel: usb 5-1: Found UVC 1.00 device AprilTag1 (0c45:6366)
[2025-09-27 20:28:19] [General - KernelLogLogger] [DEBUG] 2025-09-27T20:28:19.162419-06:00 photonvision kernel: input: AprilTag1: AprilTag1 as /devices/platform/fc880000.usb/usb5/5-1/5-1:1.0/input/input69
[2025-09-27 20:28:19] [General - KernelLogLogger] [DEBUG] sb 5-1: New USB device strings: Mfr=2, Product=1, SerialNumber=3
[2025-09-27 20:28:19] [General - KernelLogLogger] [DEBUG] 2025-09-27T20:26:55.843292-06:00 photonvision kernel: usb 5-1: Product: AprilTag1
[2025-09-27 20:28:19] [General - KernelLogLogger] [DEBUG] 2025-09-27T20:26:55.843293-06:00 photonvision kernel: usb 5-1: Manufacturer: Arducam Technology Co., Ltd.
[2025-09-27 20:28:19] [General - KernelLogLogger] [DEBUG] 2025-09-27T20:26:55.843295-06:00 photonvision kernel: usb 5-1: SerialNumber: 0001
[2025-09-27 20:28:19] [General - KernelLogLogger] [DEBUG] 9-27T20:25:26.319243-06:00 photonvision kernel: rockchip-hdptx-phy-hdmi fed60000.hdmiphy: bus_width:0x16a8c8,bit_rate:1485000
[2025-09-27 20:28:19] [General - KernelLogLogger] [DEBUG] 2025-09-27T20:25:26.319245-06:00 photonvision kernel: rockch
[2025-09-27 20:28:20] [Camera - USBFrameProvider - AprilTag1] [ERROR] Error grabbing image: timed out getting frame
[2025-09-27 20:28:20] [CSCore - PvCSCoreLogger] [DEBUG] CS: DEBUG 7: AprilTag1: allocating buffers (UsbCameraImpl.cpp:701)
[2025-09-27 20:28:20] [CSCore - PvCSCoreLogger] [DEBUG] CS: DEBUG 7: AprilTag1: mapping buffers (UsbCameraImpl.cpp:715)
[2025-09-27 20:28:20] [CSCore - PvCSCoreLogger] [DEBUG] CS: DEBUG 7: AprilTag1: queuing buffers (UsbCameraImpl.cpp:765)
[2025-09-27 20:28:20] [CSCore - PvCSCoreLogger] [ERROR] CS: ERROR 40: AprilTag1: ioctl VIDIOC_STREAMON failed: Protocol error (UsbCameraImpl.cpp:789)
[2025-09-27 20:28:20] [CSCore - PvCSCoreLogger] [DEBUG] CS: DEBUG 7: AprilTag1: queuing buffers (UsbCameraImpl.cpp:765)
[2025-09-27 20:28:20] [CSCore - PvCSCoreLogger] [ERROR] CS: ERROR 40: ioctl VIDIOC_QBUF failed at UsbCameraImpl.cpp:772: Invalid argument (UsbUtil.cpp:157)
[2025-09-27 20:28:20] [CSCore - PvCSCoreLogger] [WARN] CS: WARNING 30: AprilTag1: could not queue buffer 0 (UsbCameraImpl.cpp:773)
[2025-09-27 20:28:20] [CSCore - PvCSCoreLogger] [DEBUG] CS: DEBUG 7: AprilTag1: queuing buffers (UsbCameraImpl.cpp:765)
[2025-09-27 20:28:20] [CSCore - PvCSCoreLogger] [ERROR] CS: ERROR 40: ioctl VIDIOC_QBUF failed at UsbCameraImpl.cpp:772: No such device (UsbUtil.cpp:157)
[2025-09-27 20:28:20] [CSCore - PvCSCoreLogger] [WARN] CS: WARNING 30: AprilTag1: could not queue buffer 0 (UsbCameraImpl.cpp:773)
[2025-09-27 20:28:20] [CSCore - PvCSCoreLogger] [INFO] AprilTag1: Attempting to connect to USB camera on /dev/v4l/by-path/platform-fc880000.usb-usb-0:1:1.0-video-index0
[2025-09-27 20:28:20] [CSCore - PvCSCoreLogger] [DEBUG] CS: DEBUG 7: AprilTag1: opening device (UsbCameraImpl.cpp:651)
[2025-09-27 20:28:20] [CSCore - PvCSCoreLogger] [INFO] AprilTag1: Attempting to connect to USB camera on /dev/v4l/by-path/platform-fc880000.usb-usb-0:1:1.0-video-index0
[2025-09-27 20:28:20] [CSCore - PvCSCoreLogger] [DEBUG] CS: DEBUG 7: AprilTag1: opening device (UsbCameraImpl.cpp:651)
[2025-09-27 20:28:20] [Camera - USBFrameProvider - AprilTag1] [ERROR] Error grabbing image: timed out getting frame
[2025-09-27 20:28:20] [Camera - USBFrameProvider - AprilTag1] [ERROR] Error grabbing image: timed out getting frame
[2025-09-27 20:28:20] [CSCore - PvCSCoreLogger] [INFO] AprilTag1: Attempting to connect to USB camera on /dev/v4l/by-path/platform-fc880000.usb-usb-0:1:1.0-video-index0
[2025-09-27 20:28:20] [CSCore - PvCSCoreLogger] [DEBUG] CS: DEBUG 7: AprilTag1: opening device (UsbCameraImpl.cpp:651)
[2025-09-27 20:28:20] [General - KernelLogLogger] [DEBUG] 2025-09-27T20:28:20.299067-06:00 photonvision kernel: usb 5-1: Failed to query (GET_CUR) UVC control 3 on unit 2: -71 (exp. 2).
[2025-09-27 20:28:20] [General - KernelLogLogger] [DEBUG] 2025-09-27T20:28:20.323502-06:00 photonvision kernel: usb usb5-port1: disabled by hub (EMI?), re-enabling...
[2025-09-27 20:28:20] [General - KernelLogLogger] [DEBUG] 2025-09-27T20:28:20.323554-06:00 photonvision kernel: usb 5-1: USB disconnect, device number 57
[2025-09-27 20:28:20] [General - KernelLogLogger] [DEBUG] 2025-09-27T20:28:20.665771-06:00 photonvision kernel: usb 5-1: new high-speed USB device number 58 using ehci-platform
[2025-09-27 20:28:20] [General - KernelLogLogger] [DEBUG] 2025-09-27T20:28:20.826481-06:00 photonvision kernel: usb 5-1: New USB device found, idVendor=0c45, idProduct=6366, bcdDevice= 1.00
[2025-09-27 20:28:20] [General - KernelLogLogger] [DEBUG] 2025-09-27T20:28:20.826840-06:00 photonvision kernel: usb 5-1: New USB device strings: Mfr=2, Product=1, SerialNumber=3
[2025-09-27 20:28:20] [General - KernelLogLogger] [DEBUG] 2025-09-27T20:28:20.826855-06:00 photonvision kernel: usb 5-1: Product: AprilTag1
[2025-09-27 20:28:20] [General - KernelLogLogger] [DEBUG] 2025-09-27T20:28:20.826858-06:00 photonvision kernel: usb 5-1: Manufacturer: Arducam Technology Co., Ltd.
[2025-09-27 20:28:20] [General - KernelLogLogger] [DEBUG] 2025-09-27T20:28:20.826861-06:00 photonvision kernel: usb 5-1: SerialNumber: 0001
[2025-09-27 20:28:20] [General - KernelLogLogger] [DEBUG] 2025-09-27T20:28:20.829281-06:00 photonvision kernel: usb 5-1: Found UVC 1.00 device AprilTag1 (0c45:6366)
[2025-09-27 20:28:20] [General - KernelLogLogger] [DEBUG] vision kernel: Á
[2025-09-27 20:28:20] [CSCore - PvCSCoreLogger] [INFO] AprilTag1: Connected to USB camera on /dev/v4l/by-path/platform-fc880000.usb-usb-0:1:1.0-video-index0
[2025-09-27 20:28:20] [CSCore - PvCSCoreLogger] [DEBUG] CS: DEBUG 7: AprilTag1: getting capabilities (UsbCameraImpl.cpp:663)
[2025-09-27 20:28:20] [CSCore - PvCSCoreLogger] [DEBUG] CS: DEBUG 7: AprilTag1: restoring video mode (UsbCameraImpl.cpp:681)
[2025-09-27 20:28:20] [Camera - USBFrameProvider - AprilTag1] [ERROR] Error grabbing image: timed out getting frame
[2025-09-27 20:28:20] [CSCore - PvCSCoreLogger] [INFO] AprilTag1: set format 1 res 320x240
[2025-09-27 20:28:20] [CSCore - PvCSCoreLogger] [INFO] AprilTag1: set FPS to 100
[2025-09-27 20:28:20] [CSCore - PvCSCoreLogger] [DEBUG] CS: DEBUG 7: AprilTag1: restoring settings (UsbCameraImpl.cpp:686)
[2025-09-27 20:28:21] [Camera - USBFrameProvider - AprilTag1] [ERROR] Error grabbing image: timed out getting frame
[2025-09-27 20:28:21] [Camera - USBFrameProvider - AprilTag1] [ERROR] Error grabbing image: timed out getting frame
[2025-09-27 20:28:21] [Camera - USBFrameProvider - AprilTag1] [ERROR] Error grabbing image: timed out getting frame
[2025-09-27 20:28:21] [General - KernelLogLogger] [DEBUG] 2025-09-27T20:28:20.862459-06:00 photonvision kernel: input: AprilTag1: AprilTag1 as /devices/platform/fc880000.usb/usb5/5-1/5-1:1.0/input/input70
[2025-09-27 20:28:22] [Camera - USBFrameProvider - AprilTag1] [ERROR] Error grabbing image: timed out getting frame
[2025-09-27 20:28:22] [CSCore - PvCSCoreLogger] [DEBUG] CS: DEBUG 7: AprilTag1: allocating buffers (UsbCameraImpl.cpp:701)
[2025-09-27 20:28:22] [CSCore - PvCSCoreLogger] [DEBUG] CS: DEBUG 7: AprilTag1: mapping buffers (UsbCameraImpl.cpp:715)
[2025-09-27 20:28:22] [CSCore - PvCSCoreLogger] [DEBUG] CS: DEBUG 7: AprilTag1: queuing buffers (UsbCameraImpl.cpp:765)
[2025-09-27 20:28:22] [CSCore - PvCSCoreLogger] [ERROR] CS: ERROR 40: AprilTag1: ioctl VIDIOC_STREAMON failed: Protocol error (UsbCameraImpl.cpp:789)
[2025-09-27 20:28:22] [CSCore - PvCSCoreLogger] [DEBUG] CS: DEBUG 7: AprilTag1: queuing buffers (UsbCameraImpl.cpp:765)
[2025-09-27 20:28:22] [CSCore - PvCSCoreLogger] [ERROR] CS: ERROR 40: ioctl VIDIOC_QBUF failed at UsbCameraImpl.cpp:772: Invalid argument (UsbUtil.cpp:157)
[2025-09-27 20:28:22] [CSCore - PvCSCoreLogger] [WARN] CS: WARNING 30: AprilTag1: could not queue buffer 0 (UsbCameraImpl.cpp:773)
[2025-09-27 20:28:22] [CSCore - PvCSCoreLogger] [INFO] AprilTag1: Attempting to connect to USB camera on /dev/v4l/by-path/platform-fc880000.usb-usb-0:1:1.0-video-index0
[2025-09-27 20:28:22] [CSCore - PvCSCoreLogger] [DEBUG] CS: DEBUG 7: AprilTag1: opening device (UsbCameraImpl.cpp:651)
[2025-09-27 20:28:22] [CSCore - PvCSCoreLogger] [INFO] AprilTag1: Attempting to connect to USB camera on /dev/v4l/by-path/platform-fc880000.usb-usb-0:1:1.0-video-index0
[2025-09-27 20:28:22] [CSCore - PvCSCoreLogger] [DEBUG] CS: DEBUG 7: AprilTag1: opening device (UsbCameraImpl.cpp:651)
[2025-09-27 20:28:22] [Camera - USBFrameProvider - AprilTag1] [ERROR] Error grabbing image: timed out getting frame
[2025-09-27 20:28:22] [Camera - USBFrameProvider - AprilTag1] [ERROR] Error grabbing image: timed out getting frame
[2025-09-27 20:28:22] [CSCore - PvCSCoreLogger] [INFO] AprilTag1: Attempting to connect to USB camera on /dev/v4l/by-path/platform-fc880000.usb-usb-0:1:1.0-video-index0
[2025-09-27 20:28:22] [CSCore - PvCSCoreLogger] [DEBUG] CS: DEBUG 7: AprilTag1: opening device (UsbCameraImpl.cpp:651)
[2025-09-27 20:28:22] [CSCore - PvCSCoreLogger] [INFO] AprilTag1: Connected to USB camera on /dev/v4l/by-path/platform-fc880000.usb-usb-0:1:1.0-video-index0
[2025-09-27 20:28:22] [CSCore - PvCSCoreLogger] [DEBUG] CS: DEBUG 7: AprilTag1: getting capabilities (UsbCameraImpl.cpp:663)
[2025-09-27 20:28:22] [CSCore - PvCSCoreLogger] [DEBUG] CS: DEBUG 7: AprilTag1: restoring video mode (UsbCameraImpl.cpp:681)
[2025-09-27 20:28:22] [CSCore - PvCSCoreLogger] [INFO] AprilTag1: set format 1 res 320x240
[2025-09-27 20:28:22] [CSCore - PvCSCoreLogger] [INFO] AprilTag1: set FPS to 100
[2025-09-27 20:28:22] [CSCore - PvCSCoreLogger] [DEBUG] CS: DEBUG 7: AprilTag1: restoring settings (UsbCameraImpl.cpp:686)
[2025-09-27 20:28:22] [Camera - USBFrameProvider - AprilTag1] [ERROR] Error grabbing image: timed out getting frame
[2025-09-27 20:28:22] [General - KernelLogLogger] [DEBUG] 2025-09-27T20:28:22.155729-06:00 photonvision kernel: usb 5-1: Failed to query (GET_CUR) UVC control 10 on unit 2: -71 (exp. 2).
[2025-09-27 20:28:22] [General - KernelLogLogger] [DEBUG] 2025-09-27T20:28:22.169143-06:00 photonvision kernel: usb usb5-port1: disabled by hub (EMI?), re-enabling...
[2025-09-27 20:28:22] [General - KernelLogLogger] [DEBUG] 2025-09-27T20:28:22.169170-06:00 photonvision kernel: usb 5-1: USB disconnect, device number 58
[2025-09-27 20:28:22] [General - KernelLogLogger] [DEBUG] 2025-09-27T20:28:22.512408-06:00 photonvision kernel: usb 5-1: new high-speed USB device number 59 using ehci-platform
[2025-09-27 20:28:22] [General - KernelLogLogger] [DEBUG] 2025-09-27T20:28:22.680879-06:00 photonvision kernel: usb 5-1: New USB device found, idVendor=0c45, idProduct=6366, bcdDevice= 1.00
[2025-09-27 20:28:22] [General - KernelLogLogger] [DEBUG] 2025-09-27T20:28:22.680902-06:00 photonvision kernel: usb 5-1: New USB device strings: Mfr=2, Product=1, SerialNumber=3
[2025-09-27 20:28:22] [General - KernelLogLogger] [DEBUG] 2025-09-27T20:28:22.680903-06:00 photonvision kernel: usb 5-1: Product: AprilTag1
[2025-09-27 20:28:22] [General - KernelLogLogger] [DEBUG] 2025-09-27T20:28:22.680905-06:00 photonvision kernel: usb 5-1: Manufacturer: Arducam Technology Co., Ltd.
[2025-09-27 20:28:22] [General - KernelLogLogger] [DEBUG] 2025-09-27T20:28:22.680907-06:00 photonvision kernel: usb 5-1: SerialNumber: 0001
[2025-09-27 20:28:22] [General - KernelLogLogger] [DEBUG] 2025-09-27T20:28:22.680908-06:00 photonvision kernel: usb 5-1: Found UVC 1.00 device AprilTag1 (0c45:6366)
[2025-09-27 20:28:22] [General - KernelLogLogger] [DEBUG] 2025-09-27T20:28:22.709079-06:00 photonvision kernel: input: AprilTag1: AprilTag1 as /devices/platform/fc880000.usb/usb5/5-1/5-1:1.0/input/input71
[2025-09-27 20:28:22] [General - KernelLogLogger] [DEBUG] L@¨épàð@£+|Ab@ô9æ@  w8ێ@À[d^@FKÒá@¦¢Âg/@zùfë¸@ýf¢@¨àZ°§b@êS»ò'@û5G9â@Æö}mgǀ@ßÒa°Ø6@&Ee¸@df&út@¦|é
[2025-09-27 20:28:23] [Camera - USBFrameProvider - AprilTag1] [ERROR] Error grabbing image: timed out getting frame
[2025-09-27 20:28:23] [Camera - USBFrameProvider - AprilTag1] [ERROR] Error grabbing image: timed out getting frame
[2025-09-27 20:28:23] [Camera - USBFrameProvider - AprilTag1] [ERROR] Error grabbing image: timed out getting frame
[2025-09-27 20:28:23] [CSCore - PvCSCoreLogger] [DEBUG] CS: DEBUG 7: AprilTag1: allocating buffers (UsbCameraImpl.cpp:701)
[2025-09-27 20:28:23] [CSCore - PvCSCoreLogger] [DEBUG] CS: DEBUG 7: AprilTag1: mapping buffers (UsbCameraImpl.cpp:715)
[2025-09-27 20:28:23] [CSCore - PvCSCoreLogger] [DEBUG] CS: DEBUG 7: AprilTag1: queuing buffers (UsbCameraImpl.cpp:765)
[2025-09-27 20:28:23] [CSCore - PvCSCoreLogger] [ERROR] CS: ERROR 40: AprilTag1: ioctl VIDIOC_STREAMON failed: Protocol error (UsbCameraImpl.cpp:789)
[2025-09-27 20:28:23] [CSCore - PvCSCoreLogger] [DEBUG] CS: DEBUG 7: AprilTag1: queuing buffers (UsbCameraImpl.cpp:765)
[2025-09-27 20:28:23] [CSCore - PvCSCoreLogger] [ERROR] CS: ERROR 40: ioctl VIDIOC_QBUF failed at UsbCameraImpl.cpp:772: Invalid argument (UsbUtil.cpp:157)
[2025-09-27 20:28:23] [CSCore - PvCSCoreLogger] [WARN] CS: WARNING 30: AprilTag1: could not queue buffer 0 (UsbCameraImpl.cpp:773)
[2025-09-27 20:28:23] [CSCore - PvCSCoreLogger] [DEBUG] CS: DEBUG 7: AprilTag1: queuing buffers (UsbCameraImpl.cpp:765)
[2025-09-27 20:28:23] [CSCore - PvCSCoreLogger] [ERROR] CS: ERROR 40: ioctl VIDIOC_QBUF failed at UsbCameraImpl.cpp:772: No such device (UsbUtil.cpp:157)
[2025-09-27 20:28:23] [CSCore - PvCSCoreLogger] [WARN] CS: WARNING 30: AprilTag1: could not queue buffer 0 (UsbCameraImpl.cpp:773)
[2025-09-27 20:28:23] [CSCore - PvCSCoreLogger] [INFO] AprilTag1: Attempting to connect to USB camera on /dev/v4l/by-path/platform-fc880000.usb-usb-0:1:1.0-video-index0
[2025-09-27 20:28:23] [CSCore - PvCSCoreLogger] [DEBUG] CS: DEBUG 7: AprilTag1: opening device (UsbCameraImpl.cpp:651)
[2025-09-27 20:28:23] [General - KernelLogLogger] [DEBUG] 2025-09-27T20:28:23.869264-06:00 photonvision kernel: usb usb5-port1: disabled by hub (EMI?), re-enabling...
[2025-09-27 20:28:23] [General - KernelLogLogger] [DEBUG] 2025-09-27T20:28:23.869340-06:00 photonvision kernel: usb 5-1: USB disconnect, device number 59
[2025-09-27 20:28:23] [General - KernelLogLogger] [DEBUG] 2025-09-27T20:28:23.875789-06:00 photonvision kernel: usb 5-1: Failed to query (GET_CUR) UVC control 4 on unit 1: -71 (exp. 4).
[2025-09-27 20:28:23] [Camera - USBFrameProvider - AprilTag1] [ERROR] Error grabbing image: timed out getting frame
[2025-09-27 20:28:24] [Camera - USBFrameProvider - AprilTag1] [ERROR] Error grabbing image: timed out getting frame
[2025-09-27 20:28:24] [Camera - USBFrameProvider - AprilTag1] [ERROR] Error grabbing image: timed out getting frame
[2025-09-27 20:28:24] [CSCore - PvCSCoreLogger] [INFO] AprilTag1: Attempting to connect to USB camera on /dev/v4l/by-path/platform-fc880000.usb-usb-0:1:1.0-video-index0
[2025-09-27 20:28:24] [CSCore - PvCSCoreLogger] [DEBUG] CS: DEBUG 7: AprilTag1: opening device (UsbCameraImpl.cpp:651)
[2025-09-27 20:28:24] [CSCore - PvCSCoreLogger] [INFO] AprilTag1: Connected to USB camera on /dev/v4l/by-path/platform-fc880000.usb-usb-0:1:1.0-video-index0
[2025-09-27 20:28:24] [CSCore - PvCSCoreLogger] [DEBUG] CS: DEBUG 7: AprilTag1: getting capabilities (UsbCameraImpl.cpp:663)
[2025-09-27 20:28:24] [CSCore - PvCSCoreLogger] [DEBUG] CS: DEBUG 7: AprilTag1: restoring video mode (UsbCameraImpl.cpp:681)
[2025-09-27 20:28:24] [CSCore - PvCSCoreLogger] [INFO] AprilTag1: set format 1 res 320x240
[2025-09-27 20:28:24] [CSCore - PvCSCoreLogger] [INFO] AprilTag1: set FPS to 100
[2025-09-27 20:28:24] [CSCore - PvCSCoreLogger] [DEBUG] CS: DEBUG 7: AprilTag1: restoring settings (UsbCameraImpl.cpp:686)
[2025-09-27 20:28:24] [Camera - USBFrameProvider - AprilTag1] [ERROR] Error grabbing image: timed out getting frame
[2025-09-27 20:28:24] [General - KernelLogLogger] [DEBUG] 2025-09-27T20:28:24.225796-06:00 photonvision kernel: usb 5-1: new high-speed USB device number 60 using ehci-platform
[2025-09-27 20:28:24] [General - KernelLogLogger] [DEBUG] 2025-09-27T20:28:24.385768-06:00 photonvision kernel: usb 5-1: New USB device found, idVendor=0c45, idProduct=6366, bcdDevice= 1.00
[2025-09-27 20:28:24] [General - KernelLogLogger] [DEBUG] 2025-09-27T20:28:24.385821-06:00 photonvision kernel: usb 5-1: New USB device strings: Mfr=2, Product=1, SerialNumber=3
[2025-09-27 20:28:24] [General - KernelLogLogger] [DEBUG] 2025-09-27T20:28:24.385826-06:00 photonvision kernel: usb 5-1: Product: AprilTag1
[2025-09-27 20:28:24] [General - KernelLogLogger] [DEBUG] 2025-09-27T20:28:24.385829-06:00 photonvision kernel: usb 5-1: Manufacturer: Arducam Technology Co., Ltd.
[2025-09-27 20:28:24] [General - KernelLogLogger] [DEBUG] 2025-09-27T20:28:24.385833-06:00 photonvision kernel: usb 5-1: SerialNumber: 0001
[2025-09-27 20:28:24] [General - KernelLogLogger] [DEBUG] 2025-09-27T20:28:24.385837-06:00 photonvision kernel: usb 5-1: Found UVC 1.00 device AprilTag1 (0c45:6366)
[2025-09-27 20:28:24] [General - KernelLogLogger] [DEBUG] 2025-09-27T20:28:24.412431-06:00 photonvision kernel: input: AprilTag1: AprilTag1 as /devices/platform/fc880000.usb/usb5/5-1/5-1:1.0/input/input72
[2025-09-27 20:28:24] [General - KernelLogLogger] [DEBUG] sb 5-1: New USB device strings: Mfr=2, Product=1, SerialNumber=3
[2025-09-27 20:28:24] [General - KernelLogLogger] [DEBUG] 2025-09-27T20:26:55.843292-06:00 photonvision kernel: usb 5-1: Product: AprilTag1
[2025-09-27 20:28:24] [General - KernelLogLogger] [DEBUG] 2025-09-27T20:26:55.843293-06:00 photonvision kernel: usb 5-1: Manufacturer: Arducam Technology Co., Ltd.
[2025-09-27 20:28:24] [General - KernelLogLogger] [DEBUG] 2025-09-27T20:26:55.843295-06:00 photonvision kernel: usb 5-1: SerialNumber: 0001
[2025-09-27 20:28:24] [General - KernelLogLogger] [DEBUG] 9-27T20:25:26.319243-06:00 photonvision kernel: rockchip-hdptx-phy-hdmi fed60000.hdmiphy: bus_width:0x16a8c8,bit_rate:1485000
[2025-09-27 20:28:24] [General - KernelLogLogger] [DEBUG] 2025-09-27T20:25:26.319245-06:00 photonvision kernel: rockch
[2025-09-27 20:28:25] [Camera - USBFrameProvider - AprilTag1] [ERROR] Error grabbing image: timed out getting frame
[2025-09-27 20:28:25] [Camera - USBFrameProvider - AprilTag1] [ERROR] Error grabbing image: timed out getting frame
[2025-09-27 20:28:25] [Camera - USBFrameProvider - AprilTag1] [ERROR] Error grabbing image: timed out getting frame
[2025-09-27 20:28:25] [CSCore - PvCSCoreLogger] [DEBUG] CS: DEBUG 7: AprilTag1: allocating buffers (UsbCameraImpl.cpp:701)
[2025-09-27 20:28:25] [CSCore - PvCSCoreLogger] [DEBUG] CS: DEBUG 7: AprilTag1: mapping buffers (UsbCameraImpl.cpp:715)
[2025-09-27 20:28:25] [CSCore - PvCSCoreLogger] [DEBUG] CS: DEBUG 7: AprilTag1: queuing buffers (UsbCameraImpl.cpp:765)
[2025-09-27 20:28:25] [CSCore - PvCSCoreLogger] [ERROR] CS: ERROR 40: AprilTag1: ioctl VIDIOC_STREAMON failed: Protocol error (UsbCameraImpl.cpp:789)
[2025-09-27 20:28:25] [CSCore - PvCSCoreLogger] [DEBUG] CS: DEBUG 7: AprilTag1: queuing buffers (UsbCameraImpl.cpp:765)
[2025-09-27 20:28:25] [CSCore - PvCSCoreLogger] [ERROR] CS: ERROR 40: ioctl VIDIOC_QBUF failed at UsbCameraImpl.cpp:772: Invalid argument (UsbUtil.cpp:157)
[2025-09-27 20:28:25] [CSCore - PvCSCoreLogger] [WARN] CS: WARNING 30: AprilTag1: could not queue buffer 0 (UsbCameraImpl.cpp:773)
[2025-09-27 20:28:25] [CSCore - PvCSCoreLogger] [DEBUG] CS: DEBUG 7: AprilTag1: queuing buffers (UsbCameraImpl.cpp:765)
[2025-09-27 20:28:25] [CSCore - PvCSCoreLogger] [ERROR] CS: ERROR 40: ioctl VIDIOC_QBUF failed at UsbCameraImpl.cpp:772: No such device (UsbUtil.cpp:157)
[2025-09-27 20:28:25] [CSCore - PvCSCoreLogger] [WARN] CS: WARNING 30: AprilTag1: could not queue buffer 0 (UsbCameraImpl.cpp:773)
[2025-09-27 20:28:25] [CSCore - PvCSCoreLogger] [INFO] AprilTag1: Attempting to connect to USB camera on /dev/v4l/by-path/platform-fc880000.usb-usb-0:1:1.0-video-index0
[2025-09-27 20:28:25] [CSCore - PvCSCoreLogger] [DEBUG] CS: DEBUG 7: AprilTag1: opening device (UsbCameraImpl.cpp:651)
[2025-09-27 20:28:25] [Camera - USBFrameProvider - AprilTag1] [ERROR] Error grabbing image: timed out getting frame
[2025-09-27 20:28:25] [General - KernelLogLogger] [DEBUG] 2025-09-27T20:28:25.722454-06:00 photonvision kernel: usb 5-1: Failed to query (GET_MAX) UVC control 8 on unit 2: -71 (exp. 2).
[2025-09-27 20:28:25] [General - KernelLogLogger] [DEBUG] 2025-09-27T20:28:25.747974-06:00 photonvision kernel: usb 5-1: Failed to query (GET_CUR) UVC control 2 on unit 2: -71 (exp. 2).
[2025-09-27 20:28:25] [General - KernelLogLogger] [DEBUG] 2025-09-27T20:28:25.752413-06:00 photonvision kernel: usb 5-1: Failed to query (GET_DEF) UVC control 8 on unit 2: -71 (exp. 2).
[2025-09-27 20:28:25] [General - KernelLogLogger] [DEBUG] 2025-09-27T20:28:25.755832-06:00 photonvision kernel: usb usb5-port1: disabled by hub (EMI?), re-enabling...
[2025-09-27 20:28:25] [General - KernelLogLogger] [DEBUG] 2025-09-27T20:28:25.755867-06:00 photonvision kernel: usb 5-1: USB disconnect, device number 60
[2025-09-27 20:28:25] [General - KernelLogLogger] [DEBUG] &ÀH±¾K
[2025-09-27 20:28:26] [Camera - USBFrameProvider - AprilTag1] [ERROR] Error grabbing image: timed out getting frame
[2025-09-27 20:28:26] [CSCore - PvCSCoreLogger] [INFO] AprilTag1: Attempting to connect to USB camera on /dev/v4l/by-path/platform-fc880000.usb-usb-0:1:1.0-video-index0
[2025-09-27 20:28:26] [CSCore - PvCSCoreLogger] [DEBUG] CS: DEBUG 7: AprilTag1: opening device (UsbCameraImpl.cpp:651)
[2025-09-27 20:28:26] [CSCore - PvCSCoreLogger] [INFO] AprilTag1: Connected to USB camera on /dev/v4l/by-path/platform-fc880000.usb-usb-0:1:1.0-video-index0
[2025-09-27 20:28:26] [CSCore - PvCSCoreLogger] [DEBUG] CS: DEBUG 7: AprilTag1: getting capabilities (UsbCameraImpl.cpp:663)
[2025-09-27 20:28:26] [CSCore - PvCSCoreLogger] [DEBUG] CS: DEBUG 7: AprilTag1: restoring video mode (UsbCameraImpl.cpp:681)
[2025-09-27 20:28:26] [Camera - USBFrameProvider - AprilTag1] [ERROR] Error grabbing image: timed out getting frame
[2025-09-27 20:28:26] [CSCore - PvCSCoreLogger] [INFO] AprilTag1: set format 1 res 320x240
[2025-09-27 20:28:26] [CSCore - PvCSCoreLogger] [INFO] AprilTag1: set FPS to 100
[2025-09-27 20:28:26] [CSCore - PvCSCoreLogger] [DEBUG] CS: DEBUG 7: AprilTag1: restoring settings (UsbCameraImpl.cpp:686)
[2025-09-27 20:28:26] [Camera - USBFrameProvider - AprilTag1] [ERROR] Error grabbing image: timed out getting frame
[2025-09-27 20:28:26] [Camera - USBFrameProvider - AprilTag1] [ERROR] Error grabbing image: timed out getting frame
[2025-09-27 20:28:26] [General - KernelLogLogger] [DEBUG] 2025-09-27T20:28:26.105773-06:00 photonvision kernel: usb 5-1: new high-speed USB device number 61 using ehci-platform
[2025-09-27 20:28:26] [General - KernelLogLogger] [DEBUG] 2025-09-27T20:28:26.269075-06:00 photonvision kernel: usb 5-1: New USB device found, idVendor=0c45, idProduct=6366, bcdDevice= 1.00
[2025-09-27 20:28:26] [General - KernelLogLogger] [DEBUG] 2025-09-27T20:28:26.269105-06:00 photonvision kernel: usb 5-1: New USB device strings: Mfr=2, Product=1, SerialNumber=3
[2025-09-27 20:28:26] [General - KernelLogLogger] [DEBUG] 2025-09-27T20:28:26.269107-06:00 photonvision kernel: usb 5-1: Product: AprilTag1
[2025-09-27 20:28:26] [General - KernelLogLogger] [DEBUG] 2025-09-27T20:28:26.269108-06:00 photonvision kernel: usb 5-1: Manufacturer: Arducam Technology Co., Ltd.
[2025-09-27 20:28:26] [General - KernelLogLogger] [DEBUG] 2025-09-27T20:28:26.269109-06:00 photonvision kernel: usb 5-1: SerialNumber: 0001
[2025-09-27 20:28:26] [General - KernelLogLogger] [DEBUG] 2025-09-27T20:28:26.272404-06:00 photonvision kernel: usb 5-1: Found UVC 1.00 device AprilTag1 (0c45:6366)
[2025-09-27 20:28:26] [General - KernelLogLogger] [DEBUG] 2025-09-27T20:28:26.309223-06:00 photonvision kernel: input: AprilTag1: AprilTag1 as /devices/platform/fc880000.usb/usb5/5-1/5-1:1.0/input/input73
[2025-09-27 20:28:26] [General - KernelLogLogger] [DEBUG] 5-09-27T20:28:20.826861-06:00 photonvision kernel: usb 5-1: SerialNumber: 0001
[2025-09-27 20:28:26] [General - KernelLogLogger] [DEBUG] 2025-09-27T20:28:20.829281-06:00 photonvision kernel: usb 5-1: Found UVC 1.00 device AprilTag1 (0c45:6366)
[2025-09-27 20:28:26] [General - KernelLogLogger] [DEBUG] vision kernel: Á
[2025-09-27 20:28:27] [Camera - USBFrameProvider - AprilTag1] [ERROR] Error grabbing image: timed out getting frame
[2025-09-27 20:28:27] [Camera - USBFrameProvider - AprilTag1] [ERROR] Error grabbing image: timed out getting frame
[2025-09-27 20:28:27] [CSCore - PvCSCoreLogger] [DEBUG] CS: DEBUG 7: AprilTag1: allocating buffers (UsbCameraImpl.cpp:701)
[2025-09-27 20:28:27] [CSCore - PvCSCoreLogger] [DEBUG] CS: DEBUG 7: AprilTag1: mapping buffers (UsbCameraImpl.cpp:715)
[2025-09-27 20:28:27] [CSCore - PvCSCoreLogger] [DEBUG] CS: DEBUG 7: AprilTag1: queuing buffers (UsbCameraImpl.cpp:765)
[2025-09-27 20:28:27] [CSCore - PvCSCoreLogger] [ERROR] CS: ERROR 40: AprilTag1: ioctl VIDIOC_STREAMON failed: Protocol error (UsbCameraImpl.cpp:789)
[2025-09-27 20:28:27] [CSCore - PvCSCoreLogger] [DEBUG] CS: DEBUG 7: AprilTag1: queuing buffers (UsbCameraImpl.cpp:765)
[2025-09-27 20:28:27] [CSCore - PvCSCoreLogger] [ERROR] CS: ERROR 40: ioctl VIDIOC_QBUF failed at UsbCameraImpl.cpp:772: No such device (UsbUtil.cpp:157)
[2025-09-27 20:28:27] [CSCore - PvCSCoreLogger] [WARN] CS: WARNING 30: AprilTag1: could not queue buffer 0 (UsbCameraImpl.cpp:773)
[2025-09-27 20:28:27] [CSCore - PvCSCoreLogger] [INFO] AprilTag1: Attempting to connect to USB camera on /dev/v4l/by-path/platform-fc880000.usb-usb-0:1:1.0-video-index0
[2025-09-27 20:28:27] [CSCore - PvCSCoreLogger] [DEBUG] CS: DEBUG 7: AprilTag1: opening device (UsbCameraImpl.cpp:651)
[2025-09-27 20:28:27] [CSCore - PvCSCoreLogger] [INFO] AprilTag1: Attempting to connect to USB camera on /dev/v4l/by-path/platform-fc880000.usb-usb-0:1:1.0-video-index0
[2025-09-27 20:28:27] [CSCore - PvCSCoreLogger] [DEBUG] CS: DEBUG 7: AprilTag1: opening device (UsbCameraImpl.cpp:651)
[2025-09-27 20:28:27] [CSCore - PvCSCoreLogger] [INFO] AprilTag1: Attempting to connect to USB camera on /dev/v4l/by-path/platform-fc880000.usb-usb-0:1:1.0-video-index0
[2025-09-27 20:28:27] [CSCore - PvCSCoreLogger] [DEBUG] CS: DEBUG 7: AprilTag1: opening device (UsbCameraImpl.cpp:651)
[2025-09-27 20:28:27] [Camera - USBFrameProvider - AprilTag1] [ERROR] Error grabbing image: timed out getting frame
[2025-09-27 20:28:27] [General - KernelLogLogger] [DEBUG] 2025-09-27T20:28:27.609058-06:00 photonvision kernel: usb usb5-port1: disabled by hub (EMI?), re-enabling...
[2025-09-27 20:28:27] [General - KernelLogLogger] [DEBUG] 2025-09-27T20:28:27.609081-06:00 photonvision kernel: usb 5-1: USB disconnect, device number 61
[2025-09-27 20:28:27] [General - KernelLogLogger] [DEBUG] 2025-09-27T20:28:27.615699-06:00 photonvision kernel: usb 5-1: Failed to query (GET_CUR) UVC control 3 on unit 2: -71 (exp. 2).
[2025-09-27 20:28:27] [Camera - USBFrameProvider - AprilTag1] [ERROR] Error grabbing image: timed out getting frame
[2025-09-27 20:28:28] [CSCore - PvCSCoreLogger] [INFO] AprilTag1: Attempting to connect to USB camera on /dev/v4l/by-path/platform-fc880000.usb-usb-0:1:1.0-video-index0
[2025-09-27 20:28:28] [CSCore - PvCSCoreLogger] [DEBUG] CS: DEBUG 7: AprilTag1: opening device (UsbCameraImpl.cpp:651)
[2025-09-27 20:28:28] [CSCore - PvCSCoreLogger] [INFO] AprilTag1: Attempting to connect to USB camera on /dev/v4l/by-path/platform-fc880000.usb-usb-0:1:1.0-video-index0
[2025-09-27 20:28:28] [CSCore - PvCSCoreLogger] [DEBUG] CS: DEBUG 7: AprilTag1: opening device (UsbCameraImpl.cpp:651)
[2025-09-27 20:28:28] [CSCore - PvCSCoreLogger] [INFO] AprilTag1: Connected to USB camera on /dev/v4l/by-path/platform-fc880000.usb-usb-0:1:1.0-video-index0
[2025-09-27 20:28:28] [CSCore - PvCSCoreLogger] [DEBUG] CS: DEBUG 7: AprilTag1: getting capabilities (UsbCameraImpl.cpp:663)
[2025-09-27 20:28:28] [CSCore - PvCSCoreLogger] [DEBUG] CS: DEBUG 7: AprilTag1: restoring video mode (UsbCameraImpl.cpp:681)
[2025-09-27 20:28:28] [CSCore - PvCSCoreLogger] [INFO] AprilTag1: set format 1 res 320x240
[2025-09-27 20:28:28] [Camera - USBFrameProvider - AprilTag1] [ERROR] Error grabbing image: timed out getting frame
[2025-09-27 20:28:28] [CSCore - PvCSCoreLogger] [INFO] AprilTag1: set FPS to 100
[2025-09-27 20:28:28] [CSCore - PvCSCoreLogger] [DEBUG] CS: DEBUG 7: AprilTag1: restoring settings (UsbCameraImpl.cpp:686)
[2025-09-27 20:28:28] [Camera - USBFrameProvider - AprilTag1] [ERROR] Error grabbing image: timed out getting frame
[2025-09-27 20:28:28] [Camera - USBFrameProvider - AprilTag1] [ERROR] Error grabbing image: timed out getting frame
[2025-09-27 20:28:28] [General - KernelLogLogger] [DEBUG] 2025-09-27T20:28:27.969115-06:00 photonvision kernel: usb 5-1: new high-speed USB device number 62 using ehci-platform
[2025-09-27 20:28:28] [General - KernelLogLogger] [DEBUG] 2025-09-27T20:28:28.132451-06:00 photonvision kernel: usb 5-1: New USB device found, idVendor=0c45, idProduct=6366, bcdDevice= 1.00
[2025-09-27 20:28:28] [General - KernelLogLogger] [DEBUG] 2025-09-27T20:28:28.132502-06:00 photonvision kernel: usb 5-1: New USB device strings: Mfr=2, Product=1, SerialNumber=3
[2025-09-27 20:28:28] [General - KernelLogLogger] [DEBUG] 2025-09-27T20:28:28.132507-06:00 photonvision kernel: usb 5-1: Product: AprilTag1
[2025-09-27 20:28:28] [General - KernelLogLogger] [DEBUG] 2025-09-27T20:28:28.132510-06:00 photonvision kernel: usb 5-1: Manufacturer: Arducam Technology Co., Ltd.
[2025-09-27 20:28:28] [General - KernelLogLogger] [DEBUG] 2025-09-27T20:28:28.132514-06:00 photonvision kernel: usb 5-1: SerialNumber: 0001
[2025-09-27 20:28:28] [General - KernelLogLogger] [DEBUG] 2025-09-27T20:28:28.135851-06:00 photonvision kernel: usb 5-1: Found UVC 1.00 device AprilTag1 (0c45:6366)
[2025-09-27 20:28:28] [General - KernelLogLogger] [DEBUG] 2025-09-27T20:28:28.162433-06:00 photonvision kernel: input: AprilTag1: AprilTag1 as /devices/platform/fc880000.usb/usb5/5-1/5-1:1.0/input/input74
[2025-09-27 20:28:28] [General - KernelLogLogger] [DEBUG] 25-09-27T20:28:22.680907-06:00 photonvision kernel: usb 5-1: SerialNumber: 0001
[2025-09-27 20:28:28] [General - KernelLogLogger] [DEBUG] 2025-09-27T20:28:22.680908-06:00 photonvision kernel: usb 5-1: Found UVC 1.00 device AprilTag1 (0c45:6366)
[2025-09-27 20:28:28] [General - KernelLogLogger] [DEBUG] ision kernel: Á
[2025-09-27 20:28:29] [Camera - USBFrameProvider - AprilTag1] [ERROR] Error grabbing image: timed out getting frame
[2025-09-27 20:28:29] [CSCore - PvCSCoreLogger] [DEBUG] CS: DEBUG 7: AprilTag1: allocating buffers (UsbCameraImpl.cpp:701)
[2025-09-27 20:28:29] [CSCore - PvCSCoreLogger] [DEBUG] CS: DEBUG 7: AprilTag1: mapping buffers (UsbCameraImpl.cpp:715)
[2025-09-27 20:28:29] [CSCore - PvCSCoreLogger] [DEBUG] CS: DEBUG 7: AprilTag1: queuing buffers (UsbCameraImpl.cpp:765)
[2025-09-27 20:28:29] [Camera - USBFrameProvider - AprilTag1] [ERROR] Error grabbing image: timed out getting frame
[2025-09-27 20:28:29] [CSCore - PvCSCoreLogger] [ERROR] CS: ERROR 40: ioctl VIDIOC_DQBUF failed at UsbCameraImpl.cpp:529: No such device (UsbUtil.cpp:157)
[2025-09-27 20:28:29] [CSCore - PvCSCoreLogger] [WARN] CS: WARNING 30: AprilTag1: could not dequeue buffer (UsbCameraImpl.cpp:530)
[2025-09-27 20:28:29] [CSCore - PvCSCoreLogger] [ERROR] CS: ERROR 40: ioctl VIDIOC_STREAMOFF failed at UsbCameraImpl.cpp:807: No such device (UsbUtil.cpp:157)
[2025-09-27 20:28:29] [CSCore - PvCSCoreLogger] [INFO] AprilTag1: Attempting to connect to USB camera on /dev/v4l/by-path/platform-fc880000.usb-usb-0:1:1.0-video-index0
[2025-09-27 20:28:29] [CSCore - PvCSCoreLogger] [DEBUG] CS: DEBUG 7: AprilTag1: opening device (UsbCameraImpl.cpp:651)
[2025-09-27 20:28:29] [CSCore - PvCSCoreLogger] [INFO] AprilTag1: Attempting to connect to USB camera on /dev/v4l/by-path/platform-fc880000.usb-usb-0:1:1.0-video-index0
[2025-09-27 20:28:29] [CSCore - PvCSCoreLogger] [DEBUG] CS: DEBUG 7: AprilTag1: opening device (UsbCameraImpl.cpp:651)
[2025-09-27 20:28:29] [CSCore - PvCSCoreLogger] [INFO] AprilTag1: Attempting to connect to USB camera on /dev/v4l/by-path/platform-fc880000.usb-usb-0:1:1.0-video-index0
[2025-09-27 20:28:29] [CSCore - PvCSCoreLogger] [DEBUG] CS: DEBUG 7: AprilTag1: opening device (UsbCameraImpl.cpp:651)
[2025-09-27 20:28:29] [Camera - USBFrameProvider - AprilTag1] [ERROR] Error grabbing image: timed out getting frame
[2025-09-27 20:28:29] [CSCore - PvCSCoreLogger] [INFO] AprilTag1: Attempting to connect to USB camera on /dev/v4l/by-path/platform-fc880000.usb-usb-0:1:1.0-video-index0
[2025-09-27 20:28:29] [CSCore - PvCSCoreLogger] [DEBUG] CS: DEBUG 7: AprilTag1: opening device (UsbCameraImpl.cpp:651)
[2025-09-27 20:28:29] [Camera - USBFrameProvider - AprilTag1] [ERROR] Error grabbing image: timed out getting frame
[2025-09-27 20:28:29] [General - KernelLogLogger] [DEBUG] 2025-09-27T20:28:29.559167-06:00 photonvision kernel: usb 5-1: Failed to query (GET_CUR) UVC control 1 on unit 2: -71 (exp. 2).
[2025-09-27 20:28:29] [General - KernelLogLogger] [DEBUG] 2025-09-27T20:28:29.559220-06:00 photonvision kernel: usb usb5-port1: disabled by hub (EMI?), re-enabling...
[2025-09-27 20:28:29] [General - KernelLogLogger] [DEBUG] 2025-09-27T20:28:29.559224-06:00 photonvision kernel: usb 5-1: USB disconnect, device number 62
[2025-09-27 20:28:29] [General - KernelLogLogger] [DEBUG] 2025-09-27T20:28:29.562407-06:00 photonvision kernel: uvcvideo 5-1:1.1: Failed to resubmit video URB (-19).
[2025-09-27 20:28:29] [General - KernelLogLogger] [DEBUG] ci-platform
[2025-09-27 20:28:29] [General - KernelLogLogger] [DEBUG] :26:52.015850-06:00 photonvision kernel: usb 5-1: SerialNumber: 0001
[2025-09-27 20:28:29] [General - KernelLogLogger] [DEBUG] 2025-09-27T20:26:52.015854-06:00 photonvision kernel: usb 5-1: Found UVC 1.00 device AprilTag1 (0c45:6366)
[2025-09-27 20:28:29] [General - KernelLogLogger] [DEBUG] 2025-09-27T20:26:52.045762-06:00 photonvision kerneõ
[2025-09-27 20:28:30] [CSCore - PvCSCoreLogger] [INFO] AprilTag1: Attempting to connect to USB camera on /dev/v4l/by-path/platform-fc880000.usb-usb-0:1:1.0-video-index0
[2025-09-27 20:28:30] [CSCore - PvCSCoreLogger] [DEBUG] CS: DEBUG 7: AprilTag1: opening device (UsbCameraImpl.cpp:651)
[2025-09-27 20:28:30] [CSCore - PvCSCoreLogger] [INFO] AprilTag1: Attempting to connect to USB camera on /dev/v4l/by-path/platform-fc880000.usb-usb-0:1:1.0-video-index0
[2025-09-27 20:28:30] [CSCore - PvCSCoreLogger] [DEBUG] CS: DEBUG 7: AprilTag1: opening device (UsbCameraImpl.cpp:651)
[2025-09-27 20:28:30] [CSCore - PvCSCoreLogger] [INFO] AprilTag1: Attempting to connect to USB camera on /dev/v4l/by-path/platform-fc880000.usb-usb-0:1:1.0-video-index0
[2025-09-27 20:28:30] [CSCore - PvCSCoreLogger] [DEBUG] CS: DEBUG 7: AprilTag1: opening device (UsbCameraImpl.cpp:651)
[2025-09-27 20:28:30] [CSCore - PvCSCoreLogger] [INFO] AprilTag1: Attempting to connect to USB camera on /dev/v4l/by-path/platform-fc880000.usb-usb-0:1:1.0-video-index0
[2025-09-27 20:28:30] [CSCore - PvCSCoreLogger] [DEBUG] CS: DEBUG 7: AprilTag1: opening device (UsbCameraImpl.cpp:651)
[2025-09-27 20:28:30] [CSCore - PvCSCoreLogger] [INFO] AprilTag1: Connected to USB camera on /dev/v4l/by-path/platform-fc880000.usb-usb-0:1:1.0-video-index0
[2025-09-27 20:28:30] [CSCore - PvCSCoreLogger] [DEBUG] CS: DEBUG 7: AprilTag1: getting capabilities (UsbCameraImpl.cpp:663)
[2025-09-27 20:28:30] [CSCore - PvCSCoreLogger] [DEBUG] CS: DEBUG 7: AprilTag1: restoring video mode (UsbCameraImpl.cpp:681)
[2025-09-27 20:28:30] [Camera - USBFrameProvider - AprilTag1] [ERROR] Error grabbing image: timed out getting frame
[2025-09-27 20:28:30] [CSCore - PvCSCoreLogger] [INFO] AprilTag1: set format 1 res 320x240
[2025-09-27 20:28:30] [CSCore - PvCSCoreLogger] [INFO] AprilTag1: set FPS to 100
[2025-09-27 20:28:30] [CSCore - PvCSCoreLogger] [DEBUG] CS: DEBUG 7: AprilTag1: restoring settings (UsbCameraImpl.cpp:686)
[2025-09-27 20:28:30] [Camera - USBFrameProvider - AprilTag1] [ERROR] Error grabbing image: timed out getting frame
[2025-09-27 20:28:30] [Camera - USBFrameProvider - AprilTag1] [ERROR] Error grabbing image: timed out getting frame
[2025-09-27 20:28:30] [General - KernelLogLogger] [DEBUG] 2025-09-27T20:28:29.575788-06:00 photonvision kernel: message repeated 3 times: [ uvcvideo 5-1:1.1: Failed to resubmit video URB (-19).]
[2025-09-27 20:28:30] [General - KernelLogLogger] [DEBUG] 2025-09-27T20:28:29.912571-06:00 photonvision kernel: usb 5-1: new high-speed USB device number 63 using ehci-platform
[2025-09-27 20:28:30] [General - KernelLogLogger] [DEBUG] 2025-09-27T20:28:30.076044-06:00 photonvision kernel: usb 5-1: New USB device found, idVendor=0c45, idProduct=6366, bcdDevice= 1.00
[2025-09-27 20:28:30] [General - KernelLogLogger] [DEBUG] 2025-09-27T20:28:30.076105-06:00 photonvision kernel: usb 5-1: New USB device strings: Mfr=2, Product=1, SerialNumber=3
[2025-09-27 20:28:30] [General - KernelLogLogger] [DEBUG] 2025-09-27T20:28:30.076111-06:00 photonvision kernel: usb 5-1: Product: AprilTag1
[2025-09-27 20:28:30] [General - KernelLogLogger] [DEBUG] 2025-09-27T20:28:30.076115-06:00 photonvision kernel: usb 5-1: Manufacturer: Arducam Technology Co., Ltd.
[2025-09-27 20:28:30] [General - KernelLogLogger] [DEBUG] 2025-09-27T20:28:30.076117-06:00 photonvision kernel: usb 5-1: SerialNumber: 0001
[2025-09-27 20:28:30] [General - KernelLogLogger] [DEBUG] 2025-09-27T20:28:30.082547-06:00 photonvision kernel: usb 5-1: Found UVC 1.00 device AprilTag1 (0c45:6366)
[2025-09-27 20:28:30] [General - KernelLogLogger] [DEBUG] 2025-09-27T20:28:30.109388-06:00 photonvision kernel: input: AprilTag1: AprilTag1 as /devices/platform/fc880000.usb/usb5/5-1/5-1:1.0/input/input75
[2025-09-27 20:28:31] [Camera - USBFrameProvider - AprilTag1] [ERROR] Error grabbing image: timed out getting frame
[2025-09-27 20:28:31] [CSCore - PvCSCoreLogger] [DEBUG] CS: DEBUG 7: AprilTag1: allocating buffers (UsbCameraImpl.cpp:701)
[2025-09-27 20:28:31] [CSCore - PvCSCoreLogger] [DEBUG] CS: DEBUG 7: AprilTag1: mapping buffers (UsbCameraImpl.cpp:715)
[2025-09-27 20:28:31] [CSCore - PvCSCoreLogger] [ERROR] CS: ERROR 40: ioctl VIDIOC_DQBUF failed at UsbCameraImpl.cpp:529: Invalid argument (UsbUtil.cpp:157)
[2025-09-27 20:28:31] [CSCore - PvCSCoreLogger] [WARN] CS: WARNING 30: AprilTag1: could not dequeue buffer (UsbCameraImpl.cpp:530)
[2025-09-27 20:28:31] [CSCore - PvCSCoreLogger] [INFO] AprilTag1: Attempting to connect to USB camera on /dev/v4l/by-path/platform-fc880000.usb-usb-0:1:1.0-video-index0
[2025-09-27 20:28:31] [CSCore - PvCSCoreLogger] [DEBUG] CS: DEBUG 7: AprilTag1: opening device (UsbCameraImpl.cpp:651)
[2025-09-27 20:28:31] [CSCore - PvCSCoreLogger] [INFO] AprilTag1: Connected to USB camera on /dev/v4l/by-path/platform-fc880000.usb-usb-0:1:1.0-video-index0
[2025-09-27 20:28:31] [CSCore - PvCSCoreLogger] [DEBUG] CS: DEBUG 7: AprilTag1: getting capabilities (UsbCameraImpl.cpp:663)
[2025-09-27 20:28:31] [CSCore - PvCSCoreLogger] [DEBUG] CS: DEBUG 7: AprilTag1: restoring video mode (UsbCameraImpl.cpp:681)
[2025-09-27 20:28:31] [CSCore - PvCSCoreLogger] [INFO] AprilTag1: set format 1 res 320x240
[2025-09-27 20:28:31] [Camera - USBFrameProvider - AprilTag1] [ERROR] Error grabbing image: timed out getting frame
[2025-09-27 20:28:31] [CSCore - PvCSCoreLogger] [INFO] AprilTag1: set FPS to 100
[2025-09-27 20:28:31] [CSCore - PvCSCoreLogger] [DEBUG] CS: DEBUG 7: AprilTag1: restoring settings (UsbCameraImpl.cpp:686)
[2025-09-27 20:28:31] [Camera - USBFrameProvider - AprilTag1] [ERROR] Error grabbing image: timed out getting frame
[2025-09-27 20:28:31] [Camera - USBFrameProvider - AprilTag1] [ERROR] Error grabbing image: timed out getting frame
[2025-09-27 20:28:32] [Camera - USBFrameProvider - AprilTag1] [ERROR] Error grabbing image: timed out getting frame
[2025-09-27 20:28:32] [Camera - USBFrameProvider - Reef2] [ERROR] Error grabbing image: timed out getting frame
[2025-09-27 20:28:32] [Camera - USBFrameProvider - AprilTag1] [ERROR] Error grabbing image: timed out getting frame
[2025-09-27 20:28:32] [Camera - USBFrameProvider - Reef2] [ERROR] Error grabbing image: timed out getting frame
[2025-09-27 20:28:32] [Camera - USBFrameProvider - AprilTag1] [ERROR] Error grabbing image: timed out getting frame
[2025-09-27 20:28:32] [Camera - USBFrameProvider - Reef2] [ERROR] Error grabbing image: timed out getting frame
[2025-09-27 20:28:32] [General - KernelLogLogger] [DEBUG] 2025-09-27T20:28:32.072458-06:00 photonvision kernel: xhci-hcd xhci-hcd.11.auto: WARN: buffer overrun event for slot 1 ep 2 on endpoint
[2025-09-27 20:28:32] [General - KernelLogLogger] [DEBUG] 
[2025-09-27 20:28:32] [Camera - USBFrameProvider - AprilTag1] [ERROR] Error grabbing image: timed out getting frame
[2025-09-27 20:28:33] [Camera - USBFrameProvider - Reef2] [ERROR] Error grabbing image: timed out getting frame
[2025-09-27 20:28:33] [Camera - USBFrameProvider - AprilTag1] [ERROR] Error grabbing image: timed out getting frame
[2025-09-27 20:28:33] [Camera - USBFrameProvider - Reef2] [ERROR] Error grabbing image: timed out getting frame
[2025-09-27 20:28:33] [Camera - USBFrameProvider - AprilTag1] [ERROR] Error grabbing image: timed out getting frame
[2025-09-27 20:28:33] [Camera - USBFrameProvider - Reef2] [ERROR] Error grabbing image: timed out getting frame
[2025-09-27 20:28:33] [Camera - USBFrameProvider - AprilTag1] [ERROR] Error grabbing image: timed out getting frame
[2025-09-27 20:28:34] [Camera - USBFrameProvider - AprilTag1] [ERROR] Error grabbing image: timed out getting frame
[2025-09-27 20:28:34] [Camera - USBFrameProvider - Reef2] [ERROR] Error grabbing image: timed out getting frame
[2025-09-27 20:28:34] [Camera - USBFrameProvider - AprilTag1] [ERROR] Error grabbing image: timed out getting frame
[2025-09-27 20:28:34] [Camera - USBFrameProvider - Reef2] [ERROR] Error grabbing image: timed out getting frame
[2025-09-27 20:28:34] [Camera - USBFrameProvider - AprilTag1] [ERROR] Error grabbing image: timed out getting frame
[2025-09-27 20:28:34] [Camera - USBFrameProvider - Reef2] [ERROR] Error grabbing image: timed out getting frame
[2025-09-27 20:28:34] [CSCore - PvCSCoreLogger] [ERROR] CS: ERROR 40: ioctl VIDIOC_S_CTRL failed at UsbCameraProperty.cpp:77: Protocol error (UsbUtil.cpp:157)
[2025-09-27 20:28:34] [CSCore - PvCSCoreLogger] [WARN] CS: WARNING 30: AprilTag1: failed to set property white_balance_temperature (UsbCameraImpl.cpp:695)
[2025-09-27 20:28:34] [CSCore - PvCSCoreLogger] [ERROR] CS: ERROR 40: ioctl VIDIOC_S_EXT_CTRLS failed at UsbCameraProperty.cpp:71: No such device (UsbUtil.cpp:157)
[2025-09-27 20:28:34] [CSCore - PvCSCoreLogger] [WARN] CS: WARNING 30: AprilTag1: failed to set property auto_exposure (UsbCameraImpl.cpp:695)
[2025-09-27 20:28:34] [CSCore - PvCSCoreLogger] [ERROR] CS: ERROR 40: ioctl VIDIOC_S_EXT_CTRLS failed at UsbCameraProperty.cpp:71: No such device (UsbUtil.cpp:157)
[2025-09-27 20:28:34] [CSCore - PvCSCoreLogger] [WARN] CS: WARNING 30: AprilTag1: failed to set property raw_exposure_time_absolute (UsbCameraImpl.cpp:695)
[2025-09-27 20:28:34] [CSCore - PvCSCoreLogger] [ERROR] CS: ERROR 40: ioctl VIDIOC_S_EXT_CTRLS failed at UsbCameraProperty.cpp:71: No such device (UsbUtil.cpp:157)
[2025-09-27 20:28:34] [CSCore - PvCSCoreLogger] [WARN] CS: WARNING 30: AprilTag1: failed to set property exposure_dynamic_framerate (UsbCameraImpl.cpp:695)
[2025-09-27 20:28:34] [CSCore - PvCSCoreLogger] [DEBUG] CS: DEBUG 7: AprilTag1: allocating buffers (UsbCameraImpl.cpp:701)
[2025-09-27 20:28:34] [CSCore - PvCSCoreLogger] [ERROR] CS: ERROR 40: ioctl VIDIOC_REQBUFS failed at UsbCameraImpl.cpp:707: No such device (UsbUtil.cpp:157)
[2025-09-27 20:28:34] [CSCore - PvCSCoreLogger] [WARN] CS: WARNING 30: AprilTag1: could not allocate buffers (UsbCameraImpl.cpp:708)
[2025-09-27 20:28:34] [CSCore - PvCSCoreLogger] [INFO] AprilTag1: Attempting to connect to USB camera on /dev/v4l/by-path/platform-fc880000.usb-usb-0:1:1.0-video-index0
[2025-09-27 20:28:34] [CSCore - PvCSCoreLogger] [DEBUG] CS: DEBUG 7: AprilTag1: opening device (UsbCameraImpl.cpp:651)
[2025-09-27 20:28:34] [CSCore - PvCSCoreLogger] [INFO] AprilTag1: Attempting to connect to USB camera on /dev/v4l/by-path/platform-fc880000.usb-usb-0:1:1.0-video-index0
[2025-09-27 20:28:34] [CSCore - PvCSCoreLogger] [DEBUG] CS: DEBUG 7: AprilTag1: opening device (UsbCameraImpl.cpp:651)
[2025-09-27 20:28:34] [CSCore - PvCSCoreLogger] [INFO] AprilTag1: Attempting to connect to USB camera on /dev/v4l/by-path/platform-fc880000.usb-usb-0:1:1.0-video-index0
[2025-09-27 20:28:34] [CSCore - PvCSCoreLogger] [DEBUG] CS: DEBUG 7: AprilTag1: opening device (UsbCameraImpl.cpp:651)
[2025-09-27 20:28:34] [Camera - USBFrameProvider - AprilTag1] [ERROR] Error grabbing image: timed out getting frame
[2025-09-27 20:28:34] [General - KernelLogLogger] [DEBUG] 2025-09-27T20:28:34.072898-06:00 photonvision kernel: message repeated 13 times: [ xhci-hcd xhci-hcd.11.auto: WARN: buffer overrun event for slot 1 ep 2 on endpoint]
[2025-09-27 20:28:34] [General - KernelLogLogger] [DEBUG] 2025-09-27T20:28:34.742442-06:00 photonvision kernel: usb 5-1: USB disconnect, device number 63
[2025-09-27 20:28:34] [General - KernelLogLogger] [DEBUG] 2025-09-27T20:28:34.745732-06:00 photonvision kernel: usb 5-1: Failed to query (SET_CUR) UVC control 10 on unit 2: -71 (exp. 2).
[2025-09-27 20:28:34] [General - KernelLogLogger] [DEBUG] 2025-09-27T20:28:34.745758-06:00 photonvision kernel: usb 5-1: Failed to query (GET_CUR) UVC control 4 on unit 2: -19 (exp. 2).
[2025-09-27 20:28:34] [General - KernelLogLogger] [DEBUG] 2025-09-27T20:28:34.745762-06:00 photonvision kernel: usb 5-1: Failed to query (SET_CUR) UVC control 2 on unit 1: -19 (exp. 1).
[2025-09-27 20:28:34] [General - KernelLogLogger] [DEBUG] 2025-09-27T20:28:34.803403-06:00 photonvision kernel: xhci-hcd xhci-hcd.11.auto: WARN: buffer overrun event for slot 1 ep 2 on endpoint
[2025-09-27 20:28:34] [Camera - USBFrameProvider - Reef2] [ERROR] Error grabbing image: timed out getting frame
[2025-09-27 20:28:35] [CSCore - PvCSCoreLogger] [INFO] AprilTag1: Attempting to connect to USB camera on /dev/v4l/by-path/platform-fc880000.usb-usb-0:1:1.0-video-index0
[2025-09-27 20:28:35] [CSCore - PvCSCoreLogger] [DEBUG] CS: DEBUG 7: AprilTag1: opening device (UsbCameraImpl.cpp:651)
[2025-09-27 20:28:35] [Camera - USBFrameProvider - AprilTag1] [ERROR] Error grabbing image: timed out getting frame
[2025-09-27 20:28:35] [Camera - USBFrameProvider - Reef2] [ERROR] Error grabbing image: timed out getting frame
[2025-09-27 20:28:35] [CSCore - PvCSCoreLogger] [INFO] AprilTag1: Attempting to connect to USB camera on /dev/v4l/by-path/platform-fc880000.usb-usb-0:1:1.0-video-index0
[2025-09-27 20:28:35] [CSCore - PvCSCoreLogger] [DEBUG] CS: DEBUG 7: AprilTag1: opening device (UsbCameraImpl.cpp:651)
[2025-09-27 20:28:35] [CSCore - PvCSCoreLogger] [INFO] AprilTag1: Attempting to connect to USB camera on /dev/v4l/by-path/platform-fc880000.usb-usb-0:1:1.0-video-index0
[2025-09-27 20:28:35] [CSCore - PvCSCoreLogger] [DEBUG] CS: DEBUG 7: AprilTag1: opening device (UsbCameraImpl.cpp:651)
[2025-09-27 20:28:35] [CSCore - PvCSCoreLogger] [INFO] AprilTag1: Connected to USB camera on /dev/v4l/by-path/platform-fc880000.usb-usb-0:1:1.0-video-index0
[2025-09-27 20:28:35] [CSCore - PvCSCoreLogger] [DEBUG] CS: DEBUG 7: AprilTag1: getting capabilities (UsbCameraImpl.cpp:663)
[2025-09-27 20:28:35] [CSCore - PvCSCoreLogger] [DEBUG] CS: DEBUG 7: AprilTag1: restoring video mode (UsbCameraImpl.cpp:681)
[2025-09-27 20:28:35] [CSCore - PvCSCoreLogger] [INFO] AprilTag1: set format 1 res 320x240
[2025-09-27 20:28:35] [Camera - USBFrameProvider - AprilTag1] [ERROR] Error grabbing image: timed out getting frame
[2025-09-27 20:28:35] [CSCore - PvCSCoreLogger] [INFO] AprilTag1: set FPS to 100
[2025-09-27 20:28:35] [CSCore - PvCSCoreLogger] [DEBUG] CS: DEBUG 7: AprilTag1: restoring settings (UsbCameraImpl.cpp:686)
[2025-09-27 20:28:35] [Camera - USBFrameProvider - Reef2] [ERROR] Error grabbing image: timed out getting frame
[2025-09-27 20:28:35] [Camera - USBFrameProvider - AprilTag1] [ERROR] Error grabbing image: timed out getting frame
[2025-09-27 20:28:35] [Camera - USBFrameProvider - Reef2] [ERROR] Error grabbing image: timed out getting frame
[2025-09-27 20:28:35] [General - KernelLogLogger] [DEBUG] 2025-09-27T20:28:35.085742-06:00 photonvision kernel: message repeated 5 times: [ xhci-hcd xhci-hcd.11.auto: WARN: buffer overrun event for slot 1 ep 2 on endpoint]
[2025-09-27 20:28:35] [General - KernelLogLogger] [DEBUG] 2025-09-27T20:28:35.099074-06:00 photonvision kernel: usb 5-1: new high-speed USB device number 64 using ehci-platform
[2025-09-27 20:28:35] [General - KernelLogLogger] [DEBUG] 2025-09-27T20:28:35.105753-06:00 photonvision kernel: xhci-hcd xhci-hcd.11.auto: WARN: buffer overrun event for slot 1 ep 2 on endpoint
[2025-09-27 20:28:35] [General - KernelLogLogger] [DEBUG] 2025-09-27T20:28:35.252411-06:00 photonvision kernel: message repeated 2 times: [ xhci-hcd xhci-hcd.11.auto: WARN: buffer overrun event for slot 1 ep 2 on endpoint]
[2025-09-27 20:28:35] [General - KernelLogLogger] [DEBUG] 2025-09-27T20:28:35.259066-06:00 photonvision kernel: usb 5-1: New USB device found, idVendor=0c45, idProduct=6366, bcdDevice= 1.00
[2025-09-27 20:28:35] [General - KernelLogLogger] [DEBUG] 2025-09-27T20:28:35.259102-06:00 photonvision kernel: usb 5-1: New USB device strings: Mfr=2, Product=1, SerialNumber=3
[2025-09-27 20:28:35] [General - KernelLogLogger] [DEBUG] 2025-09-27T20:28:35.259104-06:00 photonvision kernel: usb 5-1: Product: AprilTag1
[2025-09-27 20:28:35] [General - KernelLogLogger] [DEBUG] 2025-09-27T20:28:35.259105-06:00 photonvision kernel: usb 5-1: Manufacturer: Arducam Technology Co., Ltd.
[2025-09-27 20:28:35] [General - KernelLogLogger] [DEBUG] 2025-09-27T20:28:35.259107-06:00 photonvision kernel: usb 5-1: SerialNumber: 0001
[2025-09-27 20:28:35] [General - KernelLogLogger] [DEBUG] 2025-09-27T20:28:35.265760-06:00 photonvision kernel: usb 5-1: Found UVC 1.00 device AprilTag1 (0c45:6366)
[2025-09-27 20:28:35] [General - KernelLogLogger] [DEBUG] 2025-09-27T20:28:35.299118-06:00 photonvision kernel: input: AprilTag1: AprilTag1 as /devices/platform/fc880000.usb/usb5/5-1/5-1:1.0/input/input76
[2025-09-27 20:28:35] [General - KernelLogLogger] [DEBUG] 2025-09-27T20:28:35.425903-06:00 photonvision kernel: xhci-hcd xhci-hcd.11.auto: WARN: buffer overrun event for slot 1 ep 2 on endpoint
[2025-09-27 20:28:35] [General - KernelLogLogger] [DEBUG] dwhdmi-rockchip fde80000.hdmi: ddc read failed offset:0x1
[2025-09-27 20:28:35] [General - KernelLogLogger] [DEBUG] 2025-09-27T20:25:18.609057-06:00 photonvision kernel: dwhdmi-rockchip fde80000.hdmi: i2c read time out!
[2025-09-27 20:28:35] [General - KernelLogLogger] [DEBUG] 
[2025-09-27 20:28:35] [Camera - USBFrameProvider - AprilTag1] [ERROR] Error grabbing image: timed out getting frame
[2025-09-27 20:28:36] [Camera - USBFrameProvider - Reef2] [ERROR] Error grabbing image: timed out getting frame
[2025-09-27 20:28:36] [Camera - USBFrameProvider - AprilTag1] [ERROR] Error grabbing image: timed out getting frame
[2025-09-27 20:28:36] [Camera - USBFrameProvider - Reef2] [ERROR] Error grabbing image: timed out getting frame
[2025-09-27 20:28:36] [Camera - USBFrameProvider - AprilTag1] [ERROR] Error grabbing image: timed out getting frame
[2025-09-27 20:28:36] [CSCore - PvCSCoreLogger] [DEBUG] CS: DEBUG 7: AprilTag1: allocating buffers (UsbCameraImpl.cpp:701)
[2025-09-27 20:28:36] [CSCore - PvCSCoreLogger] [DEBUG] CS: DEBUG 7: AprilTag1: mapping buffers (UsbCameraImpl.cpp:715)
[2025-09-27 20:28:36] [CSCore - PvCSCoreLogger] [DEBUG] CS: DEBUG 7: AprilTag1: queuing buffers (UsbCameraImpl.cpp:765)
[2025-09-27 20:28:36] [CSCore - PvCSCoreLogger] [ERROR] CS: ERROR 40: AprilTag1: ioctl VIDIOC_STREAMON failed: Protocol error (UsbCameraImpl.cpp:789)
[2025-09-27 20:28:36] [CSCore - PvCSCoreLogger] [INFO] AprilTag1: Attempting to connect to USB camera on /dev/v4l/by-path/platform-fc880000.usb-usb-0:1:1.0-video-index0
[2025-09-27 20:28:36] [CSCore - PvCSCoreLogger] [DEBUG] CS: DEBUG 7: AprilTag1: opening device (UsbCameraImpl.cpp:651)
[2025-09-27 20:28:36] [CSCore - PvCSCoreLogger] [INFO] AprilTag1: Attempting to connect to USB camera on /dev/v4l/by-path/platform-fc880000.usb-usb-0:1:1.0-video-index0
[2025-09-27 20:28:36] [CSCore - PvCSCoreLogger] [DEBUG] CS: DEBUG 7: AprilTag1: opening device (UsbCameraImpl.cpp:651)
[2025-09-27 20:28:36] [Camera - USBFrameProvider - Reef2] [ERROR] Error grabbing image: timed out getting frame
[2025-09-27 20:28:36] [Camera - USBFrameProvider - AprilTag1] [ERROR] Error grabbing image: timed out getting frame
[2025-09-27 20:28:36] [General - KernelLogLogger] [DEBUG] 2025-09-27T20:28:36.509117-06:00 photonvision kernel: message repeated 19 times: [ xhci-hcd xhci-hcd.11.auto: WARN: buffer overrun event for slot 1 ep 2 on endpoint]
[2025-09-27 20:28:36] [General - KernelLogLogger] [DEBUG] 2025-09-27T20:28:36.582456-06:00 photonvision kernel: usb 5-1: Failed to query (GET_CUR) UVC control 9 on unit 2: -71 (exp. 2).
[2025-09-27 20:28:36] [General - KernelLogLogger] [DEBUG] 2025-09-27T20:28:36.589112-06:00 photonvision kernel: xhci-hcd xhci-hcd.11.auto: WARN: buffer overrun event for slot 1 ep 2 on endpoint
[2025-09-27 20:28:36] [General - KernelLogLogger] [DEBUG] 2025-09-27T20:28:36.605766-06:00 photonvision kernel: usb usb5-port1: disabled by hub (EMI?), re-enabling...
[2025-09-27 20:28:36] [General - KernelLogLogger] [DEBUG] 2025-09-27T20:28:36.605826-06:00 photonvision kernel: usb 5-1: USB disconnect, device number 64
[2025-09-27 20:28:36] [General - KernelLogLogger] [DEBUG] 2025-09-27T20:28:36.708706-06:00 photonvision kernel: xhci-hcd xhci-hcd.11.auto: WARN: buffer overrun event for slot 1 ep 2 on endpoint
[2025-09-27 20:28:36] [General - KernelLogLogger] [DEBUG] 223-06:00 photonvision kernel: input: AprilTag1: AprilTag1 as /devices/platform/fc880000.usb/usb5/5-1/5-1:1.0/input/input73
[2025-09-27 20:28:36] [General - KernelLogLogger] [DEBUG] 5-09-27T20:28:20.826861-06:00 photonvision kernel: usb 5-1: SerialNumber: 0001
[2025-09-27 20:28:36] [General - KernelLogLogger] [DEBUG] 2025-09-27T20:28:20.829281-06:00 photonvision kernel: usb 5-1: Found UVC 1.00 device AprilTag1 (0c45:6366)
[2025-09-27 20:28:36] [General - KernelLogLogger] [DEBUG] vision kernel: Á
[2025-09-27 20:28:36] [Camera - USBFrameProvider - Reef2] [ERROR] Error grabbing image: timed out getting frame
[2025-09-27 20:28:37] [Camera - USBFrameProvider - AprilTag1] [ERROR] Error grabbing image: timed out getting frame
[2025-09-27 20:28:37] [CSCore - PvCSCoreLogger] [INFO] AprilTag1: Attempting to connect to USB camera on /dev/v4l/by-path/platform-fc880000.usb-usb-0:1:1.0-video-index0
[2025-09-27 20:28:37] [CSCore - PvCSCoreLogger] [DEBUG] CS: DEBUG 7: AprilTag1: opening device (UsbCameraImpl.cpp:651)
[2025-09-27 20:28:37] [CSCore - PvCSCoreLogger] [INFO] AprilTag1: Attempting to connect to USB camera on /dev/v4l/by-path/platform-fc880000.usb-usb-0:1:1.0-video-index0
[2025-09-27 20:28:37] [CSCore - PvCSCoreLogger] [DEBUG] CS: DEBUG 7: AprilTag1: opening device (UsbCameraImpl.cpp:651)
[2025-09-27 20:28:37] [CSCore - PvCSCoreLogger] [INFO] AprilTag1: Attempting to connect to USB camera on /dev/v4l/by-path/platform-fc880000.usb-usb-0:1:1.0-video-index0
[2025-09-27 20:28:37] [CSCore - PvCSCoreLogger] [DEBUG] CS: DEBUG 7: AprilTag1: opening device (UsbCameraImpl.cpp:651)
[2025-09-27 20:28:37] [CSCore - PvCSCoreLogger] [INFO] AprilTag1: Connected to USB camera on /dev/v4l/by-path/platform-fc880000.usb-usb-0:1:1.0-video-index0
[2025-09-27 20:28:37] [CSCore - PvCSCoreLogger] [DEBUG] CS: DEBUG 7: AprilTag1: getting capabilities (UsbCameraImpl.cpp:663)
[2025-09-27 20:28:37] [CSCore - PvCSCoreLogger] [DEBUG] CS: DEBUG 7: AprilTag1: restoring video mode (UsbCameraImpl.cpp:681)
[2025-09-27 20:28:37] [CSCore - PvCSCoreLogger] [INFO] AprilTag1: set format 1 res 320x240
[2025-09-27 20:28:37] [CSCore - PvCSCoreLogger] [INFO] AprilTag1: set FPS to 100
[2025-09-27 20:28:37] [CSCore - PvCSCoreLogger] [DEBUG] CS: DEBUG 7: AprilTag1: restoring settings (UsbCameraImpl.cpp:686)
[2025-09-27 20:28:37] [Camera - USBFrameProvider - Reef2] [ERROR] Error grabbing image: timed out getting frame
[2025-09-27 20:28:37] [Camera - USBFrameProvider - AprilTag1] [ERROR] Error grabbing image: timed out getting frame
[2025-09-27 20:28:37] [Camera - USBFrameProvider - Reef2] [ERROR] Error grabbing image: timed out getting frame
[2025-09-27 20:28:37] [Camera - USBFrameProvider - AprilTag1] [ERROR] Error grabbing image: timed out getting frame
[2025-09-27 20:28:37] [Camera - USBFrameProvider - Reef2] [ERROR] Error grabbing image: timed out getting frame
[2025-09-27 20:28:37] [Camera - USBFrameProvider - AprilTag1] [ERROR] Error grabbing image: timed out getting frame
[2025-09-27 20:28:37] [General - KernelLogLogger] [DEBUG] 2025-09-27T20:28:36.892405-06:00 photonvision kernel: message repeated 5 times: [ xhci-hcd xhci-hcd.11.auto: WARN: buffer overrun event for slot 1 ep 2 on endpoint]
[2025-09-27 20:28:37] [General - KernelLogLogger] [DEBUG] 2025-09-27T20:28:36.939094-06:00 photonvision kernel: usb 5-1: new high-speed USB device number 65 using ehci-platform
[2025-09-27 20:28:37] [General - KernelLogLogger] [DEBUG] 2025-09-27T20:28:36.955765-06:00 photonvision kernel: xhci-hcd xhci-hcd.11.auto: WARN: buffer overrun event for slot 1 ep 2 on endpoint
[2025-09-27 20:28:37] [General - KernelLogLogger] [DEBUG] 2025-09-27T20:28:36.955818-06:00 photonvision kernel: xhci-hcd xhci-hcd.11.auto: WARN: buffer overrun event for slot 1 ep 2 on endpoint
[2025-09-27 20:28:37] [General - KernelLogLogger] [DEBUG] 2025-09-27T20:28:37.099095-06:00 photonvision kernel: usb 5-1: New USB device found, idVendor=0c45, idProduct=6366, bcdDevice= 1.00
[2025-09-27 20:28:37] [General - KernelLogLogger] [DEBUG] 2025-09-27T20:28:37.099157-06:00 photonvision kernel: usb 5-1: New USB device strings: Mfr=2, Product=1, SerialNumber=3
[2025-09-27 20:28:37] [General - KernelLogLogger] [DEBUG] 2025-09-27T20:28:37.099163-06:00 photonvision kernel: usb 5-1: Product: AprilTag1
[2025-09-27 20:28:37] [General - KernelLogLogger] [DEBUG] 2025-09-27T20:28:37.099166-06:00 photonvision kernel: usb 5-1: Manufacturer: Arducam Technology Co., Ltd.
[2025-09-27 20:28:37] [General - KernelLogLogger] [DEBUG] 2025-09-27T20:28:37.099170-06:00 photonvision kernel: usb 5-1: SerialNumber: 0001
[2025-09-27 20:28:37] [General - KernelLogLogger] [DEBUG] 2025-09-27T20:28:37.102402-06:00 photonvision kernel: usb 5-1: Found UVC 1.00 device AprilTag1 (0c45:6366)
[2025-09-27 20:28:37] [General - KernelLogLogger] [DEBUG] 2025-09-27T20:28:37.135743-06:00 photonvision kernel: input: AprilTag1: AprilTag1 as /devices/platform/fc880000.usb/usb5/5-1/5-1:1.0/input/input77
[2025-09-27 20:28:37] [General - KernelLogLogger] [DEBUG] 2025-09-27T20:28:37.145738-06:00 photonvision kernel: xhci-hcd xhci-hcd.11.auto: WARN: buffer overrun event for slot 1 ep 2 on endpoint
[2025-09-27 20:28:38] [Camera - USBFrameProvider - Reef2] [ERROR] Error grabbing image: timed out getting frame
[2025-09-27 20:28:38] [Camera - USBFrameProvider - AprilTag1] [ERROR] Error grabbing image: timed out getting frame
[2025-09-27 20:28:38] [CSCore - PvCSCoreLogger] [DEBUG] CS: DEBUG 7: AprilTag1: allocating buffers (UsbCameraImpl.cpp:701)
[2025-09-27 20:28:38] [CSCore - PvCSCoreLogger] [DEBUG] CS: DEBUG 7: AprilTag1: mapping buffers (UsbCameraImpl.cpp:715)
[2025-09-27 20:28:38] [CSCore - PvCSCoreLogger] [DEBUG] CS: DEBUG 7: AprilTag1: queuing buffers (UsbCameraImpl.cpp:765)
[2025-09-27 20:28:38] [Camera - USBFrameProvider - Reef2] [ERROR] Error grabbing image: timed out getting frame
[2025-09-27 20:28:38] [Camera - USBFrameProvider - AprilTag1] [ERROR] Error grabbing image: timed out getting frame
[2025-09-27 20:28:38] [CSCore - PvCSCoreLogger] [ERROR] CS: ERROR 40: AprilTag1: ioctl VIDIOC_STREAMON failed: Protocol error (UsbCameraImpl.cpp:789)
[2025-09-27 20:28:38] [CSCore - PvCSCoreLogger] [INFO] AprilTag1: Attempting to connect to USB camera on /dev/v4l/by-path/platform-fc880000.usb-usb-0:1:1.0-video-index0
[2025-09-27 20:28:38] [CSCore - PvCSCoreLogger] [DEBUG] CS: DEBUG 7: AprilTag1: opening device (UsbCameraImpl.cpp:651)
[2025-09-27 20:28:38] [CSCore - PvCSCoreLogger] [INFO] AprilTag1: Attempting to connect to USB camera on /dev/v4l/by-path/platform-fc880000.usb-usb-0:1:1.0-video-index0
[2025-09-27 20:28:38] [CSCore - PvCSCoreLogger] [DEBUG] CS: DEBUG 7: AprilTag1: opening device (UsbCameraImpl.cpp:651)
[2025-09-27 20:28:38] [Camera - USBFrameProvider - Reef2] [ERROR] Error grabbing image: timed out getting frame
[2025-09-27 20:28:38] [Camera - USBFrameProvider - AprilTag1] [ERROR] Error grabbing image: timed out getting frame
[2025-09-27 20:28:38] [Camera - USBFrameProvider - Reef2] [ERROR] Error grabbing image: timed out getting frame
[2025-09-27 20:28:38] [Camera - USBFrameProvider - AprilTag1] [ERROR] Error grabbing image: timed out getting frame
[2025-09-27 20:28:38] [General - KernelLogLogger] [DEBUG] 2025-09-27T20:28:37.145782-06:00 photonvision kernel: xhci-hcd xhci-hcd.11.auto: WARN: buffer overrun event for slot 1 ep 2 on endpoint
[2025-09-27 20:28:38] [General - KernelLogLogger] [DEBUG] 2025-09-27T20:28:38.431229-06:00 photonvision kernel: usb 5-1: Failed to query (GET_CUR) UVC control 1 on unit 2: -71 (exp. 2).
[2025-09-27 20:28:38] [General - KernelLogLogger] [DEBUG] 2025-09-27T20:28:38.439082-06:00 photonvision kernel: usb usb5-port1: disabled by hub (EMI?), re-enabling...
[2025-09-27 20:28:38] [General - KernelLogLogger] [DEBUG] 2025-09-27T20:28:38.439131-06:00 photonvision kernel: usb 5-1: USB disconnect, device number 65
[2025-09-27 20:28:38] [General - KernelLogLogger] [DEBUG] 2025-09-27T20:28:38.509073-06:00 photonvision kernel: xhci-hcd xhci-hcd.11.auto: WARN: buffer overrun event for slot 1 ep 2 on endpoint
[2025-09-27 20:28:38] [General - KernelLogLogger] [DEBUG] 2025-09-27T20:28:38.575855-06:00 photonvision kernel: message repeated 2 times: [ xhci-hcd xhci-hcd.11.auto: WARN: buffer overrun event for slot 1 ep 2 on endpoint]
[2025-09-27 20:28:38] [General - KernelLogLogger] [DEBUG] 2025-09-27T20:28:38.779101-06:00 photonvision kernel: usb 5-1: new high-speed USB device number 66 using ehci-platform
[2025-09-27 20:28:38] [General - KernelLogLogger] [DEBUG] 2025-09-27T20:28:38.859183-06:00 photonvision kernel: xhci-hcd xhci-hcd.11.auto: WARN: buffer overrun event for slot 1 ep 2 on endpoint
[2025-09-27 20:28:38] [General - KernelLogLogger] [DEBUG] 2025-09-27T20:28:35.259107-06:00 photonvision kernel: usb 5-1: SerialNumber: 0001
[2025-09-27 20:28:38] [General - KernelLogLogger] [DEBUG] 2025-09-27T20:28:35.265760-06:00 photonvision kernel: usb 5-1: Found UVC 1.00 device AprilTag1 (0c45:6366)
[2025-09-27 20:28:38] [General - KernelLogLogger] [DEBUG] 2025-09-27A
[2025-09-27 20:28:39] [CSCore - PvCSCoreLogger] [INFO] AprilTag1: Attempting to connect to USB camera on /dev/v4l/by-path/platform-fc880000.usb-usb-0:1:1.0-video-index0
[2025-09-27 20:28:39] [CSCore - PvCSCoreLogger] [DEBUG] CS: DEBUG 7: AprilTag1: opening device (UsbCameraImpl.cpp:651)
[2025-09-27 20:28:39] [CSCore - PvCSCoreLogger] [INFO] AprilTag1: Attempting to connect to USB camera on /dev/v4l/by-path/platform-fc880000.usb-usb-0:1:1.0-video-index0
[2025-09-27 20:28:39] [CSCore - PvCSCoreLogger] [DEBUG] CS: DEBUG 7: AprilTag1: opening device (UsbCameraImpl.cpp:651)
[2025-09-27 20:28:39] [CSCore - PvCSCoreLogger] [INFO] AprilTag1: Attempting to connect to USB camera on /dev/v4l/by-path/platform-fc880000.usb-usb-0:1:1.0-video-index0
[2025-09-27 20:28:39] [CSCore - PvCSCoreLogger] [DEBUG] CS: DEBUG 7: AprilTag1: opening device (UsbCameraImpl.cpp:651)
[2025-09-27 20:28:39] [CSCore - PvCSCoreLogger] [INFO] AprilTag1: Connected to USB camera on /dev/v4l/by-path/platform-fc880000.usb-usb-0:1:1.0-video-index0
[2025-09-27 20:28:39] [CSCore - PvCSCoreLogger] [DEBUG] CS: DEBUG 7: AprilTag1: getting capabilities (UsbCameraImpl.cpp:663)
[2025-09-27 20:28:39] [CSCore - PvCSCoreLogger] [DEBUG] CS: DEBUG 7: AprilTag1: restoring video mode (UsbCameraImpl.cpp:681)
[2025-09-27 20:28:39] [CSCore - PvCSCoreLogger] [INFO] AprilTag1: set format 1 res 320x240
[2025-09-27 20:28:39] [CSCore - PvCSCoreLogger] [INFO] AprilTag1: set FPS to 100
[2025-09-27 20:28:39] [CSCore - PvCSCoreLogger] [DEBUG] CS: DEBUG 7: AprilTag1: restoring settings (UsbCameraImpl.cpp:686)
[2025-09-27 20:28:39] [Camera - USBFrameProvider - Reef2] [ERROR] Error grabbing image: 
[2025-09-27 20:28:39] [Camera - USBFrameProvider - AprilTag1] [ERROR] Error grabbing image: timed out getting frame
[2025-09-27 20:28:39] [Camera - USBFrameProvider - AprilTag1] [ERROR] Error grabbing image: timed out getting frame
[2025-09-27 20:28:39] [Camera - USBFrameProvider - AprilTag1] [ERROR] Error grabbing image: timed out getting frame
[2025-09-27 20:28:39] [General - KernelLogLogger] [DEBUG] 2025-09-27T20:28:38.940470-06:00 photonvision kernel: message repeated 3 times: [ xhci-hcd xhci-hcd.11.auto: WARN: buffer overrun event for slot 1 ep 2 on endpoint]
[2025-09-27 20:28:39] [General - KernelLogLogger] [DEBUG] 2025-09-27T20:28:38.945780-06:00 photonvision kernel: usb 5-1: New USB device found, idVendor=0c45, idProduct=6366, bcdDevice= 1.00
[2025-09-27 20:28:39] [General - KernelLogLogger] [DEBUG] 2025-09-27T20:28:38.945845-06:00 photonvision kernel: usb 5-1: New USB device strings: Mfr=2, Product=1, SerialNumber=3
[2025-09-27 20:28:39] [General - KernelLogLogger] [DEBUG] 2025-09-27T20:28:38.945850-06:00 photonvision kernel: usb 5-1: Product: AprilTag1
[2025-09-27 20:28:39] [General - KernelLogLogger] [DEBUG] 2025-09-27T20:28:38.945864-06:00 photonvision kernel: usb 5-1: Manufacturer: Arducam Technology Co., Ltd.
[2025-09-27 20:28:39] [General - KernelLogLogger] [DEBUG] 2025-09-27T20:28:38.945868-06:00 photonvision kernel: usb 5-1: SerialNumber: 0001
[2025-09-27 20:28:39] [General - KernelLogLogger] [DEBUG] 2025-09-27T20:28:38.949163-06:00 photonvision kernel: usb 5-1: Found UVC 1.00 device AprilTag1 (0c45:6366)
[2025-09-27 20:28:39] [General - KernelLogLogger] [DEBUG] 2025-09-27T20:28:38.976082-06:00 photonvision kernel: input: AprilTag1: AprilTag1 as /devices/platform/fc880000.usb/usb5/5-1/5-1:1.0/input/input78
[2025-09-27 20:28:39] [General - KernelLogLogger] [DEBUG] 2025-09-27T20:28:39.123432-06:00 photonvision kernel: xhci-hcd xhci-hcd.11.auto: WARN: buffer overrun event for slot 1 ep 2 on endpoint
[2025-09-27 20:28:39] [Camera - USBFrameProvider - AprilTag1] [ERROR] Error grabbing image: timed out getting frame
[2025-09-27 20:28:40] [CSCore - PvCSCoreLogger] [DEBUG] CS: DEBUG 7: AprilTag1: allocating buffers (UsbCameraImpl.cpp:701)
[2025-09-27 20:28:40] [CSCore - PvCSCoreLogger] [DEBUG] CS: DEBUG 7: AprilTag1: mapping buffers (UsbCameraImpl.cpp:715)
[2025-09-27 20:28:40] [CSCore - PvCSCoreLogger] [DEBUG] CS: DEBUG 7: AprilTag1: queuing buffers (UsbCameraImpl.cpp:765)
[2025-09-27 20:28:40] [Camera - USBFrameProvider - AprilTag1] [ERROR] Error grabbing image: timed out getting frame
[2025-09-27 20:28:40] [CSCore - PvCSCoreLogger] [ERROR] CS: ERROR 40: AprilTag1: ioctl VIDIOC_STREAMON failed: Protocol error (UsbCameraImpl.cpp:789)
[2025-09-27 20:28:40] [CSCore - PvCSCoreLogger] [DEBUG] CS: DEBUG 7: AprilTag1: queuing buffers (UsbCameraImpl.cpp:765)
[2025-09-27 20:28:40] [CSCore - PvCSCoreLogger] [ERROR] CS: ERROR 40: ioctl VIDIOC_QBUF failed at UsbCameraImpl.cpp:772: No such device (UsbUtil.cpp:157)
[2025-09-27 20:28:40] [CSCore - PvCSCoreLogger] [WARN] CS: WARNING 30: AprilTag1: could not queue buffer 0 (UsbCameraImpl.cpp:773)
[2025-09-27 20:28:40] [CSCore - PvCSCoreLogger] [INFO] AprilTag1: Attempting to connect to USB camera on /dev/v4l/by-path/platform-fc880000.usb-usb-0:1:1.0-video-index0
[2025-09-27 20:28:40] [CSCore - PvCSCoreLogger] [DEBUG] CS: DEBUG 7: AprilTag1: opening device (UsbCameraImpl.cpp:651)
[2025-09-27 20:28:40] [Camera - USBFrameProvider - AprilTag1] [ERROR] Error grabbing image: timed out getting frame
[2025-09-27 20:28:40] [Camera - USBFrameProvider - AprilTag1] [ERROR] Error grabbing image: timed out getting frame
[2025-09-27 20:28:40] [CSCore - PvCSCoreLogger] [INFO] AprilTag1: Attempting to connect to USB camera on /dev/v4l/by-path/platform-fc880000.usb-usb-0:1:1.0-video-index0
[2025-09-27 20:28:40] [CSCore - PvCSCoreLogger] [DEBUG] CS: DEBUG 7: AprilTag1: opening device (UsbCameraImpl.cpp:651)
[2025-09-27 20:28:40] [CSCore - PvCSCoreLogger] [INFO] AprilTag1: Connected to USB camera on /dev/v4l/by-path/platform-fc880000.usb-usb-0:1:1.0-video-index0
[2025-09-27 20:28:40] [CSCore - PvCSCoreLogger] [DEBUG] CS: DEBUG 7: AprilTag1: getting capabilities (UsbCameraImpl.cpp:663)
[2025-09-27 20:28:40] [CSCore - PvCSCoreLogger] [DEBUG] CS: DEBUG 7: AprilTag1: restoring video mode (UsbCameraImpl.cpp:681)
[2025-09-27 20:28:40] [CSCore - PvCSCoreLogger] [INFO] AprilTag1: set format 1 res 320x240
[2025-09-27 20:28:40] [General - KernelLogLogger] [DEBUG] 2025-09-27T20:28:39.425769-06:00 photonvision kernel: message repeated 3 times: [ xhci-hcd xhci-hcd.11.auto: WARN: buffer overrun event for slot 1 ep 2 on endpoint]
[2025-09-27 20:28:40] [General - KernelLogLogger] [DEBUG] 2025-09-27T20:28:40.273442-06:00 photonvision kernel: usb 5-1: Failed to query (GET_CUR) UVC control 7 on unit 2: -71 (exp. 2).
[2025-09-27 20:28:40] [General - KernelLogLogger] [DEBUG] 2025-09-27T20:28:40.285756-06:00 photonvision kernel: usb usb5-port1: disabled by hub (EMI?), re-enabling...
[2025-09-27 20:28:40] [General - KernelLogLogger] [DEBUG] 2025-09-27T20:28:40.285809-06:00 photonvision kernel: usb 5-1: USB disconnect, device number 66
[2025-09-27 20:28:40] [General - KernelLogLogger] [DEBUG] 2025-09-27T20:28:40.629109-06:00 photonvision kernel: usb 5-1: new high-speed USB device number 67 using ehci-platform
[2025-09-27 20:28:40] [General - KernelLogLogger] [DEBUG] 2025-09-27T20:28:40.801285-06:00 photonvision kernel: usb 5-1: New USB device found, idVendor=0c45, idProduct=6366, bcdDevice= 1.00
[2025-09-27 20:28:40] [General - KernelLogLogger] [DEBUG] 2025-09-27T20:28:40.801340-06:00 photonvision kernel: usb 5-1: New USB device strings: Mfr=2, Product=1, SerialNumber=3
[2025-09-27 20:28:40] [General - KernelLogLogger] [DEBUG] 2025-09-27T20:28:40.801346-06:00 photonvision kernel: usb 5-1: Product: AprilTag1
[2025-09-27 20:28:40] [General - KernelLogLogger] [DEBUG] 2025-09-27T20:28:40.801350-06:00 photonvision kernel: usb 5-1: Manufacturer: Arducam Technology Co., Ltd.
[2025-09-27 20:28:40] [General - KernelLogLogger] [DEBUG] 2025-09-27T20:28:40.801354-06:00 photonvision kernel: usb 5-1: SerialNumber: 0001
[2025-09-27 20:28:40] [General - KernelLogLogger] [DEBUG] 2025-09-27T20:28:40.801358-06:00 photonvision kernel: usb 5-1: Found UVC 1.00 device AprilTag1 (0c45:6366)
[2025-09-27 20:28:40] [General - KernelLogLogger] [DEBUG] 2025-09-27T20:28:40.832440-06:00 photonvision kernel: input: AprilTag1: AprilTag1 as /devices/platform/fc880000.usb/usb5/5-1/5-1:1.0/input/input79
[2025-09-27 20:28:40] [General - KernelLogLogger] [DEBUG] put: AprilTag1: AprilTag1 as /devices/platform/fc880000.usb/usb5/5-1/5-1:1.0/input/input53
[2025-09-27 20:28:40] [General - KernelLogLogger] [DEBUG] 7T20:25:26.582388-06:00 photonvision kernel: usb 5-1: Failed to query (GET_MIN) UVC control 1 on unit 2: -71 (exp. 2).
[2025-09-27 20:28:40] [General - KernelLogLogger] [DEBUG] 2025-09-27T20:25:26.592386-06:00 photonvision kernel: usb 5-1: Failed to query (GET_CUR) UVC control 2 on unit 2: -71 (exp. 2).
[2025-09-27 20:28:40] [General - KernelLogLogger] [DEBUG] 2025-09-27T20:25:26.595748-06:00 photonvision kernel: usb usb5-port1: disabled by hub (EMI?), re-enabling...
[2025-09-27 20:28:40] [General - KernelLogLogger] [DEBUG] 2025-09-27T20:25:26.595773-06:00 photonvision kernel: usb 5-1: USB disconnect, device number 4
[2025-09-27 20:28:40] [General - KernelLogLogger] [DEBUG] ÿ
[2025-09-27 20:28:40] [CSCore - PvCSCoreLogger] [INFO] AprilTag1: set FPS to 100
[2025-09-27 20:28:40] [CSCore - PvCSCoreLogger] [DEBUG] CS: DEBUG 7: AprilTag1: restoring settings (UsbCameraImpl.cpp:686)
[2025-09-27 20:28:41] [Camera - USBFrameProvider - AprilTag1] [ERROR] Error grabbing image: timed out getting frame
[2025-09-27 20:28:41] [Camera - USBFrameProvider - AprilTag1] [ERROR] Error grabbing image: timed out getting frame
[2025-09-27 20:28:41] [Camera - USBFrameProvider - AprilTag1] [ERROR] Error grabbing image: timed out getting frame
[2025-09-27 20:28:41] [Camera - USBFrameProvider - AprilTag1] [ERROR] Error grabbing image: timed out getting frame
[2025-09-27 20:28:42] [CSCore - PvCSCoreLogger] [DEBUG] CS: DEBUG 7: AprilTag1: allocating buffers (UsbCameraImpl.cpp:701)
[2025-09-27 20:28:42] [CSCore - PvCSCoreLogger] [DEBUG] CS: DEBUG 7: AprilTag1: mapping buffers (UsbCameraImpl.cpp:715)
[2025-09-27 20:28:42] [CSCore - PvCSCoreLogger] [DEBUG] CS: DEBUG 7: AprilTag1: queuing buffers (UsbCameraImpl.cpp:765)
[2025-09-27 20:28:42] [CSCore - PvCSCoreLogger] [ERROR] CS: ERROR 40: AprilTag1: ioctl VIDIOC_STREAMON failed: Protocol error (UsbCameraImpl.cpp:789)
[2025-09-27 20:28:42] [CSCore - PvCSCoreLogger] [DEBUG] CS: DEBUG 7: AprilTag1: queuing buffers (UsbCameraImpl.cpp:765)
[2025-09-27 20:28:42] [CSCore - PvCSCoreLogger] [ERROR] CS: ERROR 40: ioctl VIDIOC_QBUF failed at UsbCameraImpl.cpp:772: Invalid argument (UsbUtil.cpp:157)
[2025-09-27 20:28:42] [CSCore - PvCSCoreLogger] [WARN] CS: WARNING 30: AprilTag1: could not queue buffer 0 (UsbCameraImpl.cpp:773)
[2025-09-27 20:28:42] [Camera - USBFrameProvider - AprilTag1] [ERROR] Error grabbing image: timed out getting frame
[2025-09-27 20:28:42] [CSCore - PvCSCoreLogger] [DEBUG] CS: DEBUG 7: AprilTag1: queuing buffers (UsbCameraImpl.cpp:765)
[2025-09-27 20:28:42] [CSCore - PvCSCoreLogger] [ERROR] CS: ERROR 40: ioctl VIDIOC_QBUF failed at UsbCameraImpl.cpp:772: No such device (UsbUtil.cpp:157)
[2025-09-27 20:28:42] [CSCore - PvCSCoreLogger] [WARN] CS: WARNING 30: AprilTag1: could not queue buffer 0 (UsbCameraImpl.cpp:773)
[2025-09-27 20:28:42] [CSCore - PvCSCoreLogger] [INFO] AprilTag1: Attempting to connect to USB camera on /dev/v4l/by-path/platform-fc880000.usb-usb-0:1:1.0-video-index0
[2025-09-27 20:28:42] [CSCore - PvCSCoreLogger] [DEBUG] CS: DEBUG 7: AprilTag1: opening device (UsbCameraImpl.cpp:651)
[2025-09-27 20:28:42] [CSCore - PvCSCoreLogger] [INFO] AprilTag1: Attempting to connect to USB camera on /dev/v4l/by-path/platform-fc880000.usb-usb-0:1:1.0-video-index0
[2025-09-27 20:28:42] [CSCore - PvCSCoreLogger] [DEBUG] CS: DEBUG 7: AprilTag1: opening device (UsbCameraImpl.cpp:651)
[2025-09-27 20:28:42] [Camera - USBFrameProvider - AprilTag1] [ERROR] Error grabbing image: timed out getting frame
[2025-09-27 20:28:42] [Camera - USBFrameProvider - AprilTag1] [ERROR] Error grabbing image: timed out getting frame
[2025-09-27 20:28:42] [CSCore - PvCSCoreLogger] [INFO] AprilTag1: Attempting to connect to USB camera on /dev/v4l/by-path/platform-fc880000.usb-usb-0:1:1.0-video-index0
[2025-09-27 20:28:42] [CSCore - PvCSCoreLogger] [DEBUG] CS: DEBUG 7: AprilTag1: opening device (UsbCameraImpl.cpp:651)
[2025-09-27 20:28:42] [CSCore - PvCSCoreLogger] [INFO] AprilTag1: Attempting to connect to USB camera on /dev/v4l/by-path/platform-fc880000.usb-usb-0:1:1.0-video-index0
[2025-09-27 20:28:42] [CSCore - PvCSCoreLogger] [DEBUG] CS: DEBUG 7: AprilTag1: opening device (UsbCameraImpl.cpp:651)
[2025-09-27 20:28:42] [CSCore - PvCSCoreLogger] [INFO] AprilTag1: Connected to USB camera on /dev/v4l/by-path/platform-fc880000.usb-usb-0:1:1.0-video-index0
[2025-09-27 20:28:42] [CSCore - PvCSCoreLogger] [DEBUG] CS: DEBUG 7: AprilTag1: getting capabilities (UsbCameraImpl.cpp:663)
[2025-09-27 20:28:42] [CSCore - PvCSCoreLogger] [DEBUG] CS: DEBUG 7: AprilTag1: restoring video mode (UsbCameraImpl.cpp:681)
[2025-09-27 20:28:42] [CSCore - PvCSCoreLogger] [INFO] AprilTag1: set format 1 res 320x240
[2025-09-27 20:28:42] [CSCore - PvCSCoreLogger] [INFO] AprilTag1: set FPS to 100
[2025-09-27 20:28:42] [CSCore - PvCSCoreLogger] [DEBUG] CS: DEBUG 7: AprilTag1: restoring settings (UsbCameraImpl.cpp:686)
[2025-09-27 20:28:42] [General - KernelLogLogger] [DEBUG] 2025-09-27T20:28:42.162387-06:00 photonvision kernel: usb 5-1: Failed to query (GET_CUR) UVC control 6 on unit 2: -71 (exp. 2).
[2025-09-27 20:28:42] [General - KernelLogLogger] [DEBUG] 2025-09-27T20:28:42.172381-06:00 photonvision kernel: usb usb5-port1: disabled by hub (EMI?), re-enabling...
[2025-09-27 20:28:42] [General - KernelLogLogger] [DEBUG] 2025-09-27T20:28:42.172403-06:00 photonvision kernel: usb 5-1: USB disconnect, device number 67
[2025-09-27 20:28:42] [General - KernelLogLogger] [DEBUG] 2025-09-27T20:28:42.515726-06:00 photonvision kernel: usb 5-1: new high-speed USB device number 68 using ehci-platform
[2025-09-27 20:28:42] [General - KernelLogLogger] [DEBUG] 2025-09-27T20:28:42.675801-06:00 photonvision kernel: usb 5-1: New USB device found, idVendor=0c45, idProduct=6366, bcdDevice= 1.00
[2025-09-27 20:28:42] [General - KernelLogLogger] [DEBUG] 2025-09-27T20:28:42.675866-06:00 photonvision kernel: usb 5-1: New USB device strings: Mfr=2, Product=1, SerialNumber=3
[2025-09-27 20:28:42] [General - KernelLogLogger] [DEBUG] 2025-09-27T20:28:42.675871-06:00 photonvision kernel: usb 5-1: Product: AprilTag1
[2025-09-27 20:28:42] [General - KernelLogLogger] [DEBUG] 2025-09-27T20:28:42.675875-06:00 photonvision kernel: usb 5-1: Manufacturer: Arducam Technology Co., Ltd.
[2025-09-27 20:28:42] [General - KernelLogLogger] [DEBUG] 2025-09-27T20:28:42.675878-06:00 photonvision kernel: usb 5-1: SerialNumber: 0001
[2025-09-27 20:28:42] [General - KernelLogLogger] [DEBUG] 2025-09-27T20:28:42.682412-06:00 photonvision kernel: usb 5-1: Found UVC 1.00 device AprilTag1 (0c45:6366)
[2025-09-27 20:28:42] [General - KernelLogLogger] [DEBUG] 2025-09-27T20:28:42.712406-06:00 photonvision kernel: input: AprilTag1: AprilTag1 as /devices/platform/fc880000.usb/usb5/5-1/5-1:1.0/input/input80
[2025-09-27 20:28:42] [General - KernelLogLogger] [DEBUG] e80000.hdmi: i2c read time out!
[2025-09-27 20:28:42] [General - KernelLogLogger] [DEBUG]  :@:zÁã	8@IڊØ-6@ Y°ã#ß4@FàäÄå4@-,¹G3@£++¿Ò2@®¼Ԟ2@%:¦{2@	ó]H2@JQô1@®ª´=Wz1@GrÒ0@˞0@Ô^g5Ö%/@Ö±¦.@«¬eM.@´xæEò-@ǰØÅÉÌ-@I]ú-@WKþ1X.@¯Ëïù.@֯±{/@æҥ«Èß/@X)Gü`a0@eøÕ0@£"ãÐ1@5ÛiÌ1@#t|³[2@6îoâZA3@ð	Â4@ßAÔiÆ4@¬dÞÏ!5@w·ÔU5@. Ø3ø®4@ô!hí3@&±mE2@Dû-úÞ-@s2UɸÄ"@î%7à @HN¼àôä?é3âg¨?¸J?ÇêZBx?Ø0}õxó>?BÊÏK*î>fÏû5tð¾gcüyï¾ÚJ8F?ة?F鉝ý	?¯Wç«ÿ?p+ÙàÓð>FzÌ:å>ȗJ;ý>.aHfµ?dÌSÇ?"±« ?ñ«ɸ
[2025-09-27 20:28:42] [Camera - USBFrameProvider - AprilTag1] [ERROR] Error grabbing image: timed out getting frame
[2025-09-27 20:28:43] [Camera - USBFrameProvider - AprilTag1] [ERROR] Error grabbing image: timed out getting frame
[2025-09-27 20:28:43] [Camera - USBFrameProvider - AprilTag1] [ERROR] Error grabbing image: timed out getting frame
[2025-09-27 20:28:43] [Camera - USBFrameProvider - AprilTag1] [ERROR] Error grabbing image: timed out getting frame
[2025-09-27 20:28:43] [CSCore - PvCSCoreLogger] [DEBUG] CS: DEBUG 7: AprilTag1: allocating buffers (UsbCameraImpl.cpp:701)
[2025-09-27 20:28:43] [CSCore - PvCSCoreLogger] [DEBUG] CS: DEBUG 7: AprilTag1: mapping buffers (UsbCameraImpl.cpp:715)
[2025-09-27 20:28:43] [CSCore - PvCSCoreLogger] [DEBUG] CS: DEBUG 7: AprilTag1: queuing buffers (UsbCameraImpl.cpp:765)
[2025-09-27 20:28:44] [CSCore - PvCSCoreLogger] [ERROR] CS: ERROR 40: AprilTag1: ioctl VIDIOC_STREAMON failed: Protocol error (UsbCameraImpl.cpp:789)
[2025-09-27 20:28:44] [CSCore - PvCSCoreLogger] [DEBUG] CS: DEBUG 7: AprilTag1: queuing buffers (UsbCameraImpl.cpp:765)
[2025-09-27 20:28:44] [CSCore - PvCSCoreLogger] [ERROR] CS: ERROR 40: ioctl VIDIOC_QBUF failed at UsbCameraImpl.cpp:772: Invalid argument (UsbUtil.cpp:157)
[2025-09-27 20:28:44] [CSCore - PvCSCoreLogger] [WARN] CS: WARNING 30: AprilTag1: could not queue buffer 0 (UsbCameraImpl.cpp:773)
[2025-09-27 20:28:44] [CSCore - PvCSCoreLogger] [DEBUG] CS: DEBUG 7: AprilTag1: queuing buffers (UsbCameraImpl.cpp:765)
[2025-09-27 20:28:44] [CSCore - PvCSCoreLogger] [ERROR] CS: ERROR 40: ioctl VIDIOC_QBUF failed at UsbCameraImpl.cpp:772: No such device (UsbUtil.cpp:157)
[2025-09-27 20:28:44] [CSCore - PvCSCoreLogger] [WARN] CS: WARNING 30: AprilTag1: could not queue buffer 0 (UsbCameraImpl.cpp:773)
[2025-09-27 20:28:44] [CSCore - PvCSCoreLogger] [INFO] AprilTag1: Attempting to connect to USB camera on /dev/v4l/by-path/platform-fc880000.usb-usb-0:1:1.0-video-index0
[2025-09-27 20:28:44] [CSCore - PvCSCoreLogger] [DEBUG] CS: DEBUG 7: AprilTag1: opening device (UsbCameraImpl.cpp:651)
[2025-09-27 20:28:44] [CSCore - PvCSCoreLogger] [INFO] AprilTag1: Attempting to connect to USB camera on /dev/v4l/by-path/platform-fc880000.usb-usb-0:1:1.0-video-index0
[2025-09-27 20:28:44] [CSCore - PvCSCoreLogger] [DEBUG] CS: DEBUG 7: AprilTag1: opening device (UsbCameraImpl.cpp:651)
[2025-09-27 20:28:44] [Camera - USBFrameProvider - AprilTag1] [ERROR] Error grabbing image: timed out getting frame
[2025-09-27 20:28:44] [Camera - USBFrameProvider - AprilTag1] [ERROR] Error grabbing image: timed out getting frame
[2025-09-27 20:28:44] [CSCore - PvCSCoreLogger] [INFO] AprilTag1: Attempting to connect to USB camera on /dev/v4l/by-path/platform-fc880000.usb-usb-0:1:1.0-video-index0
[2025-09-27 20:28:44] [CSCore - PvCSCoreLogger] [DEBUG] CS: DEBUG 7: AprilTag1: opening device (UsbCameraImpl.cpp:651)
[2025-09-27 20:28:44] [CSCore - PvCSCoreLogger] [INFO] AprilTag1: Connected to USB camera on /dev/v4l/by-path/platform-fc880000.usb-usb-0:1:1.0-video-index0
[2025-09-27 20:28:44] [CSCore - PvCSCoreLogger] [DEBUG] CS: DEBUG 7: AprilTag1: getting capabilities (UsbCameraImpl.cpp:663)
[2025-09-27 20:28:44] [CSCore - PvCSCoreLogger] [DEBUG] CS: DEBUG 7: AprilTag1: restoring video mode (UsbCameraImpl.cpp:681)
[2025-09-27 20:28:44] [Camera - USBFrameProvider - AprilTag1] [ERROR] Error grabbing image: timed out getting frame
[2025-09-27 20:28:44] [CSCore - PvCSCoreLogger] [INFO] AprilTag1: set format 1 res 320x240
[2025-09-27 20:28:44] [CSCore - PvCSCoreLogger] [INFO] AprilTag1: set FPS to 100
[2025-09-27 20:28:44] [CSCore - PvCSCoreLogger] [DEBUG] CS: DEBUG 7: AprilTag1: restoring settings (UsbCameraImpl.cpp:686)
[2025-09-27 20:28:44] [Camera - USBFrameProvider - AprilTag1] [ERROR] Error grabbing image: timed out getting frame
[2025-09-27 20:28:44] [General - KernelLogLogger] [DEBUG] 2025-09-27T20:28:44.005758-06:00 photonvision kernel: usb 5-1: Failed to query (GET_RES) UVC control 8 on unit 2: -71 (exp. 2).
[2025-09-27 20:28:44] [General - KernelLogLogger] [DEBUG] 2025-09-27T20:28:44.015849-06:00 photonvision kernel: usb usb5-port1: disabled by hub (EMI?), re-enabling...
[2025-09-27 20:28:44] [General - KernelLogLogger] [DEBUG] 2025-09-27T20:28:44.015898-06:00 photonvision kernel: usb 5-1: USB disconnect, device number 68
[2025-09-27 20:28:44] [General - KernelLogLogger] [DEBUG] 2025-09-27T20:28:44.015902-06:00 photonvision kernel: usb 5-1: Failed to query (GET_CUR) UVC control 2 on unit 2: -71 (exp. 2).
[2025-09-27 20:28:44] [General - KernelLogLogger] [DEBUG] 2025-09-27T20:28:44.015905-06:00 photonvision kernel: usb 5-1: Failed to query (GET_DEF) UVC control 8 on unit 2: -19 (exp. 2).
[2025-09-27 20:28:44] [General - KernelLogLogger] [DEBUG] 2025-09-27T20:28:44.362428-06:00 photonvision kernel: usb 5-1: new high-speed USB device number 69 using ehci-platform
[2025-09-27 20:28:44] [General - KernelLogLogger] [DEBUG] 2025-09-27T20:28:44.522409-06:00 photonvision kernel: usb 5-1: New USB device found, idVendor=0c45, idProduct=6366, bcdDevice= 1.00
[2025-09-27 20:28:44] [General - KernelLogLogger] [DEBUG] 2025-09-27T20:28:44.522463-06:00 photonvision kernel: usb 5-1: New USB device strings: Mfr=2, Product=1, SerialNumber=3
[2025-09-27 20:28:44] [General - KernelLogLogger] [DEBUG] 2025-09-27T20:28:44.522470-06:00 photonvision kernel: usb 5-1: Product: AprilTag1
[2025-09-27 20:28:44] [General - KernelLogLogger] [DEBUG] 2025-09-27T20:28:44.522473-06:00 photonvision kernel: usb 5-1: Manufacturer: Arducam Technology Co., Ltd.
[2025-09-27 20:28:44] [General - KernelLogLogger] [DEBUG] 2025-09-27T20:28:44.522477-06:00 photonvision kernel: usb 5-1: SerialNumber: 0001
[2025-09-27 20:28:44] [General - KernelLogLogger] [DEBUG] 2025-09-27T20:28:44.525766-06:00 photonvision kernel: usb 5-1: Found UVC 1.00 device AprilTag1 (0c45:6366)
[2025-09-27 20:28:44] [General - KernelLogLogger] [DEBUG] 2025-09-27T20:28:44.558350-06:00 photonvision kernel: input: AprilTag1: AprilTag1 as /devices/platform/fc880000.usb/usb5/5-1/5-1:1.0/input/input81
[2025-09-27 20:28:44] [General - KernelLogLogger] [DEBUG]  on endpoint
[2025-09-27 20:28:44] [General - KernelLogLogger] [DEBUG] dwhdmi-rockchip fde80000.hdmi: ddc read failed offset:0x1
[2025-09-27 20:28:44] [General - KernelLogLogger] [DEBUG] 2025-09-27T20:25:18.609057-06:00 photonvision kernel: dwhdmi-rockchip fde80000.hdmi: i2c read time out!
[2025-09-27 20:28:44] [General - KernelLogLogger] [DEBUG] 
[2025-09-27 20:28:45] [Camera - USBFrameProvider - AprilTag1] [ERROR] Error grabbing image: timed out getting frame
[2025-09-27 20:28:45] [Camera - USBFrameProvider - AprilTag1] [ERROR] Error grabbing image: timed out getting frame
[2025-09-27 20:28:45] [CSCore - PvCSCoreLogger] [DEBUG] CS: DEBUG 7: AprilTag1: allocating buffers (UsbCameraImpl.cpp:701)
[2025-09-27 20:28:45] [CSCore - PvCSCoreLogger] [DEBUG] CS: DEBUG 7: AprilTag1: mapping buffers (UsbCameraImpl.cpp:715)
[2025-09-27 20:28:45] [CSCore - PvCSCoreLogger] [DEBUG] CS: DEBUG 7: AprilTag1: queuing buffers (UsbCameraImpl.cpp:765)
[2025-09-27 20:28:45] [Camera - USBFrameProvider - AprilTag1] [ERROR] Error grabbing image: timed out getting frame
[2025-09-27 20:28:45] [CSCore - PvCSCoreLogger] [ERROR] CS: ERROR 40: AprilTag1: ioctl VIDIOC_STREAMON failed: Protocol error (UsbCameraImpl.cpp:789)
[2025-09-27 20:28:45] [CSCore - PvCSCoreLogger] [DEBUG] CS: DEBUG 7: AprilTag1: queuing buffers (UsbCameraImpl.cpp:765)
[2025-09-27 20:28:45] [CSCore - PvCSCoreLogger] [ERROR] CS: ERROR 40: ioctl VIDIOC_QBUF failed at UsbCameraImpl.cpp:772: Invalid argument (UsbUtil.cpp:157)
[2025-09-27 20:28:45] [CSCore - PvCSCoreLogger] [WARN] CS: WARNING 30: AprilTag1: could not queue buffer 0 (UsbCameraImpl.cpp:773)
[2025-09-27 20:28:45] [CSCore - PvCSCoreLogger] [INFO] AprilTag1: Attempting to connect to USB camera on /dev/v4l/by-path/platform-fc880000.usb-usb-0:1:1.0-video-index0
[2025-09-27 20:28:45] [CSCore - PvCSCoreLogger] [DEBUG] CS: DEBUG 7: AprilTag1: opening device (UsbCameraImpl.cpp:651)
[2025-09-27 20:28:45] [CSCore - PvCSCoreLogger] [INFO] AprilTag1: Attempting to connect to USB camera on /dev/v4l/by-path/platform-fc880000.usb-usb-0:1:1.0-video-index0
[2025-09-27 20:28:45] [CSCore - PvCSCoreLogger] [DEBUG] CS: DEBUG 7: AprilTag1: opening device (UsbCameraImpl.cpp:651)
[2025-09-27 20:28:45] [General - KernelLogLogger] [DEBUG] 2025-09-27T20:28:45.869064-06:00 photonvision kernel: usb usb5-port1: disabled by hub (EMI?), re-enabling...
[2025-09-27 20:28:45] [General - KernelLogLogger] [DEBUG] 2025-09-27T20:28:45.869091-06:00 photonvision kernel: usb 5-1: USB disconnect, device number 69
[2025-09-27 20:28:45] [Camera - USBFrameProvider - AprilTag1] [ERROR] Error grabbing image: timed out getting frame
[2025-09-27 20:28:46] [Camera - USBFrameProvider - AprilTag1] [ERROR] Error grabbing image: timed out getting frame
[2025-09-27 20:28:46] [CSCore - PvCSCoreLogger] [INFO] AprilTag1: Attempting to connect to USB camera on /dev/v4l/by-path/platform-fc880000.usb-usb-0:1:1.0-video-index0
[2025-09-27 20:28:46] [CSCore - PvCSCoreLogger] [DEBUG] CS: DEBUG 7: AprilTag1: opening device (UsbCameraImpl.cpp:651)
[2025-09-27 20:28:46] [CSCore - PvCSCoreLogger] [INFO] AprilTag1: Attempting to connect to USB camera on /dev/v4l/by-path/platform-fc880000.usb-usb-0:1:1.0-video-index0
[2025-09-27 20:28:46] [CSCore - PvCSCoreLogger] [DEBUG] CS: DEBUG 7: AprilTag1: opening device (UsbCameraImpl.cpp:651)
[2025-09-27 20:28:46] [CSCore - PvCSCoreLogger] [INFO] AprilTag1: Connected to USB camera on /dev/v4l/by-path/platform-fc880000.usb-usb-0:1:1.0-video-index0
[2025-09-27 20:28:46] [CSCore - PvCSCoreLogger] [DEBUG] CS: DEBUG 7: AprilTag1: getting capabilities (UsbCameraImpl.cpp:663)
[2025-09-27 20:28:46] [CSCore - PvCSCoreLogger] [DEBUG] CS: DEBUG 7: AprilTag1: restoring video mode (UsbCameraImpl.cpp:681)
[2025-09-27 20:28:46] [CSCore - PvCSCoreLogger] [INFO] AprilTag1: set format 1 res 320x240
[2025-09-27 20:28:46] [CSCore - PvCSCoreLogger] [INFO] AprilTag1: set FPS to 100
[2025-09-27 20:28:46] [CSCore - PvCSCoreLogger] [DEBUG] CS: DEBUG 7: AprilTag1: restoring settings (UsbCameraImpl.cpp:686)
[2025-09-27 20:28:46] [Camera - USBFrameProvider - AprilTag1] [ERROR] Error grabbing image: timed out getting frame
[2025-09-27 20:28:46] [Camera - USBFrameProvider - AprilTag1] [ERROR] Error grabbing image: timed out getting frame
[2025-09-27 20:28:46] [General - KernelLogLogger] [DEBUG] 2025-09-27T20:28:46.205767-06:00 photonvision kernel: usb 5-1: new high-speed USB device number 70 using ehci-platform
[2025-09-27 20:28:46] [General - KernelLogLogger] [DEBUG] 2025-09-27T20:28:46.365961-06:00 photonvision kernel: usb 5-1: New USB device found, idVendor=0c45, idProduct=6366, bcdDevice= 1.00
[2025-09-27 20:28:46] [General - KernelLogLogger] [DEBUG] 2025-09-27T20:28:46.366138-06:00 photonvision kernel: usb 5-1: New USB device strings: Mfr=2, Product=1, SerialNumber=3
[2025-09-27 20:28:46] [General - KernelLogLogger] [DEBUG] 2025-09-27T20:28:46.366144-06:00 photonvision kernel: usb 5-1: Product: AprilTag1
[2025-09-27 20:28:46] [General - KernelLogLogger] [DEBUG] 2025-09-27T20:28:46.366169-06:00 photonvision kernel: usb 5-1: Manufacturer: Arducam Technology Co., Ltd.
[2025-09-27 20:28:46] [General - KernelLogLogger] [DEBUG] 2025-09-27T20:28:46.366173-06:00 photonvision kernel: usb 5-1: SerialNumber: 0001
[2025-09-27 20:28:46] [General - KernelLogLogger] [DEBUG] 2025-09-27T20:28:46.369058-06:00 photonvision kernel: usb 5-1: Found UVC 1.00 device AprilTag1 (0c45:6366)
[2025-09-27 20:28:46] [General - KernelLogLogger] [DEBUG] 2025-09-27T20:28:46.395719-06:00 photonvision kernel: input: AprilTag1: AprilTag1 as /devices/platform/fc880000.usb/usb5/5-1/5-1:1.0/input/input82
[2025-09-27 20:28:46] [General - KernelLogLogger] [DEBUG] sb 5-1: New USB device strings: Mfr=2, Product=1, SerialNumber=3
[2025-09-27 20:28:46] [General - KernelLogLogger] [DEBUG] 2025-09-27T20:28:44.522470-06:00 photonvision kernel: usb 5-1: Product: AprilTag1
[2025-09-27 20:28:46] [General - KernelLogLogger] [DEBUG] 2025-09-27T20:28:44.522473-06:00 photonvision kernel: usb 5-1: Manufacturer: Arducam Technology Co., Ltd.
[2025-09-27 20:28:46] [General - KernelLogLogger] [DEBUG] 2025-09-27T20:28:44.522477-06:00 photonvision kernel: usb 5-1: SerialNumber: 0001
[2025-09-27 20:28:46] [General - KernelLogLogger] [DEBUG] ÿ
[2025-09-27 20:28:47] [Camera - USBFrameProvider - AprilTag1] [ERROR] Error grabbing image: timed out getting frame
[2025-09-27 20:28:47] [Camera - USBFrameProvider - AprilTag1] [ERROR] Error grabbing image: timed out getting frame
[2025-09-27 20:28:47] [CSCore - PvCSCoreLogger] [DEBUG] CS: DEBUG 7: AprilTag1: allocating buffers (UsbCameraImpl.cpp:701)
[2025-09-27 20:28:47] [CSCore - PvCSCoreLogger] [DEBUG] CS: DEBUG 7: AprilTag1: mapping buffers (UsbCameraImpl.cpp:715)
[2025-09-27 20:28:47] [CSCore - PvCSCoreLogger] [DEBUG] CS: DEBUG 7: AprilTag1: queuing buffers (UsbCameraImpl.cpp:765)
[2025-09-27 20:28:47] [Camera - USBFrameProvider - AprilTag1] [ERROR] Error grabbing image: timed out getting frame
[2025-09-27 20:28:47] [CSCore - PvCSCoreLogger] [ERROR] CS: ERROR 40: AprilTag1: ioctl VIDIOC_STREAMON failed: Protocol error (UsbCameraImpl.cpp:789)
[2025-09-27 20:28:47] [CSCore - PvCSCoreLogger] [INFO] AprilTag1: Attempting to connect to USB camera on /dev/v4l/by-path/platform-fc880000.usb-usb-0:1:1.0-video-index0
[2025-09-27 20:28:47] [CSCore - PvCSCoreLogger] [DEBUG] CS: DEBUG 7: AprilTag1: opening device (UsbCameraImpl.cpp:651)
[2025-09-27 20:28:47] [CSCore - PvCSCoreLogger] [INFO] AprilTag1: Attempting to connect to USB camera on /dev/v4l/by-path/platform-fc880000.usb-usb-0:1:1.0-video-index0
[2025-09-27 20:28:47] [CSCore - PvCSCoreLogger] [DEBUG] CS: DEBUG 7: AprilTag1: opening device (UsbCameraImpl.cpp:651)
[2025-09-27 20:28:47] [Camera - USBFrameProvider - AprilTag1] [ERROR] Error grabbing image: timed out getting frame
[2025-09-27 20:28:47] [General - KernelLogLogger] [DEBUG] 2025-09-27T20:28:47.712416-06:00 photonvision kernel: usb usb5-port1: disabled by hub (EMI?), re-enabling...
[2025-09-27 20:28:47] [General - KernelLogLogger] [DEBUG] 2025-09-27T20:28:47.712458-06:00 photonvision kernel: usb 5-1: USB disconnect, device number 70
[2025-09-27 20:28:47] [General - KernelLogLogger] [DEBUG] 2025-09-27T20:28:47.712463-06:00 photonvision kernel: usb 5-1: Failed to query (GET_CUR) UVC control 10 on unit 2: -71 (exp. 2).
[2025-09-27 20:28:48] [Camera - USBFrameProvider - AprilTag1] [ERROR] Error grabbing image: timed out getting frame
[2025-09-27 20:28:48] [CSCore - PvCSCoreLogger] [INFO] AprilTag1: Attempting to connect to USB camera on /dev/v4l/by-path/platform-fc880000.usb-usb-0:1:1.0-video-index0
[2025-09-27 20:28:48] [CSCore - PvCSCoreLogger] [DEBUG] CS: DEBUG 7: AprilTag1: opening device (UsbCameraImpl.cpp:651)
[2025-09-27 20:28:48] [CSCore - PvCSCoreLogger] [INFO] AprilTag1: Attempting to connect to USB camera on /dev/v4l/by-path/platform-fc880000.usb-usb-0:1:1.0-video-index0
[2025-09-27 20:28:48] [CSCore - PvCSCoreLogger] [DEBUG] CS: DEBUG 7: AprilTag1: opening device (UsbCameraImpl.cpp:651)
[2025-09-27 20:28:48] [CSCore - PvCSCoreLogger] [INFO] AprilTag1: Attempting to connect to USB camera on /dev/v4l/by-path/platform-fc880000.usb-usb-0:1:1.0-video-index0
[2025-09-27 20:28:48] [CSCore - PvCSCoreLogger] [DEBUG] CS: DEBUG 7: AprilTag1: opening device (UsbCameraImpl.cpp:651)
[2025-09-27 20:28:48] [CSCore - PvCSCoreLogger] [INFO] AprilTag1: Connected to USB camera on /dev/v4l/by-path/platform-fc880000.usb-usb-0:1:1.0-video-index0
[2025-09-27 20:28:48] [CSCore - PvCSCoreLogger] [DEBUG] CS: DEBUG 7: AprilTag1: getting capabilities (UsbCameraImpl.cpp:663)
[2025-09-27 20:28:48] [CSCore - PvCSCoreLogger] [DEBUG] CS: DEBUG 7: AprilTag1: restoring video mode (UsbCameraImpl.cpp:681)
[2025-09-27 20:28:48] [CSCore - PvCSCoreLogger] [INFO] AprilTag1: set format 1 res 320x240
[2025-09-27 20:28:48] [CSCore - PvCSCoreLogger] [INFO] AprilTag1: set FPS to 100
[2025-09-27 20:28:48] [CSCore - PvCSCoreLogger] [DEBUG] CS: DEBUG 7: AprilTag1: restoring settings (UsbCameraImpl.cpp:686)
[2025-09-27 20:28:48] [Camera - USBFrameProvider - AprilTag1] [ERROR] Error grabbing image: timed out getting frame
[2025-09-27 20:28:48] [Camera - USBFrameProvider - AprilTag1] [ERROR] Error grabbing image: timed out getting frame
[2025-09-27 20:28:48] [General - KernelLogLogger] [DEBUG] 2025-09-27T20:28:48.049039-06:00 photonvision kernel: usb 5-1: new high-speed USB device number 71 using ehci-platform
[2025-09-27 20:28:48] [General - KernelLogLogger] [DEBUG] 2025-09-27T20:28:48.212383-06:00 photonvision kernel: usb 5-1: New USB device found, idVendor=0c45, idProduct=6366, bcdDevice= 1.00
[2025-09-27 20:28:48] [General - KernelLogLogger] [DEBUG] 2025-09-27T20:28:48.212407-06:00 photonvision kernel: usb 5-1: New USB device strings: Mfr=2, Product=1, SerialNumber=3
[2025-09-27 20:28:48] [General - KernelLogLogger] [DEBUG] 2025-09-27T20:28:48.212409-06:00 photonvision kernel: usb 5-1: Product: AprilTag1
[2025-09-27 20:28:48] [General - KernelLogLogger] [DEBUG] 2025-09-27T20:28:48.212412-06:00 photonvision kernel: usb 5-1: Manufacturer: Arducam Technology Co., Ltd.
[2025-09-27 20:28:48] [General - KernelLogLogger] [DEBUG] 2025-09-27T20:28:48.212413-06:00 photonvision kernel: usb 5-1: SerialNumber: 0001
[2025-09-27 20:28:48] [General - KernelLogLogger] [DEBUG] 2025-09-27T20:28:48.215700-06:00 photonvision kernel: usb 5-1: Found UVC 1.00 device AprilTag1 (0c45:6366)
[2025-09-27 20:28:48] [General - KernelLogLogger] [DEBUG] 2025-09-27T20:28:48.242479-06:00 photonvision kernel: input: AprilTag1: AprilTag1 as /devices/platform/fc880000.usb/usb5/5-1/5-1:1.0/input/input83
[2025-09-27 20:28:48] [General - KernelLogLogger] [DEBUG] sb 5-1: New USB device strings: Mfr=2, Product=1, SerialNumber=3
[2025-09-27 20:28:48] [General - KernelLogLogger] [DEBUG] 2025-09-27T20:28:44.522470-06:00 photonvision kernel: usb 5-1: Product: AprilTag1
[2025-09-27 20:28:48] [General - KernelLogLogger] [DEBUG] 2025-09-27T20:28:44.522473-06:00 photonvision kernel: usb 5-1: Manufacturer: Arducam Technology Co., Ltd.
[2025-09-27 20:28:48] [General - KernelLogLogger] [DEBUG] 2025-09-27T20:28:44.522477-06:00 photonvision kernel: usb 5-1: SerialNumber: 0001
[2025-09-27 20:28:48] [General - KernelLogLogger] [DEBUG] ÿ
[2025-09-27 20:28:48] [Camera - USBFrameProvider - AprilTag1] [ERROR] Error grabbing image: timed out getting frame
[2025-09-27 20:28:49] [Camera - USBFrameProvider - AprilTag1] [ERROR] Error grabbing image: timed out getting frame
[2025-09-27 20:28:49] [CSCore - PvCSCoreLogger] [DEBUG] CS: DEBUG 7: AprilTag1: allocating buffers (UsbCameraImpl.cpp:701)
[2025-09-27 20:28:49] [CSCore - PvCSCoreLogger] [DEBUG] CS: DEBUG 7: AprilTag1: mapping buffers (UsbCameraImpl.cpp:715)
[2025-09-27 20:28:49] [CSCore - PvCSCoreLogger] [DEBUG] CS: DEBUG 7: AprilTag1: queuing buffers (UsbCameraImpl.cpp:765)
[2025-09-27 20:28:49] [Camera - USBFrameProvider - AprilTag1] [ERROR] Error grabbing image: timed out getting frame
[2025-09-27 20:28:49] [CSCore - PvCSCoreLogger] [ERROR] CS: ERROR 40: AprilTag1: ioctl VIDIOC_STREAMON failed: Protocol error (UsbCameraImpl.cpp:789)
[2025-09-27 20:28:49] [CSCore - PvCSCoreLogger] [INFO] AprilTag1: Attempting to connect to USB camera on /dev/v4l/by-path/platform-fc880000.usb-usb-0:1:1.0-video-index0
[2025-09-27 20:28:49] [CSCore - PvCSCoreLogger] [DEBUG] CS: DEBUG 7: AprilTag1: opening device (UsbCameraImpl.cpp:651)
[2025-09-27 20:28:49] [CSCore - PvCSCoreLogger] [INFO] AprilTag1: Attempting to connect to USB camera on /dev/v4l/by-path/platform-fc880000.usb-usb-0:1:1.0-video-index0
[2025-09-27 20:28:49] [CSCore - PvCSCoreLogger] [DEBUG] CS: DEBUG 7: AprilTag1: opening device (UsbCameraImpl.cpp:651)
[2025-09-27 20:28:49] [CSCore - PvCSCoreLogger] [INFO] AprilTag1: Attempting to connect to USB camera on /dev/v4l/by-path/platform-fc880000.usb-usb-0:1:1.0-video-index0
[2025-09-27 20:28:49] [CSCore - PvCSCoreLogger] [DEBUG] CS: DEBUG 7: AprilTag1: opening device (UsbCameraImpl.cpp:651)
[2025-09-27 20:28:49] [Camera - USBFrameProvider - AprilTag1] [ERROR] Error grabbing image: timed out getting frame
[2025-09-27 20:28:49] [General - KernelLogLogger] [DEBUG] 2025-09-27T20:28:49.539033-06:00 photonvision kernel: usb 5-1: Failed to query (GET_CUR) UVC control 9 on unit 2: -71 (exp. 2).
[2025-09-27 20:28:49] [General - KernelLogLogger] [DEBUG] 2025-09-27T20:28:49.542387-06:00 photonvision kernel: usb usb5-port1: disabled by hub (EMI?), re-enabling...
[2025-09-27 20:28:49] [General - KernelLogLogger] [DEBUG] 2025-09-27T20:28:49.542410-06:00 photonvision kernel: usb 5-1: USB disconnect, device number 71
[2025-09-27 20:28:49] [General - KernelLogLogger] [DEBUG] 2025-09-27T20:28:49.879103-06:00 photonvision kernel: usb 5-1: new high-speed USB device number 72 using ehci-platform
[2025-09-27 20:28:49] [General - KernelLogLogger] [DEBUG] prilTag1 (0c45:6366)
[2025-09-27 20:28:49] [General - KernelLogLogger] [DEBUG] vision kernel: Á
[2025-09-27 20:28:50] [Camera - USBFrameProvider - AprilTag1] [ERROR] Error grabbing image: timed out getting frame
[2025-09-27 20:28:50] [CSCore - PvCSCoreLogger] [INFO] AprilTag1: Attempting to connect to USB camera on /dev/v4l/by-path/platform-fc880000.usb-usb-0:1:1.0-video-index0
[2025-09-27 20:28:50] [CSCore - PvCSCoreLogger] [DEBUG] CS: DEBUG 7: AprilTag1: opening device (UsbCameraImpl.cpp:651)
[2025-09-27 20:28:50] [CSCore - PvCSCoreLogger] [INFO] AprilTag1: Attempting to connect to USB camera on /dev/v4l/by-path/platform-fc880000.usb-usb-0:1:1.0-video-index0
[2025-09-27 20:28:50] [CSCore - PvCSCoreLogger] [DEBUG] CS: DEBUG 7: AprilTag1: opening device (UsbCameraImpl.cpp:651)
[2025-09-27 20:28:50] [CSCore - PvCSCoreLogger] [INFO] AprilTag1: Connected to USB camera on /dev/v4l/by-path/platform-fc880000.usb-usb-0:1:1.0-video-index0
[2025-09-27 20:28:50] [CSCore - PvCSCoreLogger] [DEBUG] CS: DEBUG 7: AprilTag1: getting capabilities (UsbCameraImpl.cpp:663)
[2025-09-27 20:28:50] [CSCore - PvCSCoreLogger] [DEBUG] CS: DEBUG 7: AprilTag1: restoring video mode (UsbCameraImpl.cpp:681)
[2025-09-27 20:28:50] [CSCore - PvCSCoreLogger] [INFO] AprilTag1: set format 1 res 320x240
[2025-09-27 20:28:50] [CSCore - PvCSCoreLogger] [INFO] AprilTag1: set FPS to 100
[2025-09-27 20:28:50] [CSCore - PvCSCoreLogger] [DEBUG] CS: DEBUG 7: AprilTag1: restoring settings (UsbCameraImpl.cpp:686)
[2025-09-27 20:28:50] [Camera - USBFrameProvider - AprilTag1] [ERROR] Error grabbing image: timed out getting frame
[2025-09-27 20:28:50] [Camera - USBFrameProvider - AprilTag1] [ERROR] Error grabbing image: timed out getting frame
[2025-09-27 20:28:50] [Camera - USBFrameProvider - AprilTag1] [ERROR] Error grabbing image: timed out getting frame
[2025-09-27 20:28:50] [General - KernelLogLogger] [DEBUG] 2025-09-27T20:28:50.039101-06:00 photonvision kernel: usb 5-1: New USB device found, idVendor=0c45, idProduct=6366, bcdDevice= 1.00
[2025-09-27 20:28:50] [General - KernelLogLogger] [DEBUG] 2025-09-27T20:28:50.039157-06:00 photonvision kernel: usb 5-1: New USB device strings: Mfr=2, Product=1, SerialNumber=3
[2025-09-27 20:28:50] [General - KernelLogLogger] [DEBUG] 2025-09-27T20:28:50.039162-06:00 photonvision kernel: usb 5-1: Product: AprilTag1
[2025-09-27 20:28:50] [General - KernelLogLogger] [DEBUG] 2025-09-27T20:28:50.039166-06:00 photonvision kernel: usb 5-1: Manufacturer: Arducam Technology Co., Ltd.
[2025-09-27 20:28:50] [General - KernelLogLogger] [DEBUG] 2025-09-27T20:28:50.039170-06:00 photonvision kernel: usb 5-1: SerialNumber: 0001
[2025-09-27 20:28:50] [General - KernelLogLogger] [DEBUG] 2025-09-27T20:28:50.044000-06:00 photonvision kernel: usb 5-1: Found UVC 1.00 device AprilTag1 (0c45:6366)
[2025-09-27 20:28:50] [General - KernelLogLogger] [DEBUG] 2025-09-27T20:28:50.072440-06:00 photonvision kernel: input: AprilTag1: AprilTag1 as /devices/platform/fc880000.usb/usb5/5-1/5-1:1.0/input/input84
[2025-09-27 20:28:50] [General - KernelLogLogger] [DEBUG] 6:00 photonvision kernel: input: AprilTag1: AprilTag1 as /devices/platform/fc880000.usb/usb5/5-1/5-1:1.0/input/input83
[2025-09-27 20:28:50] [General - KernelLogLogger] [DEBUG] sb 5-1: New USB device strings: Mfr=2, Product=1, SerialNumber=3
[2025-09-27 20:28:50] [General - KernelLogLogger] [DEBUG] 2025-09-27T20:28:44.522470-06:00 photonvision kernel: usb 5-1: Product: AprilTag1
[2025-09-27 20:28:50] [General - KernelLogLogger] [DEBUG] 2025-0ñ
[2025-09-27 20:28:51] [Camera - USBFrameProvider - AprilTag1] [ERROR] Error grabbing image: timed out getting frame
[2025-09-27 20:28:51] [CSCore - PvCSCoreLogger] [DEBUG] CS: DEBUG 7: AprilTag1: allocating buffers (UsbCameraImpl.cpp:701)
[2025-09-27 20:28:51] [CSCore - PvCSCoreLogger] [DEBUG] CS: DEBUG 7: AprilTag1: mapping buffers (UsbCameraImpl.cpp:715)
[2025-09-27 20:28:51] [CSCore - PvCSCoreLogger] [DEBUG] CS: DEBUG 7: AprilTag1: queuing buffers (UsbCameraImpl.cpp:765)
[2025-09-27 20:28:51] [CSCore - PvCSCoreLogger] [ERROR] CS: ERROR 40: AprilTag1: ioctl VIDIOC_STREAMON failed: Protocol error (UsbCameraImpl.cpp:789)
[2025-09-27 20:28:51] [CSCore - PvCSCoreLogger] [DEBUG] CS: DEBUG 7: AprilTag1: queuing buffers (UsbCameraImpl.cpp:765)
[2025-09-27 20:28:51] [CSCore - PvCSCoreLogger] [ERROR] CS: ERROR 40: ioctl VIDIOC_QBUF failed at UsbCameraImpl.cpp:772: Invalid argument (UsbUtil.cpp:157)
[2025-09-27 20:28:51] [CSCore - PvCSCoreLogger] [WARN] CS: WARNING 30: AprilTag1: could not queue buffer 0 (UsbCameraImpl.cpp:773)
[2025-09-27 20:28:51] [CSCore - PvCSCoreLogger] [DEBUG] CS: DEBUG 7: AprilTag1: queuing buffers (UsbCameraImpl.cpp:765)
[2025-09-27 20:28:51] [CSCore - PvCSCoreLogger] [ERROR] CS: ERROR 40: ioctl VIDIOC_QBUF failed at UsbCameraImpl.cpp:772: No such device (UsbUtil.cpp:157)
[2025-09-27 20:28:51] [CSCore - PvCSCoreLogger] [WARN] CS: WARNING 30: AprilTag1: could not queue buffer 0 (UsbCameraImpl.cpp:773)
[2025-09-27 20:28:51] [CSCore - PvCSCoreLogger] [INFO] AprilTag1: Attempting to connect to USB camera on /dev/v4l/by-path/platform-fc880000.usb-usb-0:1:1.0-video-index0
[2025-09-27 20:28:51] [CSCore - PvCSCoreLogger] [DEBUG] CS: DEBUG 7: AprilTag1: opening device (UsbCameraImpl.cpp:651)
[2025-09-27 20:28:51] [CSCore - PvCSCoreLogger] [INFO] AprilTag1: Attempting to connect to USB camera on /dev/v4l/by-path/platform-fc880000.usb-usb-0:1:1.0-video-index0
[2025-09-27 20:28:51] [CSCore - PvCSCoreLogger] [DEBUG] CS: DEBUG 7: AprilTag1: opening device (UsbCameraImpl.cpp:651)
[2025-09-27 20:28:51] [Camera - USBFrameProvider - AprilTag1] [ERROR] Error grabbing image: timed out getting frame
[2025-09-27 20:28:51] [Camera - USBFrameProvider - AprilTag1] [ERROR] Error grabbing image: timed out getting frame
[2025-09-27 20:28:51] [General - KernelLogLogger] [DEBUG] 2025-09-27T20:28:51.362417-06:00 photonvision kernel: usb 5-1: Failed to query (GET_MIN) UVC control 8 on unit 2: -71 (exp. 2).
[2025-09-27 20:28:51] [General - KernelLogLogger] [DEBUG] 2025-09-27T20:28:51.369178-06:00 photonvision kernel: usb usb5-port1: disabled by hub (EMI?), re-enabling...
[2025-09-27 20:28:51] [General - KernelLogLogger] [DEBUG] 2025-09-27T20:28:51.369216-06:00 photonvision kernel: usb 5-1: USB disconnect, device number 72
[2025-09-27 20:28:51] [General - KernelLogLogger] [DEBUG] 2025-09-27T20:28:51.376682-06:00 photonvision kernel: usb 5-1: Failed to query (GET_CUR) UVC control 2 on unit 2: -71 (exp. 2).
[2025-09-27 20:28:51] [General - KernelLogLogger] [DEBUG] 2025-09-27T20:28:51.715727-06:00 photonvision kernel: usb 5-1: new high-speed USB device number 73 using ehci-platform
[2025-09-27 20:28:51] [General - KernelLogLogger] [DEBUG] 2025-09-27T20:28:51.879049-06:00 photonvision kernel: usb 5-1: New USB device found, idVendor=0c45, idProduct=6366, bcdDevice= 1.00
[2025-09-27 20:28:51] [General - KernelLogLogger] [DEBUG] 2025-09-27T20:28:51.879071-06:00 photonvision kernel: usb 5-1: New USB device strings: Mfr=2, Product=1, SerialNumber=3
[2025-09-27 20:28:51] [General - KernelLogLogger] [DEBUG] 2025-09-27T20:28:51.879072-06:00 photonvision kernel: usb 5-1: Product: AprilTag1
[2025-09-27 20:28:51] [General - KernelLogLogger] [DEBUG] 2025-09-27T20:28:51.879074-06:00 photonvision kernel: usb 5-1: Manufacturer: Arducam Technology Co., Ltd.
[2025-09-27 20:28:51] [General - KernelLogLogger] [DEBUG] 2025-09-27T20:28:51.879075-06:00 photonvision kernel: usb 5-1: SerialNumber: 0001
[2025-09-27 20:28:51] [General - KernelLogLogger] [DEBUG]  kernel: usb 5-1: SerialNumber: 0001
[2025-09-27 20:28:51] [General - KernelLogLogger] [DEBUG] 2025-09-27T20:28:40.8
[2025-09-27 20:28:51] [CSCore - PvCSCoreLogger] [INFO] AprilTag1: Attempting to connect to USB camera on /dev/v4l/by-path/platform-fc880000.usb-usb-0:1:1.0-video-index0
[2025-09-27 20:28:51] [CSCore - PvCSCoreLogger] [DEBUG] CS: DEBUG 7: AprilTag1: opening device (UsbCameraImpl.cpp:651)
[2025-09-27 20:28:51] [CSCore - PvCSCoreLogger] [INFO] AprilTag1: Connected to USB camera on /dev/v4l/by-path/platform-fc880000.usb-usb-0:1:1.0-video-index0
[2025-09-27 20:28:51] [CSCore - PvCSCoreLogger] [DEBUG] CS: DEBUG 7: AprilTag1: getting capabilities (UsbCameraImpl.cpp:663)
[2025-09-27 20:28:51] [CSCore - PvCSCoreLogger] [DEBUG] CS: DEBUG 7: AprilTag1: restoring video mode (UsbCameraImpl.cpp:681)
[2025-09-27 20:28:51] [Camera - USBFrameProvider - AprilTag1] [ERROR] Error grabbing image: timed out getting frame
[2025-09-27 20:28:51] [CSCore - PvCSCoreLogger] [INFO] AprilTag1: set format 1 res 320x240
[2025-09-27 20:28:51] [CSCore - PvCSCoreLogger] [INFO] AprilTag1: set FPS to 100
[2025-09-27 20:28:51] [CSCore - PvCSCoreLogger] [DEBUG] CS: DEBUG 7: AprilTag1: restoring settings (UsbCameraImpl.cpp:686)
[2025-09-27 20:28:52] [Camera - USBFrameProvider - AprilTag1] [ERROR] Error grabbing image: timed out getting frame
[2025-09-27 20:28:52] [Camera - USBFrameProvider - AprilTag1] [ERROR] Error grabbing image: timed out getting frame
[2025-09-27 20:28:52] [Camera - USBFrameProvider - AprilTag1] [ERROR] Error grabbing image: timed out getting frame
[2025-09-27 20:28:52] [General - KernelLogLogger] [DEBUG] 2025-09-27T20:28:51.882402-06:00 photonvision kernel: usb 5-1: Found UVC 1.00 device AprilTag1 (0c45:6366)
[2025-09-27 20:28:52] [General - KernelLogLogger] [DEBUG] 2025-09-27T20:28:51.912386-06:00 photonvision kernel: input: AprilTag1: AprilTag1 as /devices/platform/fc880000.usb/usb5/5-1/5-1:1.0/input/input85
[2025-09-27 20:28:52] [General - KernelLogLogger] [DEBUG] (exp. 2).
[2025-09-27 20:28:52] [General - KernelLogLogger] [DEBUG] å
[2025-09-27 20:28:53] [Camera - USBFrameProvider - AprilTag1] [ERROR] Error grabbing image: timed out getting frame
[2025-09-27 20:28:53] [CSCore - PvCSCoreLogger] [DEBUG] CS: DEBUG 7: AprilTag1: allocating buffers (UsbCameraImpl.cpp:701)
[2025-09-27 20:28:53] [CSCore - PvCSCoreLogger] [DEBUG] CS: DEBUG 7: AprilTag1: mapping buffers (UsbCameraImpl.cpp:715)
[2025-09-27 20:28:53] [CSCore - PvCSCoreLogger] [DEBUG] CS: DEBUG 7: AprilTag1: queuing buffers (UsbCameraImpl.cpp:765)
[2025-09-27 20:28:53] [CSCore - PvCSCoreLogger] [ERROR] CS: ERROR 40: AprilTag1: ioctl VIDIOC_STREAMON failed: Protocol error (UsbCameraImpl.cpp:789)
[2025-09-27 20:28:53] [CSCore - PvCSCoreLogger] [DEBUG] CS: DEBUG 7: AprilTag1: queuing buffers (UsbCameraImpl.cpp:765)
[2025-09-27 20:28:53] [CSCore - PvCSCoreLogger] [ERROR] CS: ERROR 40: ioctl VIDIOC_QBUF failed at UsbCameraImpl.cpp:772: Invalid argument (UsbUtil.cpp:157)
[2025-09-27 20:28:53] [CSCore - PvCSCoreLogger] [WARN] CS: WARNING 30: AprilTag1: could not queue buffer 0 (UsbCameraImpl.cpp:773)
[2025-09-27 20:28:53] [CSCore - PvCSCoreLogger] [INFO] AprilTag1: Attempting to connect to USB camera on /dev/v4l/by-path/platform-fc880000.usb-usb-0:1:1.0-video-index0
[2025-09-27 20:28:53] [CSCore - PvCSCoreLogger] [DEBUG] CS: DEBUG 7: AprilTag1: opening device (UsbCameraImpl.cpp:651)
[2025-09-27 20:28:53] [CSCore - PvCSCoreLogger] [INFO] AprilTag1: Attempting to connect to USB camera on /dev/v4l/by-path/platform-fc880000.usb-usb-0:1:1.0-video-index0
[2025-09-27 20:28:53] [CSCore - PvCSCoreLogger] [DEBUG] CS: DEBUG 7: AprilTag1: opening device (UsbCameraImpl.cpp:651)
[2025-09-27 20:28:53] [Camera - USBFrameProvider - AprilTag1] [ERROR] Error grabbing image: timed out getting frame
[2025-09-27 20:28:53] [Camera - USBFrameProvider - AprilTag1] [ERROR] Error grabbing image: timed out getting frame
[2025-09-27 20:28:53] [CSCore - PvCSCoreLogger] [INFO] AprilTag1: Attempting to connect to USB camera on /dev/v4l/by-path/platform-fc880000.usb-usb-0:1:1.0-video-index0
[2025-09-27 20:28:53] [CSCore - PvCSCoreLogger] [DEBUG] CS: DEBUG 7: AprilTag1: opening device (UsbCameraImpl.cpp:651)
[2025-09-27 20:28:53] [CSCore - PvCSCoreLogger] [INFO] AprilTag1: Connected to USB camera on /dev/v4l/by-path/platform-fc880000.usb-usb-0:1:1.0-video-index0
[2025-09-27 20:28:53] [CSCore - PvCSCoreLogger] [DEBUG] CS: DEBUG 7: AprilTag1: getting capabilities (UsbCameraImpl.cpp:663)
[2025-09-27 20:28:53] [CSCore - PvCSCoreLogger] [DEBUG] CS: DEBUG 7: AprilTag1: restoring video mode (UsbCameraImpl.cpp:681)
[2025-09-27 20:28:53] [CSCore - PvCSCoreLogger] [INFO] AprilTag1: set format 1 res 320x240
[2025-09-27 20:28:53] [CSCore - PvCSCoreLogger] [INFO] AprilTag1: set FPS to 100
[2025-09-27 20:28:53] [CSCore - PvCSCoreLogger] [DEBUG] CS: DEBUG 7: AprilTag1: restoring settings (UsbCameraImpl.cpp:686)
[2025-09-27 20:28:53] [Camera - USBFrameProvider - AprilTag1] [ERROR] Error grabbing image: timed out getting frame
[2025-09-27 20:28:53] [General - KernelLogLogger] [DEBUG] 2025-09-27T20:28:53.199039-06:00 photonvision kernel: usb 5-1: Failed to query (GET_CUR) UVC control 3 on unit 2: -71 (exp. 2).
[2025-09-27 20:28:53] [General - KernelLogLogger] [DEBUG] 2025-09-27T20:28:53.206217-06:00 photonvision kernel: usb 5-1: USB disconnect, device number 73
[2025-09-27 20:28:53] [General - KernelLogLogger] [DEBUG] 2025-09-27T20:28:53.539038-06:00 photonvision kernel: usb 5-1: new high-speed USB device number 74 using ehci-platform
[2025-09-27 20:28:53] [General - KernelLogLogger] [DEBUG] 2025-09-27T20:28:53.702413-06:00 photonvision kernel: usb 5-1: New USB device found, idVendor=0c45, idProduct=6366, bcdDevice= 1.00
[2025-09-27 20:28:53] [General - KernelLogLogger] [DEBUG] 2025-09-27T20:28:53.702433-06:00 photonvision kernel: usb 5-1: New USB device strings: Mfr=2, Product=1, SerialNumber=3
[2025-09-27 20:28:53] [General - KernelLogLogger] [DEBUG] 2025-09-27T20:28:53.702435-06:00 photonvision kernel: usb 5-1: Product: AprilTag1
[2025-09-27 20:28:53] [General - KernelLogLogger] [DEBUG] 2025-09-27T20:28:53.702436-06:00 photonvision kernel: usb 5-1: Manufacturer: Arducam Technology Co., Ltd.
[2025-09-27 20:28:53] [General - KernelLogLogger] [DEBUG] 2025-09-27T20:28:53.702438-06:00 photonvision kernel: usb 5-1: SerialNumber: 0001
[2025-09-27 20:28:53] [General - KernelLogLogger] [DEBUG] 2025-09-27T20:28:53.709312-06:00 photonvision kernel: usb 5-1: Found UVC 1.00 device AprilTag1 (0c45:6366)
[2025-09-27 20:28:53] [General - KernelLogLogger] [DEBUG] 2025-09-27T20:28:53.735809-06:00 photonvision kernel: input: AprilTag1: AprilTag1 as /devices/platform/fc880000.usb/usb5/5-1/5-1:1.0/input/input86
[2025-09-27 20:28:54] [Camera - USBFrameProvider - AprilTag1] [ERROR] Error grabbing image: timed out getting frame
[2025-09-27 20:28:54] [Camera - USBFrameProvider - AprilTag1] [ERROR] Error grabbing image: timed out getting frame
[2025-09-27 20:28:54] [Camera - USBFrameProvider - AprilTag1] [ERROR] Error grabbing image: timed out getting frame
[2025-09-27 20:28:54] [CSCore - PvCSCoreLogger] [DEBUG] CS: DEBUG 7: AprilTag1: allocating buffers (UsbCameraImpl.cpp:701)
[2025-09-27 20:28:54] [CSCore - PvCSCoreLogger] [DEBUG] CS: DEBUG 7: AprilTag1: mapping buffers (UsbCameraImpl.cpp:715)
[2025-09-27 20:28:54] [CSCore - PvCSCoreLogger] [DEBUG] CS: DEBUG 7: AprilTag1: queuing buffers (UsbCameraImpl.cpp:765)
[2025-09-27 20:28:54] [CSCore - PvCSCoreLogger] [ERROR] CS: ERROR 40: AprilTag1: ioctl VIDIOC_STREAMON failed: Protocol error (UsbCameraImpl.cpp:789)
[2025-09-27 20:28:54] [CSCore - PvCSCoreLogger] [DEBUG] CS: DEBUG 7: AprilTag1: queuing buffers (UsbCameraImpl.cpp:765)
[2025-09-27 20:28:54] [CSCore - PvCSCoreLogger] [ERROR] CS: ERROR 40: ioctl VIDIOC_QBUF failed at UsbCameraImpl.cpp:772: Invalid argument (UsbUtil.cpp:157)
[2025-09-27 20:28:54] [CSCore - PvCSCoreLogger] [WARN] CS: WARNING 30: AprilTag1: could not queue buffer 0 (UsbCameraImpl.cpp:773)
[2025-09-27 20:28:54] [CSCore - PvCSCoreLogger] [INFO] AprilTag1: Attempting to connect to USB camera on /dev/v4l/by-path/platform-fc880000.usb-usb-0:1:1.0-video-index0
[2025-09-27 20:28:54] [CSCore - PvCSCoreLogger] [DEBUG] CS: DEBUG 7: AprilTag1: opening device (UsbCameraImpl.cpp:651)
[2025-09-27 20:28:54] [CSCore - PvCSCoreLogger] [INFO] AprilTag1: Attempting to connect to USB camera on /dev/v4l/by-path/platform-fc880000.usb-usb-0:1:1.0-video-index0
[2025-09-27 20:28:54] [CSCore - PvCSCoreLogger] [DEBUG] CS: DEBUG 7: AprilTag1: opening device (UsbCameraImpl.cpp:651)
[2025-09-27 20:28:54] [CSCore - PvCSCoreLogger] [INFO] AprilTag1: Attempting to connect to USB camera on /dev/v4l/by-path/platform-fc880000.usb-usb-0:1:1.0-video-index0
[2025-09-27 20:28:54] [CSCore - PvCSCoreLogger] [DEBUG] CS: DEBUG 7: AprilTag1: opening device (UsbCameraImpl.cpp:651)
[2025-09-27 20:28:54] [Camera - USBFrameProvider - AprilTag1] [ERROR] Error grabbing image: timed out getting frame
[2025-09-27 20:28:54] [CSCore - PvCSCoreLogger] [INFO] AprilTag1: Attempting to connect to USB camera on /dev/v4l/by-path/platform-fc880000.usb-usb-0:1:1.0-video-index0
[2025-09-27 20:28:54] [CSCore - PvCSCoreLogger] [DEBUG] CS: DEBUG 7: AprilTag1: opening device (UsbCameraImpl.cpp:651)
[2025-09-27 20:28:55] [Camera - USBFrameProvider - AprilTag1] [ERROR] Error grabbing image: timed out getting frame
[2025-09-27 20:28:55] [Camera - USBFrameProvider - AprilTag1] [ERROR] Error grabbing image: timed out getting frame
[2025-09-27 20:28:55] [CSCore - PvCSCoreLogger] [INFO] AprilTag1: Attempting to connect to USB camera on /dev/v4l/by-path/platform-fc880000.usb-usb-0:1:1.0-video-index0
[2025-09-27 20:28:55] [CSCore - PvCSCoreLogger] [DEBUG] CS: DEBUG 7: AprilTag1: opening device (UsbCameraImpl.cpp:651)
[2025-09-27 20:28:55] [CSCore - PvCSCoreLogger] [INFO] AprilTag1: Attempting to connect to USB camera on /dev/v4l/by-path/platform-fc880000.usb-usb-0:1:1.0-video-index0
[2025-09-27 20:28:55] [CSCore - PvCSCoreLogger] [DEBUG] CS: DEBUG 7: AprilTag1: opening device (UsbCameraImpl.cpp:651)
[2025-09-27 20:28:55] [CSCore - PvCSCoreLogger] [INFO] AprilTag1: Connected to USB camera on /dev/v4l/by-path/platform-fc880000.usb-usb-0:1:1.0-video-index0
[2025-09-27 20:28:55] [CSCore - PvCSCoreLogger] [DEBUG] CS: DEBUG 7: AprilTag1: getting capabilities (UsbCameraImpl.cpp:663)
[2025-09-27 20:28:55] [CSCore - PvCSCoreLogger] [DEBUG] CS: DEBUG 7: AprilTag1: restoring video mode (UsbCameraImpl.cpp:681)
[2025-09-27 20:28:55] [CSCore - PvCSCoreLogger] [INFO] AprilTag1: set format 1 res 320x240
[2025-09-27 20:28:55] [CSCore - PvCSCoreLogger] [INFO] AprilTag1: set FPS to 100
[2025-09-27 20:28:55] [CSCore - PvCSCoreLogger] [DEBUG] CS: DEBUG 7: AprilTag1: restoring settings (UsbCameraImpl.cpp:686)
[2025-09-27 20:28:55] [Camera - USBFrameProvider - AprilTag1] [ERROR] Error grabbing image: timed out getting frame
[2025-09-27 20:28:55] [General - KernelLogLogger] [DEBUG] 2025-09-27T20:28:54.905723-06:00 photonvision kernel: usb 5-1: Failed to query (GET_RES) UVC control 8 on unit 2: -71 (exp. 2).
[2025-09-27 20:28:55] [General - KernelLogLogger] [DEBUG] 2025-09-27T20:28:54.925743-06:00 photonvision kernel: usb 5-1: Failed to query (GET_CUR) UVC control 2 on unit 2: -71 (exp. 2).
[2025-09-27 20:28:55] [General - KernelLogLogger] [DEBUG] 2025-09-27T20:28:54.935718-06:00 photonvision kernel: usb 5-1: Failed to query (GET_DEF) UVC control 8 on unit 2: -71 (exp. 2).
[2025-09-27 20:28:55] [General - KernelLogLogger] [DEBUG] 2025-09-27T20:28:54.935741-06:00 photonvision kernel: usb usb5-port1: disabled by hub (EMI?), re-enabling...
[2025-09-27 20:28:55] [General - KernelLogLogger] [DEBUG] 2025-09-27T20:28:54.935753-06:00 photonvision kernel: usb 5-1: USB disconnect, device number 74
[2025-09-27 20:28:55] [General - KernelLogLogger] [DEBUG] 2025-09-27T20:28:55.275766-06:00 photonvision kernel: usb 5-1: new high-speed USB device number 75 using ehci-platform
[2025-09-27 20:28:55] [General - KernelLogLogger] [DEBUG] 2025-09-27T20:28:55.439114-06:00 photonvision kernel: usb 5-1: New USB device found, idVendor=0c45, idProduct=6366, bcdDevice= 1.00
[2025-09-27 20:28:55] [General - KernelLogLogger] [DEBUG] 2025-09-27T20:28:55.439164-06:00 photonvision kernel: usb 5-1: New USB device strings: Mfr=2, Product=1, SerialNumber=3
[2025-09-27 20:28:55] [General - KernelLogLogger] [DEBUG] 2025-09-27T20:28:55.439168-06:00 photonvision kernel: usb 5-1: Product: AprilTag1
[2025-09-27 20:28:55] [General - KernelLogLogger] [DEBUG] 2025-09-27T20:28:55.439173-06:00 photonvision kernel: usb 5-1: Manufacturer: Arducam Technology Co., Ltd.
[2025-09-27 20:28:55] [General - KernelLogLogger] [DEBUG] 2025-09-27T20:28:55.439176-06:00 photonvision kernel: usb 5-1: SerialNumber: 0001
[2025-09-27 20:28:55] [General - KernelLogLogger] [DEBUG] 2025-09-27T20:28:55.445736-06:00 photonvision kernel: usb 5-1: Found UVC 1.00 device AprilTag1 (0c45:6366)
[2025-09-27 20:28:55] [General - KernelLogLogger] [DEBUG] 2025-09-27T20:28:55.472370-06:00 photonvision kernel: input: AprilTag1: AprilTag1 as /devices/platform/fc880000.usb/usb5/5-1/5-1:1.0/input/input87
[2025-09-27 20:28:55] [General - KernelLogLogger] [DEBUG] 7T20:25:26.582388-06:00 photonvision kernel: usb 5-1: Failed to query (GET_MIN) UVC control 1 on unit 2: -71 (exp. 2).
[2025-09-27 20:28:55] [General - KernelLogLogger] [DEBUG] 2025-09-27T20:25:26.592386-06:00 photonvision kernel: usb 5-1: Failed to query (GET_CUR) UVC control 2 on unit 2: -71 (exp. 2).
[2025-09-27 20:28:55] [General - KernelLogLogger] [DEBUG] 2025-09-27T20:25:26.595748-06:00 photonvision kernel: usb usb5-port1: disabled by hub (EMI?), re-enabling...
[2025-09-27 20:28:55] [General - KernelLogLogger] [DEBUG] 2025-09-27T20:25:26.595773-06:00 photonvision kernel: usb 5-1: USB disconnect, device number 4
[2025-09-27 20:28:55] [General - KernelLogLogger] [DEBUG] ÿ
[2025-09-27 20:28:56] [Camera - USBFrameProvider - AprilTag1] [ERROR] Error grabbing image: timed out getting frame
[2025-09-27 20:28:56] [Camera - USBFrameProvider - AprilTag1] [ERROR] Error grabbing image: timed out getting frame
[2025-09-27 20:28:56] [Camera - USBFrameProvider - AprilTag1] [ERROR] Error grabbing image: timed out getting frame
[2025-09-27 20:28:56] [CSCore - PvCSCoreLogger] [DEBUG] CS: DEBUG 7: AprilTag1: allocating buffers (UsbCameraImpl.cpp:701)
[2025-09-27 20:28:56] [CSCore - PvCSCoreLogger] [DEBUG] CS: DEBUG 7: AprilTag1: mapping buffers (UsbCameraImpl.cpp:715)
[2025-09-27 20:28:56] [CSCore - PvCSCoreLogger] [DEBUG] CS: DEBUG 7: AprilTag1: queuing buffers (UsbCameraImpl.cpp:765)
[2025-09-27 20:28:56] [CSCore - PvCSCoreLogger] [ERROR] CS: ERROR 40: AprilTag1: ioctl VIDIOC_STREAMON failed: Protocol error (UsbCameraImpl.cpp:789)
[2025-09-27 20:28:56] [CSCore - PvCSCoreLogger] [DEBUG] CS: DEBUG 7: AprilTag1: queuing buffers (UsbCameraImpl.cpp:765)
[2025-09-27 20:28:56] [CSCore - PvCSCoreLogger] [ERROR] CS: ERROR 40: ioctl VIDIOC_QBUF failed at UsbCameraImpl.cpp:772: No such device (UsbUtil.cpp:157)
[2025-09-27 20:28:56] [CSCore - PvCSCoreLogger] [WARN] CS: WARNING 30: AprilTag1: could not queue buffer 0 (UsbCameraImpl.cpp:773)
[2025-09-27 20:28:56] [CSCore - PvCSCoreLogger] [DEBUG] CS: DEBUG 7: AprilTag1: queuing buffers (UsbCameraImpl.cpp:765)
[2025-09-27 20:28:56] [CSCore - PvCSCoreLogger] [ERROR] CS: ERROR 40: ioctl VIDIOC_QBUF failed at UsbCameraImpl.cpp:772: No such device (UsbUtil.cpp:157)
[2025-09-27 20:28:56] [CSCore - PvCSCoreLogger] [WARN] CS: WARNING 30: AprilTag1: could not queue buffer 0 (UsbCameraImpl.cpp:773)
[2025-09-27 20:28:56] [CSCore - PvCSCoreLogger] [DEBUG] CS: DEBUG 7: AprilTag1: queuing buffers (UsbCameraImpl.cpp:765)
[2025-09-27 20:28:56] [CSCore - PvCSCoreLogger] [ERROR] CS: ERROR 40: ioctl VIDIOC_QBUF failed at UsbCameraImpl.cpp:772: No such device (UsbUtil.cpp:157)
[2025-09-27 20:28:56] [CSCore - PvCSCoreLogger] [WARN] CS: WARNING 30: AprilTag1: could not queue buffer 0 (UsbCameraImpl.cpp:773)
[2025-09-27 20:28:56] [CSCore - PvCSCoreLogger] [INFO] AprilTag1: Attempting to connect to USB camera on /dev/v4l/by-path/platform-fc880000.usb-usb-0:1:1.0-video-index0
[2025-09-27 20:28:56] [CSCore - PvCSCoreLogger] [DEBUG] CS: DEBUG 7: AprilTag1: opening device (UsbCameraImpl.cpp:651)
[2025-09-27 20:28:56] [CSCore - PvCSCoreLogger] [INFO] AprilTag1: Attempting to connect to USB camera on /dev/v4l/by-path/platform-fc880000.usb-usb-0:1:1.0-video-index0
[2025-09-27 20:28:56] [CSCore - PvCSCoreLogger] [DEBUG] CS: DEBUG 7: AprilTag1: opening device (UsbCameraImpl.cpp:651)
[2025-09-27 20:28:56] [Camera - USBFrameProvider - AprilTag1] [ERROR] Error grabbing image: timed out getting frame
[2025-09-27 20:28:56] [General - KernelLogLogger] [DEBUG] 2025-09-27T20:28:56.753167-06:00 photonvision kernel: usb 5-1: Failed to query (GET_RES) UVC control 1 on unit 2: -71 (exp. 2).
[2025-09-27 20:28:56] [General - KernelLogLogger] [DEBUG] 2025-09-27T20:28:56.753182-06:00 photonvision kernel: usb usb5-port1: disabled by hub (EMI?), re-enabling...
[2025-09-27 20:28:56] [General - KernelLogLogger] [DEBUG] 2025-09-27T20:28:56.753183-06:00 photonvision kernel: usb 5-1: USB disconnect, device number 75
[2025-09-27 20:28:56] [General - KernelLogLogger] [DEBUG] 2025-09-27T20:28:56.753185-06:00 photonvision kernel: usb 5-1: Failed to query (GET_CUR) UVC control 2 on unit 2: -19 (exp. 2).
[2025-09-27 20:28:56] [General - KernelLogLogger] [DEBUG] 2025-09-27T20:28:56.753186-06:00 photonvision kernel: usb 5-1: Failed to query (GET_DEF) UVC control 1 on unit 2: -19 (exp. 2).
[2025-09-27 20:28:56] [General - KernelLogLogger] [DEBUG] el: usb 5-1µ
[2025-09-27 20:28:57] [Camera - USBFrameProvider - AprilTag1] [ERROR] Error grabbing image: timed out getting frame
[2025-09-27 20:28:57] [CSCore - PvCSCoreLogger] [INFO] AprilTag1: Attempting to connect to USB camera on /dev/v4l/by-path/platform-fc880000.usb-usb-0:1:1.0-video-index0
[2025-09-27 20:28:57] [CSCore - PvCSCoreLogger] [DEBUG] CS: DEBUG 7: AprilTag1: opening device (UsbCameraImpl.cpp:651)
[2025-09-27 20:28:57] [CSCore - PvCSCoreLogger] [INFO] AprilTag1: Attempting to connect to USB camera on /dev/v4l/by-path/platform-fc880000.usb-usb-0:1:1.0-video-index0
[2025-09-27 20:28:57] [CSCore - PvCSCoreLogger] [DEBUG] CS: DEBUG 7: AprilTag1: opening device (UsbCameraImpl.cpp:651)
[2025-09-27 20:28:57] [CSCore - PvCSCoreLogger] [INFO] AprilTag1: Attempting to connect to USB camera on /dev/v4l/by-path/platform-fc880000.usb-usb-0:1:1.0-video-index0
[2025-09-27 20:28:57] [CSCore - PvCSCoreLogger] [DEBUG] CS: DEBUG 7: AprilTag1: opening device (UsbCameraImpl.cpp:651)
[2025-09-27 20:28:57] [CSCore - PvCSCoreLogger] [INFO] AprilTag1: Connected to USB camera on /dev/v4l/by-path/platform-fc880000.usb-usb-0:1:1.0-video-index0
[2025-09-27 20:28:57] [CSCore - PvCSCoreLogger] [DEBUG] CS: DEBUG 7: AprilTag1: getting capabilities (UsbCameraImpl.cpp:663)
[2025-09-27 20:28:57] [CSCore - PvCSCoreLogger] [DEBUG] CS: DEBUG 7: AprilTag1: restoring video mode (UsbCameraImpl.cpp:681)
[2025-09-27 20:28:57] [CSCore - PvCSCoreLogger] [INFO] AprilTag1: set format 1 res 320x240
[2025-09-27 20:28:57] [CSCore - PvCSCoreLogger] [INFO] AprilTag1: set FPS to 100
[2025-09-27 20:28:57] [CSCore - PvCSCoreLogger] [DEBUG] CS: DEBUG 7: AprilTag1: restoring settings (UsbCameraImpl.cpp:686)
[2025-09-27 20:28:57] [Camera - USBFrameProvider - AprilTag1] [ERROR] Error grabbing image: timed out getting frame
[2025-09-27 20:28:57] [Camera - USBFrameProvider - AprilTag1] [ERROR] Error grabbing image: timed out getting frame
[2025-09-27 20:28:57] [General - KernelLogLogger] [DEBUG] 2025-09-27T20:28:57.079059-06:00 photonvision kernel: usb 5-1: new high-speed USB device number 76 using ehci-platform
[2025-09-27 20:28:57] [General - KernelLogLogger] [DEBUG] 2025-09-27T20:28:57.239037-06:00 photonvision kernel: usb 5-1: New USB device found, idVendor=0c45, idProduct=6366, bcdDevice= 1.00
[2025-09-27 20:28:57] [General - KernelLogLogger] [DEBUG] 2025-09-27T20:28:57.239060-06:00 photonvision kernel: usb 5-1: New USB device strings: Mfr=2, Product=1, SerialNumber=3
[2025-09-27 20:28:57] [General - KernelLogLogger] [DEBUG] 2025-09-27T20:28:57.239062-06:00 photonvision kernel: usb 5-1: Product: AprilTag1
[2025-09-27 20:28:57] [General - KernelLogLogger] [DEBUG] 2025-09-27T20:28:57.239063-06:00 photonvision kernel: usb 5-1: Manufacturer: Arducam Technology Co., Ltd.
[2025-09-27 20:28:57] [General - KernelLogLogger] [DEBUG] 2025-09-27T20:28:57.239064-06:00 photonvision kernel: usb 5-1: SerialNumber: 0001
[2025-09-27 20:28:57] [General - KernelLogLogger] [DEBUG] 2025-09-27T20:28:57.242580-06:00 photonvision kernel: usb 5-1: Found UVC 1.00 device AprilTag1 (0c45:6366)
[2025-09-27 20:28:57] [General - KernelLogLogger] [DEBUG] 2025-09-27T20:28:57.269650-06:00 photonvision kernel: input: AprilTag1: AprilTag1 as /devices/platform/fc880000.usb/usb5/5-1/5-1:1.0/input/input88
[2025-09-27 20:28:57] [General - KernelLogLogger] [DEBUG] sb 5-1: New USB device strings: Mfr=2, Product=1, SerialNumber=3
[2025-09-27 20:28:57] [General - KernelLogLogger] [DEBUG] 2025-09-27T20:28:55.439168-06:00 photonvision kernel: usb 5-1: Product: AprilTag1
[2025-09-27 20:28:57] [General - KernelLogLogger] [DEBUG] 2025-09-27T20:28:55.439173-06:00 photonvision kernel: usb 5-1: Manufacturer: Arducam Technology Co., Ltd.
[2025-09-27 20:28:57] [General - KernelLogLogger] [DEBUG] 2025-09-27T20:28:55.439176-06:00 photonvision kernel: usb 5-1: SerialNumber: 0001
[2025-09-27 20:28:57] [General - KernelLogLogger] [DEBUG] ÿ
[2025-09-27 20:28:57] [Camera - USBFrameProvider - AprilTag1] [ERROR] Error grabbing image: timed out getting frame
[2025-09-27 20:28:58] [Camera - USBFrameProvider - AprilTag1] [ERROR] Error grabbing image: timed out getting frame
[2025-09-27 20:28:58] [CSCore - PvCSCoreLogger] [DEBUG] CS: DEBUG 7: AprilTag1: allocating buffers (UsbCameraImpl.cpp:701)
[2025-09-27 20:28:58] [CSCore - PvCSCoreLogger] [DEBUG] CS: DEBUG 7: AprilTag1: mapping buffers (UsbCameraImpl.cpp:715)
[2025-09-27 20:28:58] [CSCore - PvCSCoreLogger] [DEBUG] CS: DEBUG 7: AprilTag1: queuing buffers (UsbCameraImpl.cpp:765)
[2025-09-27 20:28:58] [Camera - USBFrameProvider - AprilTag1] [ERROR] Error grabbing image: timed out getting frame
[2025-09-27 20:28:58] [CSCore - PvCSCoreLogger] [ERROR] CS: ERROR 40: AprilTag1: ioctl VIDIOC_STREAMON failed: Protocol error (UsbCameraImpl.cpp:789)
[2025-09-27 20:28:58] [CSCore - PvCSCoreLogger] [INFO] AprilTag1: Attempting to connect to USB camera on /dev/v4l/by-path/platform-fc880000.usb-usb-0:1:1.0-video-index0
[2025-09-27 20:28:58] [CSCore - PvCSCoreLogger] [DEBUG] CS: DEBUG 7: AprilTag1: opening device (UsbCameraImpl.cpp:651)
[2025-09-27 20:28:58] [CSCore - PvCSCoreLogger] [INFO] AprilTag1: Attempting to connect to USB camera on /dev/v4l/by-path/platform-fc880000.usb-usb-0:1:1.0-video-index0
[2025-09-27 20:28:58] [CSCore - PvCSCoreLogger] [DEBUG] CS: DEBUG 7: AprilTag1: opening device (UsbCameraImpl.cpp:651)
[2025-09-27 20:28:58] [Camera - USBFrameProvider - AprilTag1] [ERROR] Error grabbing image: timed out getting frame
[2025-09-27 20:28:58] [General - KernelLogLogger] [DEBUG] 2025-09-27T20:28:58.575747-06:00 photonvision kernel: usb 5-1: Failed to query (GET_CUR) UVC control 6 on unit 2: -71 (exp. 2).
[2025-09-27 20:28:58] [General - KernelLogLogger] [DEBUG] 2025-09-27T20:28:58.589092-06:00 photonvision kernel: usb usb5-port1: disabled by hub (EMI?), re-enabling...
[2025-09-27 20:28:58] [General - KernelLogLogger] [DEBUG] 2025-09-27T20:28:58.589138-06:00 photonvision kernel: usb 5-1: USB disconnect, device number 76
[2025-09-27 20:28:58] [General - KernelLogLogger] [DEBUG] 7T20:28:37.Á
[2025-09-27 20:28:59] [Camera - USBFrameProvider - AprilTag1] [ERROR] Error grabbing image: timed out getting frame
[2025-09-27 20:28:59] [CSCore - PvCSCoreLogger] [INFO] AprilTag1: Attempting to connect to USB camera on /dev/v4l/by-path/platform-fc880000.usb-usb-0:1:1.0-video-index0
[2025-09-27 20:28:59] [CSCore - PvCSCoreLogger] [DEBUG] CS: DEBUG 7: AprilTag1: opening device (UsbCameraImpl.cpp:651)
[2025-09-27 20:28:59] [CSCore - PvCSCoreLogger] [INFO] AprilTag1: Connected to USB camera on /dev/v4l/by-path/platform-fc880000.usb-usb-0:1:1.0-video-index0
[2025-09-27 20:28:59] [CSCore - PvCSCoreLogger] [DEBUG] CS: DEBUG 7: AprilTag1: getting capabilities (UsbCameraImpl.cpp:663)
[2025-09-27 20:28:59] [CSCore - PvCSCoreLogger] [DEBUG] CS: DEBUG 7: AprilTag1: restoring video mode (UsbCameraImpl.cpp:681)
[2025-09-27 20:28:59] [CSCore - PvCSCoreLogger] [INFO] AprilTag1: set format 1 res 320x240
[2025-09-27 20:28:59] [CSCore - PvCSCoreLogger] [INFO] AprilTag1: set FPS to 100
[2025-09-27 20:28:59] [CSCore - PvCSCoreLogger] [DEBUG] CS: DEBUG 7: AprilTag1: restoring settings (UsbCameraImpl.cpp:686)
[2025-09-27 20:28:59] [Camera - USBFrameProvider - AprilTag1] [ERROR] Error grabbing image: timed out getting frame
[2025-09-27 20:28:59] [Camera - USBFrameProvider - AprilTag1] [ERROR] Error grabbing image: timed out getting frame
[2025-09-27 20:28:59] [Camera - USBFrameProvider - AprilTag1] [ERROR] Error grabbing image: timed out getting frame
[2025-09-27 20:28:59] [General - KernelLogLogger] [DEBUG] 2025-09-27T20:28:58.912478-06:00 photonvision kernel: usb 5-1: new high-speed USB device number 77 using ehci-platform
[2025-09-27 20:28:59] [General - KernelLogLogger] [DEBUG] 2025-09-27T20:28:59.072525-06:00 photonvision kernel: usb 5-1: New USB device found, idVendor=0c45, idProduct=6366, bcdDevice= 1.00
[2025-09-27 20:28:59] [General - KernelLogLogger] [DEBUG] 2025-09-27T20:28:59.072568-06:00 photonvision kernel: usb 5-1: New USB device strings: Mfr=2, Product=1, SerialNumber=3
[2025-09-27 20:28:59] [General - KernelLogLogger] [DEBUG] 2025-09-27T20:28:59.072572-06:00 photonvision kernel: usb 5-1: Product: AprilTag1
[2025-09-27 20:28:59] [General - KernelLogLogger] [DEBUG] 2025-09-27T20:28:59.072575-06:00 photonvision kernel: usb 5-1: Manufacturer: Arducam Technology Co., Ltd.
[2025-09-27 20:28:59] [General - KernelLogLogger] [DEBUG] 2025-09-27T20:28:59.072607-06:00 photonvision kernel: usb 5-1: SerialNumber: 0001
[2025-09-27 20:28:59] [General - KernelLogLogger] [DEBUG] 2025-09-27T20:28:59.075754-06:00 photonvision kernel: usb 5-1: Found UVC 1.00 device AprilTag1 (0c45:6366)
[2025-09-27 20:28:59] [General - KernelLogLogger] [DEBUG] 2025-09-27T20:28:59.105753-06:00 photonvision kernel: input: AprilTag1: AprilTag1 as /devices/platform/fc880000.usb/usb5/5-1/5-1:1.0/input/input89
[2025-09-27 20:28:59] [General - KernelLogLogger] [DEBUG] sb 5-1: New USB device strings: Mfr=2, Product=1, SerialNumber=3
[2025-09-27 20:28:59] [General - KernelLogLogger] [DEBUG] 2025-09-27T20:28:55.439168-06:00 photonvision kernel: usb 5-1: Product: AprilTag1
[2025-09-27 20:28:59] [General - KernelLogLogger] [DEBUG] 2025-09-27T20:28:55.439173-06:00 photonvision kernel: usb 5-1: Manufacturer: Arducam Technology Co., Ltd.
[2025-09-27 20:28:59] [General - KernelLogLogger] [DEBUG] 2025-09-27T20:28:55.439176-06:00 photonvision kernel: usb 5-1: SerialNumber: 0001
[2025-09-27 20:28:59] [General - KernelLogLogger] [DEBUG] ÿ
[2025-09-27 20:29:00] [Camera - USBFrameProvider - AprilTag1] [ERROR] Error grabbing image: timed out getting frame
[2025-09-27 20:29:00] [CSCore - PvCSCoreLogger] [DEBUG] CS: DEBUG 7: AprilTag1: allocating buffers (UsbCameraImpl.cpp:701)
[2025-09-27 20:29:00] [CSCore - PvCSCoreLogger] [DEBUG] CS: DEBUG 7: AprilTag1: mapping buffers (UsbCameraImpl.cpp:715)
[2025-09-27 20:29:00] [CSCore - PvCSCoreLogger] [DEBUG] CS: DEBUG 7: AprilTag1: queuing buffers (UsbCameraImpl.cpp:765)
[2025-09-27 20:29:00] [Camera - USBFrameProvider - AprilTag1] [ERROR] Error grabbing image: timed out getting frame
[2025-09-27 20:29:00] [CSCore - PvCSCoreLogger] [ERROR] CS: ERROR 40: AprilTag1: ioctl VIDIOC_STREAMON failed: Protocol error (UsbCameraImpl.cpp:789)
[2025-09-27 20:29:00] [CSCore - PvCSCoreLogger] [DEBUG] CS: DEBUG 7: AprilTag1: queuing buffers (UsbCameraImpl.cpp:765)
[2025-09-27 20:29:00] [CSCore - PvCSCoreLogger] [ERROR] CS: ERROR 40: ioctl VIDIOC_QBUF failed at UsbCameraImpl.cpp:772: Invalid argument (UsbUtil.cpp:157)
[2025-09-27 20:29:00] [CSCore - PvCSCoreLogger] [WARN] CS: WARNING 30: AprilTag1: could not queue buffer 0 (UsbCameraImpl.cpp:773)
[2025-09-27 20:29:00] [CSCore - PvCSCoreLogger] [DEBUG] CS: DEBUG 7: AprilTag1: queuing buffers (UsbCameraImpl.cpp:765)
[2025-09-27 20:29:00] [CSCore - PvCSCoreLogger] [ERROR] CS: ERROR 40: ioctl VIDIOC_QBUF failed at UsbCameraImpl.cpp:772: Invalid argument (UsbUtil.cpp:157)
[2025-09-27 20:29:00] [CSCore - PvCSCoreLogger] [WARN] CS: WARNING 30: AprilTag1: could not queue buffer 0 (UsbCameraImpl.cpp:773)
[2025-09-27 20:29:00] [CSCore - PvCSCoreLogger] [INFO] AprilTag1: Attempting to connect to USB camera on /dev/v4l/by-path/platform-fc880000.usb-usb-0:1:1.0-video-index0
[2025-09-27 20:29:00] [CSCore - PvCSCoreLogger] [DEBUG] CS: DEBUG 7: AprilTag1: opening device (UsbCameraImpl.cpp:651)
[2025-09-27 20:29:00] [CSCore - PvCSCoreLogger] [INFO] AprilTag1: Attempting to connect to USB camera on /dev/v4l/by-path/platform-fc880000.usb-usb-0:1:1.0-video-index0
[2025-09-27 20:29:00] [CSCore - PvCSCoreLogger] [DEBUG] CS: DEBUG 7: AprilTag1: opening device (UsbCameraImpl.cpp:651)
[2025-09-27 20:29:00] [CSCore - PvCSCoreLogger] [INFO] AprilTag1: Attempting to connect to USB camera on /dev/v4l/by-path/platform-fc880000.usb-usb-0:1:1.0-video-index0
[2025-09-27 20:29:00] [CSCore - PvCSCoreLogger] [DEBUG] CS: DEBUG 7: AprilTag1: opening device (UsbCameraImpl.cpp:651)
[2025-09-27 20:29:00] [Camera - USBFrameProvider - AprilTag1] [ERROR] Error grabbing image: timed out getting frame
[2025-09-27 20:29:00] [General - KernelLogLogger] [DEBUG] 2025-09-27T20:29:00.382376-06:00 photonvision kernel: usb 5-1: Failed to query (GET_CUR) UVC control 10 on unit 2: -71 (exp. 2).
[2025-09-27 20:29:00] [General - KernelLogLogger] [DEBUG] 2025-09-27T20:29:00.392439-06:00 photonvision kernel: usb usb5-port1: disabled by hub (EMI?), re-enabling...
[2025-09-27 20:29:00] [General - KernelLogLogger] [DEBUG] 2025-09-27T20:29:00.392490-06:00 photonvision kernel: usb 5-1: USB disconnect, device number 77
[2025-09-27 20:29:00] [General - KernelLogLogger] [DEBUG] 2025-09-27T20:29:00.739087-06:00 photonvision kernel: usb 5-1: new high-speed USB device number 78 using ehci-platform
[2025-09-27 20:29:00] [General - KernelLogLogger] [DEBUG] 2025-09-27T20:29:00.899051-06:00 photonvision kernel: usb 5-1: New USB device found, idVendor=0c45, idProduct=6366, bcdDevice= 1.00
[2025-09-27 20:29:00] [General - KernelLogLogger] [DEBUG] 2025-09-27T20:29:00.899076-06:00 photonvision kernel: usb 5-1: New USB device strings: Mfr=2, Product=1, SerialNumber=3
[2025-09-27 20:29:00] [General - KernelLogLogger] [DEBUG] 2025-09-27T20:29:00.899077-06:00 photonvision kernel: usb 5-1: Product: AprilTag1
[2025-09-27 20:29:00] [General - KernelLogLogger] [DEBUG] 2025-09-27T20:29:00.899078-06:00 photonvision kernel: usb 5-1: Manufacturer: Arducam Technology Co., Ltd.
[2025-09-27 20:29:00] [General - KernelLogLogger] [DEBUG] 2025-09-27T20:29:00.899080-06:00 photonvision kernel: usb 5-1: SerialNumber: 0001
[2025-09-27 20:29:00] [General - KernelLogLogger] [DEBUG] 30.592746Á
[2025-09-27 20:29:00] [Camera - USBFrameProvider - AprilTag1] [ERROR] Error grabbing image: timed out getting frame
[2025-09-27 20:29:00] [CSCore - PvCSCoreLogger] [INFO] AprilTag1: Attempting to connect to USB camera on /dev/v4l/by-path/platform-fc880000.usb-usb-0:1:1.0-video-index0
[2025-09-27 20:29:00] [CSCore - PvCSCoreLogger] [DEBUG] CS: DEBUG 7: AprilTag1: opening device (UsbCameraImpl.cpp:651)
[2025-09-27 20:29:00] [CSCore - PvCSCoreLogger] [INFO] AprilTag1: Attempting to connect to USB camera on /dev/v4l/by-path/platform-fc880000.usb-usb-0:1:1.0-video-index0
[2025-09-27 20:29:00] [CSCore - PvCSCoreLogger] [DEBUG] CS: DEBUG 7: AprilTag1: opening device (UsbCameraImpl.cpp:651)
[2025-09-27 20:29:00] [CSCore - PvCSCoreLogger] [INFO] AprilTag1: Attempting to connect to USB camera on /dev/v4l/by-path/platform-fc880000.usb-usb-0:1:1.0-video-index0
[2025-09-27 20:29:00] [CSCore - PvCSCoreLogger] [DEBUG] CS: DEBUG 7: AprilTag1: opening device (UsbCameraImpl.cpp:651)
[2025-09-27 20:29:00] [CSCore - PvCSCoreLogger] [INFO] AprilTag1: Connected to USB camera on /dev/v4l/by-path/platform-fc880000.usb-usb-0:1:1.0-video-index0
[2025-09-27 20:29:00] [CSCore - PvCSCoreLogger] [DEBUG] CS: DEBUG 7: AprilTag1: getting capabilities (UsbCameraImpl.cpp:663)
[2025-09-27 20:29:00] [CSCore - PvCSCoreLogger] [DEBUG] CS: DEBUG 7: AprilTag1: restoring video mode (UsbCameraImpl.cpp:681)
[2025-09-27 20:29:00] [CSCore - PvCSCoreLogger] [INFO] AprilTag1: set format 1 res 320x240
[2025-09-27 20:29:01] [CSCore - PvCSCoreLogger] [INFO] AprilTag1: set FPS to 100
[2025-09-27 20:29:01] [CSCore - PvCSCoreLogger] [DEBUG] CS: DEBUG 7: AprilTag1: restoring settings (UsbCameraImpl.cpp:686)
[2025-09-27 20:29:01] [Camera - USBFrameProvider - AprilTag1] [ERROR] Error grabbing image: timed out getting frame
[2025-09-27 20:29:01] [Camera - USBFrameProvider - AprilTag1] [ERROR] Error grabbing image: timed out getting frame
[2025-09-27 20:29:01] [Camera - USBFrameProvider - AprilTag1] [ERROR] Error grabbing image: timed out getting frame
[2025-09-27 20:29:01] [General - KernelLogLogger] [DEBUG] 2025-09-27T20:29:00.902393-06:00 photonvision kernel: usb 5-1: Found UVC 1.00 device AprilTag1 (0c45:6366)
[2025-09-27 20:29:01] [General - KernelLogLogger] [DEBUG] 2025-09-27T20:29:00.932403-06:00 photonvision kernel: input: AprilTag1: AprilTag1 as /devices/platform/fc880000.usb/usb5/5-1/5-1:1.0/input/input90
[2025-09-27 20:29:01] [General - KernelLogLogger] [DEBUG] (e
[2025-09-27 20:29:02] [Camera - USBFrameProvider - AprilTag1] [ERROR] Error grabbing image: timed out getting frame
[2025-09-27 20:29:02] [CSCore - PvCSCoreLogger] [DEBUG] CS: DEBUG 7: AprilTag1: allocating buffers (UsbCameraImpl.cpp:701)
[2025-09-27 20:29:02] [CSCore - PvCSCoreLogger] [DEBUG] CS: DEBUG 7: AprilTag1: mapping buffers (UsbCameraImpl.cpp:715)
[2025-09-27 20:29:02] [CSCore - PvCSCoreLogger] [DEBUG] CS: DEBUG 7: AprilTag1: queuing buffers (UsbCameraImpl.cpp:765)
[2025-09-27 20:29:02] [CSCore - PvCSCoreLogger] [ERROR] CS: ERROR 40: AprilTag1: ioctl VIDIOC_STREAMON failed: Protocol error (UsbCameraImpl.cpp:789)
[2025-09-27 20:29:02] [CSCore - PvCSCoreLogger] [INFO] AprilTag1: Attempting to connect to USB camera on /dev/v4l/by-path/platform-fc880000.usb-usb-0:1:1.0-video-index0
[2025-09-27 20:29:02] [CSCore - PvCSCoreLogger] [DEBUG] CS: DEBUG 7: AprilTag1: opening device (UsbCameraImpl.cpp:651)
[2025-09-27 20:29:02] [CSCore - PvCSCoreLogger] [INFO] AprilTag1: Attempting to connect to USB camera on /dev/v4l/by-path/platform-fc880000.usb-usb-0:1:1.0-video-index0
[2025-09-27 20:29:02] [CSCore - PvCSCoreLogger] [DEBUG] CS: DEBUG 7: AprilTag1: opening device (UsbCameraImpl.cpp:651)
[2025-09-27 20:29:02] [Camera - USBFrameProvider - AprilTag1] [ERROR] Error grabbing image: timed out getting frame
[2025-09-27 20:29:02] [Camera - USBFrameProvider - AprilTag1] [ERROR] Error grabbing image: timed out getting frame
[2025-09-27 20:29:02] [CSCore - PvCSCoreLogger] [INFO] AprilTag1: Attempting to connect to USB camera on /dev/v4l/by-path/platform-fc880000.usb-usb-0:1:1.0-video-index0
[2025-09-27 20:29:02] [CSCore - PvCSCoreLogger] [DEBUG] CS: DEBUG 7: AprilTag1: opening device (UsbCameraImpl.cpp:651)
[2025-09-27 20:29:02] [CSCore - PvCSCoreLogger] [INFO] AprilTag1: Attempting to connect to USB camera on /dev/v4l/by-path/platform-fc880000.usb-usb-0:1:1.0-video-index0
[2025-09-27 20:29:02] [CSCore - PvCSCoreLogger] [DEBUG] CS: DEBUG 7: AprilTag1: opening device (UsbCameraImpl.cpp:651)
[2025-09-27 20:29:02] [CSCore - PvCSCoreLogger] [INFO] AprilTag1: Attempting to connect to USB camera on /dev/v4l/by-path/platform-fc880000.usb-usb-0:1:1.0-video-index0
[2025-09-27 20:29:02] [CSCore - PvCSCoreLogger] [DEBUG] CS: DEBUG 7: AprilTag1: opening device (UsbCameraImpl.cpp:651)
[2025-09-27 20:29:02] [CSCore - PvCSCoreLogger] [INFO] AprilTag1: Connected to USB camera on /dev/v4l/by-path/platform-fc880000.usb-usb-0:1:1.0-video-index0
[2025-09-27 20:29:02] [CSCore - PvCSCoreLogger] [DEBUG] CS: DEBUG 7: AprilTag1: getting capabilities (UsbCameraImpl.cpp:663)
[2025-09-27 20:29:02] [CSCore - PvCSCoreLogger] [DEBUG] CS: DEBUG 7: AprilTag1: restoring video mode (UsbCameraImpl.cpp:681)
[2025-09-27 20:29:02] [CSCore - PvCSCoreLogger] [INFO] AprilTag1: set format 1 res 320x240
[2025-09-27 20:29:02] [Camera - USBFrameProvider - AprilTag1] [ERROR] Error grabbing image: timed out getting frame
[2025-09-27 20:29:02] [CSCore - PvCSCoreLogger] [INFO] AprilTag1: set FPS to 100
[2025-09-27 20:29:02] [CSCore - PvCSCoreLogger] [DEBUG] CS: DEBUG 7: AprilTag1: restoring settings (UsbCameraImpl.cpp:686)
[2025-09-27 20:29:02] [General - KernelLogLogger] [DEBUG] 2025-09-27T20:29:02.225689-06:00 photonvision kernel: usb 5-1: Failed to query (GET_RES) UVC control 1 on unit 2: -71 (exp. 2).
[2025-09-27 20:29:02] [General - KernelLogLogger] [DEBUG] 2025-09-27T20:29:02.239050-06:00 photonvision kernel: usb usb5-port1: disabled by hub (EMI?), re-enabling...
[2025-09-27 20:29:02] [General - KernelLogLogger] [DEBUG] 2025-09-27T20:29:02.239062-06:00 photonvision kernel: usb 5-1: USB disconnect, device number 78
[2025-09-27 20:29:02] [General - KernelLogLogger] [DEBUG] 2025-09-27T20:29:02.239064-06:00 photonvision kernel: usb 5-1: Failed to query (GET_CUR) UVC control 2 on unit 2: -71 (exp. 2).
[2025-09-27 20:29:02] [General - KernelLogLogger] [DEBUG] 2025-09-27T20:29:02.579062-06:00 photonvision kernel: usb 5-1: new high-speed USB device number 79 using ehci-platform
[2025-09-27 20:29:02] [General - KernelLogLogger] [DEBUG] 2025-09-27T20:29:02.739041-06:00 photonvision kernel: usb 5-1: New USB device found, idVendor=0c45, idProduct=6366, bcdDevice= 1.00
[2025-09-27 20:29:02] [General - KernelLogLogger] [DEBUG] 2025-09-27T20:29:02.739065-06:00 photonvision kernel: usb 5-1: New USB device strings: Mfr=2, Product=1, SerialNumber=3
[2025-09-27 20:29:02] [General - KernelLogLogger] [DEBUG] 2025-09-27T20:29:02.739066-06:00 photonvision kernel: usb 5-1: Product: AprilTag1
[2025-09-27 20:29:02] [General - KernelLogLogger] [DEBUG] 2025-09-27T20:29:02.739068-06:00 photonvision kernel: usb 5-1: Manufacturer: Arducam Technology Co., Ltd.
[2025-09-27 20:29:02] [General - KernelLogLogger] [DEBUG] 2025-09-27T20:29:02.739069-06:00 photonvision kernel: usb 5-1: SerialNumber: 0001
[2025-09-27 20:29:02] [General - KernelLogLogger] [DEBUG] 2025-09-27T20:29:02.742380-06:00 photonvision kernel: usb 5-1: Found UVC 1.00 device AprilTag1 (0c45:6366)
[2025-09-27 20:29:02] [General - KernelLogLogger] [DEBUG] 2025-09-27T20:29:02.769066-06:00 photonvision kernel: input: AprilTag1: AprilTag1 as /devices/platform/fc880000.usb/usb5/5-1/5-1:1.0/input/input91
[2025-09-27 20:29:02] [General - KernelLogLogger] [DEBUG] 26135-06:00 photonvision kernel: input: AprilTag1: AprilTag1 as /devices/platform/fc880000.usb/usb5/5-1/5-1:1.0/input/input20
[2025-09-27 20:29:03] [Camera - USBFrameProvider - AprilTag1] [ERROR] Error grabbing image: timed out getting frame
[2025-09-27 20:29:03] [Camera - USBFrameProvider - AprilTag1] [ERROR] Error grabbing image: timed out getting frame
[2025-09-27 20:29:03] [Camera - USBFrameProvider - AprilTag1] [ERROR] Error grabbing image: timed out getting frame
[2025-09-27 20:29:03] [CSCore - PvCSCoreLogger] [DEBUG] CS: DEBUG 7: AprilTag1: allocating buffers (UsbCameraImpl.cpp:701)
[2025-09-27 20:29:03] [CSCore - PvCSCoreLogger] [DEBUG] CS: DEBUG 7: AprilTag1: mapping buffers (UsbCameraImpl.cpp:715)
[2025-09-27 20:29:03] [CSCore - PvCSCoreLogger] [DEBUG] CS: DEBUG 7: AprilTag1: queuing buffers (UsbCameraImpl.cpp:765)
[2025-09-27 20:29:03] [Camera - USBFrameProvider - AprilTag1] [ERROR] Error grabbing image: timed out getting frame
[2025-09-27 20:29:04] [CSCore - PvCSCoreLogger] [ERROR] CS: ERROR 40: AprilTag1: ioctl VIDIOC_STREAMON failed: Protocol error (UsbCameraImpl.cpp:789)
[2025-09-27 20:29:04] [CSCore - PvCSCoreLogger] [INFO] AprilTag1: Attempting to connect to USB camera on /dev/v4l/by-path/platform-fc880000.usb-usb-0:1:1.0-video-index0
[2025-09-27 20:29:04] [CSCore - PvCSCoreLogger] [DEBUG] CS: DEBUG 7: AprilTag1: opening device (UsbCameraImpl.cpp:651)
[2025-09-27 20:29:04] [CSCore - PvCSCoreLogger] [INFO] AprilTag1: Attempting to connect to USB camera on /dev/v4l/by-path/platform-fc880000.usb-usb-0:1:1.0-video-index0
[2025-09-27 20:29:04] [CSCore - PvCSCoreLogger] [DEBUG] CS: DEBUG 7: AprilTag1: opening device (UsbCameraImpl.cpp:651)
[2025-09-27 20:29:04] [Camera - USBFrameProvider - AprilTag1] [ERROR] Error grabbing image: timed out getting frame
[2025-09-27 20:29:04] [Camera - USBFrameProvider - AprilTag1] [ERROR] Error grabbing image: timed out getting frame
[2025-09-27 20:29:04] [CSCore - PvCSCoreLogger] [INFO] AprilTag1: Attempting to connect to USB camera on /dev/v4l/by-path/platform-fc880000.usb-usb-0:1:1.0-video-index0
[2025-09-27 20:29:04] [CSCore - PvCSCoreLogger] [DEBUG] CS: DEBUG 7: AprilTag1: opening device (UsbCameraImpl.cpp:651)
[2025-09-27 20:29:04] [CSCore - PvCSCoreLogger] [INFO] AprilTag1: Attempting to connect to USB camera on /dev/v4l/by-path/platform-fc880000.usb-usb-0:1:1.0-video-index0
[2025-09-27 20:29:04] [CSCore - PvCSCoreLogger] [DEBUG] CS: DEBUG 7: AprilTag1: opening device (UsbCameraImpl.cpp:651)
[2025-09-27 20:29:04] [CSCore - PvCSCoreLogger] [INFO] AprilTag1: Connected to USB camera on /dev/v4l/by-path/platform-fc880000.usb-usb-0:1:1.0-video-index0
[2025-09-27 20:29:04] [CSCore - PvCSCoreLogger] [DEBUG] CS: DEBUG 7: AprilTag1: getting capabilities (UsbCameraImpl.cpp:663)
[2025-09-27 20:29:04] [CSCore - PvCSCoreLogger] [DEBUG] CS: DEBUG 7: AprilTag1: restoring video mode (UsbCameraImpl.cpp:681)
[2025-09-27 20:29:04] [CSCore - PvCSCoreLogger] [INFO] AprilTag1: set format 1 res 320x240
[2025-09-27 20:29:04] [CSCore - PvCSCoreLogger] [INFO] AprilTag1: set FPS to 100
[2025-09-27 20:29:04] [CSCore - PvCSCoreLogger] [DEBUG] CS: DEBUG 7: AprilTag1: restoring settings (UsbCameraImpl.cpp:686)
[2025-09-27 20:29:04] [Camera - USBFrameProvider - AprilTag1] [ERROR] Error grabbing image: timed out getting frame
[2025-09-27 20:29:04] [General - KernelLogLogger] [DEBUG] 2025-09-27T20:29:04.052454-06:00 photonvision kernel: usb usb5-port1: disabled by hub (EMI?), re-enabling...
[2025-09-27 20:29:04] [General - KernelLogLogger] [DEBUG] 2025-09-27T20:29:04.052504-06:00 photonvision kernel: usb 5-1: USB disconnect, device number 79
[2025-09-27 20:29:04] [General - KernelLogLogger] [DEBUG] 2025-09-27T20:29:04.055716-06:00 photonvision kernel: usb 5-1: Failed to query (GET_CUR) UVC control 8 on unit 2: -71 (exp. 2).
[2025-09-27 20:29:04] [General - KernelLogLogger] [DEBUG] 2025-09-27T20:29:04.385728-06:00 photonvision kernel: usb 5-1: new high-speed USB device number 80 using ehci-platform
[2025-09-27 20:29:04] [General - KernelLogLogger] [DEBUG] 2025-09-27T20:29:04.545826-06:00 photonvision kernel: usb 5-1: New USB device found, idVendor=0c45, idProduct=6366, bcdDevice= 1.00
[2025-09-27 20:29:04] [General - KernelLogLogger] [DEBUG] 2025-09-27T20:29:04.545888-06:00 photonvision kernel: usb 5-1: New USB device strings: Mfr=2, Product=1, SerialNumber=3
[2025-09-27 20:29:04] [General - KernelLogLogger] [DEBUG] 2025-09-27T20:29:04.545894-06:00 photonvision kernel: usb 5-1: Product: AprilTag1
[2025-09-27 20:29:04] [General - KernelLogLogger] [DEBUG] 2025-09-27T20:29:04.545953-06:00 photonvision kernel: usb 5-1: Manufacturer: Arducam Technology Co., Ltd.
[2025-09-27 20:29:04] [General - KernelLogLogger] [DEBUG] 2025-09-27T20:29:04.545959-06:00 photonvision kernel: usb 5-1: SerialNumber: 0001
[2025-09-27 20:29:04] [General - KernelLogLogger] [DEBUG] 2025-09-27T20:29:04.549078-06:00 photonvision kernel: usb 5-1: Found UVC 1.00 device AprilTag1 (0c45:6366)
[2025-09-27 20:29:04] [General - KernelLogLogger] [DEBUG] 2025-09-27T20:29:04.575730-06:00 photonvision kernel: input: AprilTag1: AprilTag1 as /devices/platform/fc880000.usb/usb5/5-1/5-1:1.0/input/input92
[2025-09-27 20:29:04] [General - KernelLogLogger] [DEBUG] e80000.hdmi: i2c read time out!
[2025-09-27 20:29:04] [General - KernelLogLogger] [DEBUG]  :@:zÁã	8@IڊØ-6@ Y°ã#ß4@FàäÄå4@-,¹G3@£++¿Ò2@®¼Ԟ2@%:¦{2@	ó]H2@JQô1@®ª´=Wz1@GrÒ0@˞0@Ô^g5Ö%/@Ö±¦.@«¬eM.@´xæEò-@ǰØÅÉÌ-@I]ú-@WKþ1X.@¯Ëïù.@֯±{/@æҥ«Èß/@X)Gü`a0@eøÕ0@£"ãÐ1@5ÛiÌ1@#t|³[2@6îoâZA3@ð	Â4@ßAÔiÆ4@¬dÞÏ!5@w·ÔU5@. Ø3ø®4@ô!hí3@&±mE2@Dû-úÞ-@s2UɸÄ"@î%7à @HN¼àôä?é3âg¨?¸J?ÇêZBx?Ø0}õxó>?BÊÏK*î>fÏû5tð¾gcüyï¾ÚJ8F?ة?F鉝ý	?¯Wç«ÿ?p+ÙàÓð>FzÌ:å>ȗJ;ý>.aHfµ?dÌSÇ?"±« ?ñ«ɸ
[2025-09-27 20:29:05] [Camera - USBFrameProvider - AprilTag1] [ERROR] Error grabbing image: timed out getting frame
[2025-09-27 20:29:05] [Camera - USBFrameProvider - AprilTag1] [ERROR] Error grabbing image: timed out getting frame
[2025-09-27 20:29:05] [Camera - USBFrameProvider - AprilTag1] [ERROR] Error grabbing image: timed out getting frame
[2025-09-27 20:29:05] [CSCore - PvCSCoreLogger] [DEBUG] CS: DEBUG 7: AprilTag1: allocating buffers (UsbCameraImpl.cpp:701)
[2025-09-27 20:29:05] [CSCore - PvCSCoreLogger] [DEBUG] CS: DEBUG 7: AprilTag1: mapping buffers (UsbCameraImpl.cpp:715)
[2025-09-27 20:29:05] [CSCore - PvCSCoreLogger] [DEBUG] CS: DEBUG 7: AprilTag1: queuing buffers (UsbCameraImpl.cpp:765)
[2025-09-27 20:29:05] [Camera - USBFrameProvider - AprilTag1] [ERROR] Error grabbing image: timed out getting frame
[2025-09-27 20:29:05] [CSCore - PvCSCoreLogger] [ERROR] CS: ERROR 40: AprilTag1: ioctl VIDIOC_STREAMON failed: Protocol error (UsbCameraImpl.cpp:789)
[2025-09-27 20:29:05] [CSCore - PvCSCoreLogger] [DEBUG] CS: DEBUG 7: AprilTag1: queuing buffers (UsbCameraImpl.cpp:765)
[2025-09-27 20:29:05] [CSCore - PvCSCoreLogger] [ERROR] CS: ERROR 40: ioctl VIDIOC_QBUF failed at UsbCameraImpl.cpp:772: No such device (UsbUtil.cpp:157)
[2025-09-27 20:29:05] [CSCore - PvCSCoreLogger] [WARN] CS: WARNING 30: AprilTag1: could not queue buffer 0 (UsbCameraImpl.cpp:773)
[2025-09-27 20:29:05] [CSCore - PvCSCoreLogger] [INFO] AprilTag1: Attempting to connect to USB camera on /dev/v4l/by-path/platform-fc880000.usb-usb-0:1:1.0-video-index0
[2025-09-27 20:29:05] [CSCore - PvCSCoreLogger] [DEBUG] CS: DEBUG 7: AprilTag1: opening device (UsbCameraImpl.cpp:651)
[2025-09-27 20:29:05] [CSCore - PvCSCoreLogger] [INFO] AprilTag1: Attempting to connect to USB camera on /dev/v4l/by-path/platform-fc880000.usb-usb-0:1:1.0-video-index0
[2025-09-27 20:29:05] [CSCore - PvCSCoreLogger] [DEBUG] CS: DEBUG 7: AprilTag1: opening device (UsbCameraImpl.cpp:651)
[2025-09-27 20:29:05] [General - KernelLogLogger] [DEBUG] 2025-09-27T20:29:05.862411-06:00 photonvision kernel: usb 5-1: Failed to query (GET_RES) UVC control 8 on unit 2: -71 (exp. 2).
[2025-09-27 20:29:06] [Camera - USBFrameProvider - AprilTag1] [ERROR] Error grabbing image: timed out getting frame
[2025-09-27 20:29:06] [Camera - USBFrameProvider - AprilTag1] [ERROR] Error grabbing image: timed out getting frame
[2025-09-27 20:29:06] [CSCore - PvCSCoreLogger] [INFO] AprilTag1: Attempting to connect to USB camera on /dev/v4l/by-path/platform-fc880000.usb-usb-0:1:1.0-video-index0
[2025-09-27 20:29:06] [CSCore - PvCSCoreLogger] [DEBUG] CS: DEBUG 7: AprilTag1: opening device (UsbCameraImpl.cpp:651)
[2025-09-27 20:29:06] [CSCore - PvCSCoreLogger] [INFO] AprilTag1: Attempting to connect to USB camera on /dev/v4l/by-path/platform-fc880000.usb-usb-0:1:1.0-video-index0
[2025-09-27 20:29:06] [CSCore - PvCSCoreLogger] [DEBUG] CS: DEBUG 7: AprilTag1: opening device (UsbCameraImpl.cpp:651)
[2025-09-27 20:29:06] [CSCore - PvCSCoreLogger] [INFO] AprilTag1: Attempting to connect to USB camera on /dev/v4l/by-path/platform-fc880000.usb-usb-0:1:1.0-video-index0
[2025-09-27 20:29:06] [CSCore - PvCSCoreLogger] [DEBUG] CS: DEBUG 7: AprilTag1: opening device (UsbCameraImpl.cpp:651)
[2025-09-27 20:29:06] [CSCore - PvCSCoreLogger] [INFO] AprilTag1: Attempting to connect to USB camera on /dev/v4l/by-path/platform-fc880000.usb-usb-0:1:1.0-video-index0
[2025-09-27 20:29:06] [CSCore - PvCSCoreLogger] [DEBUG] CS: DEBUG 7: AprilTag1: opening device (UsbCameraImpl.cpp:651)
[2025-09-27 20:29:06] [CSCore - PvCSCoreLogger] [INFO] AprilTag1: Connected to USB camera on /dev/v4l/by-path/platform-fc880000.usb-usb-0:1:1.0-video-index0
[2025-09-27 20:29:06] [CSCore - PvCSCoreLogger] [DEBUG] CS: DEBUG 7: AprilTag1: getting capabilities (UsbCameraImpl.cpp:663)
[2025-09-27 20:29:06] [CSCore - PvCSCoreLogger] [DEBUG] CS: DEBUG 7: AprilTag1: restoring video mode (UsbCameraImpl.cpp:681)
[2025-09-27 20:29:06] [CSCore - PvCSCoreLogger] [INFO] AprilTag1: set format 1 res 320x240
[2025-09-27 20:29:06] [CSCore - PvCSCoreLogger] [INFO] AprilTag1: set FPS to 100
[2025-09-27 20:29:06] [CSCore - PvCSCoreLogger] [DEBUG] CS: DEBUG 7: AprilTag1: restoring settings (UsbCameraImpl.cpp:686)
[2025-09-27 20:29:06] [Camera - USBFrameProvider - AprilTag1] [ERROR] Error grabbing image: timed out getting frame
[2025-09-27 20:29:06] [Camera - USBFrameProvider - AprilTag1] [ERROR] Error grabbing image: timed out getting frame
[2025-09-27 20:29:06] [General - KernelLogLogger] [DEBUG] 2025-09-27T20:29:05.873523-06:00 photonvision kernel: usb 5-1: Failed to query (GET_CUR) UVC control 2 on unit 2: -71 (exp. 2).
[2025-09-27 20:29:06] [General - KernelLogLogger] [DEBUG] 2025-09-27T20:29:05.880072-06:00 photonvision kernel: usb 5-1: USB disconnect, device number 80
[2025-09-27 20:29:06] [General - KernelLogLogger] [DEBUG] 2025-09-27T20:29:05.880096-06:00 photonvision kernel: usb 5-1: Failed to query (GET_DEF) UVC control 8 on unit 2: -71 (exp. 2).
[2025-09-27 20:29:06] [General - KernelLogLogger] [DEBUG] 2025-09-27T20:29:06.212416-06:00 photonvision kernel: usb 5-1: new high-speed USB device number 81 using ehci-platform
[2025-09-27 20:29:06] [General - KernelLogLogger] [DEBUG] 2025-09-27T20:29:06.375870-06:00 photonvision kernel: usb 5-1: New USB device found, idVendor=0c45, idProduct=6366, bcdDevice= 1.00
[2025-09-27 20:29:06] [General - KernelLogLogger] [DEBUG] 2025-09-27T20:29:06.375923-06:00 photonvision kernel: usb 5-1: New USB device strings: Mfr=2, Product=1, SerialNumber=3
[2025-09-27 20:29:06] [General - KernelLogLogger] [DEBUG] 2025-09-27T20:29:06.375927-06:00 photonvision kernel: usb 5-1: Product: AprilTag1
[2025-09-27 20:29:06] [General - KernelLogLogger] [DEBUG] 2025-09-27T20:29:06.375945-06:00 photonvision kernel: usb 5-1: Manufacturer: Arducam Technology Co., Ltd.
[2025-09-27 20:29:06] [General - KernelLogLogger] [DEBUG] 2025-09-27T20:29:06.375950-06:00 photonvision kernel: usb 5-1: SerialNumber: 0001
[2025-09-27 20:29:06] [General - KernelLogLogger] [DEBUG] 2025-09-27T20:29:06.382405-06:00 photonvision kernel: usb 5-1: Found UVC 1.00 device AprilTag1 (0c45:6366)
[2025-09-27 20:29:06] [General - KernelLogLogger] [DEBUG] 2025-09-27T20:29:06.409072-06:00 photonvision kernel: input: AprilTag1: AprilTag1 as /devices/platform/fc880000.usb/usb5/5-1/5-1:1.0/input/input93
[2025-09-27 20:29:07] [Camera - USBFrameProvider - AprilTag1] [ERROR] Error grabbing image: timed out getting frame
[2025-09-27 20:29:07] [Camera - USBFrameProvider - AprilTag1] [ERROR] Error grabbing image: timed out getting frame
[2025-09-27 20:29:07] [CSCore - PvCSCoreLogger] [DEBUG] CS: DEBUG 7: AprilTag1: allocating buffers (UsbCameraImpl.cpp:701)
[2025-09-27 20:29:07] [CSCore - PvCSCoreLogger] [DEBUG] CS: DEBUG 7: AprilTag1: mapping buffers (UsbCameraImpl.cpp:715)
[2025-09-27 20:29:07] [CSCore - PvCSCoreLogger] [DEBUG] CS: DEBUG 7: AprilTag1: queuing buffers (UsbCameraImpl.cpp:765)
[2025-09-27 20:29:07] [CSCore - PvCSCoreLogger] [ERROR] CS: ERROR 40: AprilTag1: ioctl VIDIOC_STREAMON failed: Protocol error (UsbCameraImpl.cpp:789)
[2025-09-27 20:29:07] [Camera - USBFrameProvider - AprilTag1] [ERROR] Error grabbing image: timed out getting frame
[2025-09-27 20:29:07] [CSCore - PvCSCoreLogger] [INFO] AprilTag1: Attempting to connect to USB camera on /dev/v4l/by-path/platform-fc880000.usb-usb-0:1:1.0-video-index0
[2025-09-27 20:29:07] [CSCore - PvCSCoreLogger] [DEBUG] CS: DEBUG 7: AprilTag1: opening device (UsbCameraImpl.cpp:651)
[2025-09-27 20:29:07] [CSCore - PvCSCoreLogger] [INFO] AprilTag1: Attempting to connect to USB camera on /dev/v4l/by-path/platform-fc880000.usb-usb-0:1:1.0-video-index0
[2025-09-27 20:29:07] [CSCore - PvCSCoreLogger] [DEBUG] CS: DEBUG 7: AprilTag1: opening device (UsbCameraImpl.cpp:651)
[2025-09-27 20:29:07] [General - KernelLogLogger] [DEBUG] 2025-09-27T20:29:07.692392-06:00 photonvision kernel: usb 5-1: Failed to query (GET_CUR) UVC control 4 on unit 2: -71 (exp. 2).
[2025-09-27 20:29:07] [General - KernelLogLogger] [DEBUG] 2025-09-27T20:29:07.703020-06:00 photonvision kernel: usb usb5-port1: disabled by hub (EMI?), re-enabling...
[2025-09-27 20:29:07] [General - KernelLogLogger] [DEBUG] 2025-09-27T20:29:07.703070-06:00 photonvision kernel: usb 5-1: USB disconnect, device number 81
[2025-09-27 20:29:07] [Camera - USBFrameProvider - AprilTag1] [ERROR] Error grabbing image: timed out getting frame
[2025-09-27 20:29:08] [Camera - USBFrameProvider - AprilTag1] [ERROR] Error grabbing image: timed out getting frame
[2025-09-27 20:29:08] [CSCore - PvCSCoreLogger] [INFO] AprilTag1: Attempting to connect to USB camera on /dev/v4l/by-path/platform-fc880000.usb-usb-0:1:1.0-video-index0
[2025-09-27 20:29:08] [CSCore - PvCSCoreLogger] [DEBUG] CS: DEBUG 7: AprilTag1: opening device (UsbCameraImpl.cpp:651)
[2025-09-27 20:29:08] [CSCore - PvCSCoreLogger] [INFO] AprilTag1: Attempting to connect to USB camera on /dev/v4l/by-path/platform-fc880000.usb-usb-0:1:1.0-video-index0
[2025-09-27 20:29:08] [CSCore - PvCSCoreLogger] [DEBUG] CS: DEBUG 7: AprilTag1: opening device (UsbCameraImpl.cpp:651)
[2025-09-27 20:29:08] [CSCore - PvCSCoreLogger] [INFO] AprilTag1: Attempting to connect to USB camera on /dev/v4l/by-path/platform-fc880000.usb-usb-0:1:1.0-video-index0
[2025-09-27 20:29:08] [CSCore - PvCSCoreLogger] [DEBUG] CS: DEBUG 7: AprilTag1: opening device (UsbCameraImpl.cpp:651)
[2025-09-27 20:29:08] [CSCore - PvCSCoreLogger] [INFO] AprilTag1: Connected to USB camera on /dev/v4l/by-path/platform-fc880000.usb-usb-0:1:1.0-video-index0
[2025-09-27 20:29:08] [CSCore - PvCSCoreLogger] [DEBUG] CS: DEBUG 7: AprilTag1: getting capabilities (UsbCameraImpl.cpp:663)
[2025-09-27 20:29:08] [CSCore - PvCSCoreLogger] [DEBUG] CS: DEBUG 7: AprilTag1: restoring video mode (UsbCameraImpl.cpp:681)
[2025-09-27 20:29:08] [CSCore - PvCSCoreLogger] [INFO] AprilTag1: set format 1 res 320x240
[2025-09-27 20:29:08] [CSCore - PvCSCoreLogger] [INFO] AprilTag1: set FPS to 100
[2025-09-27 20:29:08] [CSCore - PvCSCoreLogger] [DEBUG] CS: DEBUG 7: AprilTag1: restoring settings (UsbCameraImpl.cpp:686)
[2025-09-27 20:29:08] [Camera - USBFrameProvider - AprilTag1] [ERROR] Error grabbing image: timed out getting frame
[2025-09-27 20:29:08] [Camera - USBFrameProvider - AprilTag1] [ERROR] Error grabbing image: timed out getting frame
[2025-09-27 20:29:08] [General - KernelLogLogger] [DEBUG] 2025-09-27T20:29:08.049074-06:00 photonvision kernel: usb 5-1: new high-speed USB device number 82 using ehci-platform
[2025-09-27 20:29:08] [General - KernelLogLogger] [DEBUG] 2025-09-27T20:29:08.215752-06:00 photonvision kernel: usb 5-1: New USB device found, idVendor=0c45, idProduct=6366, bcdDevice= 1.00
[2025-09-27 20:29:08] [General - KernelLogLogger] [DEBUG] 2025-09-27T20:29:08.215791-06:00 photonvision kernel: usb 5-1: New USB device strings: Mfr=2, Product=1, SerialNumber=3
[2025-09-27 20:29:08] [General - KernelLogLogger] [DEBUG] 2025-09-27T20:29:08.215795-06:00 photonvision kernel: usb 5-1: Product: AprilTag1
[2025-09-27 20:29:08] [General - KernelLogLogger] [DEBUG] 2025-09-27T20:29:08.215799-06:00 photonvision kernel: usb 5-1: Manufacturer: Arducam Technology Co., Ltd.
[2025-09-27 20:29:08] [General - KernelLogLogger] [DEBUG] 2025-09-27T20:29:08.215830-06:00 photonvision kernel: usb 5-1: SerialNumber: 0001
[2025-09-27 20:29:08] [General - KernelLogLogger] [DEBUG] 2025-09-27T20:29:08.219015-06:00 photonvision kernel: usb 5-1: Found UVC 1.00 device AprilTag1 (0c45:6366)
[2025-09-27 20:29:08] [General - KernelLogLogger] [DEBUG] 2025-09-27T20:29:08.245729-06:00 photonvision kernel: input: AprilTag1: AprilTag1 as /devices/platform/fc880000.usb/usb5/5-1/5-1:1.0/input/input94
[2025-09-27 20:29:09] [Camera - USBFrameProvider - AprilTag1] [ERROR] Error grabbing image: timed out getting frame
[2025-09-27 20:29:09] [Camera - USBFrameProvider - AprilTag1] [ERROR] Error grabbing image: timed out getting frame
[2025-09-27 20:29:09] [CSCore - PvCSCoreLogger] [DEBUG] CS: DEBUG 7: AprilTag1: allocating buffers (UsbCameraImpl.cpp:701)
[2025-09-27 20:29:09] [CSCore - PvCSCoreLogger] [DEBUG] CS: DEBUG 7: AprilTag1: mapping buffers (UsbCameraImpl.cpp:715)
[2025-09-27 20:29:09] [CSCore - PvCSCoreLogger] [DEBUG] CS: DEBUG 7: AprilTag1: queuing buffers (UsbCameraImpl.cpp:765)
[2025-09-27 20:29:09] [CSCore - PvCSCoreLogger] [ERROR] CS: ERROR 40: AprilTag1: ioctl VIDIOC_STREAMON failed: Protocol error (UsbCameraImpl.cpp:789)
[2025-09-27 20:29:09] [CSCore - PvCSCoreLogger] [INFO] AprilTag1: Attempting to connect to USB camera on /dev/v4l/by-path/platform-fc880000.usb-usb-0:1:1.0-video-index0
[2025-09-27 20:29:09] [CSCore - PvCSCoreLogger] [DEBUG] CS: DEBUG 7: AprilTag1: opening device (UsbCameraImpl.cpp:651)
[2025-09-27 20:29:09] [CSCore - PvCSCoreLogger] [INFO] AprilTag1: Attempting to connect to USB camera on /dev/v4l/by-path/platform-fc880000.usb-usb-0:1:1.0-video-index0
[2025-09-27 20:29:09] [CSCore - PvCSCoreLogger] [DEBUG] CS: DEBUG 7: AprilTag1: opening device (UsbCameraImpl.cpp:651)
[2025-09-27 20:29:09] [CSCore - PvCSCoreLogger] [INFO] AprilTag1: Attempting to connect to USB camera on /dev/v4l/by-path/platform-fc880000.usb-usb-0:1:1.0-video-index0
[2025-09-27 20:29:09] [CSCore - PvCSCoreLogger] [DEBUG] CS: DEBUG 7: AprilTag1: opening device (UsbCameraImpl.cpp:651)
[2025-09-27 20:29:09] [Camera - USBFrameProvider - AprilTag1] [ERROR] Error grabbing image: timed out getting frame
[2025-09-27 20:29:09] [Camera - USBFrameProvider - AprilTag1] [ERROR] Error grabbing image: timed out getting frame
[2025-09-27 20:29:09] [General - KernelLogLogger] [DEBUG] 2025-09-27T20:29:09.545693-06:00 photonvision kernel: usb 5-1: Failed to query (GET_CUR) UVC control 6 on unit 2: -71 (exp. 2).
[2025-09-27 20:29:09] [General - KernelLogLogger] [DEBUG] 2025-09-27T20:29:09.555710-06:00 photonvision kernel: usb usb5-port1: disabled by hub (EMI?), re-enabling...
[2025-09-27 20:29:09] [General - KernelLogLogger] [DEBUG] 2025-09-27T20:29:09.555734-06:00 photonvision kernel: usb 5-1: USB disconnect, device number 82
[2025-09-27 20:29:09] [General - KernelLogLogger] [DEBUG] 2025-09-27T20:29:09.899084-06:00 photonvision kernel: usb 5-1: new high-speed USB device number 83 using ehci-platform
[2025-09-27 20:29:09] [General - KernelLogLogger] [DEBUG] 
[2025-09-27 20:29:09] [General - KernelLogLogger] [DEBUG] 2025-09-27T20:28:59.072575-06:00 photonvision kernel: usb 5-1: Manufacturer: Arducam Technology Co., Ltd.
[2025-09-27 20:29:09] [General - KernelLogLogger] [DEBUG] 2025-09-27T20:28:59.072607-06:00 photonvision kernel: usb 5-1: SerialNumber: 0001
[2025-09-27 20:29:09] [General - KernelLogLogger] [DEBUG] 2025-09-27T20:28:59.075754-06:00 photonÕ
[2025-09-27 20:29:10] [CSCore - PvCSCoreLogger] [INFO] AprilTag1: Attempting to connect to USB camera on /dev/v4l/by-path/platform-fc880000.usb-usb-0:1:1.0-video-index0
[2025-09-27 20:29:10] [CSCore - PvCSCoreLogger] [DEBUG] CS: DEBUG 7: AprilTag1: opening device (UsbCameraImpl.cpp:651)
[2025-09-27 20:29:10] [CSCore - PvCSCoreLogger] [INFO] AprilTag1: Attempting to connect to USB camera on /dev/v4l/by-path/platform-fc880000.usb-usb-0:1:1.0-video-index0
[2025-09-27 20:29:10] [CSCore - PvCSCoreLogger] [DEBUG] CS: DEBUG 7: AprilTag1: opening device (UsbCameraImpl.cpp:651)
[2025-09-27 20:29:10] [CSCore - PvCSCoreLogger] [INFO] AprilTag1: Connected to USB camera on /dev/v4l/by-path/platform-fc880000.usb-usb-0:1:1.0-video-index0
[2025-09-27 20:29:10] [CSCore - PvCSCoreLogger] [DEBUG] CS: DEBUG 7: AprilTag1: getting capabilities (UsbCameraImpl.cpp:663)
[2025-09-27 20:29:10] [CSCore - PvCSCoreLogger] [DEBUG] CS: DEBUG 7: AprilTag1: restoring video mode (UsbCameraImpl.cpp:681)
[2025-09-27 20:29:10] [CSCore - PvCSCoreLogger] [INFO] AprilTag1: set format 1 res 320x240
[2025-09-27 20:29:10] [Camera - USBFrameProvider - AprilTag1] [ERROR] Error grabbing image: timed out getting frame
[2025-09-27 20:29:10] [CSCore - PvCSCoreLogger] [INFO] AprilTag1: set FPS to 100
[2025-09-27 20:29:10] [CSCore - PvCSCoreLogger] [DEBUG] CS: DEBUG 7: AprilTag1: restoring settings (UsbCameraImpl.cpp:686)
[2025-09-27 20:29:10] [Camera - USBFrameProvider - AprilTag1] [ERROR] Error grabbing image: timed out getting frame
[2025-09-27 20:29:10] [Camera - USBFrameProvider - AprilTag1] [ERROR] Error grabbing image: timed out getting frame
[2025-09-27 20:29:10] [General - KernelLogLogger] [DEBUG] 2025-09-27T20:29:10.065767-06:00 photonvision kernel: usb 5-1: New USB device found, idVendor=0c45, idProduct=6366, bcdDevice= 1.00
[2025-09-27 20:29:10] [General - KernelLogLogger] [DEBUG] 2025-09-27T20:29:10.065839-06:00 photonvision kernel: usb 5-1: New USB device strings: Mfr=2, Product=1, SerialNumber=3
[2025-09-27 20:29:10] [General - KernelLogLogger] [DEBUG] 2025-09-27T20:29:10.065843-06:00 photonvision kernel: usb 5-1: Product: AprilTag1
[2025-09-27 20:29:10] [General - KernelLogLogger] [DEBUG] 2025-09-27T20:29:10.065847-06:00 photonvision kernel: usb 5-1: Manufacturer: Arducam Technology Co., Ltd.
[2025-09-27 20:29:10] [General - KernelLogLogger] [DEBUG] 2025-09-27T20:29:10.065885-06:00 photonvision kernel: usb 5-1: SerialNumber: 0001
[2025-09-27 20:29:10] [General - KernelLogLogger] [DEBUG] 2025-09-27T20:29:10.069198-06:00 photonvision kernel: usb 5-1: Found UVC 1.00 device AprilTag1 (0c45:6366)
[2025-09-27 20:29:10] [General - KernelLogLogger] [DEBUG] 2025-09-27T20:29:10.095746-06:00 photonvision kernel: input: AprilTag1: AprilTag1 as /devices/platform/fc880000.usb/usb5/5-1/5-1:1.0/input/input95
[2025-09-27 20:29:10] [General - KernelLogLogger] [DEBUG] 
[2025-09-27 20:29:10] [General - KernelLogLogger] [DEBUG] s
[2025-09-27 20:29:10] [Camera - USBFrameProvider - AprilTag1] [ERROR] Error grabbing image: timed out getting frame
[2025-09-27 20:29:11] [CSCore - PvCSCoreLogger] [DEBUG] CS: DEBUG 7: AprilTag1: allocating buffers (UsbCameraImpl.cpp:701)
[2025-09-27 20:29:11] [CSCore - PvCSCoreLogger] [DEBUG] CS: DEBUG 7: AprilTag1: mapping buffers (UsbCameraImpl.cpp:715)
[2025-09-27 20:29:11] [CSCore - PvCSCoreLogger] [DEBUG] CS: DEBUG 7: AprilTag1: queuing buffers (UsbCameraImpl.cpp:765)
[2025-09-27 20:29:11] [Camera - USBFrameProvider - AprilTag1] [ERROR] Error grabbing image: timed out getting frame
[2025-09-27 20:29:11] [CSCore - PvCSCoreLogger] [ERROR] CS: ERROR 40: AprilTag1: ioctl VIDIOC_STREAMON failed: Protocol error (UsbCameraImpl.cpp:789)
[2025-09-27 20:29:11] [CSCore - PvCSCoreLogger] [DEBUG] CS: DEBUG 7: AprilTag1: queuing buffers (UsbCameraImpl.cpp:765)
[2025-09-27 20:29:11] [CSCore - PvCSCoreLogger] [ERROR] CS: ERROR 40: ioctl VIDIOC_QBUF failed at UsbCameraImpl.cpp:772: Invalid argument (UsbUtil.cpp:157)
[2025-09-27 20:29:11] [CSCore - PvCSCoreLogger] [WARN] CS: WARNING 30: AprilTag1: could not queue buffer 0 (UsbCameraImpl.cpp:773)
[2025-09-27 20:29:11] [CSCore - PvCSCoreLogger] [DEBUG] CS: DEBUG 7: AprilTag1: queuing buffers (UsbCameraImpl.cpp:765)
[2025-09-27 20:29:11] [CSCore - PvCSCoreLogger] [ERROR] CS: ERROR 40: ioctl VIDIOC_QBUF failed at UsbCameraImpl.cpp:772: No such device (UsbUtil.cpp:157)
[2025-09-27 20:29:11] [CSCore - PvCSCoreLogger] [WARN] CS: WARNING 30: AprilTag1: could not queue buffer 0 (UsbCameraImpl.cpp:773)
[2025-09-27 20:29:11] [CSCore - PvCSCoreLogger] [INFO] AprilTag1: Attempting to connect to USB camera on /dev/v4l/by-path/platform-fc880000.usb-usb-0:1:1.0-video-index0
[2025-09-27 20:29:11] [CSCore - PvCSCoreLogger] [DEBUG] CS: DEBUG 7: AprilTag1: opening device (UsbCameraImpl.cpp:651)
[2025-09-27 20:29:11] [Camera - USBFrameProvider - AprilTag1] [ERROR] Error grabbing image: timed out getting frame
[2025-09-27 20:29:11] [Camera - USBFrameProvider - AprilTag1] [ERROR] Error grabbing image: timed out getting frame
[2025-09-27 20:29:11] [General - KernelLogLogger] [DEBUG] 2025-09-27T20:29:11.342427-06:00 photonvision kernel: usb usb5-port1: disabled by hub (EMI?), re-enabling...
[2025-09-27 20:29:11] [General - KernelLogLogger] [DEBUG] 2025-09-27T20:29:11.342491-06:00 photonvision kernel: usb 5-1: USB disconnect, device number 83
[2025-09-27 20:29:11] [General - KernelLogLogger] [DEBUG] 2025-09-27T20:29:11.355259-06:00 photonvision kernel: usb 5-1: Failed to query (GET_DEF) UVC control 8 on unit 2: -71 (exp. 2).
[2025-09-27 20:29:11] [General - KernelLogLogger] [DEBUG] 2025-09-27T20:29:11.682404-06:00 photonvision kernel: usb 5-1: new high-speed USB device number 84 using ehci-platform
[2025-09-27 20:29:11] [General - KernelLogLogger] [DEBUG] 2025-09-27T20:29:11.845750-06:00 photonvision kernel: usb 5-1: New USB device found, idVendor=0c45, idProduct=6366, bcdDevice= 1.00
[2025-09-27 20:29:11] [General - KernelLogLogger] [DEBUG] 2025-09-27T20:29:11.845806-06:00 photonvision kernel: usb 5-1: New USB device strings: Mfr=2, Product=1, SerialNumber=3
[2025-09-27 20:29:11] [General - KernelLogLogger] [DEBUG] 2025-09-27T20:29:11.845811-06:00 photonvision kernel: usb 5-1: Product: AprilTag1
[2025-09-27 20:29:11] [General - KernelLogLogger] [DEBUG] 2025-09-27T20:29:11.845814-06:00 photonvision kernel: usb 5-1: Manufacturer: Arducam Technology Co., Ltd.
[2025-09-27 20:29:11] [General - KernelLogLogger] [DEBUG] 2025-09-27T20:29:11.845818-06:00 photonvision kernel: usb 5-1: SerialNumber: 0001
[2025-09-27 20:29:11] [General - KernelLogLogger] [DEBUG] 1: Manufacu
[2025-09-27 20:29:11] [CSCore - PvCSCoreLogger] [INFO] AprilTag1: Attempting to connect to USB camera on /dev/v4l/by-path/platform-fc880000.usb-usb-0:1:1.0-video-index0
[2025-09-27 20:29:11] [CSCore - PvCSCoreLogger] [DEBUG] CS: DEBUG 7: AprilTag1: opening device (UsbCameraImpl.cpp:651)
[2025-09-27 20:29:11] [CSCore - PvCSCoreLogger] [INFO] AprilTag1: Attempting to connect to USB camera on /dev/v4l/by-path/platform-fc880000.usb-usb-0:1:1.0-video-index0
[2025-09-27 20:29:11] [CSCore - PvCSCoreLogger] [DEBUG] CS: DEBUG 7: AprilTag1: opening device (UsbCameraImpl.cpp:651)
[2025-09-27 20:29:11] [CSCore - PvCSCoreLogger] [INFO] AprilTag1: Attempting to connect to USB camera on /dev/v4l/by-path/platform-fc880000.usb-usb-0:1:1.0-video-index0
[2025-09-27 20:29:11] [CSCore - PvCSCoreLogger] [DEBUG] CS: DEBUG 7: AprilTag1: opening device (UsbCameraImpl.cpp:651)
[2025-09-27 20:29:11] [CSCore - PvCSCoreLogger] [INFO] AprilTag1: Attempting to connect to USB camera on /dev/v4l/by-path/platform-fc880000.usb-usb-0:1:1.0-video-index0
[2025-09-27 20:29:11] [CSCore - PvCSCoreLogger] [DEBUG] CS: DEBUG 7: AprilTag1: opening device (UsbCameraImpl.cpp:651)
[2025-09-27 20:29:11] [CSCore - PvCSCoreLogger] [INFO] AprilTag1: Connected to USB camera on /dev/v4l/by-path/platform-fc880000.usb-usb-0:1:1.0-video-index0
[2025-09-27 20:29:11] [CSCore - PvCSCoreLogger] [DEBUG] CS: DEBUG 7: AprilTag1: getting capabilities (UsbCameraImpl.cpp:663)
[2025-09-27 20:29:11] [CSCore - PvCSCoreLogger] [DEBUG] CS: DEBUG 7: AprilTag1: restoring video mode (UsbCameraImpl.cpp:681)
[2025-09-27 20:29:11] [CSCore - PvCSCoreLogger] [INFO] AprilTag1: set format 1 res 320x240
[2025-09-27 20:29:11] [CSCore - PvCSCoreLogger] [INFO] AprilTag1: set FPS to 100
[2025-09-27 20:29:11] [CSCore - PvCSCoreLogger] [DEBUG] CS: DEBUG 7: AprilTag1: restoring settings (UsbCameraImpl.cpp:686)
[2025-09-27 20:29:12] [Camera - USBFrameProvider - AprilTag1] [ERROR] Error grabbing image: timed out getting frame
[2025-09-27 20:29:12] [Camera - USBFrameProvider - AprilTag1] [ERROR] Error grabbing image: timed out getting frame
[2025-09-27 20:29:12] [Camera - USBFrameProvider - AprilTag1] [ERROR] Error grabbing image: timed out getting frame
[2025-09-27 20:29:12] [Camera - USBFrameProvider - AprilTag1] [ERROR] Error grabbing image: timed out getting frame
[2025-09-27 20:29:12] [General - KernelLogLogger] [DEBUG] 2025-09-27T20:29:11.849076-06:00 photonvision kernel: usb 5-1: Found UVC 1.00 device AprilTag1 (0c45:6366)
[2025-09-27 20:29:12] [General - KernelLogLogger] [DEBUG] 2025-09-27T20:29:11.879066-06:00 photonvision kernel: input: AprilTag1: AprilTag1 as /devices/platform/fc880000.usb/usb5/5-1/5-1:1.0/input/input96
[2025-09-27 20:29:12] [General - KernelLogLogger] [DEBUG] (e
[2025-09-27 20:29:13] [CSCore - PvCSCoreLogger] [DEBUG] CS: DEBUG 7: AprilTag1: allocating buffers (UsbCameraImpl.cpp:701)
[2025-09-27 20:29:13] [CSCore - PvCSCoreLogger] [DEBUG] CS: DEBUG 7: AprilTag1: mapping buffers (UsbCameraImpl.cpp:715)
[2025-09-27 20:29:13] [CSCore - PvCSCoreLogger] [DEBUG] CS: DEBUG 7: AprilTag1: queuing buffers (UsbCameraImpl.cpp:765)
[2025-09-27 20:29:13] [Camera - USBFrameProvider - AprilTag1] [ERROR] Error grabbing image: timed out getting frame
[2025-09-27 20:29:13] [CSCore - PvCSCoreLogger] [ERROR] CS: ERROR 40: AprilTag1: ioctl VIDIOC_STREAMON failed: Protocol error (UsbCameraImpl.cpp:789)
[2025-09-27 20:29:13] [CSCore - PvCSCoreLogger] [DEBUG] CS: DEBUG 7: AprilTag1: queuing buffers (UsbCameraImpl.cpp:765)
[2025-09-27 20:29:13] [CSCore - PvCSCoreLogger] [ERROR] CS: ERROR 40: ioctl VIDIOC_QBUF failed at UsbCameraImpl.cpp:772: No such device (UsbUtil.cpp:157)
[2025-09-27 20:29:13] [CSCore - PvCSCoreLogger] [WARN] CS: WARNING 30: AprilTag1: could not queue buffer 0 (UsbCameraImpl.cpp:773)
[2025-09-27 20:29:13] [CSCore - PvCSCoreLogger] [DEBUG] CS: DEBUG 7: AprilTag1: queuing buffers (UsbCameraImpl.cpp:765)
[2025-09-27 20:29:13] [CSCore - PvCSCoreLogger] [ERROR] CS: ERROR 40: ioctl VIDIOC_QBUF failed at UsbCameraImpl.cpp:772: No such device (UsbUtil.cpp:157)
[2025-09-27 20:29:13] [CSCore - PvCSCoreLogger] [WARN] CS: WARNING 30: AprilTag1: could not queue buffer 0 (UsbCameraImpl.cpp:773)
[2025-09-27 20:29:13] [CSCore - PvCSCoreLogger] [INFO] AprilTag1: Attempting to connect to USB camera on /dev/v4l/by-path/platform-fc880000.usb-usb-0:1:1.0-video-index0
[2025-09-27 20:29:13] [CSCore - PvCSCoreLogger] [DEBUG] CS: DEBUG 7: AprilTag1: opening device (UsbCameraImpl.cpp:651)
[2025-09-27 20:29:13] [Camera - USBFrameProvider - AprilTag1] [ERROR] Error grabbing image: timed out getting frame
[2025-09-27 20:29:13] [Camera - USBFrameProvider - AprilTag1] [ERROR] Error grabbing image: timed out getting frame
[2025-09-27 20:29:13] [CSCore - PvCSCoreLogger] [INFO] AprilTag1: Attempting to connect to USB camera on /dev/v4l/by-path/platform-fc880000.usb-usb-0:1:1.0-video-index0
[2025-09-27 20:29:13] [CSCore - PvCSCoreLogger] [DEBUG] CS: DEBUG 7: AprilTag1: opening device (UsbCameraImpl.cpp:651)
[2025-09-27 20:29:13] [CSCore - PvCSCoreLogger] [INFO] AprilTag1: Attempting to connect to USB camera on /dev/v4l/by-path/platform-fc880000.usb-usb-0:1:1.0-video-index0
[2025-09-27 20:29:13] [CSCore - PvCSCoreLogger] [DEBUG] CS: DEBUG 7: AprilTag1: opening device (UsbCameraImpl.cpp:651)
[2025-09-27 20:29:13] [CSCore - PvCSCoreLogger] [INFO] AprilTag1: Attempting to connect to USB camera on /dev/v4l/by-path/platform-fc880000.usb-usb-0:1:1.0-video-index0
[2025-09-27 20:29:13] [CSCore - PvCSCoreLogger] [DEBUG] CS: DEBUG 7: AprilTag1: opening device (UsbCameraImpl.cpp:651)
[2025-09-27 20:29:13] [CSCore - PvCSCoreLogger] [INFO] AprilTag1: Attempting to connect to USB camera on /dev/v4l/by-path/platform-fc880000.usb-usb-0:1:1.0-video-index0
[2025-09-27 20:29:13] [CSCore - PvCSCoreLogger] [DEBUG] CS: DEBUG 7: AprilTag1: opening device (UsbCameraImpl.cpp:651)
[2025-09-27 20:29:13] [CSCore - PvCSCoreLogger] [INFO] AprilTag1: Connected to USB camera on /dev/v4l/by-path/platform-fc880000.usb-usb-0:1:1.0-video-index0
[2025-09-27 20:29:13] [CSCore - PvCSCoreLogger] [DEBUG] CS: DEBUG 7: AprilTag1: getting capabilities (UsbCameraImpl.cpp:663)
[2025-09-27 20:29:13] [CSCore - PvCSCoreLogger] [DEBUG] CS: DEBUG 7: AprilTag1: restoring video mode (UsbCameraImpl.cpp:681)
[2025-09-27 20:29:13] [CSCore - PvCSCoreLogger] [INFO] AprilTag1: set format 1 res 320x240
[2025-09-27 20:29:13] [CSCore - PvCSCoreLogger] [INFO] AprilTag1: set FPS to 100
[2025-09-27 20:29:13] [CSCore - PvCSCoreLogger] [DEBUG] CS: DEBUG 7: AprilTag1: restoring settings (UsbCameraImpl.cpp:686)
[2025-09-27 20:29:13] [General - KernelLogLogger] [DEBUG] 2025-09-27T20:29:13.175777-06:00 photonvision kernel: usb 5-1: Failed to query (GET_CUR) UVC control 9 on unit 2: -71 (exp. 2).
[2025-09-27 20:29:13] [General - KernelLogLogger] [DEBUG] 2025-09-27T20:29:13.185813-06:00 photonvision kernel: usb usb5-port1: disabled by hub (EMI?), re-enabling...
[2025-09-27 20:29:13] [General - KernelLogLogger] [DEBUG] 2025-09-27T20:29:13.185842-06:00 photonvision kernel: usb 5-1: USB disconnect, device number 84
[2025-09-27 20:29:13] [General - KernelLogLogger] [DEBUG] 2025-09-27T20:29:13.542559-06:00 photonvision kernel: usb 5-1: new high-speed USB device number 85 using ehci-platform
[2025-09-27 20:29:13] [General - KernelLogLogger] [DEBUG] 2025-09-27T20:29:13.702451-06:00 photonvision kernel: usb 5-1: New USB device found, idVendor=0c45, idProduct=6366, bcdDevice= 1.00
[2025-09-27 20:29:13] [General - KernelLogLogger] [DEBUG] 2025-09-27T20:29:13.702679-06:00 photonvision kernel: usb 5-1: New USB device strings: Mfr=2, Product=1, SerialNumber=3
[2025-09-27 20:29:13] [General - KernelLogLogger] [DEBUG] 2025-09-27T20:29:13.702690-06:00 photonvision kernel: usb 5-1: Product: AprilTag1
[2025-09-27 20:29:13] [General - KernelLogLogger] [DEBUG] 2025-09-27T20:29:13.702693-06:00 photonvision kernel: usb 5-1: Manufacturer: Arducam Technology Co., Ltd.
[2025-09-27 20:29:13] [General - KernelLogLogger] [DEBUG] 2025-09-27T20:29:13.702697-06:00 photonvision kernel: usb 5-1: SerialNumber: 0001
[2025-09-27 20:29:13] [General - KernelLogLogger] [DEBUG] 2025-09-27T20:29:13.705806-06:00 photonvision kernel: usb 5-1: Found UVC 1.00 device AprilTag1 (0c45:6366)
[2025-09-27 20:29:13] [General - KernelLogLogger] [DEBUG] 2025-09-27T20:29:13.739175-06:00 photonvision kernel: input: AprilTag1: AprilTag1 as /devices/platform/fc880000.usb/usb5/5-1/5-1:1.0/input/input97
[2025-09-27 20:29:13] [General - KernelLogLogger] [DEBUG] e80000.hdmi: i2c read time out!
[2025-09-27 20:29:13] [General - KernelLogLogger] [DEBUG]  :@:zÁã	8@IڊØ-6@ Y°ã#ß4@FàäÄå4@-,¹G3@£++¿Ò2@®¼Ԟ2@%:¦{2@	ó]H2@JQô1@®ª´=Wz1@GrÒ0@˞0@Ô^g5Ö%/@Ö±¦.@«¬eM.@´xæEò-@ǰØÅÉÌ-@I]ú-@WKþ1X.@¯Ëïù.@֯±{/@æҥ«Èß/@X)Gü`a0@eøÕ0@£"ãÐ1@5ÛiÌ1@#t|³[2@6îoâZA3@ð	Â4@ßAÔiÆ4@¬dÞÏ!5@w·ÔU5@. Ø3ø®4@ô!hí3@&±mE2@Dû-úÞ-@s2UɸÄ"@î%7à @HN¼àôä?é3âg¨?¸J?ÇêZBx?Ø0}õxó>?BÊÏK*î>fÏû5tð¾gcüyï¾ÚJ8F?ة?F鉝ý	?¯Wç«ÿ?p+ÙàÓð>FzÌ:å>ȗJ;ý>.aHfµ?dÌSÇ?"±« ?ñ«ɸ
[2025-09-27 20:29:13] [Camera - USBFrameProvider - AprilTag1] [ERROR] Error grabbing image: timed out getting frame
[2025-09-27 20:29:14] [Camera - USBFrameProvider - AprilTag1] [ERROR] Error grabbing image: timed out getting frame
[2025-09-27 20:29:14] [Camera - USBFrameProvider - AprilTag1] [ERROR] Error grabbing image: timed out getting frame
[2025-09-27 20:29:14] [Camera - USBFrameProvider - AprilTag1] [ERROR] Error grabbing image: timed out getting frame
[2025-09-27 20:29:14] [CSCore - PvCSCoreLogger] [DEBUG] CS: DEBUG 7: AprilTag1: allocating buffers (UsbCameraImpl.cpp:701)
[2025-09-27 20:29:14] [CSCore - PvCSCoreLogger] [DEBUG] CS: DEBUG 7: AprilTag1: mapping buffers (UsbCameraImpl.cpp:715)
[2025-09-27 20:29:14] [CSCore - PvCSCoreLogger] [DEBUG] CS: DEBUG 7: AprilTag1: queuing buffers (UsbCameraImpl.cpp:765)
[2025-09-27 20:29:15] [CSCore - PvCSCoreLogger] [ERROR] CS: ERROR 40: AprilTag1: ioctl VIDIOC_STREAMON failed: Protocol error (UsbCameraImpl.cpp:789)
[2025-09-27 20:29:15] [CSCore - PvCSCoreLogger] [DEBUG] CS: DEBUG 7: AprilTag1: queuing buffers (UsbCameraImpl.cpp:765)
[2025-09-27 20:29:15] [CSCore - PvCSCoreLogger] [ERROR] CS: ERROR 40: ioctl VIDIOC_QBUF failed at UsbCameraImpl.cpp:772: No such device (UsbUtil.cpp:157)
[2025-09-27 20:29:15] [CSCore - PvCSCoreLogger] [WARN] CS: WARNING 30: AprilTag1: could not queue buffer 0 (UsbCameraImpl.cpp:773)
[2025-09-27 20:29:15] [CSCore - PvCSCoreLogger] [DEBUG] CS: DEBUG 7: AprilTag1: queuing buffers (UsbCameraImpl.cpp:765)
[2025-09-27 20:29:15] [CSCore - PvCSCoreLogger] [ERROR] CS: ERROR 40: ioctl VIDIOC_QBUF failed at UsbCameraImpl.cpp:772: No such device (UsbUtil.cpp:157)
[2025-09-27 20:29:15] [CSCore - PvCSCoreLogger] [WARN] CS: WARNING 30: AprilTag1: could not queue buffer 0 (UsbCameraImpl.cpp:773)
[2025-09-27 20:29:15] [CSCore - PvCSCoreLogger] [INFO] AprilTag1: Attempting to connect to USB camera on /dev/v4l/by-path/platform-fc880000.usb-usb-0:1:1.0-video-index0
[2025-09-27 20:29:15] [CSCore - PvCSCoreLogger] [DEBUG] CS: DEBUG 7: AprilTag1: opening device (UsbCameraImpl.cpp:651)
[2025-09-27 20:29:15] [CSCore - PvCSCoreLogger] [INFO] AprilTag1: Attempting to connect to USB camera on /dev/v4l/by-path/platform-fc880000.usb-usb-0:1:1.0-video-index0
[2025-09-27 20:29:15] [CSCore - PvCSCoreLogger] [DEBUG] CS: DEBUG 7: AprilTag1: opening device (UsbCameraImpl.cpp:651)
[2025-09-27 20:29:15] [Camera - USBFrameProvider - AprilTag1] [ERROR] Error grabbing image: timed out getting frame
[2025-09-27 20:29:15] [Camera - USBFrameProvider - AprilTag1] [ERROR] Error grabbing image: timed out getting frame
[2025-09-27 20:29:15] [CSCore - PvCSCoreLogger] [INFO] AprilTag1: Attempting to connect to USB camera on /dev/v4l/by-path/platform-fc880000.usb-usb-0:1:1.0-video-index0
[2025-09-27 20:29:15] [CSCore - PvCSCoreLogger] [DEBUG] CS: DEBUG 7: AprilTag1: opening device (UsbCameraImpl.cpp:651)
[2025-09-27 20:29:15] [CSCore - PvCSCoreLogger] [INFO] AprilTag1: Attempting to connect to USB camera on /dev/v4l/by-path/platform-fc880000.usb-usb-0:1:1.0-video-index0
[2025-09-27 20:29:15] [CSCore - PvCSCoreLogger] [DEBUG] CS: DEBUG 7: AprilTag1: opening device (UsbCameraImpl.cpp:651)
[2025-09-27 20:29:15] [CSCore - PvCSCoreLogger] [INFO] AprilTag1: Connected to USB camera on /dev/v4l/by-path/platform-fc880000.usb-usb-0:1:1.0-video-index0
[2025-09-27 20:29:15] [CSCore - PvCSCoreLogger] [DEBUG] CS: DEBUG 7: AprilTag1: getting capabilities (UsbCameraImpl.cpp:663)
[2025-09-27 20:29:15] [CSCore - PvCSCoreLogger] [DEBUG] CS: DEBUG 7: AprilTag1: restoring video mode (UsbCameraImpl.cpp:681)
[2025-09-27 20:29:15] [Camera - USBFrameProvider - AprilTag1] [ERROR] Error grabbing image: timed out getting frame
[2025-09-27 20:29:15] [CSCore - PvCSCoreLogger] [INFO] AprilTag1: set format 1 res 320x240
[2025-09-27 20:29:15] [CSCore - PvCSCoreLogger] [INFO] AprilTag1: set FPS to 100
[2025-09-27 20:29:15] [CSCore - PvCSCoreLogger] [DEBUG] CS: DEBUG 7: AprilTag1: restoring settings (UsbCameraImpl.cpp:686)
[2025-09-27 20:29:15] [Camera - USBFrameProvider - AprilTag1] [ERROR] Error grabbing image: timed out getting frame
[2025-09-27 20:29:15] [General - KernelLogLogger] [DEBUG] 2025-09-27T20:29:14.992366-06:00 photonvision kernel: usb 5-1: Failed to query (GET_RES) UVC control 8 on unit 2: -71 (exp. 2).
[2025-09-27 20:29:15] [General - KernelLogLogger] [DEBUG] 2025-09-27T20:29:15.015700-06:00 photonvision kernel: usb 5-1: Failed to query (GET_CUR) UVC control 2 on unit 2: -71 (exp. 2).
[2025-09-27 20:29:15] [General - KernelLogLogger] [DEBUG] 2025-09-27T20:29:15.015713-06:00 photonvision kernel: usb usb5-port1: disabled by hub (EMI?), re-enabling...
[2025-09-27 20:29:15] [General - KernelLogLogger] [DEBUG] 2025-09-27T20:29:15.015715-06:00 photonvision kernel: usb 5-1: USB disconnect, device number 85
[2025-09-27 20:29:15] [General - KernelLogLogger] [DEBUG] 2025-09-27T20:29:15.015716-06:00 photonvision kernel: usb 5-1: Failed to query (GET_DEF) UVC control 8 on unit 2: -19 (exp. 2).
[2025-09-27 20:29:15] [General - KernelLogLogger] [DEBUG] 2025-09-27T20:29:15.355769-06:00 photonvision kernel: usb 5-1: new high-speed USB device number 86 using ehci-platform
[2025-09-27 20:29:15] [General - KernelLogLogger] [DEBUG] 2025-09-27T20:29:15.507054-06:00 photonvision kernel: usb 5-1: New USB device found, idVendor=0c45, idProduct=6366, bcdDevice= 1.00
[2025-09-27 20:29:15] [General - KernelLogLogger] [DEBUG] 2025-09-27T20:29:15.507105-06:00 photonvision kernel: usb 5-1: New USB device strings: Mfr=2, Product=1, SerialNumber=3
[2025-09-27 20:29:15] [General - KernelLogLogger] [DEBUG] 2025-09-27T20:29:15.507111-06:00 photonvision kernel: usb 5-1: Product: AprilTag1
[2025-09-27 20:29:15] [General - KernelLogLogger] [DEBUG] 2025-09-27T20:29:15.507114-06:00 photonvision kernel: usb 5-1: Manufacturer: Arducam Technology Co., Ltd.
[2025-09-27 20:29:15] [General - KernelLogLogger] [DEBUG] 2025-09-27T20:29:15.507117-06:00 photonvision kernel: usb 5-1: SerialNumber: 0001
[2025-09-27 20:29:15] [General - KernelLogLogger] [DEBUG] 2025-09-27T20:29:15.512417-06:00 photonvision kernel: usb 5-1: Found UVC 1.00 device AprilTag1 (0c45:6366)
[2025-09-27 20:29:15] [General - KernelLogLogger] [DEBUG] 2025-09-27T20:29:15.543929-06:00 photonvision kernel: input: AprilTag1: AprilTag1 as /devices/platform/fc880000.usb/usb5/5-1/5-1:1.0/input/input98
[2025-09-27 20:29:15] [General - KernelLogLogger] [DEBUG]  on endpoint
[2025-09-27 20:29:15] [General - KernelLogLogger] [DEBUG] dwhdmi-rockchip fde80000.hdmi: ddc read failed offset:0x1
[2025-09-27 20:29:15] [General - KernelLogLogger] [DEBUG] 2025-09-27T20:25:18.609057-06:00 photonvision kernel: dwhdmi-rockchip fde80000.hdmi: i2c read time out!
[2025-09-27 20:29:15] [General - KernelLogLogger] [DEBUG] 
[2025-09-27 20:29:16] [Camera - USBFrameProvider - AprilTag1] [ERROR] Error grabbing image: timed out getting frame
[2025-09-27 20:29:16] [Camera - USBFrameProvider - AprilTag1] [ERROR] Error grabbing image: timed out getting frame
[2025-09-27 20:29:16] [Camera - USBFrameProvider - AprilTag1] [ERROR] Error grabbing image: timed out getting frame
[2025-09-27 20:29:16] [CSCore - PvCSCoreLogger] [DEBUG] CS: DEBUG 7: AprilTag1: allocating buffers (UsbCameraImpl.cpp:701)
[2025-09-27 20:29:16] [CSCore - PvCSCoreLogger] [DEBUG] CS: DEBUG 7: AprilTag1: mapping buffers (UsbCameraImpl.cpp:715)
[2025-09-27 20:29:16] [CSCore - PvCSCoreLogger] [DEBUG] CS: DEBUG 7: AprilTag1: queuing buffers (UsbCameraImpl.cpp:765)
[2025-09-27 20:29:16] [CSCore - PvCSCoreLogger] [ERROR] CS: ERROR 40: AprilTag1: ioctl VIDIOC_STREAMON failed: Protocol error (UsbCameraImpl.cpp:789)
[2025-09-27 20:29:16] [CSCore - PvCSCoreLogger] [DEBUG] CS: DEBUG 7: AprilTag1: queuing buffers (UsbCameraImpl.cpp:765)
[2025-09-27 20:29:16] [CSCore - PvCSCoreLogger] [ERROR] CS: ERROR 40: ioctl VIDIOC_QBUF failed at UsbCameraImpl.cpp:772: No such device (UsbUtil.cpp:157)
[2025-09-27 20:29:16] [CSCore - PvCSCoreLogger] [WARN] CS: WARNING 30: AprilTag1: could not queue buffer 0 (UsbCameraImpl.cpp:773)
[2025-09-27 20:29:16] [CSCore - PvCSCoreLogger] [INFO] AprilTag1: Attempting to connect to USB camera on /dev/v4l/by-path/platform-fc880000.usb-usb-0:1:1.0-video-index0
[2025-09-27 20:29:16] [CSCore - PvCSCoreLogger] [DEBUG] CS: DEBUG 7: AprilTag1: opening device (UsbCameraImpl.cpp:651)
[2025-09-27 20:29:16] [CSCore - PvCSCoreLogger] [INFO] AprilTag1: Attempting to connect to USB camera on /dev/v4l/by-path/platform-fc880000.usb-usb-0:1:1.0-video-index0
[2025-09-27 20:29:16] [CSCore - PvCSCoreLogger] [DEBUG] CS: DEBUG 7: AprilTag1: opening device (UsbCameraImpl.cpp:651)
[2025-09-27 20:29:16] [General - KernelLogLogger] [DEBUG] 2025-09-27T20:29:16.807458-06:00 photonvision kernel: usb usb5-port1: disabled by hub (EMI?), re-enabling...
[2025-09-27 20:29:16] [General - KernelLogLogger] [DEBUG] 2025-09-27T20:29:16.807474-06:00 photonvision kernel: usb 5-1: USB disconnect, device number 86
[2025-09-27 20:29:16] [General - KernelLogLogger] [DEBUG] vice stringµ
[2025-09-27 20:29:16] [Camera - USBFrameProvider - AprilTag1] [ERROR] Error grabbing image: timed out getting frame
[2025-09-27 20:29:17] [Camera - USBFrameProvider - AprilTag1] [ERROR] Error grabbing image: timed out getting frame
[2025-09-27 20:29:17] [CSCore - PvCSCoreLogger] [INFO] AprilTag1: Attempting to connect to USB camera on /dev/v4l/by-path/platform-fc880000.usb-usb-0:1:1.0-video-index0
[2025-09-27 20:29:17] [CSCore - PvCSCoreLogger] [DEBUG] CS: DEBUG 7: AprilTag1: opening device (UsbCameraImpl.cpp:651)
[2025-09-27 20:29:17] [CSCore - PvCSCoreLogger] [INFO] AprilTag1: Attempting to connect to USB camera on /dev/v4l/by-path/platform-fc880000.usb-usb-0:1:1.0-video-index0
[2025-09-27 20:29:17] [CSCore - PvCSCoreLogger] [DEBUG] CS: DEBUG 7: AprilTag1: opening device (UsbCameraImpl.cpp:651)
[2025-09-27 20:29:17] [CSCore - PvCSCoreLogger] [INFO] AprilTag1: Connected to USB camera on /dev/v4l/by-path/platform-fc880000.usb-usb-0:1:1.0-video-index0
[2025-09-27 20:29:17] [CSCore - PvCSCoreLogger] [DEBUG] CS: DEBUG 7: AprilTag1: getting capabilities (UsbCameraImpl.cpp:663)
[2025-09-27 20:29:17] [CSCore - PvCSCoreLogger] [DEBUG] CS: DEBUG 7: AprilTag1: restoring video mode (UsbCameraImpl.cpp:681)
[2025-09-27 20:29:17] [CSCore - PvCSCoreLogger] [INFO] AprilTag1: set format 1 res 320x240
[2025-09-27 20:29:17] [CSCore - PvCSCoreLogger] [INFO] AprilTag1: set FPS to 100
[2025-09-27 20:29:17] [CSCore - PvCSCoreLogger] [DEBUG] CS: DEBUG 7: AprilTag1: restoring settings (UsbCameraImpl.cpp:686)
[2025-09-27 20:29:17] [Camera - USBFrameProvider - AprilTag1] [ERROR] Error grabbing image: timed out getting frame
[2025-09-27 20:29:17] [Camera - USBFrameProvider - AprilTag1] [ERROR] Error grabbing image: timed out getting frame
[2025-09-27 20:29:17] [General - KernelLogLogger] [DEBUG] 2025-09-27T20:29:16.812454-06:00 photonvision kernel: usb 5-1: Failed to query (GET_CUR) UVC control 7 on unit 2: -71 (exp. 2).
[2025-09-27 20:29:17] [General - KernelLogLogger] [DEBUG] 2025-09-27T20:29:17.152409-06:00 photonvision kernel: usb 5-1: new high-speed USB device number 87 using ehci-platform
[2025-09-27 20:29:17] [General - KernelLogLogger] [DEBUG] 2025-09-27T20:29:17.312476-06:00 photonvision kernel: usb 5-1: New USB device found, idVendor=0c45, idProduct=6366, bcdDevice= 1.00
[2025-09-27 20:29:17] [General - KernelLogLogger] [DEBUG] 2025-09-27T20:29:17.312531-06:00 photonvision kernel: usb 5-1: New USB device strings: Mfr=2, Product=1, SerialNumber=3
[2025-09-27 20:29:17] [General - KernelLogLogger] [DEBUG] 2025-09-27T20:29:17.312536-06:00 photonvision kernel: usb 5-1: Product: AprilTag1
[2025-09-27 20:29:17] [General - KernelLogLogger] [DEBUG] 2025-09-27T20:29:17.312566-06:00 photonvision kernel: usb 5-1: Manufacturer: Arducam Technology Co., Ltd.
[2025-09-27 20:29:17] [General - KernelLogLogger] [DEBUG] 2025-09-27T20:29:17.312572-06:00 photonvision kernel: usb 5-1: SerialNumber: 0001
[2025-09-27 20:29:17] [General - KernelLogLogger] [DEBUG] 2025-09-27T20:29:17.315827-06:00 photonvision kernel: usb 5-1: Found UVC 1.00 device AprilTag1 (0c45:6366)
[2025-09-27 20:29:17] [General - KernelLogLogger] [DEBUG] 2025-09-27T20:29:17.348697-06:00 photonvision kernel: input: AprilTag1: AprilTag1 as /devices/platform/fc880000.usb/usb5/5-1/5-1:1.0/input/input99
[2025-09-27 20:29:17] [General - KernelLogLogger] [DEBUG] Product: AprilTag1
[2025-09-27 20:29:17] [General - KernelLogLogger] [DEBUG] 2025-09-27T20:29:15.507114-06:00 photonvision kernel: usb 5-1: Manufacturer: Arducam Technology Co., Ltd.
[2025-09-27 20:29:17] [General - KernelLogLogger] [DEBUG] 2025-09-27T20:29:15.507117-06:00 photonvision kernel: usb 5-1: SerialNumber: 0001
[2025-09-27 20:29:17] [General - KernelLogLogger] [DEBUG] ÿ
[2025-09-27 20:29:18] [Camera - USBFrameProvider - AprilTag1] [ERROR] Error grabbing image: timed out getting frame
[2025-09-27 20:29:18] [Camera - USBFrameProvider - AprilTag1] [ERROR] Error grabbing image: timed out getting frame
[2025-09-27 20:29:18] [CSCore - PvCSCoreLogger] [DEBUG] CS: DEBUG 7: AprilTag1: allocating buffers (UsbCameraImpl.cpp:701)
[2025-09-27 20:29:18] [CSCore - PvCSCoreLogger] [DEBUG] CS: DEBUG 7: AprilTag1: mapping buffers (UsbCameraImpl.cpp:715)
[2025-09-27 20:29:18] [CSCore - PvCSCoreLogger] [DEBUG] CS: DEBUG 7: AprilTag1: queuing buffers (UsbCameraImpl.cpp:765)
[2025-09-27 20:29:18] [Camera - USBFrameProvider - AprilTag1] [ERROR] Error grabbing image: timed out getting frame
[2025-09-27 20:29:18] [CSCore - PvCSCoreLogger] [ERROR] CS: ERROR 40: AprilTag1: ioctl VIDIOC_STREAMON failed: Protocol error (UsbCameraImpl.cpp:789)
[2025-09-27 20:29:18] [CSCore - PvCSCoreLogger] [INFO] AprilTag1: Attempting to connect to USB camera on /dev/v4l/by-path/platform-fc880000.usb-usb-0:1:1.0-video-index0
[2025-09-27 20:29:18] [CSCore - PvCSCoreLogger] [DEBUG] CS: DEBUG 7: AprilTag1: opening device (UsbCameraImpl.cpp:651)
[2025-09-27 20:29:18] [CSCore - PvCSCoreLogger] [INFO] AprilTag1: Attempting to connect to USB camera on /dev/v4l/by-path/platform-fc880000.usb-usb-0:1:1.0-video-index0
[2025-09-27 20:29:18] [CSCore - PvCSCoreLogger] [DEBUG] CS: DEBUG 7: AprilTag1: opening device (UsbCameraImpl.cpp:651)
[2025-09-27 20:29:18] [Camera - USBFrameProvider - AprilTag1] [ERROR] Error grabbing image: timed out getting frame
[2025-09-27 20:29:18] [General - KernelLogLogger] [DEBUG] 2025-09-27T20:29:18.619161-06:00 photonvision kernel: usb usb5-port1: disabled by hub (EMI?), re-enabling...
[2025-09-27 20:29:18] [General - KernelLogLogger] [DEBUG] 2025-09-27T20:29:18.619418-06:00 photonvision kernel: usb 5-1: USB disconnect, device number 87
[2025-09-27 20:29:19] [Camera - USBFrameProvider - AprilTag1] [ERROR] Error grabbing image: timed out getting frame
[2025-09-27 20:29:19] [CSCore - PvCSCoreLogger] [INFO] AprilTag1: Attempting to connect to USB camera on /dev/v4l/by-path/platform-fc880000.usb-usb-0:1:1.0-video-index0
[2025-09-27 20:29:19] [CSCore - PvCSCoreLogger] [DEBUG] CS: DEBUG 7: AprilTag1: opening device (UsbCameraImpl.cpp:651)
[2025-09-27 20:29:19] [CSCore - PvCSCoreLogger] [INFO] AprilTag1: Attempting to connect to USB camera on /dev/v4l/by-path/platform-fc880000.usb-usb-0:1:1.0-video-index0
[2025-09-27 20:29:19] [CSCore - PvCSCoreLogger] [DEBUG] CS: DEBUG 7: AprilTag1: opening device (UsbCameraImpl.cpp:651)
[2025-09-27 20:29:19] [CSCore - PvCSCoreLogger] [INFO] AprilTag1: Connected to USB camera on /dev/v4l/by-path/platform-fc880000.usb-usb-0:1:1.0-video-index0
[2025-09-27 20:29:19] [CSCore - PvCSCoreLogger] [DEBUG] CS: DEBUG 7: AprilTag1: getting capabilities (UsbCameraImpl.cpp:663)
[2025-09-27 20:29:19] [CSCore - PvCSCoreLogger] [DEBUG] CS: DEBUG 7: AprilTag1: restoring video mode (UsbCameraImpl.cpp:681)
[2025-09-27 20:29:19] [CSCore - PvCSCoreLogger] [INFO] AprilTag1: set format 1 res 320x240
[2025-09-27 20:29:19] [CSCore - PvCSCoreLogger] [INFO] AprilTag1: set FPS to 100
[2025-09-27 20:29:19] [CSCore - PvCSCoreLogger] [DEBUG] CS: DEBUG 7: AprilTag1: restoring settings (UsbCameraImpl.cpp:686)
[2025-09-27 20:29:19] [Camera - USBFrameProvider - AprilTag1] [ERROR] Error grabbing image: timed out getting frame
[2025-09-27 20:29:19] [Camera - USBFrameProvider - AprilTag1] [ERROR] Error grabbing image: timed out getting frame
[2025-09-27 20:29:19] [General - KernelLogLogger] [DEBUG] 2025-09-27T20:29:18.956415-06:00 photonvision kernel: usb 5-1: new high-speed USB device number 88 using ehci-platform
[2025-09-27 20:29:19] [General - KernelLogLogger] [DEBUG] 2025-09-27T20:29:19.115861-06:00 photonvision kernel: usb 5-1: New USB device found, idVendor=0c45, idProduct=6366, bcdDevice= 1.00
[2025-09-27 20:29:19] [General - KernelLogLogger] [DEBUG] 2025-09-27T20:29:19.115912-06:00 photonvision kernel: usb 5-1: New USB device strings: Mfr=2, Product=1, SerialNumber=3
[2025-09-27 20:29:19] [General - KernelLogLogger] [DEBUG] 2025-09-27T20:29:19.115917-06:00 photonvision kernel: usb 5-1: Product: AprilTag1
[2025-09-27 20:29:19] [General - KernelLogLogger] [DEBUG] 2025-09-27T20:29:19.115920-06:00 photonvision kernel: usb 5-1: Manufacturer: Arducam Technology Co., Ltd.
[2025-09-27 20:29:19] [General - KernelLogLogger] [DEBUG] 2025-09-27T20:29:19.115925-06:00 photonvision kernel: usb 5-1: SerialNumber: 0001
[2025-09-27 20:29:19] [General - KernelLogLogger] [DEBUG] 2025-09-27T20:29:19.119145-06:00 photonvision kernel: usb 5-1: Found UVC 1.00 device AprilTag1 (0c45:6366)
[2025-09-27 20:29:19] [General - KernelLogLogger] [DEBUG] 2025-09-27T20:29:19.149554-06:00 photonvision kernel: input: AprilTag1: AprilTag1 as /devices/platform/fc880000.usb/usb5/5-1/5-1:1.0/input/input100
[2025-09-27 20:29:19] [General - KernelLogLogger] [DEBUG] 348697-06:00 photonvision kernel: input: AprilTag1: AprilTag1 as /devices/platform/fc880000.usb/usb5/5-1/5-1:1.0/input/input99
[2025-09-27 20:29:19] [General - KernelLogLogger] [DEBUG] Product: AprilTag1
[2025-09-27 20:29:19] [General - KernelLogLogger] [DEBUG] 2025-09-27T20:29:15.507114-06:00 photonvision kernel: usb 5-1: Manufacturer: Arducam Technology Co., Ltd.
[2025-09-27 20:29:19] [General - KernelLogLogger] [DEBUG] 2025-09-27T20:29:15.507117-06:00 photonvision kernel: usb 5-1: SerialNumber: 0001
[2025-09-27 20:29:19] [General - KernelLogLogger] [DEBUG] ÿ
[2025-09-27 20:29:19] [Camera - USBFrameProvider - AprilTag1] [ERROR] Error grabbing image: timed out getting frame
[2025-09-27 20:29:20] [Camera - USBFrameProvider - AprilTag1] [ERROR] Error grabbing image: timed out getting frame
[2025-09-27 20:29:20] [CSCore - PvCSCoreLogger] [DEBUG] CS: DEBUG 7: AprilTag1: allocating buffers (UsbCameraImpl.cpp:701)
[2025-09-27 20:29:20] [CSCore - PvCSCoreLogger] [DEBUG] CS: DEBUG 7: AprilTag1: mapping buffers (UsbCameraImpl.cpp:715)
[2025-09-27 20:29:20] [CSCore - PvCSCoreLogger] [DEBUG] CS: DEBUG 7: AprilTag1: queuing buffers (UsbCameraImpl.cpp:765)
[2025-09-27 20:29:20] [CSCore - PvCSCoreLogger] [ERROR] CS: ERROR 40: AprilTag1: ioctl VIDIOC_STREAMON failed: Protocol error (UsbCameraImpl.cpp:789)
[2025-09-27 20:29:20] [CSCore - PvCSCoreLogger] [DEBUG] CS: DEBUG 7: AprilTag1: queuing buffers (UsbCameraImpl.cpp:765)
[2025-09-27 20:29:20] [CSCore - PvCSCoreLogger] [ERROR] CS: ERROR 40: ioctl VIDIOC_QBUF failed at UsbCameraImpl.cpp:772: No such device (UsbUtil.cpp:157)
[2025-09-27 20:29:20] [CSCore - PvCSCoreLogger] [WARN] CS: WARNING 30: AprilTag1: could not queue buffer 0 (UsbCameraImpl.cpp:773)
[2025-09-27 20:29:20] [CSCore - PvCSCoreLogger] [DEBUG] CS: DEBUG 7: AprilTag1: queuing buffers (UsbCameraImpl.cpp:765)
[2025-09-27 20:29:20] [CSCore - PvCSCoreLogger] [ERROR] CS: ERROR 40: ioctl VIDIOC_QBUF failed at UsbCameraImpl.cpp:772: No such device (UsbUtil.cpp:157)
[2025-09-27 20:29:20] [CSCore - PvCSCoreLogger] [WARN] CS: WARNING 30: AprilTag1: could not queue buffer 0 (UsbCameraImpl.cpp:773)
[2025-09-27 20:29:20] [CSCore - PvCSCoreLogger] [INFO] AprilTag1: Attempting to connect to USB camera on /dev/v4l/by-path/platform-fc880000.usb-usb-0:1:1.0-video-index0
[2025-09-27 20:29:20] [CSCore - PvCSCoreLogger] [DEBUG] CS: DEBUG 7: AprilTag1: opening device (UsbCameraImpl.cpp:651)
[2025-09-27 20:29:20] [Camera - USBFrameProvider - AprilTag1] [ERROR] Error grabbing image: timed out getting frame
[2025-09-27 20:29:20] [Camera - USBFrameProvider - AprilTag1] [ERROR] Error grabbing image: timed out getting frame
[2025-09-27 20:29:20] [General - KernelLogLogger] [DEBUG] 2025-09-27T20:29:20.412412-06:00 photonvision kernel: usb usb5-port1: disabled by hub (EMI?), re-enabling...
[2025-09-27 20:29:20] [General - KernelLogLogger] [DEBUG] 2025-09-27T20:29:20.412455-06:00 photonvision kernel: usb 5-1: USB disconnect, device number 88
[2025-09-27 20:29:20] [General - KernelLogLogger] [DEBUG] 2025-09-27T20:29:20.420423-06:00 photonvision kernel: usb 5-1: Failed to query (GET_MAX) UVC control 8 on unit 2: -71 (exp. 2).
[2025-09-27 20:29:20] [General - KernelLogLogger] [DEBUG] 2025-09-27T20:29:20.750135-06:00 photonvision kernel: usb 5-1: new high-speed USB device number 89 using ehci-platform
[2025-09-27 20:29:20] [General - KernelLogLogger] [DEBUG] ernel: input: AprilTag1: AprilTag1 as /devices/platform/fc880000.usb/usb5/5-1/5-1:1.0/input/input95
[2025-09-27 20:29:20] [General - KernelLogLogger] [DEBUG] 
[2025-09-27 20:29:20] [General - KernelLogLogger] [DEBUG] s
[2025-09-27 20:29:21] [CSCore - PvCSCoreLogger] [INFO] AprilTag1: Attempting to connect to USB camera on /dev/v4l/by-path/platform-fc880000.usb-usb-0:1:1.0-video-index0
[2025-09-27 20:29:21] [CSCore - PvCSCoreLogger] [DEBUG] CS: DEBUG 7: AprilTag1: opening device (UsbCameraImpl.cpp:651)
[2025-09-27 20:29:21] [CSCore - PvCSCoreLogger] [INFO] AprilTag1: Attempting to connect to USB camera on /dev/v4l/by-path/platform-fc880000.usb-usb-0:1:1.0-video-index0
[2025-09-27 20:29:21] [CSCore - PvCSCoreLogger] [DEBUG] CS: DEBUG 7: AprilTag1: opening device (UsbCameraImpl.cpp:651)
[2025-09-27 20:29:21] [CSCore - PvCSCoreLogger] [INFO] AprilTag1: Connected to USB camera on /dev/v4l/by-path/platform-fc880000.usb-usb-0:1:1.0-video-index0
[2025-09-27 20:29:21] [CSCore - PvCSCoreLogger] [DEBUG] CS: DEBUG 7: AprilTag1: getting capabilities (UsbCameraImpl.cpp:663)
[2025-09-27 20:29:21] [CSCore - PvCSCoreLogger] [DEBUG] CS: DEBUG 7: AprilTag1: restoring video mode (UsbCameraImpl.cpp:681)
[2025-09-27 20:29:21] [Camera - USBFrameProvider - AprilTag1] [ERROR] Error grabbing image: timed out getting frame
[2025-09-27 20:29:21] [CSCore - PvCSCoreLogger] [INFO] AprilTag1: set format 1 res 320x240
[2025-09-27 20:29:21] [CSCore - PvCSCoreLogger] [INFO] AprilTag1: set FPS to 100
[2025-09-27 20:29:21] [CSCore - PvCSCoreLogger] [DEBUG] CS: DEBUG 7: AprilTag1: restoring settings (UsbCameraImpl.cpp:686)
[2025-09-27 20:29:21] [Camera - USBFrameProvider - AprilTag1] [ERROR] Error grabbing image: timed out getting frame
[2025-09-27 20:29:21] [Camera - USBFrameProvider - AprilTag1] [ERROR] Error grabbing image: timed out getting frame
[2025-09-27 20:29:21] [Camera - USBFrameProvider - AprilTag1] [ERROR] Error grabbing image: timed out getting frame
[2025-09-27 20:29:21] [General - KernelLogLogger] [DEBUG] 2025-09-27T20:29:20.915734-06:00 photonvision kernel: usb 5-1: New USB device found, idVendor=0c45, idProduct=6366, bcdDevice= 1.00
[2025-09-27 20:29:21] [General - KernelLogLogger] [DEBUG] 2025-09-27T20:29:20.915785-06:00 photonvision kernel: usb 5-1: New USB device strings: Mfr=2, Product=1, SerialNumber=3
[2025-09-27 20:29:21] [General - KernelLogLogger] [DEBUG] 2025-09-27T20:29:20.915789-06:00 photonvision kernel: usb 5-1: Product: AprilTag1
[2025-09-27 20:29:21] [General - KernelLogLogger] [DEBUG] 2025-09-27T20:29:20.915793-06:00 photonvision kernel: usb 5-1: Manufacturer: Arducam Technology Co., Ltd.
[2025-09-27 20:29:21] [General - KernelLogLogger] [DEBUG] 2025-09-27T20:29:20.915797-06:00 photonvision kernel: usb 5-1: SerialNumber: 0001
[2025-09-27 20:29:21] [General - KernelLogLogger] [DEBUG] 2025-09-27T20:29:20.919087-06:00 photonvision kernel: usb 5-1: Found UVC 1.00 device AprilTag1 (0c45:6366)
[2025-09-27 20:29:21] [General - KernelLogLogger] [DEBUG] 2025-09-27T20:29:20.949078-06:00 photonvision kernel: input: AprilTag1: AprilTag1 as /devices/platform/fc880000.usb/usb5/5-1/5-1:1.0/input/input101
[2025-09-27 20:29:21] [General - KernelLogLogger] [DEBUG] :00 photonvision kernel: input: AprilTag1: AprilTag1 as /devices/platform/fc880000.usb/usb5/5-1/5-1:1.0/input/input100
[2025-09-27 20:29:21] [General - KernelLogLogger] [DEBUG] 348697-06:00 photonvision kernel: input: AprilTag1: AprilTag1 as /devices/platform/fc880000.usb/usb5/5-1/5-1:1.0/input/input99
[2025-09-27 20:29:21] [General - KernelLogLogger] [DEBUG] Product: AprilTag1
[2025-09-27 20:29:21] [General - KernelLogLogger] [DEBUG] 2025-0Á
[2025-09-27 20:29:22] [Camera - USBFrameProvider - AprilTag1] [ERROR] Error grabbing image: timed out getting frame
[2025-09-27 20:29:22] [CSCore - PvCSCoreLogger] [DEBUG] CS: DEBUG 7: AprilTag1: allocating buffers (UsbCameraImpl.cpp:701)
[2025-09-27 20:29:22] [CSCore - PvCSCoreLogger] [DEBUG] CS: DEBUG 7: AprilTag1: mapping buffers (UsbCameraImpl.cpp:715)
[2025-09-27 20:29:22] [CSCore - PvCSCoreLogger] [DEBUG] CS: DEBUG 7: AprilTag1: queuing buffers (UsbCameraImpl.cpp:765)
[2025-09-27 20:29:22] [CSCore - PvCSCoreLogger] [ERROR] CS: ERROR 40: AprilTag1: ioctl VIDIOC_STREAMON failed: Protocol error (UsbCameraImpl.cpp:789)
[2025-09-27 20:29:22] [CSCore - PvCSCoreLogger] [DEBUG] CS: DEBUG 7: AprilTag1: queuing buffers (UsbCameraImpl.cpp:765)
[2025-09-27 20:29:22] [CSCore - PvCSCoreLogger] [ERROR] CS: ERROR 40: ioctl VIDIOC_QBUF failed at UsbCameraImpl.cpp:772: Invalid argument (UsbUtil.cpp:157)
[2025-09-27 20:29:22] [CSCore - PvCSCoreLogger] [WARN] CS: WARNING 30: AprilTag1: could not queue buffer 0 (UsbCameraImpl.cpp:773)
[2025-09-27 20:29:22] [CSCore - PvCSCoreLogger] [INFO] AprilTag1: Attempting to connect to USB camera on /dev/v4l/by-path/platform-fc880000.usb-usb-0:1:1.0-video-index0
[2025-09-27 20:29:22] [CSCore - PvCSCoreLogger] [DEBUG] CS: DEBUG 7: AprilTag1: opening device (UsbCameraImpl.cpp:651)
[2025-09-27 20:29:22] [CSCore - PvCSCoreLogger] [INFO] AprilTag1: Attempting to connect to USB camera on /dev/v4l/by-path/platform-fc880000.usb-usb-0:1:1.0-video-index0
[2025-09-27 20:29:22] [CSCore - PvCSCoreLogger] [DEBUG] CS: DEBUG 7: AprilTag1: opening device (UsbCameraImpl.cpp:651)
[2025-09-27 20:29:22] [Camera - USBFrameProvider - AprilTag1] [ERROR] Error grabbing image: timed out getting frame
[2025-09-27 20:29:22] [Camera - USBFrameProvider - AprilTag1] [ERROR] Error grabbing image: timed out getting frame
[2025-09-27 20:29:22] [CSCore - PvCSCoreLogger] [INFO] AprilTag1: Attempting to connect to USB camera on /dev/v4l/by-path/platform-fc880000.usb-usb-0:1:1.0-video-index0
[2025-09-27 20:29:22] [CSCore - PvCSCoreLogger] [DEBUG] CS: DEBUG 7: AprilTag1: opening device (UsbCameraImpl.cpp:651)
[2025-09-27 20:29:22] [CSCore - PvCSCoreLogger] [INFO] AprilTag1: Connected to USB camera on /dev/v4l/by-path/platform-fc880000.usb-usb-0:1:1.0-video-index0
[2025-09-27 20:29:22] [CSCore - PvCSCoreLogger] [DEBUG] CS: DEBUG 7: AprilTag1: getting capabilities (UsbCameraImpl.cpp:663)
[2025-09-27 20:29:22] [CSCore - PvCSCoreLogger] [DEBUG] CS: DEBUG 7: AprilTag1: restoring video mode (UsbCameraImpl.cpp:681)
[2025-09-27 20:29:22] [CSCore - PvCSCoreLogger] [INFO] AprilTag1: set format 1 res 320x240
[2025-09-27 20:29:22] [CSCore - PvCSCoreLogger] [INFO] AprilTag1: set FPS to 100
[2025-09-27 20:29:22] [CSCore - PvCSCoreLogger] [DEBUG] CS: DEBUG 7: AprilTag1: restoring settings (UsbCameraImpl.cpp:686)
[2025-09-27 20:29:22] [General - KernelLogLogger] [DEBUG] 2025-09-27T20:29:22.245719-06:00 photonvision kernel: usb 5-1: Failed to query (GET_DEF) UVC control 1 on unit 2: -71 (exp. 2).
[2025-09-27 20:29:22] [General - KernelLogLogger] [DEBUG] 2025-09-27T20:29:22.259061-06:00 photonvision kernel: usb 5-1: Failed to query (GET_CUR) UVC control 2 on unit 2: -71 (exp. 2).
[2025-09-27 20:29:22] [General - KernelLogLogger] [DEBUG] 2025-09-27T20:29:22.265744-06:00 photonvision kernel: usb usb5-port1: disabled by hub (EMI?), re-enabling...
[2025-09-27 20:29:22] [General - KernelLogLogger] [DEBUG] 2025-09-27T20:29:22.265789-06:00 photonvision kernel: usb 5-1: USB disconnect, device number 89
[2025-09-27 20:29:22] [General - KernelLogLogger] [DEBUG] 2025-09-27T20:29:22.265794-06:00 photonvision kernel: usb 5-1: Failed to query (GET_DEF) UVC control 1 on unit 2: -71 (exp. 2).
[2025-09-27 20:29:22] [General - KernelLogLogger] [DEBUG] 2025-09-27T20:29:22.595737-06:00 photonvision kernel: usb 5-1: new high-speed USB device number 90 using ehci-platform
[2025-09-27 20:29:22] [General - KernelLogLogger] [DEBUG] 2025-09-27T20:29:22.756054-06:00 photonvision kernel: usb 5-1: New USB device found, idVendor=0c45, idProduct=6366, bcdDevice= 1.00
[2025-09-27 20:29:22] [General - KernelLogLogger] [DEBUG] 2025-09-27T20:29:22.756104-06:00 photonvision kernel: usb 5-1: New USB device strings: Mfr=2, Product=1, SerialNumber=3
[2025-09-27 20:29:22] [General - KernelLogLogger] [DEBUG] 2025-09-27T20:29:22.756108-06:00 photonvision kernel: usb 5-1: Product: AprilTag1
[2025-09-27 20:29:22] [General - KernelLogLogger] [DEBUG] 2025-09-27T20:29:22.756112-06:00 photonvision kernel: usb 5-1: Manufacturer: Arducam Technology Co., Ltd.
[2025-09-27 20:29:22] [General - KernelLogLogger] [DEBUG] 2025-09-27T20:29:22.756116-06:00 photonvision kernel: usb 5-1: SerialNumber: 0001
[2025-09-27 20:29:22] [General - KernelLogLogger] [DEBUG] 2025-09-27T20:29:22.759213-06:00 photonvision kernel: usb 5-1: Found UVC 1.00 device AprilTag1 (0c45:6366)
[2025-09-27 20:29:22] [General - KernelLogLogger] [DEBUG] 2025-09-27T20:29:22.789211-06:00 photonvision kernel: input: AprilTag1: AprilTag1 as /devices/platform/fc880000.usb/usb5/5-1/5-1:1.0/input/input102
[2025-09-27 20:29:22] [General - KernelLogLogger] [DEBUG] T20:25:26.582388-06:00 photonvision kernel: usb 5-1: Failed to query (GET_MIN) UVC control 1 on unit 2: -71 (exp. 2).
[2025-09-27 20:29:22] [General - KernelLogLogger] [DEBUG] 2025-09-27T20:25:26.592386-06:00 photonvision kernel: usb 5-1: Failed to query (GET_CUR) UVC control 2 on unit 2: -71 (exp. 2).
[2025-09-27 20:29:22] [General - KernelLogLogger] [DEBUG] 2025-09-27T20:25:26.595748-06:00 photonvision kernel: usb usb5-port1: disabled by hub (EMI?), re-enabling...
[2025-09-27 20:29:22] [General - KernelLogLogger] [DEBUG] 2025-09-27T20:25:26.595773-06:00 photonvision kernel: usb 5-1: USB disconnect, device number 4
[2025-09-27 20:29:22] [General - KernelLogLogger] [DEBUG] ÿ
[2025-09-27 20:29:22] [Camera - USBFrameProvider - AprilTag1] [ERROR] Error grabbing image: timed out getting frame
[2025-09-27 20:29:23] [Camera - USBFrameProvider - AprilTag1] [ERROR] Error grabbing image: timed out getting frame
[2025-09-27 20:29:23] [Camera - USBFrameProvider - AprilTag1] [ERROR] Error grabbing image: timed out getting frame
[2025-09-27 20:29:23] [Camera - USBFrameProvider - AprilTag1] [ERROR] Error grabbing image: timed out getting frame
[2025-09-27 20:29:23] [CSCore - PvCSCoreLogger] [DEBUG] CS: DEBUG 7: AprilTag1: allocating buffers (UsbCameraImpl.cpp:701)
[2025-09-27 20:29:23] [CSCore - PvCSCoreLogger] [DEBUG] CS: DEBUG 7: AprilTag1: mapping buffers (UsbCameraImpl.cpp:715)
[2025-09-27 20:29:23] [CSCore - PvCSCoreLogger] [DEBUG] CS: DEBUG 7: AprilTag1: queuing buffers (UsbCameraImpl.cpp:765)
[2025-09-27 20:29:23] [Camera - USBFrameProvider - AprilTag1] [ERROR] Error grabbing image: timed out getting frame
[2025-09-27 20:29:24] [CSCore - PvCSCoreLogger] [ERROR] CS: ERROR 40: AprilTag1: ioctl VIDIOC_STREAMON failed: Protocol error (UsbCameraImpl.cpp:789)
[2025-09-27 20:29:24] [CSCore - PvCSCoreLogger] [DEBUG] CS: DEBUG 7: AprilTag1: queuing buffers (UsbCameraImpl.cpp:765)
[2025-09-27 20:29:24] [CSCore - PvCSCoreLogger] [ERROR] CS: ERROR 40: ioctl VIDIOC_QBUF failed at UsbCameraImpl.cpp:772: Invalid argument (UsbUtil.cpp:157)
[2025-09-27 20:29:24] [CSCore - PvCSCoreLogger] [WARN] CS: WARNING 30: AprilTag1: could not queue buffer 0 (UsbCameraImpl.cpp:773)
[2025-09-27 20:29:24] [CSCore - PvCSCoreLogger] [INFO] AprilTag1: Attempting to connect to USB camera on /dev/v4l/by-path/platform-fc880000.usb-usb-0:1:1.0-video-index0
[2025-09-27 20:29:24] [CSCore - PvCSCoreLogger] [DEBUG] CS: DEBUG 7: AprilTag1: opening device (UsbCameraImpl.cpp:651)
[2025-09-27 20:29:24] [CSCore - PvCSCoreLogger] [INFO] AprilTag1: Attempting to connect to USB camera on /dev/v4l/by-path/platform-fc880000.usb-usb-0:1:1.0-video-index0
[2025-09-27 20:29:24] [CSCore - PvCSCoreLogger] [DEBUG] CS: DEBUG 7: AprilTag1: opening device (UsbCameraImpl.cpp:651)
[2025-09-27 20:29:24] [Camera - USBFrameProvider - AprilTag1] [ERROR] Error grabbing image: timed out getting frame
[2025-09-27 20:29:24] [Camera - USBFrameProvider - AprilTag1] [ERROR] Error grabbing image: timed out getting frame
[2025-09-27 20:29:24] [Camera - USBFrameProvider - AprilTag1] [ERROR] Error grabbing image: timed out getting frame
[2025-09-27 20:29:24] [General - KernelLogLogger] [DEBUG] 2025-09-27T20:29:24.032361-06:00 photonvision kernel: usb 5-1: Failed to query (GET_CUR) UVC control 6 on unit 2: -71 (exp. 2).
[2025-09-27 20:29:24] [General - KernelLogLogger] [DEBUG] 2025-09-27T20:29:24.062406-06:00 photonvision kernel: usb usb5-port1: disabled by hub (EMI?), re-enabling...
[2025-09-27 20:29:24] [General - KernelLogLogger] [DEBUG] 2025-09-27T20:29:24.062450-06:00 photonvision kernel: usb 5-1: USB disconnect, device number 90
[2025-09-27 20:29:24] [General - KernelLogLogger] [DEBUG] 2025-09-27T20:29:24.405743-06:00 photonvision kernel: usb 5-1: new high-speed USB device number 91 using ehci-platform
[2025-09-27 20:29:24] [General - KernelLogLogger] [DEBUG] 2025-09-27T20:29:24.749194-06:00 photonvision kernel: usb 5-1: device descriptor read/64, error -71
[2025-09-27 20:29:24] [General - KernelLogLogger] [DEBUG] ÿ
[2025-09-27 20:29:25] [Camera - USBFrameProvider - AprilTag1] [ERROR] Error grabbing image: timed out getting frame
[2025-09-27 20:29:25] [CSCore - PvCSCoreLogger] [INFO] AprilTag1: Attempting to connect to USB camera on /dev/v4l/by-path/platform-fc880000.usb-usb-0:1:1.0-video-index0
[2025-09-27 20:29:25] [CSCore - PvCSCoreLogger] [DEBUG] CS: DEBUG 7: AprilTag1: opening device (UsbCameraImpl.cpp:651)
[2025-09-27 20:29:25] [CSCore - PvCSCoreLogger] [INFO] AprilTag1: Attempting to connect to USB camera on /dev/v4l/by-path/platform-fc880000.usb-usb-0:1:1.0-video-index0
[2025-09-27 20:29:25] [CSCore - PvCSCoreLogger] [DEBUG] CS: DEBUG 7: AprilTag1: opening device (UsbCameraImpl.cpp:651)
[2025-09-27 20:29:25] [CSCore - PvCSCoreLogger] [INFO] AprilTag1: Attempting to connect to USB camera on /dev/v4l/by-path/platform-fc880000.usb-usb-0:1:1.0-video-index0
[2025-09-27 20:29:25] [CSCore - PvCSCoreLogger] [DEBUG] CS: DEBUG 7: AprilTag1: opening device (UsbCameraImpl.cpp:651)
[2025-09-27 20:29:25] [CSCore - PvCSCoreLogger] [INFO] AprilTag1: Connected to USB camera on /dev/v4l/by-path/platform-fc880000.usb-usb-0:1:1.0-video-index0
[2025-09-27 20:29:25] [CSCore - PvCSCoreLogger] [DEBUG] CS: DEBUG 7: AprilTag1: getting capabilities (UsbCameraImpl.cpp:663)
[2025-09-27 20:29:25] [CSCore - PvCSCoreLogger] [DEBUG] CS: DEBUG 7: AprilTag1: restoring video mode (UsbCameraImpl.cpp:681)
[2025-09-27 20:29:25] [CSCore - PvCSCoreLogger] [INFO] AprilTag1: set format 1 res 320x240
[2025-09-27 20:29:25] [CSCore - PvCSCoreLogger] [INFO] AprilTag1: set FPS to 100
[2025-09-27 20:29:25] [CSCore - PvCSCoreLogger] [DEBUG] CS: DEBUG 7: AprilTag1: restoring settings (UsbCameraImpl.cpp:686)
[2025-09-27 20:29:25] [Camera - USBFrameProvider - AprilTag1] [ERROR] Error grabbing image: timed out getting frame
[2025-09-27 20:29:25] [Camera - USBFrameProvider - AprilTag1] [ERROR] Error grabbing image: timed out getting frame
[2025-09-27 20:29:25] [Camera - USBFrameProvider - AprilTag1] [ERROR] Error grabbing image: timed out getting frame
[2025-09-27 20:29:25] [General - KernelLogLogger] [DEBUG] 2025-09-27T20:29:25.019083-06:00 photonvision kernel: usb 5-1: New USB device found, idVendor=0c45, idProduct=6366, bcdDevice= 1.00
[2025-09-27 20:29:25] [General - KernelLogLogger] [DEBUG] 2025-09-27T20:29:25.019129-06:00 photonvision kernel: usb 5-1: New USB device strings: Mfr=2, Product=1, SerialNumber=3
[2025-09-27 20:29:25] [General - KernelLogLogger] [DEBUG] 2025-09-27T20:29:25.019133-06:00 photonvision kernel: usb 5-1: Product: AprilTag1
[2025-09-27 20:29:25] [General - KernelLogLogger] [DEBUG] 2025-09-27T20:29:25.019136-06:00 photonvision kernel: usb 5-1: Manufacturer: Arducam Technology Co., Ltd.
[2025-09-27 20:29:25] [General - KernelLogLogger] [DEBUG] 2025-09-27T20:29:25.019140-06:00 photonvision kernel: usb 5-1: SerialNumber: 0001
[2025-09-27 20:29:25] [General - KernelLogLogger] [DEBUG] 2025-09-27T20:29:25.022372-06:00 photonvision kernel: usb 5-1: Found UVC 1.00 device AprilTag1 (0c45:6366)
[2025-09-27 20:29:25] [General - KernelLogLogger] [DEBUG] 2025-09-27T20:29:25.049094-06:00 photonvision kernel: input: AprilTag1: AprilTag1 as /devices/platform/fc880000.usb/usb5/5-1/5-1:1.0/input/input103
[2025-09-27 20:29:25] [General - KernelLogLogger] [DEBUG] B device found, idVendor=0c45, idProduct=6366, bcdDevice= 1.00
[2025-09-27 20:29:25] [General - KernelLogLogger] [DEBUG] 2025-09-27T20:29:22.756104-06:00 photonvision kernel: usb 5-1: New USB device strings: Mfr=2, Product=1, SerialNumber=3
[2025-09-27 20:29:25] [General - KernelLogLogger] [DEBUG] 2025-09-27T20:29:22.756108-06:00 photonvision kernel: usb 5-1: Product: AprilTag1
[2025-09-27 20:29:25] [General - KernelLogLogger] [DEBUG] 2025-0Á
[2025-09-27 20:29:26] [Camera - USBFrameProvider - AprilTag1] [ERROR] Error grabbing image: timed out getting frame
[2025-09-27 20:29:26] [CSCore - PvCSCoreLogger] [DEBUG] CS: DEBUG 7: AprilTag1: allocating buffers (UsbCameraImpl.cpp:701)
[2025-09-27 20:29:26] [CSCore - PvCSCoreLogger] [DEBUG] CS: DEBUG 7: AprilTag1: mapping buffers (UsbCameraImpl.cpp:715)
[2025-09-27 20:29:26] [CSCore - PvCSCoreLogger] [DEBUG] CS: DEBUG 7: AprilTag1: queuing buffers (UsbCameraImpl.cpp:765)
[2025-09-27 20:29:26] [CSCore - PvCSCoreLogger] [ERROR] CS: ERROR 40: AprilTag1: ioctl VIDIOC_STREAMON failed: Protocol error (UsbCameraImpl.cpp:789)
[2025-09-27 20:29:26] [CSCore - PvCSCoreLogger] [INFO] AprilTag1: Attempting to connect to USB camera on /dev/v4l/by-path/platform-fc880000.usb-usb-0:1:1.0-video-index0
[2025-09-27 20:29:26] [CSCore - PvCSCoreLogger] [DEBUG] CS: DEBUG 7: AprilTag1: opening device (UsbCameraImpl.cpp:651)
[2025-09-27 20:29:26] [CSCore - PvCSCoreLogger] [INFO] AprilTag1: Attempting to connect to USB camera on /dev/v4l/by-path/platform-fc880000.usb-usb-0:1:1.0-video-index0
[2025-09-27 20:29:26] [CSCore - PvCSCoreLogger] [DEBUG] CS: DEBUG 7: AprilTag1: opening device (UsbCameraImpl.cpp:651)
[2025-09-27 20:29:26] [CSCore - PvCSCoreLogger] [INFO] AprilTag1: Attempting to connect to USB camera on /dev/v4l/by-path/platform-fc880000.usb-usb-0:1:1.0-video-index0
[2025-09-27 20:29:26] [CSCore - PvCSCoreLogger] [DEBUG] CS: DEBUG 7: AprilTag1: opening device (UsbCameraImpl.cpp:651)
[2025-09-27 20:29:26] [CSCore - PvCSCoreLogger] [INFO] AprilTag1: Attempting to connect to USB camera on /dev/v4l/by-path/platform-fc880000.usb-usb-0:1:1.0-video-index0
[2025-09-27 20:29:26] [CSCore - PvCSCoreLogger] [DEBUG] CS: DEBUG 7: AprilTag1: opening device (UsbCameraImpl.cpp:651)
[2025-09-27 20:29:26] [Camera - USBFrameProvider - AprilTag1] [ERROR] Error grabbing image: timed out getting frame
[2025-09-27 20:29:26] [Camera - USBFrameProvider - AprilTag1] [ERROR] Error grabbing image: timed out getting frame
[2025-09-27 20:29:26] [General - KernelLogLogger] [DEBUG] 2025-09-27T20:29:26.325694-06:00 photonvision kernel: usb 5-1: Failed to query (GET_MIN) UVC control 8 on unit 2: -71 (exp. 2).
[2025-09-27 20:29:26] [General - KernelLogLogger] [DEBUG] 2025-09-27T20:29:26.345702-06:00 photonvision kernel: usb usb5-port1: disabled by hub (EMI?), re-enabling...
[2025-09-27 20:29:26] [General - KernelLogLogger] [DEBUG] 2025-09-27T20:29:26.345721-06:00 photonvision kernel: usb 5-1: USB disconnect, device number 91
[2025-09-27 20:29:26] [General - KernelLogLogger] [DEBUG] 2025-09-27T20:29:26.345722-06:00 photonvision kernel: usb 5-1: Failed to query (GET_CUR) UVC control 2 on unit 2: -71 (exp. 2).
[2025-09-27 20:29:26] [General - KernelLogLogger] [DEBUG] 2025-09-27T20:29:26.345723-06:00 photonvision kernel: usb 5-1: Failed to query (GET_DEF) UVC control 8 on unit 2: -19 (exp. 2).
[2025-09-27 20:29:26] [General - KernelLogLogger] [DEBUG] 2025-09-27T20:29:26.692759-06:00 photonvision kernel: usb 5-1: new high-speed USB device number 92 using ehci-platform
[2025-09-27 20:29:26] [CSCore - PvCSCoreLogger] [INFO] AprilTag1: Attempting to connect to USB camera on /dev/v4l/by-path/platform-fc880000.usb-usb-0:1:1.0-video-index0
[2025-09-27 20:29:26] [CSCore - PvCSCoreLogger] [DEBUG] CS: DEBUG 7: AprilTag1: opening device (UsbCameraImpl.cpp:651)
[2025-09-27 20:29:26] [CSCore - PvCSCoreLogger] [INFO] AprilTag1: Attempting to connect to USB camera on /dev/v4l/by-path/platform-fc880000.usb-usb-0:1:1.0-video-index0
[2025-09-27 20:29:26] [CSCore - PvCSCoreLogger] [DEBUG] CS: DEBUG 7: AprilTag1: opening device (UsbCameraImpl.cpp:651)
[2025-09-27 20:29:26] [CSCore - PvCSCoreLogger] [INFO] AprilTag1: Connected to USB camera on /dev/v4l/by-path/platform-fc880000.usb-usb-0:1:1.0-video-index0
[2025-09-27 20:29:26] [CSCore - PvCSCoreLogger] [DEBUG] CS: DEBUG 7: AprilTag1: getting capabilities (UsbCameraImpl.cpp:663)
[2025-09-27 20:29:26] [CSCore - PvCSCoreLogger] [DEBUG] CS: DEBUG 7: AprilTag1: restoring video mode (UsbCameraImpl.cpp:681)
[2025-09-27 20:29:26] [General - KernelLogLogger] [DEBUG] 2025-09-27T20:29:26.852782-06:00 photonvision kernel: usb 5-1: New USB device found, idVendor=0c45, idProduct=6366, bcdDevice= 1.00
[2025-09-27 20:29:26] [General - KernelLogLogger] [DEBUG] 2025-09-27T20:29:26.852837-06:00 photonvision kernel: usb 5-1: New USB device strings: Mfr=2, Product=1, SerialNumber=3
[2025-09-27 20:29:26] [General - KernelLogLogger] [DEBUG] 2025-09-27T20:29:26.852845-06:00 photonvision kernel: usb 5-1: Product: AprilTag1
[2025-09-27 20:29:26] [General - KernelLogLogger] [DEBUG] 2025-09-27T20:29:26.852848-06:00 photonvision kernel: usb 5-1: Manufacturer: Arducam Technology Co., Ltd.
[2025-09-27 20:29:26] [General - KernelLogLogger] [DEBUG] 2025-09-27T20:29:26.852851-06:00 photonvision kernel: usb 5-1: SerialNumber: 0001
[2025-09-27 20:29:26] [General - KernelLogLogger] [DEBUG] 2025-09-27T20:29:26.854747-06:00 photonvision kernel: usb 5-1: Found UVC 1.00 device AprilTag1 (0c45:6366)
[2025-09-27 20:29:26] [CSCore - PvCSCoreLogger] [INFO] AprilTag1: set format 1 res 320x240
[2025-09-27 20:29:26] [CSCore - PvCSCoreLogger] [INFO] AprilTag1: set FPS to 100
[2025-09-27 20:29:26] [CSCore - PvCSCoreLogger] [DEBUG] CS: DEBUG 7: AprilTag1: restoring settings (UsbCameraImpl.cpp:686)
[2025-09-27 20:29:26] [Camera - USBFrameProvider - AprilTag1] [ERROR] Error grabbing image: timed out getting frame
[2025-09-27 20:29:27] [Camera - USBFrameProvider - AprilTag1] [ERROR] Error grabbing image: timed out getting frame
[2025-09-27 20:29:27] [Camera - USBFrameProvider - AprilTag1] [ERROR] Error grabbing image: timed out getting frame
[2025-09-27 20:29:27] [Camera - USBFrameProvider - AprilTag1] [ERROR] Error grabbing image: timed out getting frame
[2025-09-27 20:29:27] [General - KernelLogLogger] [DEBUG] 2025-09-27T20:29:26.885972-06:00 photonvision kernel: input: AprilTag1: AprilTag1 as /devices/platform/fc880000.usb/usb5/5-1/5-1:1.0/input/input104
[2025-09-27 20:29:27] [CSCore - PvCSCoreLogger] [DEBUG] CS: DEBUG 7: AprilTag1: allocating buffers (UsbCameraImpl.cpp:701)
[2025-09-27 20:29:27] [CSCore - PvCSCoreLogger] [DEBUG] CS: DEBUG 7: AprilTag1: mapping buffers (UsbCameraImpl.cpp:715)
[2025-09-27 20:29:27] [CSCore - PvCSCoreLogger] [DEBUG] CS: DEBUG 7: AprilTag1: queuing buffers (UsbCameraImpl.cpp:765)
[2025-09-27 20:29:28] [CSCore - PvCSCoreLogger] [ERROR] CS: ERROR 40: AprilTag1: ioctl VIDIOC_STREAMON failed: Protocol error (UsbCameraImpl.cpp:789)
[2025-09-27 20:29:28] [CSCore - PvCSCoreLogger] [DEBUG] CS: DEBUG 7: AprilTag1: queuing buffers (UsbCameraImpl.cpp:765)
[2025-09-27 20:29:28] [CSCore - PvCSCoreLogger] [ERROR] CS: ERROR 40: ioctl VIDIOC_QBUF failed at UsbCameraImpl.cpp:772: No such device (UsbUtil.cpp:157)
[2025-09-27 20:29:28] [CSCore - PvCSCoreLogger] [WARN] CS: WARNING 30: AprilTag1: could not queue buffer 0 (UsbCameraImpl.cpp:773)
[2025-09-27 20:29:28] [CSCore - PvCSCoreLogger] [INFO] AprilTag1: Attempting to connect to USB camera on /dev/v4l/by-path/platform-fc880000.usb-usb-0:1:1.0-video-index0
[2025-09-27 20:29:28] [CSCore - PvCSCoreLogger] [DEBUG] CS: DEBUG 7: AprilTag1: opening device (UsbCameraImpl.cpp:651)
[2025-09-27 20:29:28] [Camera - USBFrameProvider - AprilTag1] [ERROR] Error grabbing image: timed out getting frame
[2025-09-27 20:29:28] [Camera - USBFrameProvider - AprilTag1] [ERROR] Error grabbing image: timed out getting frame
[2025-09-27 20:29:28] [CSCore - PvCSCoreLogger] [INFO] AprilTag1: Attempting to connect to USB camera on /dev/v4l/by-path/platform-fc880000.usb-usb-0:1:1.0-video-index0
[2025-09-27 20:29:28] [CSCore - PvCSCoreLogger] [DEBUG] CS: DEBUG 7: AprilTag1: opening device (UsbCameraImpl.cpp:651)
[2025-09-27 20:29:28] [CSCore - PvCSCoreLogger] [INFO] AprilTag1: Attempting to connect to USB camera on /dev/v4l/by-path/platform-fc880000.usb-usb-0:1:1.0-video-index0
[2025-09-27 20:29:28] [CSCore - PvCSCoreLogger] [DEBUG] CS: DEBUG 7: AprilTag1: opening device (UsbCameraImpl.cpp:651)
[2025-09-27 20:29:28] [CSCore - PvCSCoreLogger] [INFO] AprilTag1: Connected to USB camera on /dev/v4l/by-path/platform-fc880000.usb-usb-0:1:1.0-video-index0
[2025-09-27 20:29:28] [CSCore - PvCSCoreLogger] [DEBUG] CS: DEBUG 7: AprilTag1: getting capabilities (UsbCameraImpl.cpp:663)
[2025-09-27 20:29:28] [CSCore - PvCSCoreLogger] [DEBUG] CS: DEBUG 7: AprilTag1: restoring video mode (UsbCameraImpl.cpp:681)
[2025-09-27 20:29:28] [Camera - USBFrameProvider - AprilTag1] [ERROR] Error grabbing image: timed out getting frame
[2025-09-27 20:29:28] [CSCore - PvCSCoreLogger] [INFO] AprilTag1: set format 1 res 320x240
[2025-09-27 20:29:28] [CSCore - PvCSCoreLogger] [INFO] AprilTag1: set FPS to 100
[2025-09-27 20:29:28] [CSCore - PvCSCoreLogger] [DEBUG] CS: DEBUG 7: AprilTag1: restoring settings (UsbCameraImpl.cpp:686)
[2025-09-27 20:29:28] [Camera - USBFrameProvider - AprilTag1] [ERROR] Error grabbing image: timed out getting frame
[2025-09-27 20:29:28] [General - KernelLogLogger] [DEBUG] 2025-09-27T20:29:28.022480-06:00 photonvision kernel: usb 5-1: Failed to query (GET_MAX) UVC control 8 on unit 2: -71 (exp. 2).
[2025-09-27 20:29:28] [General - KernelLogLogger] [DEBUG] 2025-09-27T20:29:28.035776-06:00 photonvision kernel: usb 5-1: Failed to query (GET_CUR) UVC control 2 on unit 2: -71 (exp. 2).
[2025-09-27 20:29:28] [General - KernelLogLogger] [DEBUG] 2025-09-27T20:29:28.045910-06:00 photonvision kernel: usb 5-1: Failed to query (GET_DEF) UVC control 8 on unit 2: -71 (exp. 2).
[2025-09-27 20:29:28] [General - KernelLogLogger] [DEBUG] 2025-09-27T20:29:28.045941-06:00 photonvision kernel: usb usb5-port1: disabled by hub (EMI?), re-enabling...
[2025-09-27 20:29:28] [General - KernelLogLogger] [DEBUG] 2025-09-27T20:29:28.045947-06:00 photonvision kernel: usb 5-1: USB disconnect, device number 92
[2025-09-27 20:29:28] [General - KernelLogLogger] [DEBUG] 2025-09-27T20:29:28.375882-06:00 photonvision kernel: usb 5-1: new high-speed USB device number 93 using ehci-platform
[2025-09-27 20:29:28] [General - KernelLogLogger] [DEBUG] 2025-09-27T20:29:28.542422-06:00 photonvision kernel: usb 5-1: New USB device found, idVendor=0c45, idProduct=6366, bcdDevice= 1.00
[2025-09-27 20:29:28] [General - KernelLogLogger] [DEBUG] 2025-09-27T20:29:28.542467-06:00 photonvision kernel: usb 5-1: New USB device strings: Mfr=2, Product=1, SerialNumber=3
[2025-09-27 20:29:28] [General - KernelLogLogger] [DEBUG] 2025-09-27T20:29:28.542472-06:00 photonvision kernel: usb 5-1: Product: AprilTag1
[2025-09-27 20:29:28] [General - KernelLogLogger] [DEBUG] 2025-09-27T20:29:28.542475-06:00 photonvision kernel: usb 5-1: Manufacturer: Arducam Technology Co., Ltd.
[2025-09-27 20:29:28] [General - KernelLogLogger] [DEBUG] 2025-09-27T20:29:28.542480-06:00 photonvision kernel: usb 5-1: SerialNumber: 0001
[2025-09-27 20:29:28] [General - KernelLogLogger] [DEBUG] 2025-09-27T20:29:28.545718-06:00 photonvision kernel: usb 5-1: Found UVC 1.00 device AprilTag1 (0c45:6366)
[2025-09-27 20:29:28] [General - KernelLogLogger] [DEBUG] 2025-09-27T20:29:28.572394-06:00 photonvision kernel: input: AprilTag1: AprilTag1 as /devices/platform/fc880000.usb/usb5/5-1/5-1:1.0/input/input105
[2025-09-27 20:29:28] [General - KernelLogLogger] [DEBUG] on endpoint
[2025-09-27 20:29:28] [General - KernelLogLogger] [DEBUG] dwhdmi-rockchip fde80000.hdmi: ddc read failed offset:0x1
[2025-09-27 20:29:28] [General - KernelLogLogger] [DEBUG] 2025-09-27T20:25:18.609057-06:00 photonvision kernel: dwhdmi-rockchip fde80000.hdmi: i2c read time out!
[2025-09-27 20:29:28] [General - KernelLogLogger] [DEBUG] 
[2025-09-27 20:29:29] [Camera - USBFrameProvider - AprilTag1] [ERROR] Error grabbing image: timed out getting frame
[2025-09-27 20:29:29] [Camera - USBFrameProvider - AprilTag1] [ERROR] Error grabbing image: timed out getting frame
[2025-09-27 20:29:29] [Camera - USBFrameProvider - AprilTag1] [ERROR] Error grabbing image: timed out getting frame
[2025-09-27 20:29:29] [CSCore - PvCSCoreLogger] [DEBUG] CS: DEBUG 7: AprilTag1: allocating buffers (UsbCameraImpl.cpp:701)
[2025-09-27 20:29:29] [CSCore - PvCSCoreLogger] [DEBUG] CS: DEBUG 7: AprilTag1: mapping buffers (UsbCameraImpl.cpp:715)
[2025-09-27 20:29:29] [CSCore - PvCSCoreLogger] [DEBUG] CS: DEBUG 7: AprilTag1: queuing buffers (UsbCameraImpl.cpp:765)
[2025-09-27 20:29:29] [CSCore - PvCSCoreLogger] [ERROR] CS: ERROR 40: AprilTag1: ioctl VIDIOC_STREAMON failed: Protocol error (UsbCameraImpl.cpp:789)
[2025-09-27 20:29:29] [CSCore - PvCSCoreLogger] [DEBUG] CS: DEBUG 7: AprilTag1: queuing buffers (UsbCameraImpl.cpp:765)
[2025-09-27 20:29:29] [CSCore - PvCSCoreLogger] [ERROR] CS: ERROR 40: ioctl VIDIOC_QBUF failed at UsbCameraImpl.cpp:772: Invalid argument (UsbUtil.cpp:157)
[2025-09-27 20:29:29] [CSCore - PvCSCoreLogger] [WARN] CS: WARNING 30: AprilTag1: could not queue buffer 0 (UsbCameraImpl.cpp:773)
[2025-09-27 20:29:29] [CSCore - PvCSCoreLogger] [INFO] AprilTag1: Attempting to connect to USB camera on /dev/v4l/by-path/platform-fc880000.usb-usb-0:1:1.0-video-index0
[2025-09-27 20:29:29] [CSCore - PvCSCoreLogger] [DEBUG] CS: DEBUG 7: AprilTag1: opening device (UsbCameraImpl.cpp:651)
[2025-09-27 20:29:29] [CSCore - PvCSCoreLogger] [INFO] AprilTag1: Attempting to connect to USB camera on /dev/v4l/by-path/platform-fc880000.usb-usb-0:1:1.0-video-index0
[2025-09-27 20:29:29] [CSCore - PvCSCoreLogger] [DEBUG] CS: DEBUG 7: AprilTag1: opening device (UsbCameraImpl.cpp:651)
[2025-09-27 20:29:29] [General - KernelLogLogger] [DEBUG] 2025-09-27T20:29:29.825721-06:00 photonvision kernel: usb usb5-port1: disabled by hub (EMI?), re-enabling...
[2025-09-27 20:29:29] [General - KernelLogLogger] [DEBUG] 2025-09-27T20:29:29.825746-06:00 photonvision kernel: usb 5-1: USB disconnect, device number 93
[2025-09-27 20:29:29] [Camera - USBFrameProvider - AprilTag1] [ERROR] Error grabbing image: timed out getting frame
[2025-09-27 20:29:30] [Camera - USBFrameProvider - AprilTag1] [ERROR] Error grabbing image: timed out getting frame
[2025-09-27 20:29:30] [CSCore - PvCSCoreLogger] [INFO] AprilTag1: Attempting to connect to USB camera on /dev/v4l/by-path/platform-fc880000.usb-usb-0:1:1.0-video-index0
[2025-09-27 20:29:30] [CSCore - PvCSCoreLogger] [DEBUG] CS: DEBUG 7: AprilTag1: opening device (UsbCameraImpl.cpp:651)
[2025-09-27 20:29:30] [CSCore - PvCSCoreLogger] [INFO] AprilTag1: Connected to USB camera on /dev/v4l/by-path/platform-fc880000.usb-usb-0:1:1.0-video-index0
[2025-09-27 20:29:30] [CSCore - PvCSCoreLogger] [DEBUG] CS: DEBUG 7: AprilTag1: getting capabilities (UsbCameraImpl.cpp:663)
[2025-09-27 20:29:30] [CSCore - PvCSCoreLogger] [DEBUG] CS: DEBUG 7: AprilTag1: restoring video mode (UsbCameraImpl.cpp:681)
[2025-09-27 20:29:30] [CSCore - PvCSCoreLogger] [INFO] AprilTag1: set format 1 res 320x240
[2025-09-27 20:29:30] [CSCore - PvCSCoreLogger] [INFO] AprilTag1: set FPS to 100
[2025-09-27 20:29:30] [CSCore - PvCSCoreLogger] [DEBUG] CS: DEBUG 7: AprilTag1: restoring settings (UsbCameraImpl.cpp:686)
[2025-09-27 20:29:30] [Camera - USBFrameProvider - AprilTag1] [ERROR] Error grabbing image: timed out getting frame
[2025-09-27 20:29:30] [Camera - USBFrameProvider - AprilTag1] [ERROR] Error grabbing image: timed out getting frame
[2025-09-27 20:29:30] [General - KernelLogLogger] [DEBUG] 2025-09-27T20:29:29.832361-06:00 photonvision kernel: usb 5-1: Failed to query (GET_MIN) UVC control 1 on unit 2: -71 (exp. 2).
[2025-09-27 20:29:30] [General - KernelLogLogger] [DEBUG] 2025-09-27T20:29:30.155735-06:00 photonvision kernel: usb 5-1: new high-speed USB device number 94 using ehci-platform
[2025-09-27 20:29:30] [General - KernelLogLogger] [DEBUG] 2025-09-27T20:29:30.316413-06:00 photonvision kernel: usb 5-1: New USB device found, idVendor=0c45, idProduct=6366, bcdDevice= 1.00
[2025-09-27 20:29:30] [General - KernelLogLogger] [DEBUG] 2025-09-27T20:29:30.316441-06:00 photonvision kernel: usb 5-1: New USB device strings: Mfr=2, Product=1, SerialNumber=3
[2025-09-27 20:29:30] [General - KernelLogLogger] [DEBUG] 2025-09-27T20:29:30.316443-06:00 photonvision kernel: usb 5-1: Product: AprilTag1
[2025-09-27 20:29:30] [General - KernelLogLogger] [DEBUG] 2025-09-27T20:29:30.316444-06:00 photonvision kernel: usb 5-1: Manufacturer: Arducam Technology Co., Ltd.
[2025-09-27 20:29:30] [General - KernelLogLogger] [DEBUG] 2025-09-27T20:29:30.316446-06:00 photonvision kernel: usb 5-1: SerialNumber: 0001
[2025-09-27 20:29:30] [General - KernelLogLogger] [DEBUG] 2025-09-27T20:29:30.319227-06:00 photonvision kernel: usb 5-1: Found UVC 1.00 device AprilTag1 (0c45:6366)
[2025-09-27 20:29:30] [General - KernelLogLogger] [DEBUG] 2025-09-27T20:29:30.349074-06:00 photonvision kernel: input: AprilTag1: AprilTag1 as /devices/platform/fc880000.usb/usb5/5-1/5-1:1.0/input/input106
[2025-09-27 20:29:30] [General - KernelLogLogger] [DEBUG] roduct: AprilTag1
[2025-09-27 20:29:30] [General - KernelLogLogger] [DEBUG] 2025-09-27T20:29:28.542475-06:00 photonvision kernel: usb 5-1: Manufacturer: Arducam Technology Co., Ltd.
[2025-09-27 20:29:30] [General - KernelLogLogger] [DEBUG] 2025-09-27T20:29:28.542480-06:00 photonvision kernel: usb 5-1: SerialNumber: 0001
[2025-09-27 20:29:30] [General - KernelLogLogger] [DEBUG] 2025-09-27T20:29:22.759213-06:00 photonvision kernel: usb 5-1: Found UVC 1.00 device AprilTag1 (0c45:6366)
[2025-09-27 20:29:30] [General - KernelLogLogger] [DEBUG] ÿÿ
[2025-09-27 20:29:31] [Camera - USBFrameProvider - AprilTag1] [ERROR] Error grabbing image: timed out getting frame
[2025-09-27 20:29:31] [Camera - USBFrameProvider - AprilTag1] [ERROR] Error grabbing image: timed out getting frame
[2025-09-27 20:29:31] [CSCore - PvCSCoreLogger] [DEBUG] CS: DEBUG 7: AprilTag1: allocating buffers (UsbCameraImpl.cpp:701)
[2025-09-27 20:29:31] [CSCore - PvCSCoreLogger] [DEBUG] CS: DEBUG 7: AprilTag1: mapping buffers (UsbCameraImpl.cpp:715)
[2025-09-27 20:29:31] [CSCore - PvCSCoreLogger] [DEBUG] CS: DEBUG 7: AprilTag1: queuing buffers (UsbCameraImpl.cpp:765)
[2025-09-27 20:29:31] [Camera - USBFrameProvider - AprilTag1] [ERROR] Error grabbing image: timed out getting frame
[2025-09-27 20:29:31] [CSCore - PvCSCoreLogger] [ERROR] CS: ERROR 40: AprilTag1: ioctl VIDIOC_STREAMON failed: Protocol error (UsbCameraImpl.cpp:789)
[2025-09-27 20:29:31] [CSCore - PvCSCoreLogger] [DEBUG] CS: DEBUG 7: AprilTag1: queuing buffers (UsbCameraImpl.cpp:765)
[2025-09-27 20:29:31] [CSCore - PvCSCoreLogger] [ERROR] CS: ERROR 40: ioctl VIDIOC_QBUF failed at UsbCameraImpl.cpp:772: Invalid argument (UsbUtil.cpp:157)
[2025-09-27 20:29:31] [CSCore - PvCSCoreLogger] [WARN] CS: WARNING 30: AprilTag1: could not queue buffer 0 (UsbCameraImpl.cpp:773)
[2025-09-27 20:29:31] [CSCore - PvCSCoreLogger] [DEBUG] CS: DEBUG 7: AprilTag1: queuing buffers (UsbCameraImpl.cpp:765)
[2025-09-27 20:29:31] [CSCore - PvCSCoreLogger] [ERROR] CS: ERROR 40: ioctl VIDIOC_QBUF failed at UsbCameraImpl.cpp:772: No such device (UsbUtil.cpp:157)
[2025-09-27 20:29:31] [CSCore - PvCSCoreLogger] [WARN] CS: WARNING 30: AprilTag1: could not queue buffer 0 (UsbCameraImpl.cpp:773)
[2025-09-27 20:29:31] [CSCore - PvCSCoreLogger] [INFO] AprilTag1: Attempting to connect to USB camera on /dev/v4l/by-path/platform-fc880000.usb-usb-0:1:1.0-video-index0
[2025-09-27 20:29:31] [CSCore - PvCSCoreLogger] [DEBUG] CS: DEBUG 7: AprilTag1: opening device (UsbCameraImpl.cpp:651)
[2025-09-27 20:29:31] [CSCore - PvCSCoreLogger] [INFO] AprilTag1: Attempting to connect to USB camera on /dev/v4l/by-path/platform-fc880000.usb-usb-0:1:1.0-video-index0
[2025-09-27 20:29:31] [CSCore - PvCSCoreLogger] [DEBUG] CS: DEBUG 7: AprilTag1: opening device (UsbCameraImpl.cpp:651)
[2025-09-27 20:29:31] [Camera - USBFrameProvider - AprilTag1] [ERROR] Error grabbing image: timed out getting frame
[2025-09-27 20:29:31] [General - KernelLogLogger] [DEBUG] 2025-09-27T20:29:31.632384-06:00 photonvision kernel: usb usb5-port1: disabled by hub (EMI?), re-enabling...
[2025-09-27 20:29:31] [General - KernelLogLogger] [DEBUG] 2025-09-27T20:29:31.632405-06:00 photonvision kernel: usb 5-1: USB disconnect, device number 94
[2025-09-27 20:29:31] [General - KernelLogLogger] [DEBUG] 2025-09-27T20:29:31.635688-06:00 photonvision kernel: usb 5-1: Failed to query (GET_RES) UVC control 1 on unit 2: -71 (exp. 2).
[2025-09-27 20:29:32] [Camera - USBFrameProvider - AprilTag1] [ERROR] Error grabbing image: timed out getting frame
[2025-09-27 20:29:32] [CSCore - PvCSCoreLogger] [INFO] AprilTag1: Attempting to connect to USB camera on /dev/v4l/by-path/platform-fc880000.usb-usb-0:1:1.0-video-index0
[2025-09-27 20:29:32] [CSCore - PvCSCoreLogger] [DEBUG] CS: DEBUG 7: AprilTag1: opening device (UsbCameraImpl.cpp:651)
[2025-09-27 20:29:32] [CSCore - PvCSCoreLogger] [INFO] AprilTag1: Connected to USB camera on /dev/v4l/by-path/platform-fc880000.usb-usb-0:1:1.0-video-index0
[2025-09-27 20:29:32] [CSCore - PvCSCoreLogger] [DEBUG] CS: DEBUG 7: AprilTag1: getting capabilities (UsbCameraImpl.cpp:663)
[2025-09-27 20:29:32] [CSCore - PvCSCoreLogger] [DEBUG] CS: DEBUG 7: AprilTag1: restoring video mode (UsbCameraImpl.cpp:681)
[2025-09-27 20:29:32] [CSCore - PvCSCoreLogger] [INFO] AprilTag1: set format 1 res 320x240
[2025-09-27 20:29:32] [CSCore - PvCSCoreLogger] [INFO] AprilTag1: set FPS to 100
[2025-09-27 20:29:32] [CSCore - PvCSCoreLogger] [DEBUG] CS: DEBUG 7: AprilTag1: restoring settings (UsbCameraImpl.cpp:686)
[2025-09-27 20:29:32] [Camera - USBFrameProvider - AprilTag1] [ERROR] Error grabbing image: timed out getting frame
[2025-09-27 20:29:32] [Camera - USBFrameProvider - AprilTag1] [ERROR] Error grabbing image: timed out getting frame
[2025-09-27 20:29:32] [General - KernelLogLogger] [DEBUG] 2025-09-27T20:29:31.975818-06:00 photonvision kernel: usb 5-1: new high-speed USB device number 95 using ehci-platform
[2025-09-27 20:29:32] [General - KernelLogLogger] [DEBUG] 2025-09-27T20:29:32.139259-06:00 photonvision kernel: usb 5-1: New USB device found, idVendor=0c45, idProduct=6366, bcdDevice= 1.00
[2025-09-27 20:29:32] [General - KernelLogLogger] [DEBUG] 2025-09-27T20:29:32.139310-06:00 photonvision kernel: usb 5-1: New USB device strings: Mfr=2, Product=1, SerialNumber=3
[2025-09-27 20:29:32] [General - KernelLogLogger] [DEBUG] 2025-09-27T20:29:32.139315-06:00 photonvision kernel: usb 5-1: Product: AprilTag1
[2025-09-27 20:29:32] [General - KernelLogLogger] [DEBUG] 2025-09-27T20:29:32.139317-06:00 photonvision kernel: usb 5-1: Manufacturer: Arducam Technology Co., Ltd.
[2025-09-27 20:29:32] [General - KernelLogLogger] [DEBUG] 2025-09-27T20:29:32.139322-06:00 photonvision kernel: usb 5-1: SerialNumber: 0001
[2025-09-27 20:29:32] [General - KernelLogLogger] [DEBUG] 2025-09-27T20:29:32.145759-06:00 photonvision kernel: usb 5-1: Found UVC 1.00 device AprilTag1 (0c45:6366)
[2025-09-27 20:29:32] [General - KernelLogLogger] [DEBUG] 2025-09-27T20:29:32.172411-06:00 photonvision kernel: input: AprilTag1: AprilTag1 as /devices/platform/fc880000.usb/usb5/5-1/5-1:1.0/input/input107
[2025-09-27 20:29:32] [General - KernelLogLogger] [DEBUG] 349074-06:00 photonvision kernel: input: AprilTag1: AprilTag1 as /devices/platform/fc880000.usb/usb5/5-1/5-1:1.0/input/input106
[2025-09-27 20:29:32] [General - KernelLogLogger] [DEBUG] roduct: AprilTag1
[2025-09-27 20:29:32] [General - KernelLogLogger] [DEBUG] 2025-09-27T20:29:28.542475-06:00 photonvision kernel: usb 5-1: Manufacturer: Arducam Technology Co., Ltd.
[2025-09-27 20:29:32] [General - KernelLogLogger] [DEBUG] 2025-09-27T20:29:28.542480-06:00 photonvision kernel: usb 5-1: SerialNumber: 0001
[2025-09-27 20:29:32] [General - KernelLogLogger] [DEBUG] 2025-09-27T20:29:22.759213-06:00 photonvision kernel: usb Ñ
[2025-09-27 20:29:32] [Camera - USBFrameProvider - AprilTag1] [ERROR] Error grabbing image: timed out getting frame
[2025-09-27 20:29:33] [Camera - USBFrameProvider - AprilTag1] [ERROR] Error grabbing image: timed out getting frame
[2025-09-27 20:29:33] [CSCore - PvCSCoreLogger] [DEBUG] CS: DEBUG 7: AprilTag1: allocating buffers (UsbCameraImpl.cpp:701)
[2025-09-27 20:29:33] [CSCore - PvCSCoreLogger] [DEBUG] CS: DEBUG 7: AprilTag1: mapping buffers (UsbCameraImpl.cpp:715)
[2025-09-27 20:29:33] [CSCore - PvCSCoreLogger] [DEBUG] CS: DEBUG 7: AprilTag1: queuing buffers (UsbCameraImpl.cpp:765)
[2025-09-27 20:29:33] [CSCore - PvCSCoreLogger] [ERROR] CS: ERROR 40: AprilTag1: ioctl VIDIOC_STREAMON failed: Protocol error (UsbCameraImpl.cpp:789)
[2025-09-27 20:29:33] [CSCore - PvCSCoreLogger] [DEBUG] CS: DEBUG 7: AprilTag1: queuing buffers (UsbCameraImpl.cpp:765)
[2025-09-27 20:29:33] [CSCore - PvCSCoreLogger] [ERROR] CS: ERROR 40: ioctl VIDIOC_QBUF failed at UsbCameraImpl.cpp:772: Invalid argument (UsbUtil.cpp:157)
[2025-09-27 20:29:33] [CSCore - PvCSCoreLogger] [WARN] CS: WARNING 30: AprilTag1: could not queue buffer 0 (UsbCameraImpl.cpp:773)
[2025-09-27 20:29:33] [CSCore - PvCSCoreLogger] [DEBUG] CS: DEBUG 7: AprilTag1: queuing buffers (UsbCameraImpl.cpp:765)
[2025-09-27 20:29:33] [CSCore - PvCSCoreLogger] [ERROR] CS: ERROR 40: ioctl VIDIOC_QBUF failed at UsbCameraImpl.cpp:772: Invalid argument (UsbUtil.cpp:157)
[2025-09-27 20:29:33] [CSCore - PvCSCoreLogger] [WARN] CS: WARNING 30: AprilTag1: could not queue buffer 0 (UsbCameraImpl.cpp:773)
[2025-09-27 20:29:33] [CSCore - PvCSCoreLogger] [INFO] AprilTag1: Attempting to connect to USB camera on /dev/v4l/by-path/platform-fc880000.usb-usb-0:1:1.0-video-index0
[2025-09-27 20:29:33] [CSCore - PvCSCoreLogger] [DEBUG] CS: DEBUG 7: AprilTag1: opening device (UsbCameraImpl.cpp:651)
[2025-09-27 20:29:33] [CSCore - PvCSCoreLogger] [INFO] AprilTag1: Attempting to connect to USB camera on /dev/v4l/by-path/platform-fc880000.usb-usb-0:1:1.0-video-index0
[2025-09-27 20:29:33] [CSCore - PvCSCoreLogger] [DEBUG] CS: DEBUG 7: AprilTag1: opening device (UsbCameraImpl.cpp:651)
[2025-09-27 20:29:33] [CSCore - PvCSCoreLogger] [INFO] AprilTag1: Attempting to connect to USB camera on /dev/v4l/by-path/platform-fc880000.usb-usb-0:1:1.0-video-index0
[2025-09-27 20:29:33] [CSCore - PvCSCoreLogger] [DEBUG] CS: DEBUG 7: AprilTag1: opening device (UsbCameraImpl.cpp:651)
[2025-09-27 20:29:33] [Camera - USBFrameProvider - AprilTag1] [ERROR] Error grabbing image: timed out getting frame
[2025-09-27 20:29:33] [Camera - USBFrameProvider - AprilTag1] [ERROR] Error grabbing image: timed out getting frame
[2025-09-27 20:29:33] [General - KernelLogLogger] [DEBUG] 2025-09-27T20:29:33.415735-06:00 photonvision kernel: usb 5-1: USB disconnect, device number 95
[2025-09-27 20:29:33] [General - KernelLogLogger] [DEBUG] 2025-09-27T20:29:33.419054-06:00 photonvision kernel: usb 5-1: Failed to query (GET_CUR) UVC control 9 on unit 2: -71 (exp. 2).
[2025-09-27 20:29:33] [General - KernelLogLogger] [DEBUG] 2025-09-27T20:29:33.752371-06:00 photonvision kernel: usb 5-1: new high-speed USB device number 96 using ehci-platform
[2025-09-27 20:29:33] [General - KernelLogLogger] [DEBUG] 
[2025-09-27 20:29:34] [Camera - USBFrameProvider - AprilTag1] [ERROR] Error grabbing image: timed out getting frame
[2025-09-27 20:29:34] [CSCore - PvCSCoreLogger] [INFO] AprilTag1: Attempting to connect to USB camera on /dev/v4l/by-path/platform-fc880000.usb-usb-0:1:1.0-video-index0
[2025-09-27 20:29:34] [CSCore - PvCSCoreLogger] [DEBUG] CS: DEBUG 7: AprilTag1: opening device (UsbCameraImpl.cpp:651)
[2025-09-27 20:29:34] [CSCore - PvCSCoreLogger] [INFO] AprilTag1: Attempting to connect to USB camera on /dev/v4l/by-path/platform-fc880000.usb-usb-0:1:1.0-video-index0
[2025-09-27 20:29:34] [CSCore - PvCSCoreLogger] [DEBUG] CS: DEBUG 7: AprilTag1: opening device (UsbCameraImpl.cpp:651)
[2025-09-27 20:29:34] [CSCore - PvCSCoreLogger] [INFO] AprilTag1: Connected to USB camera on /dev/v4l/by-path/platform-fc880000.usb-usb-0:1:1.0-video-index0
[2025-09-27 20:29:34] [CSCore - PvCSCoreLogger] [DEBUG] CS: DEBUG 7: AprilTag1: getting capabilities (UsbCameraImpl.cpp:663)
[2025-09-27 20:29:34] [CSCore - PvCSCoreLogger] [DEBUG] CS: DEBUG 7: AprilTag1: restoring video mode (UsbCameraImpl.cpp:681)
[2025-09-27 20:29:34] [Camera - USBFrameProvider - AprilTag1] [ERROR] Error grabbing image: timed out getting frame
[2025-09-27 20:29:34] [CSCore - PvCSCoreLogger] [INFO] AprilTag1: set format 1 res 320x240
[2025-09-27 20:29:34] [CSCore - PvCSCoreLogger] [INFO] AprilTag1: set FPS to 100
[2025-09-27 20:29:34] [CSCore - PvCSCoreLogger] [DEBUG] CS: DEBUG 7: AprilTag1: restoring settings (UsbCameraImpl.cpp:686)
[2025-09-27 20:29:34] [Camera - USBFrameProvider - AprilTag1] [ERROR] Error grabbing image: timed out getting frame
[2025-09-27 20:29:34] [Camera - USBFrameProvider - AprilTag1] [ERROR] Error grabbing image: timed out getting frame
[2025-09-27 20:29:34] [General - KernelLogLogger] [DEBUG] 2025-09-27T20:29:33.919059-06:00 photonvision kernel: usb 5-1: device descriptor read/all, error -71
[2025-09-27 20:29:34] [General - KernelLogLogger] [DEBUG] 2025-09-27T20:29:34.042393-06:00 photonvision kernel: usb 5-1: new high-speed USB device number 97 using ehci-platform
[2025-09-27 20:29:34] [General - KernelLogLogger] [DEBUG] 2025-09-27T20:29:34.209071-06:00 photonvision kernel: usb 5-1: New USB device found, idVendor=0c45, idProduct=6366, bcdDevice= 1.00
[2025-09-27 20:29:34] [General - KernelLogLogger] [DEBUG] 2025-09-27T20:29:34.209140-06:00 photonvision kernel: usb 5-1: New USB device strings: Mfr=2, Product=1, SerialNumber=3
[2025-09-27 20:29:34] [General - KernelLogLogger] [DEBUG] 2025-09-27T20:29:34.209145-06:00 photonvision kernel: usb 5-1: Product: AprilTag1
[2025-09-27 20:29:34] [General - KernelLogLogger] [DEBUG] 2025-09-27T20:29:34.209149-06:00 photonvision kernel: usb 5-1: Manufacturer: Arducam Technology Co., Ltd.
[2025-09-27 20:29:34] [General - KernelLogLogger] [DEBUG] 2025-09-27T20:29:34.209156-06:00 photonvision kernel: usb 5-1: SerialNumber: 0001
[2025-09-27 20:29:34] [General - KernelLogLogger] [DEBUG] 2025-09-27T20:29:34.209160-06:00 photonvision kernel: usb 5-1: Found UVC 1.00 device AprilTag1 (0c45:6366)
[2025-09-27 20:29:34] [General - KernelLogLogger] [DEBUG] 2025-09-27T20:29:34.239087-06:00 photonvision kernel: input: AprilTag1: AprilTag1 as /devices/platform/fc880000.usb/usb5/5-1/5-1:1.0/input/input108
[2025-09-27 20:29:34] [General - KernelLogLogger] [DEBUG] 5-1/5-1:1.0/input/input106
[2025-09-27 20:29:34] [General - KernelLogLogger] [DEBUG] roduct: AprilTag1
[2025-09-27 20:29:34] [General - KernelLogLogger] [DEBUG] 2025-09-27T20:29:28.542475-06:00 photonvision kernel: usb 5-1: Manufacturer: Arducam Technology Co., Ltd.
[2025-09-27 20:29:34] [General - KernelLogLogger] [DEBUG] 2025-09-27T20:29:28.542480-06:00 photonvision kernel: usb 5-1: SerialNumber: 0001
[2025-09-27 20:29:34] [General - KernelLogLogger] [DEBUG] 2025-09-27T20:29:22.759213-06:00 photonvision kernel: usb Ñ
[2025-09-27 20:29:35] [Camera - USBFrameProvider - AprilTag1] [ERROR] Error grabbing image: timed out getting frame
[2025-09-27 20:29:35] [Camera - USBFrameProvider - AprilTag1] [ERROR] Error grabbing image: timed out getting frame
[2025-09-27 20:29:35] [CSCore - PvCSCoreLogger] [DEBUG] CS: DEBUG 7: AprilTag1: allocating buffers (UsbCameraImpl.cpp:701)
[2025-09-27 20:29:35] [CSCore - PvCSCoreLogger] [DEBUG] CS: DEBUG 7: AprilTag1: mapping buffers (UsbCameraImpl.cpp:715)
[2025-09-27 20:29:35] [CSCore - PvCSCoreLogger] [DEBUG] CS: DEBUG 7: AprilTag1: queuing buffers (UsbCameraImpl.cpp:765)
[2025-09-27 20:29:35] [CSCore - PvCSCoreLogger] [ERROR] CS: ERROR 40: AprilTag1: ioctl VIDIOC_STREAMON failed: Protocol error (UsbCameraImpl.cpp:789)
[2025-09-27 20:29:35] [CSCore - PvCSCoreLogger] [INFO] AprilTag1: Attempting to connect to USB camera on /dev/v4l/by-path/platform-fc880000.usb-usb-0:1:1.0-video-index0
[2025-09-27 20:29:35] [CSCore - PvCSCoreLogger] [DEBUG] CS: DEBUG 7: AprilTag1: opening device (UsbCameraImpl.cpp:651)
[2025-09-27 20:29:35] [CSCore - PvCSCoreLogger] [INFO] AprilTag1: Attempting to connect to USB camera on /dev/v4l/by-path/platform-fc880000.usb-usb-0:1:1.0-video-index0
[2025-09-27 20:29:35] [CSCore - PvCSCoreLogger] [DEBUG] CS: DEBUG 7: AprilTag1: opening device (UsbCameraImpl.cpp:651)
[2025-09-27 20:29:35] [CSCore - PvCSCoreLogger] [INFO] AprilTag1: Attempting to connect to USB camera on /dev/v4l/by-path/platform-fc880000.usb-usb-0:1:1.0-video-index0
[2025-09-27 20:29:35] [CSCore - PvCSCoreLogger] [DEBUG] CS: DEBUG 7: AprilTag1: opening device (UsbCameraImpl.cpp:651)
[2025-09-27 20:29:35] [Camera - USBFrameProvider - AprilTag1] [ERROR] Error grabbing image: timed out getting frame
[2025-09-27 20:29:35] [General - KernelLogLogger] [DEBUG] 2025-09-27T20:29:35.482408-06:00 photonvision kernel: usb 5-1: USB disconnect, device number 97
[2025-09-27 20:29:35] [General - KernelLogLogger] [DEBUG] 2025-09-27T20:29:35.485713-06:00 photonvision kernel: usb 5-1: Failed to query (GET_MAX) UVC control 8 on unit 2: -71 (exp. 2).
[2025-09-27 20:29:35] [General - KernelLogLogger] [DEBUG] 2025-09-27T20:29:35.825770-06:00 photonvision kernel: usb 5-1: new high-speed USB device number 98 using ehci-platform
[2025-09-27 20:29:35] [General - KernelLogLogger] [DEBUG] ce= 1.00
[2025-09-27 20:29:35] [General - KernelLogLogger] [DEBUG] 2025-09-27T20:29:34.209140-06:00 photonvision kernel: usb 5-1: New USB device strings: Mfr=2, Product=1,
[2025-09-27 20:29:35] [Camera - USBFrameProvider - AprilTag1] [ERROR] Error grabbing image: timed out getting frame
[2025-09-27 20:29:36] [CSCore - PvCSCoreLogger] [INFO] AprilTag1: Attempting to connect to USB camera on /dev/v4l/by-path/platform-fc880000.usb-usb-0:1:1.0-video-index0
[2025-09-27 20:29:36] [CSCore - PvCSCoreLogger] [DEBUG] CS: DEBUG 7: AprilTag1: opening device (UsbCameraImpl.cpp:651)
[2025-09-27 20:29:36] [CSCore - PvCSCoreLogger] [INFO] AprilTag1: Attempting to connect to USB camera on /dev/v4l/by-path/platform-fc880000.usb-usb-0:1:1.0-video-index0
[2025-09-27 20:29:36] [CSCore - PvCSCoreLogger] [DEBUG] CS: DEBUG 7: AprilTag1: opening device (UsbCameraImpl.cpp:651)
[2025-09-27 20:29:36] [CSCore - PvCSCoreLogger] [INFO] AprilTag1: Connected to USB camera on /dev/v4l/by-path/platform-fc880000.usb-usb-0:1:1.0-video-index0
[2025-09-27 20:29:36] [CSCore - PvCSCoreLogger] [DEBUG] CS: DEBUG 7: AprilTag1: getting capabilities (UsbCameraImpl.cpp:663)
[2025-09-27 20:29:36] [CSCore - PvCSCoreLogger] [DEBUG] CS: DEBUG 7: AprilTag1: restoring video mode (UsbCameraImpl.cpp:681)
[2025-09-27 20:29:36] [CSCore - PvCSCoreLogger] [INFO] AprilTag1: set format 1 res 320x240
[2025-09-27 20:29:36] [CSCore - PvCSCoreLogger] [INFO] AprilTag1: set FPS to 100
[2025-09-27 20:29:36] [CSCore - PvCSCoreLogger] [DEBUG] CS: DEBUG 7: AprilTag1: restoring settings (UsbCameraImpl.cpp:686)
[2025-09-27 20:29:36] [Camera - USBFrameProvider - AprilTag1] [ERROR] Error grabbing image: timed out getting frame
[2025-09-27 20:29:36] [Camera - USBFrameProvider - AprilTag1] [ERROR] Error grabbing image: timed out getting frame
[2025-09-27 20:29:36] [Camera - USBFrameProvider - AprilTag1] [ERROR] Error grabbing image: timed out getting frame
[2025-09-27 20:29:36] [General - KernelLogLogger] [DEBUG] 2025-09-27T20:29:35.989064-06:00 photonvision kernel: usb 5-1: New USB device found, idVendor=0c45, idProduct=6366, bcdDevice= 1.00
[2025-09-27 20:29:36] [General - KernelLogLogger] [DEBUG] 2025-09-27T20:29:35.989143-06:00 photonvision kernel: usb 5-1: New USB device strings: Mfr=2, Product=1, SerialNumber=3
[2025-09-27 20:29:36] [General - KernelLogLogger] [DEBUG] 2025-09-27T20:29:35.989145-06:00 photonvision kernel: usb 5-1: Product: AprilTag1
[2025-09-27 20:29:36] [General - KernelLogLogger] [DEBUG] 2025-09-27T20:29:35.989146-06:00 photonvision kernel: usb 5-1: Manufacturer: Arducam Technology Co., Ltd.
[2025-09-27 20:29:36] [General - KernelLogLogger] [DEBUG] 2025-09-27T20:29:35.989147-06:00 photonvision kernel: usb 5-1: SerialNumber: 0001
[2025-09-27 20:29:36] [General - KernelLogLogger] [DEBUG] 2025-09-27T20:29:35.992678-06:00 photonvision kernel: usb 5-1: Found UVC 1.00 device AprilTag1 (0c45:6366)
[2025-09-27 20:29:36] [General - KernelLogLogger] [DEBUG] 2025-09-27T20:29:36.019360-06:00 photonvision kernel: input: AprilTag1: AprilTag1 as /devices/platform/fc880000.usb/usb5/5-1/5-1:1.0/input/input109
[2025-09-27 20:29:36] [General - KernelLogLogger] [DEBUG] 20:29:22.759213-06:00 photonvision kernel: usb Ñ
[2025-09-27 20:29:37] [Camera - USBFrameProvider - AprilTag1] [ERROR] Error grabbing image: timed out getting frame
[2025-09-27 20:29:37] [CSCore - PvCSCoreLogger] [DEBUG] CS: DEBUG 7: AprilTag1: allocating buffers (UsbCameraImpl.cpp:701)
[2025-09-27 20:29:37] [CSCore - PvCSCoreLogger] [DEBUG] CS: DEBUG 7: AprilTag1: mapping buffers (UsbCameraImpl.cpp:715)
[2025-09-27 20:29:37] [CSCore - PvCSCoreLogger] [DEBUG] CS: DEBUG 7: AprilTag1: queuing buffers (UsbCameraImpl.cpp:765)
[2025-09-27 20:29:37] [Camera - USBFrameProvider - AprilTag1] [ERROR] Error grabbing image: timed out getting frame
[2025-09-27 20:29:37] [CSCore - PvCSCoreLogger] [ERROR] CS: ERROR 40: AprilTag1: ioctl VIDIOC_STREAMON failed: Protocol error (UsbCameraImpl.cpp:789)
[2025-09-27 20:29:37] [CSCore - PvCSCoreLogger] [DEBUG] CS: DEBUG 7: AprilTag1: queuing buffers (UsbCameraImpl.cpp:765)
[2025-09-27 20:29:37] [CSCore - PvCSCoreLogger] [ERROR] CS: ERROR 40: ioctl VIDIOC_QBUF failed at UsbCameraImpl.cpp:772: Invalid argument (UsbUtil.cpp:157)
[2025-09-27 20:29:37] [CSCore - PvCSCoreLogger] [WARN] CS: WARNING 30: AprilTag1: could not queue buffer 0 (UsbCameraImpl.cpp:773)
[2025-09-27 20:29:37] [CSCore - PvCSCoreLogger] [INFO] AprilTag1: Attempting to connect to USB camera on /dev/v4l/by-path/platform-fc880000.usb-usb-0:1:1.0-video-index0
[2025-09-27 20:29:37] [CSCore - PvCSCoreLogger] [DEBUG] CS: DEBUG 7: AprilTag1: opening device (UsbCameraImpl.cpp:651)
[2025-09-27 20:29:37] [CSCore - PvCSCoreLogger] [INFO] AprilTag1: Attempting to connect to USB camera on /dev/v4l/by-path/platform-fc880000.usb-usb-0:1:1.0-video-index0
[2025-09-27 20:29:37] [CSCore - PvCSCoreLogger] [DEBUG] CS: DEBUG 7: AprilTag1: opening device (UsbCameraImpl.cpp:651)
[2025-09-27 20:29:37] [Camera - USBFrameProvider - AprilTag1] [ERROR] Error grabbing image: timed out getting frame
[2025-09-27 20:29:37] [Camera - USBFrameProvider - AprilTag1] [ERROR] Error grabbing image: timed out getting frame
[2025-09-27 20:29:37] [CSCore - PvCSCoreLogger] [INFO] AprilTag1: Attempting to connect to USB camera on /dev/v4l/by-path/platform-fc880000.usb-usb-0:1:1.0-video-index0
[2025-09-27 20:29:37] [CSCore - PvCSCoreLogger] [DEBUG] CS: DEBUG 7: AprilTag1: opening device (UsbCameraImpl.cpp:651)
[2025-09-27 20:29:37] [CSCore - PvCSCoreLogger] [INFO] AprilTag1: Connected to USB camera on /dev/v4l/by-path/platform-fc880000.usb-usb-0:1:1.0-video-index0
[2025-09-27 20:29:37] [CSCore - PvCSCoreLogger] [DEBUG] CS: DEBUG 7: AprilTag1: getting capabilities (UsbCameraImpl.cpp:663)
[2025-09-27 20:29:37] [CSCore - PvCSCoreLogger] [DEBUG] CS: DEBUG 7: AprilTag1: restoring video mode (UsbCameraImpl.cpp:681)
[2025-09-27 20:29:37] [CSCore - PvCSCoreLogger] [INFO] AprilTag1: set format 1 res 320x240
[2025-09-27 20:29:37] [CSCore - PvCSCoreLogger] [INFO] AprilTag1: set FPS to 100
[2025-09-27 20:29:37] [CSCore - PvCSCoreLogger] [DEBUG] CS: DEBUG 7: AprilTag1: restoring settings (UsbCameraImpl.cpp:686)
[2025-09-27 20:29:37] [General - KernelLogLogger] [DEBUG] 2025-09-27T20:29:37.282611-06:00 photonvision kernel: usb 5-1: Failed to query (GET_MIN) UVC control 8 on unit 2: -71 (exp. 2).
[2025-09-27 20:29:37] [General - KernelLogLogger] [DEBUG] 2025-09-27T20:29:37.289057-06:00 photonvision kernel: usb usb5-port1: disabled by hub (EMI?), re-enabling...
[2025-09-27 20:29:37] [General - KernelLogLogger] [DEBUG] 2025-09-27T20:29:37.289069-06:00 photonvision kernel: usb 5-1: USB disconnect, device number 98
[2025-09-27 20:29:37] [General - KernelLogLogger] [DEBUG] 2025-09-27T20:29:37.292670-06:00 photonvision kernel: usb 5-1: Failed to query (GET_CUR) UVC control 2 on unit 2: -71 (exp. 2).
[2025-09-27 20:29:37] [General - KernelLogLogger] [DEBUG] 2025-09-27T20:29:37.639095-06:00 photonvision kernel: usb 5-1: new high-speed USB device number 99 using ehci-platform
[2025-09-27 20:29:37] [General - KernelLogLogger] [DEBUG] 2025-09-27T20:29:37.805809-06:00 photonvision kernel: usb 5-1: New USB device found, idVendor=0c45, idProduct=6366, bcdDevice= 1.00
[2025-09-27 20:29:37] [General - KernelLogLogger] [DEBUG] 2025-09-27T20:29:37.805893-06:00 photonvision kernel: usb 5-1: New USB device strings: Mfr=2, Product=1, SerialNumber=3
[2025-09-27 20:29:37] [General - KernelLogLogger] [DEBUG] 2025-09-27T20:29:37.805902-06:00 photonvision kernel: usb 5-1: Product: AprilTag1
[2025-09-27 20:29:37] [General - KernelLogLogger] [DEBUG] 2025-09-27T20:29:37.805908-06:00 photonvision kernel: usb 5-1: Manufacturer: Arducam Technology Co., Ltd.
[2025-09-27 20:29:37] [General - KernelLogLogger] [DEBUG] 2025-09-27T20:29:37.805911-06:00 photonvision kernel: usb 5-1: SerialNumber: 0001
[2025-09-27 20:29:37] [General - KernelLogLogger] [DEBUG] 2025-09-27T20:29:37.805917-06:00 photonvision kernel: usb 5-1: Found UVC 1.00 device AprilTag1 (0c45:6366)
[2025-09-27 20:29:37] [General - KernelLogLogger] [DEBUG] Æäþÿ
[2025-09-27 20:29:38] [Camera - USBFrameProvider - AprilTag1] [ERROR] Error grabbing image: timed out getting frame
[2025-09-27 20:29:38] [Camera - USBFrameProvider - AprilTag1] [ERROR] Error grabbing image: timed out getting frame
[2025-09-27 20:29:38] [Camera - USBFrameProvider - AprilTag1] [ERROR] Error grabbing image: timed out getting frame
[2025-09-27 20:29:38] [Camera - USBFrameProvider - AprilTag1] [ERROR] Error grabbing image: timed out getting frame
[2025-09-27 20:29:38] [General - KernelLogLogger] [DEBUG] 2025-09-27T20:29:37.832643-06:00 photonvision kernel: input: AprilTag1: AprilTag1 as /devices/platform/fc880000.usb/usb5/5-1/5-1:1.0/input/input110
[2025-09-27 20:29:38] [CSCore - PvCSCoreLogger] [DEBUG] CS: DEBUG 7: AprilTag1: allocating buffers (UsbCameraImpl.cpp:701)
[2025-09-27 20:29:38] [CSCore - PvCSCoreLogger] [DEBUG] CS: DEBUG 7: AprilTag1: mapping buffers (UsbCameraImpl.cpp:715)
[2025-09-27 20:29:38] [CSCore - PvCSCoreLogger] [DEBUG] CS: DEBUG 7: AprilTag1: queuing buffers (UsbCameraImpl.cpp:765)
[2025-09-27 20:29:39] [CSCore - PvCSCoreLogger] [ERROR] CS: ERROR 40: AprilTag1: ioctl VIDIOC_STREAMON failed: Protocol error (UsbCameraImpl.cpp:789)
[2025-09-27 20:29:39] [CSCore - PvCSCoreLogger] [DEBUG] CS: DEBUG 7: AprilTag1: queuing buffers (UsbCameraImpl.cpp:765)
[2025-09-27 20:29:39] [CSCore - PvCSCoreLogger] [ERROR] CS: ERROR 40: ioctl VIDIOC_QBUF failed at UsbCameraImpl.cpp:772: Invalid argument (UsbUtil.cpp:157)
[2025-09-27 20:29:39] [CSCore - PvCSCoreLogger] [WARN] CS: WARNING 30: AprilTag1: could not queue buffer 0 (UsbCameraImpl.cpp:773)
[2025-09-27 20:29:39] [CSCore - PvCSCoreLogger] [INFO] AprilTag1: Attempting to connect to USB camera on /dev/v4l/by-path/platform-fc880000.usb-usb-0:1:1.0-video-index0
[2025-09-27 20:29:39] [CSCore - PvCSCoreLogger] [DEBUG] CS: DEBUG 7: AprilTag1: opening device (UsbCameraImpl.cpp:651)
[2025-09-27 20:29:39] [CSCore - PvCSCoreLogger] [INFO] AprilTag1: Attempting to connect to USB camera on /dev/v4l/by-path/platform-fc880000.usb-usb-0:1:1.0-video-index0
[2025-09-27 20:29:39] [CSCore - PvCSCoreLogger] [DEBUG] CS: DEBUG 7: AprilTag1: opening device (UsbCameraImpl.cpp:651)
[2025-09-27 20:29:39] [Camera - USBFrameProvider - AprilTag1] [ERROR] Error grabbing image: timed out getting frame
[2025-09-27 20:29:39] [Camera - USBFrameProvider - AprilTag1] [ERROR] Error grabbing image: timed out getting frame
[2025-09-27 20:29:39] [CSCore - PvCSCoreLogger] [INFO] AprilTag1: Attempting to connect to USB camera on /dev/v4l/by-path/platform-fc880000.usb-usb-0:1:1.0-video-index0
[2025-09-27 20:29:39] [CSCore - PvCSCoreLogger] [DEBUG] CS: DEBUG 7: AprilTag1: opening device (UsbCameraImpl.cpp:651)
[2025-09-27 20:29:39] [CSCore - PvCSCoreLogger] [INFO] AprilTag1: Attempting to connect to USB camera on /dev/v4l/by-path/platform-fc880000.usb-usb-0:1:1.0-video-index0
[2025-09-27 20:29:39] [CSCore - PvCSCoreLogger] [DEBUG] CS: DEBUG 7: AprilTag1: opening device (UsbCameraImpl.cpp:651)
[2025-09-27 20:29:39] [CSCore - PvCSCoreLogger] [INFO] AprilTag1: Connected to USB camera on /dev/v4l/by-path/platform-fc880000.usb-usb-0:1:1.0-video-index0
[2025-09-27 20:29:39] [CSCore - PvCSCoreLogger] [DEBUG] CS: DEBUG 7: AprilTag1: getting capabilities (UsbCameraImpl.cpp:663)
[2025-09-27 20:29:39] [CSCore - PvCSCoreLogger] [DEBUG] CS: DEBUG 7: AprilTag1: restoring video mode (UsbCameraImpl.cpp:681)
[2025-09-27 20:29:39] [CSCore - PvCSCoreLogger] [INFO] AprilTag1: set format 1 res 320x240
[2025-09-27 20:29:39] [CSCore - PvCSCoreLogger] [INFO] AprilTag1: set FPS to 100
[2025-09-27 20:29:39] [CSCore - PvCSCoreLogger] [DEBUG] CS: DEBUG 7: AprilTag1: restoring settings (UsbCameraImpl.cpp:686)
[2025-09-27 20:29:39] [Camera - USBFrameProvider - AprilTag1] [ERROR] Error grabbing image: timed out getting frame
[2025-09-27 20:29:39] [General - KernelLogLogger] [DEBUG] 2025-09-27T20:29:39.079146-06:00 photonvision kernel: usb 5-1: Failed to query (GET_CUR) UVC control 4 on unit 2: -71 (exp. 2).
[2025-09-27 20:29:39] [General - KernelLogLogger] [DEBUG] 2025-09-27T20:29:39.095730-06:00 photonvision kernel: usb usb5-port1: disabled by hub (EMI?), re-enabling...
[2025-09-27 20:29:39] [General - KernelLogLogger] [DEBUG] 2025-09-27T20:29:39.095752-06:00 photonvision kernel: usb 5-1: USB disconnect, device number 99
[2025-09-27 20:29:39] [General - KernelLogLogger] [DEBUG] 2025-09-27T20:29:39.425719-06:00 photonvision kernel: usb 5-1: new high-speed USB device number 100 using ehci-platform
[2025-09-27 20:29:39] [General - KernelLogLogger] [DEBUG] 2025-09-27T20:29:39.585700-06:00 photonvision kernel: usb 5-1: New USB device found, idVendor=0c45, idProduct=6366, bcdDevice= 1.00
[2025-09-27 20:29:39] [General - KernelLogLogger] [DEBUG] 2025-09-27T20:29:39.585727-06:00 photonvision kernel: usb 5-1: New USB device strings: Mfr=2, Product=1, SerialNumber=3
[2025-09-27 20:29:39] [General - KernelLogLogger] [DEBUG] 2025-09-27T20:29:39.585729-06:00 photonvision kernel: usb 5-1: Product: AprilTag1
[2025-09-27 20:29:39] [General - KernelLogLogger] [DEBUG] 2025-09-27T20:29:39.585730-06:00 photonvision kernel: usb 5-1: Manufacturer: Arducam Technology Co., Ltd.
[2025-09-27 20:29:39] [General - KernelLogLogger] [DEBUG] 2025-09-27T20:29:39.585731-06:00 photonvision kernel: usb 5-1: SerialNumber: 0001
[2025-09-27 20:29:39] [General - KernelLogLogger] [DEBUG] 2025-09-27T20:29:39.589027-06:00 photonvision kernel: usb 5-1: Found UVC 1.00 device AprilTag1 (0c45:6366)
[2025-09-27 20:29:39] [General - KernelLogLogger] [DEBUG] 2025-09-27T20:29:39.615707-06:00 photonvision kernel: input: AprilTag1: AprilTag1 as /devices/platform/fc880000.usb/usb5/5-1/5-1:1.0/input/input111
[2025-09-27 20:29:39] [General - KernelLogLogger] [DEBUG] 0000.hdmi: i2c read time out!
[2025-09-27 20:29:39] [General - KernelLogLogger] [DEBUG]  :@:zÁã	8@IڊØ-6@ Y°ã#ß4@FàäÄå4@-,¹G3@£++¿Ò2@®¼Ԟ2@%:¦{2@	ó]H2@JQô1@®ª´=Wz1@GrÒ0@˞0@Ô^g5Ö%/@Ö±¦.@«¬eM.@´xæEò-@ǰØÅÉÌ-@I]ú-@WKþ1X.@¯Ëïù.@֯±{/@æҥ«Èß/@X)Gü`a0@eøÕ0@£"ãÐ1@5ÛiÌ1@#t|³[2@6îoâZA3@ð	Â4@ßAÔiÆ4@¬dÞÏ!5@w·ÔU5@. Ø3ø®4@ô!hí3@&±mE2@Dû-úÞ-@s2UɸÄ"@î%7à @HN¼àôä?é3âg¨?¸J?ÇêZBx?Ø0}õxó>?BÊÏK*î>fÏû5tð¾gcüyï¾ÚJ8F?ة?F鉝ý	?¯Wç«ÿ?p+ÙàÓð>FzÌ:å>ȗJ;ý>.aHfµ?dÌSÇ?"±« ?ñ«ɸ
[2025-09-27 20:29:39] [Camera - USBFrameProvider - AprilTag1] [ERROR] Error grabbing image: timed out getting frame
[2025-09-27 20:29:40] [Camera - USBFrameProvider - AprilTag1] [ERROR] Error grabbing image: timed out getting frame
[2025-09-27 20:29:40] [Camera - USBFrameProvider - AprilTag1] [ERROR] Error grabbing image: timed out getting frame
[2025-09-27 20:29:40] [CSCore - PvCSCoreLogger] [DEBUG] CS: DEBUG 7: AprilTag1: allocating buffers (UsbCameraImpl.cpp:701)
[2025-09-27 20:29:40] [CSCore - PvCSCoreLogger] [DEBUG] CS: DEBUG 7: AprilTag1: mapping buffers (UsbCameraImpl.cpp:715)
[2025-09-27 20:29:40] [CSCore - PvCSCoreLogger] [DEBUG] CS: DEBUG 7: AprilTag1: queuing buffers (UsbCameraImpl.cpp:765)
[2025-09-27 20:29:40] [Camera - USBFrameProvider - AprilTag1] [ERROR] Error grabbing image: timed out getting frame
[2025-09-27 20:29:40] [CSCore - PvCSCoreLogger] [ERROR] CS: ERROR 40: AprilTag1: ioctl VIDIOC_STREAMON failed: Protocol error (UsbCameraImpl.cpp:789)
[2025-09-27 20:29:40] [CSCore - PvCSCoreLogger] [INFO] AprilTag1: Attempting to connect to USB camera on /dev/v4l/by-path/platform-fc880000.usb-usb-0:1:1.0-video-index0
[2025-09-27 20:29:40] [CSCore - PvCSCoreLogger] [DEBUG] CS: DEBUG 7: AprilTag1: opening device (UsbCameraImpl.cpp:651)
[2025-09-27 20:29:40] [CSCore - PvCSCoreLogger] [INFO] AprilTag1: Attempting to connect to USB camera on /dev/v4l/by-path/platform-fc880000.usb-usb-0:1:1.0-video-index0
[2025-09-27 20:29:40] [CSCore - PvCSCoreLogger] [DEBUG] CS: DEBUG 7: AprilTag1: opening device (UsbCameraImpl.cpp:651)
[2025-09-27 20:29:40] [General - KernelLogLogger] [DEBUG] 2025-09-27T20:29:40.889148-06:00 photonvision kernel: usb usb5-port1: disabled by hub (EMI?), re-enabling...
[2025-09-27 20:29:40] [General - KernelLogLogger] [DEBUG] 2025-09-27T20:29:40.889171-06:00 photonvision kernel: usb 5-1: USB disconnect, device number 100
[2025-09-27 20:29:41] [Camera - USBFrameProvider - AprilTag1] [ERROR] Error grabbing image: timed out getting frame
[2025-09-27 20:29:41] [Camera - USBFrameProvider - AprilTag1] [ERROR] Error grabbing image: timed out getting frame
[2025-09-27 20:29:41] [CSCore - PvCSCoreLogger] [INFO] AprilTag1: Attempting to connect to USB camera on /dev/v4l/by-path/platform-fc880000.usb-usb-0:1:1.0-video-index0
[2025-09-27 20:29:41] [CSCore - PvCSCoreLogger] [DEBUG] CS: DEBUG 7: AprilTag1: opening device (UsbCameraImpl.cpp:651)
[2025-09-27 20:29:41] [CSCore - PvCSCoreLogger] [INFO] AprilTag1: Attempting to connect to USB camera on /dev/v4l/by-path/platform-fc880000.usb-usb-0:1:1.0-video-index0
[2025-09-27 20:29:41] [CSCore - PvCSCoreLogger] [DEBUG] CS: DEBUG 7: AprilTag1: opening device (UsbCameraImpl.cpp:651)
[2025-09-27 20:29:41] [CSCore - PvCSCoreLogger] [INFO] AprilTag1: Attempting to connect to USB camera on /dev/v4l/by-path/platform-fc880000.usb-usb-0:1:1.0-video-index0
[2025-09-27 20:29:41] [CSCore - PvCSCoreLogger] [DEBUG] CS: DEBUG 7: AprilTag1: opening device (UsbCameraImpl.cpp:651)
[2025-09-27 20:29:41] [CSCore - PvCSCoreLogger] [INFO] AprilTag1: Connected to USB camera on /dev/v4l/by-path/platform-fc880000.usb-usb-0:1:1.0-video-index0
[2025-09-27 20:29:41] [CSCore - PvCSCoreLogger] [DEBUG] CS: DEBUG 7: AprilTag1: getting capabilities (UsbCameraImpl.cpp:663)
[2025-09-27 20:29:41] [CSCore - PvCSCoreLogger] [DEBUG] CS: DEBUG 7: AprilTag1: restoring video mode (UsbCameraImpl.cpp:681)
[2025-09-27 20:29:41] [CSCore - PvCSCoreLogger] [INFO] AprilTag1: set format 1 res 320x240
[2025-09-27 20:29:41] [CSCore - PvCSCoreLogger] [INFO] AprilTag1: set FPS to 100
[2025-09-27 20:29:41] [CSCore - PvCSCoreLogger] [DEBUG] CS: DEBUG 7: AprilTag1: restoring settings (UsbCameraImpl.cpp:686)
[2025-09-27 20:29:41] [Camera - USBFrameProvider - AprilTag1] [ERROR] Error grabbing image: timed out getting frame
[2025-09-27 20:29:41] [Camera - USBFrameProvider - AprilTag1] [ERROR] Error grabbing image: timed out getting frame
[2025-09-27 20:29:41] [General - KernelLogLogger] [DEBUG] 2025-09-27T20:29:41.232665-06:00 photonvision kernel: usb 5-1: new high-speed USB device number 101 using ehci-platform
[2025-09-27 20:29:41] [General - KernelLogLogger] [DEBUG] 2025-09-27T20:29:41.392424-06:00 photonvision kernel: usb 5-1: New USB device found, idVendor=0c45, idProduct=6366, bcdDevice= 1.00
[2025-09-27 20:29:41] [General - KernelLogLogger] [DEBUG] 2025-09-27T20:29:41.392475-06:00 photonvision kernel: usb 5-1: New USB device strings: Mfr=2, Product=1, SerialNumber=3
[2025-09-27 20:29:41] [General - KernelLogLogger] [DEBUG] 2025-09-27T20:29:41.392481-06:00 photonvision kernel: usb 5-1: Product: AprilTag1
[2025-09-27 20:29:41] [General - KernelLogLogger] [DEBUG] 2025-09-27T20:29:41.392484-06:00 photonvision kernel: usb 5-1: Manufacturer: Arducam Technology Co., Ltd.
[2025-09-27 20:29:41] [General - KernelLogLogger] [DEBUG] 2025-09-27T20:29:41.392489-06:00 photonvision kernel: usb 5-1: SerialNumber: 0001
[2025-09-27 20:29:41] [General - KernelLogLogger] [DEBUG] 2025-09-27T20:29:41.395825-06:00 photonvision kernel: usb 5-1: Found UVC 1.00 device AprilTag1 (0c45:6366)
[2025-09-27 20:29:41] [General - KernelLogLogger] [DEBUG] 2025-09-27T20:29:41.422421-06:00 photonvision kernel: input: AprilTag1: AprilTag1 as /devices/platform/fc880000.usb/usb5/5-1/5-1:1.0/input/input112
[2025-09-27 20:29:41] [General - KernelLogLogger] [DEBUG]  5-1: New USB device strings: Mfr=2, Product=1, SerialNumber=3
[2025-09-27 20:29:41] [General - KernelLogLogger] [DEBUG] 2025-09-27T20:29:26.852845-06:00 photonvision kernel: usb 5-1: Product: AprilTag1
[2025-09-27 20:29:41] [General - KernelLogLogger] [DEBUG] 2025-09-27T20:29:26.852848-06:00 photonvision kernel: usb 5-1: Manufacturer: Arducam Technology Co., Ltd.
[2025-09-27 20:29:41] [General - KernelLogLogger] [DEBUG] 2025-09-27T20:29:26.852851-06:00 photonvisio1
[2025-09-27 20:29:42] [Camera - USBFrameProvider - AprilTag1] [ERROR] Error grabbing image: timed out getting frame
[2025-09-27 20:29:42] [Camera - USBFrameProvider - AprilTag1] [ERROR] Error grabbing image: timed out getting frame
[2025-09-27 20:29:42] [CSCore - PvCSCoreLogger] [DEBUG] CS: DEBUG 7: AprilTag1: allocating buffers (UsbCameraImpl.cpp:701)
[2025-09-27 20:29:42] [CSCore - PvCSCoreLogger] [DEBUG] CS: DEBUG 7: AprilTag1: mapping buffers (UsbCameraImpl.cpp:715)
[2025-09-27 20:29:42] [CSCore - PvCSCoreLogger] [DEBUG] CS: DEBUG 7: AprilTag1: queuing buffers (UsbCameraImpl.cpp:765)
[2025-09-27 20:29:42] [CSCore - PvCSCoreLogger] [ERROR] CS: ERROR 40: AprilTag1: ioctl VIDIOC_STREAMON failed: Protocol error (UsbCameraImpl.cpp:789)
[2025-09-27 20:29:42] [CSCore - PvCSCoreLogger] [INFO] AprilTag1: Attempting to connect to USB camera on /dev/v4l/by-path/platform-fc880000.usb-usb-0:1:1.0-video-index0
[2025-09-27 20:29:42] [CSCore - PvCSCoreLogger] [DEBUG] CS: DEBUG 7: AprilTag1: opening device (UsbCameraImpl.cpp:651)
[2025-09-27 20:29:42] [CSCore - PvCSCoreLogger] [INFO] AprilTag1: Attempting to connect to USB camera on /dev/v4l/by-path/platform-fc880000.usb-usb-0:1:1.0-video-index0
[2025-09-27 20:29:42] [CSCore - PvCSCoreLogger] [DEBUG] CS: DEBUG 7: AprilTag1: opening device (UsbCameraImpl.cpp:651)
[2025-09-27 20:29:42] [Camera - USBFrameProvider - AprilTag1] [ERROR] Error grabbing image: timed out getting frame
[2025-09-27 20:29:42] [General - KernelLogLogger] [DEBUG] 2025-09-27T20:29:42.562691-06:00 photonvision kernel: usb 5-1: Failed to query (GET_RES) UVC control 8 on unit 2: -71 (exp. 2).
[2025-09-27 20:29:42] [General - KernelLogLogger] [DEBUG] 2025-09-27T20:29:42.575750-06:00 photonvision kernel: usb 5-1: Failed to query (GET_CUR) UVC control 2 on unit 2: -71 (exp. 2).
[2025-09-27 20:29:42] [General - KernelLogLogger] [DEBUG] 2025-09-27T20:29:42.582623-06:00 photonvision kernel: usb 5-1: Failed to query (GET_DEF) UVC control 8 on unit 2: -71 (exp. 2).
[2025-09-27 20:29:42] [General - KernelLogLogger] [DEBUG] 2025-09-27T20:29:42.585727-06:00 photonvision kernel: usb usb5-port1: disabled by hub (EMI?), re-enabling...
[2025-09-27 20:29:42] [General - KernelLogLogger] [DEBUG] 2025-09-27T20:29:42.585751-06:00 photonvision kernel: usb 5-1: USB disconnect, device number 101
[2025-09-27 20:29:42] [General - KernelLogLogger] [DEBUG] ù
[2025-09-27 20:29:42] [Camera - USBFrameProvider - AprilTag1] [ERROR] Error grabbing image: timed out getting frame
[2025-09-27 20:29:43] [CSCore - PvCSCoreLogger] [INFO] AprilTag1: Attempting to connect to USB camera on /dev/v4l/by-path/platform-fc880000.usb-usb-0:1:1.0-video-index0
[2025-09-27 20:29:43] [CSCore - PvCSCoreLogger] [DEBUG] CS: DEBUG 7: AprilTag1: opening device (UsbCameraImpl.cpp:651)
[2025-09-27 20:29:43] [CSCore - PvCSCoreLogger] [INFO] AprilTag1: Connected to USB camera on /dev/v4l/by-path/platform-fc880000.usb-usb-0:1:1.0-video-index0
[2025-09-27 20:29:43] [CSCore - PvCSCoreLogger] [DEBUG] CS: DEBUG 7: AprilTag1: getting capabilities (UsbCameraImpl.cpp:663)
[2025-09-27 20:29:43] [CSCore - PvCSCoreLogger] [DEBUG] CS: DEBUG 7: AprilTag1: restoring video mode (UsbCameraImpl.cpp:681)
[2025-09-27 20:29:43] [CSCore - PvCSCoreLogger] [INFO] AprilTag1: set format 1 res 320x240
[2025-09-27 20:29:43] [CSCore - PvCSCoreLogger] [INFO] AprilTag1: set FPS to 100
[2025-09-27 20:29:43] [CSCore - PvCSCoreLogger] [DEBUG] CS: DEBUG 7: AprilTag1: restoring settings (UsbCameraImpl.cpp:686)
[2025-09-27 20:29:43] [Camera - USBFrameProvider - AprilTag1] [ERROR] Error grabbing image: timed out getting frame
[2025-09-27 20:29:43] [Camera - USBFrameProvider - AprilTag1] [ERROR] Error grabbing image: timed out getting frame
[2025-09-27 20:29:43] [Camera - USBFrameProvider - AprilTag1] [ERROR] Error grabbing image: timed out getting frame
[2025-09-27 20:29:43] [General - KernelLogLogger] [DEBUG] 2025-09-27T20:29:42.925774-06:00 photonvision kernel: usb 5-1: new high-speed USB device number 102 using ehci-platform
[2025-09-27 20:29:43] [General - KernelLogLogger] [DEBUG] 2025-09-27T20:29:43.085840-06:00 photonvision kernel: usb 5-1: New USB device found, idVendor=0c45, idProduct=6366, bcdDevice= 1.00
[2025-09-27 20:29:43] [General - KernelLogLogger] [DEBUG] 2025-09-27T20:29:43.085864-06:00 photonvision kernel: usb 5-1: New USB device strings: Mfr=2, Product=1, SerialNumber=3
[2025-09-27 20:29:43] [General - KernelLogLogger] [DEBUG] 2025-09-27T20:29:43.085866-06:00 photonvision kernel: usb 5-1: Product: AprilTag1
[2025-09-27 20:29:43] [General - KernelLogLogger] [DEBUG] 2025-09-27T20:29:43.085867-06:00 photonvision kernel: usb 5-1: Manufacturer: Arducam Technology Co., Ltd.
[2025-09-27 20:29:43] [General - KernelLogLogger] [DEBUG] 2025-09-27T20:29:43.085869-06:00 photonvision kernel: usb 5-1: SerialNumber: 0001
[2025-09-27 20:29:43] [General - KernelLogLogger] [DEBUG] 2025-09-27T20:29:43.089099-06:00 photonvision kernel: usb 5-1: Found UVC 1.00 device AprilTag1 (0c45:6366)
[2025-09-27 20:29:43] [General - KernelLogLogger] [DEBUG] 2025-09-27T20:29:43.115902-06:00 photonvision kernel: input: AprilTag1: AprilTag1 as /devices/platform/fc880000.usb/usb5/5-1/5-1:1.0/input/input113
[2025-09-27 20:29:43] [General - KernelLogLogger] [DEBUG]  5-1: New USB device strings: Mfr=2, Product=1, SerialNumber=3
[2025-09-27 20:29:43] [General - KernelLogLogger] [DEBUG] 2025-09-27T20:29:26.852845-06:00 photonvision kernel: usb 5-1: Product: AprilTag1
[2025-09-27 20:29:43] [General - KernelLogLogger] [DEBUG] 2025-09-27T20:29:26.852848-06:00 photonvision kernel: usb 5-1: Manufacturer: Arducam Technology Co., Ltd.
[2025-09-27 20:29:43] [General - KernelLogLogger] [DEBUG] 2025-09-27T20:29:26.852851-06:00 photonvisio1
[2025-09-27 20:29:44] [Camera - USBFrameProvider - AprilTag1] [ERROR] Error grabbing image: timed out getting frame
[2025-09-27 20:29:44] [CSCore - PvCSCoreLogger] [DEBUG] CS: DEBUG 7: AprilTag1: allocating buffers (UsbCameraImpl.cpp:701)
[2025-09-27 20:29:44] [CSCore - PvCSCoreLogger] [DEBUG] CS: DEBUG 7: AprilTag1: mapping buffers (UsbCameraImpl.cpp:715)
[2025-09-27 20:29:44] [CSCore - PvCSCoreLogger] [DEBUG] CS: DEBUG 7: AprilTag1: queuing buffers (UsbCameraImpl.cpp:765)
[2025-09-27 20:29:44] [Camera - USBFrameProvider - AprilTag1] [ERROR] Error grabbing image: timed out getting frame
[2025-09-27 20:29:44] [CSCore - PvCSCoreLogger] [ERROR] CS: ERROR 40: AprilTag1: ioctl VIDIOC_STREAMON failed: Protocol error (UsbCameraImpl.cpp:789)
[2025-09-27 20:29:44] [CSCore - PvCSCoreLogger] [DEBUG] CS: DEBUG 7: AprilTag1: queuing buffers (UsbCameraImpl.cpp:765)
[2025-09-27 20:29:44] [CSCore - PvCSCoreLogger] [ERROR] CS: ERROR 40: ioctl VIDIOC_QBUF failed at UsbCameraImpl.cpp:772: Invalid argument (UsbUtil.cpp:157)
[2025-09-27 20:29:44] [CSCore - PvCSCoreLogger] [WARN] CS: WARNING 30: AprilTag1: could not queue buffer 0 (UsbCameraImpl.cpp:773)
[2025-09-27 20:29:44] [CSCore - PvCSCoreLogger] [INFO] AprilTag1: Attempting to connect to USB camera on /dev/v4l/by-path/platform-fc880000.usb-usb-0:1:1.0-video-index0
[2025-09-27 20:29:44] [CSCore - PvCSCoreLogger] [DEBUG] CS: DEBUG 7: AprilTag1: opening device (UsbCameraImpl.cpp:651)
[2025-09-27 20:29:44] [CSCore - PvCSCoreLogger] [INFO] AprilTag1: Attempting to connect to USB camera on /dev/v4l/by-path/platform-fc880000.usb-usb-0:1:1.0-video-index0
[2025-09-27 20:29:44] [CSCore - PvCSCoreLogger] [DEBUG] CS: DEBUG 7: AprilTag1: opening device (UsbCameraImpl.cpp:651)
[2025-09-27 20:29:44] [CSCore - PvCSCoreLogger] [INFO] AprilTag1: Attempting to connect to USB camera on /dev/v4l/by-path/platform-fc880000.usb-usb-0:1:1.0-video-index0
[2025-09-27 20:29:44] [CSCore - PvCSCoreLogger] [DEBUG] CS: DEBUG 7: AprilTag1: opening device (UsbCameraImpl.cpp:651)
[2025-09-27 20:29:44] [Camera - USBFrameProvider - AprilTag1] [ERROR] Error grabbing image: timed out getting frame
[2025-09-27 20:29:44] [Camera - USBFrameProvider - AprilTag1] [ERROR] Error grabbing image: timed out getting frame
[2025-09-27 20:29:44] [General - KernelLogLogger] [DEBUG] 2025-09-27T20:29:44.349140-06:00 photonvision kernel: usb 5-1: Failed to query (GET_DEF) UVC control 1 on unit 2: -71 (exp. 2).
[2025-09-27 20:29:44] [General - KernelLogLogger] [DEBUG] 2025-09-27T20:29:44.379879-06:00 photonvision kernel: usb 5-1: Failed to query (GET_CUR) UVC control 2 on unit 2: -71 (exp. 2).
[2025-09-27 20:29:44] [General - KernelLogLogger] [DEBUG] 2025-09-27T20:29:44.390732-06:00 photonvision kernel: usb 5-1: Failed to query (GET_DEF) UVC control 1 on unit 2: -71 (exp. 2).
[2025-09-27 20:29:44] [General - KernelLogLogger] [DEBUG] 2025-09-27T20:29:44.402625-06:00 photonvision kernel: usb usb5-port1: disabled by hub (EMI?), re-enabling...
[2025-09-27 20:29:44] [General - KernelLogLogger] [DEBUG] 2025-09-27T20:29:44.402676-06:00 photonvision kernel: usb 5-1: USB disconnect, device number 102
[2025-09-27 20:29:44] [General - KernelLogLogger] [DEBUG] 2025-09-27T20:29:44.749173-06:00 photonvision kernel: usb 5-1: new high-speed USB device number 103 using ehci-platform
[2025-09-27 20:29:44] [General - KernelLogLogger] [DEBUG]  UVC 1.00 device AprilTag1 (0c45:6366)
[2025-09-27 20:29:44] [General - KernelLogLogger] [DEBUG] 2025-09-27T20:29:43.115902-06:00 photonvision kernel: input: AprilTag1: AprilTag1 as /devices/platform/fc880000.usb/usb5/5-1/5-1:1.0/input/input113
[2025-09-27 20:29:44] [General - KernelLogLogger] [DEBUG]  5-1: New USB device strings: Mfr=2, Product=1, SerialNumber=3
[2025-09-27 20:29:44] [General - KernelLogLogger] [DEBUG] 2025-09-27T20:29:26.852845-06:00 photonvision kernel: usb 5-1: Product: AprilTag1
[2025-09-27 20:29:44] [General - KernelLogLogger] [DEBUG] 2025-09-27T20:29:26.852848-06:00 photonvision kernel: usb 5-1: Manufacturer: Arducam Technology Co., Ltd.
[2025-09-27 20:29:44] [General - KernelLogLogger] [DEBUG] 2025-09-27T20:29:26.852851-06:00 photonvisio1
[2025-09-27 20:29:44] [CSCore - PvCSCoreLogger] [INFO] AprilTag1: Attempting to connect to USB camera on /dev/v4l/by-path/platform-fc880000.usb-usb-0:1:1.0-video-index0
[2025-09-27 20:29:44] [CSCore - PvCSCoreLogger] [DEBUG] CS: DEBUG 7: AprilTag1: opening device (UsbCameraImpl.cpp:651)
[2025-09-27 20:29:44] [CSCore - PvCSCoreLogger] [INFO] AprilTag1: Attempting to connect to USB camera on /dev/v4l/by-path/platform-fc880000.usb-usb-0:1:1.0-video-index0
[2025-09-27 20:29:44] [CSCore - PvCSCoreLogger] [DEBUG] CS: DEBUG 7: AprilTag1: opening device (UsbCameraImpl.cpp:651)
[2025-09-27 20:29:44] [CSCore - PvCSCoreLogger] [INFO] AprilTag1: Attempting to connect to USB camera on /dev/v4l/by-path/platform-fc880000.usb-usb-0:1:1.0-video-index0
[2025-09-27 20:29:44] [CSCore - PvCSCoreLogger] [DEBUG] CS: DEBUG 7: AprilTag1: opening device (UsbCameraImpl.cpp:651)
[2025-09-27 20:29:45] [Camera - USBFrameProvider - AprilTag1] [ERROR] Error grabbing image: timed out getting frame
[2025-09-27 20:29:45] [Camera - USBFrameProvider - AprilTag1] [ERROR] Error grabbing image: timed out getting frame
[2025-09-27 20:29:45] [Camera - USBFrameProvider - AprilTag1] [ERROR] Error grabbing image: timed out getting frame
[2025-09-27 20:29:45] [General - KernelLogLogger] [DEBUG] 2025-09-27T20:29:44.912705-06:00 photonvision kernel: usb 5-1: New USB device found, idVendor=0c45, idProduct=6366, bcdDevice= 1.00
[2025-09-27 20:29:45] [General - KernelLogLogger] [DEBUG] 2025-09-27T20:29:44.912755-06:00 photonvision kernel: usb 5-1: New USB device strings: Mfr=2, Product=1, SerialNumber=3
[2025-09-27 20:29:45] [General - KernelLogLogger] [DEBUG] 2025-09-27T20:29:44.912760-06:00 photonvision kernel: usb 5-1: Product: AprilTag1
[2025-09-27 20:29:45] [General - KernelLogLogger] [DEBUG] 2025-09-27T20:29:44.912763-06:00 photonvision kernel: usb 5-1: Manufacturer: Arducam Technology Co., Ltd.
[2025-09-27 20:29:45] [General - KernelLogLogger] [DEBUG] 2025-09-27T20:29:44.912767-06:00 photonvision kernel: usb 5-1: SerialNumber: 0001
[2025-09-27 20:29:45] [General - KernelLogLogger] [DEBUG] 2025-09-27T20:29:44.915688-06:00 photonvision kernel: usb 5-1: Found UVC 1.00 device AprilTag1 (0c45:6366)
[2025-09-27 20:29:45] [General - KernelLogLogger] [DEBUG] 2025-09-27T20:29:44.945704-06:00 photonvision kernel: input: AprilTag1: AprilTag1 as /devices/platform/fc880000.usb/usb5/5-1/5-1:1.0/input/input114
[2025-09-27 20:29:45] [General - KernelLogLogger] [DEBUG] 2025-09-27T20:29:45.462379-06:00 photonvision kernel: xhci-hcd xhci-hcd.11.auto: WARN: buffer overrun event for slot 1 ep 2 on endpoint
[2025-09-27 20:29:45] [General - KernelLogLogger] [DEBUG] vice strings: Mfr=2, Product=1, SerialNumber=3
[2025-09-27 20:29:45] [General - KernelLogLogger] [DEBUG] 2025-09-27T20:29:26.852845-06:00 photonvision kernel: usb 5-1: Product: AprilTag1
[2025-09-27 20:29:45] [General - KernelLogLogger] [DEBUG] 2025-0Á
[2025-09-27 20:29:45] [Camera - USBFrameProvider - AprilTag1] [ERROR] Error grabbing image: timed out getting frame
[2025-09-27 20:29:46] [Camera - USBFrameProvider - AprilTag1] [ERROR] Error grabbing image: timed out getting frame
[2025-09-27 20:29:46] [Camera - USBFrameProvider - AprilTag1] [ERROR] Error grabbing image: timed out getting frame
[2025-09-27 20:29:46] [Camera - USBFrameProvider - AprilTag1] [ERROR] Error grabbing image: timed out getting frame
[2025-09-27 20:29:46] [CSCore - PvCSCoreLogger] [INFO] AprilTag1: Attempting to connect to USB camera on /dev/v4l/by-path/platform-fc880000.usb-usb-0:1:1.0-video-index0
[2025-09-27 20:29:46] [CSCore - PvCSCoreLogger] [DEBUG] CS: DEBUG 7: AprilTag1: opening device (UsbCameraImpl.cpp:651)
[2025-09-27 20:29:46] [CSCore - PvCSCoreLogger] [INFO] AprilTag1: Connected to USB camera on /dev/v4l/by-path/platform-fc880000.usb-usb-0:1:1.0-video-index0
[2025-09-27 20:29:46] [CSCore - PvCSCoreLogger] [DEBUG] CS: DEBUG 7: AprilTag1: getting capabilities (UsbCameraImpl.cpp:663)
[2025-09-27 20:29:46] [CSCore - PvCSCoreLogger] [DEBUG] CS: DEBUG 7: AprilTag1: restoring video mode (UsbCameraImpl.cpp:681)
[2025-09-27 20:29:46] [CSCore - PvCSCoreLogger] [INFO] AprilTag1: set format 1 res 320x240
[2025-09-27 20:29:47] [CSCore - PvCSCoreLogger] [INFO] AprilTag1: set FPS to 100
[2025-09-27 20:29:47] [CSCore - PvCSCoreLogger] [DEBUG] CS: DEBUG 7: AprilTag1: restoring settings (UsbCameraImpl.cpp:686)
[2025-09-27 20:29:47] [Camera - USBFrameProvider - AprilTag1] [ERROR] Error grabbing image: timed out getting frame
[2025-09-27 20:29:47] [Camera - USBFrameProvider - AprilTag1] [ERROR] Error grabbing image: timed out getting frame
[2025-09-27 20:29:47] [Camera - USBFrameProvider - AprilTag1] [ERROR] Error grabbing image: timed out getting frame
[2025-09-27 20:29:47] [Camera - USBFrameProvider - AprilTag1] [ERROR] Error grabbing image: timed out getting frame
[2025-09-27 20:29:48] [CSCore - PvCSCoreLogger] [DEBUG] CS: DEBUG 7: AprilTag1: allocating buffers (UsbCameraImpl.cpp:701)
[2025-09-27 20:29:48] [CSCore - PvCSCoreLogger] [DEBUG] CS: DEBUG 7: AprilTag1: mapping buffers (UsbCameraImpl.cpp:715)
[2025-09-27 20:29:48] [CSCore - PvCSCoreLogger] [DEBUG] CS: DEBUG 7: AprilTag1: queuing buffers (UsbCameraImpl.cpp:765)
[2025-09-27 20:29:48] [Camera - USBFrameProvider - AprilTag1] [ERROR] Error grabbing image: timed out getting frame
[2025-09-27 20:29:48] [CSCore - PvCSCoreLogger] [ERROR] CS: ERROR 40: AprilTag1: ioctl VIDIOC_STREAMON failed: Protocol error (UsbCameraImpl.cpp:789)
[2025-09-27 20:29:48] [CSCore - PvCSCoreLogger] [INFO] AprilTag1: Attempting to connect to USB camera on /dev/v4l/by-path/platform-fc880000.usb-usb-0:1:1.0-video-index0
[2025-09-27 20:29:48] [CSCore - PvCSCoreLogger] [DEBUG] CS: DEBUG 7: AprilTag1: opening device (UsbCameraImpl.cpp:651)
[2025-09-27 20:29:48] [CSCore - PvCSCoreLogger] [INFO] AprilTag1: Attempting to connect to USB camera on /dev/v4l/by-path/platform-fc880000.usb-usb-0:1:1.0-video-index0
[2025-09-27 20:29:48] [CSCore - PvCSCoreLogger] [DEBUG] CS: DEBUG 7: AprilTag1: opening device (UsbCameraImpl.cpp:651)
[2025-09-27 20:29:48] [Camera - USBFrameProvider - AprilTag1] [ERROR] Error grabbing image: timed out getting frame
[2025-09-27 20:29:48] [Camera - USBFrameProvider - AprilTag1] [ERROR] Error grabbing image: timed out getting frame
[2025-09-27 20:29:48] [CSCore - PvCSCoreLogger] [INFO] AprilTag1: Attempting to connect to USB camera on /dev/v4l/by-path/platform-fc880000.usb-usb-0:1:1.0-video-index0
[2025-09-27 20:29:48] [CSCore - PvCSCoreLogger] [DEBUG] CS: DEBUG 7: AprilTag1: opening device (UsbCameraImpl.cpp:651)
[2025-09-27 20:29:48] [CSCore - PvCSCoreLogger] [INFO] AprilTag1: Attempting to connect to USB camera on /dev/v4l/by-path/platform-fc880000.usb-usb-0:1:1.0-video-index0
[2025-09-27 20:29:48] [CSCore - PvCSCoreLogger] [DEBUG] CS: DEBUG 7: AprilTag1: opening device (UsbCameraImpl.cpp:651)
[2025-09-27 20:29:48] [CSCore - PvCSCoreLogger] [INFO] AprilTag1: Connected to USB camera on /dev/v4l/by-path/platform-fc880000.usb-usb-0:1:1.0-video-index0
[2025-09-27 20:29:48] [CSCore - PvCSCoreLogger] [DEBUG] CS: DEBUG 7: AprilTag1: getting capabilities (UsbCameraImpl.cpp:663)
[2025-09-27 20:29:48] [CSCore - PvCSCoreLogger] [DEBUG] CS: DEBUG 7: AprilTag1: restoring video mode (UsbCameraImpl.cpp:681)
[2025-09-27 20:29:48] [CSCore - PvCSCoreLogger] [INFO] AprilTag1: set format 1 res 320x240
[2025-09-27 20:29:48] [CSCore - PvCSCoreLogger] [INFO] AprilTag1: set FPS to 100
[2025-09-27 20:29:48] [CSCore - PvCSCoreLogger] [DEBUG] CS: DEBUG 7: AprilTag1: restoring settings (UsbCameraImpl.cpp:686)
[2025-09-27 20:29:48] [General - KernelLogLogger] [DEBUG] 2025-09-27T20:29:46.765709-06:00 photonvision kernel: xhci-hcd xhci-hcd.11.auto: WARN: buffer overrun event for slot 1 ep 2 on endpoint
[2025-09-27 20:29:48] [General - KernelLogLogger] [DEBUG] 2025-09-27T20:29:48.199078-06:00 photonvision kernel: usb usb5-port1: disabled by hub (EMI?), re-enabling...
[2025-09-27 20:29:48] [General - KernelLogLogger] [DEBUG] 2025-09-27T20:29:48.199104-06:00 photonvision kernel: usb 5-1: USB disconnect, device number 103
[2025-09-27 20:29:48] [General - KernelLogLogger] [DEBUG] 2025-09-27T20:29:48.559285-06:00 photonvision kernel: usb 5-1: new high-speed USB device number 104 using ehci-platform
[2025-09-27 20:29:48] [General - KernelLogLogger] [DEBUG] 2025-09-27T20:29:48.719080-06:00 photonvision kernel: usb 5-1: New USB device found, idVendor=0c45, idProduct=6366, bcdDevice= 1.00
[2025-09-27 20:29:48] [General - KernelLogLogger] [DEBUG] 2025-09-27T20:29:48.719128-06:00 photonvision kernel: usb 5-1: New USB device strings: Mfr=2, Product=1, SerialNumber=3
[2025-09-27 20:29:48] [General - KernelLogLogger] [DEBUG] 2025-09-27T20:29:48.719132-06:00 photonvision kernel: usb 5-1: Product: AprilTag1
[2025-09-27 20:29:48] [General - KernelLogLogger] [DEBUG] 2025-09-27T20:29:48.719137-06:00 photonvision kernel: usb 5-1: Manufacturer: Arducam Technology Co., Ltd.
[2025-09-27 20:29:48] [General - KernelLogLogger] [DEBUG] 2025-09-27T20:29:48.719140-06:00 photonvision kernel: usb 5-1: SerialNumber: 0001
[2025-09-27 20:29:48] [General - KernelLogLogger] [DEBUG] 2025-09-27T20:29:48.722399-06:00 photonvision kernel: usb 5-1: Found UVC 1.00 device AprilTag1 (0c45:6366)
[2025-09-27 20:29:48] [General - KernelLogLogger] [DEBUG] 2025-09-27T20:29:48.750050-06:00 photonvision kernel: input: AprilTag1: AprilTag1 as /devices/platform/fc880000.usb/usb5/5-1/5-1:1.0/input/input115
[2025-09-27 20:29:48] [General - KernelLogLogger] [DEBUG] input93
[2025-09-27 20:29:48] [Camera - USBFrameProvider - AprilTag1] [ERROR] Error grabbing image: timed out getting frame
[2025-09-27 20:29:49] [Camera - USBFrameProvider - AprilTag1] [ERROR] Error grabbing image: timed out getting frame
[2025-09-27 20:29:49] [Camera - USBFrameProvider - AprilTag1] [ERROR] Error grabbing image: timed out getting frame
[2025-09-27 20:29:49] [Camera - USBFrameProvider - AprilTag1] [ERROR] Error grabbing image: timed out getting frame
[2025-09-27 20:29:49] [CSCore - PvCSCoreLogger] [DEBUG] CS: DEBUG 7: AprilTag1: allocating buffers (UsbCameraImpl.cpp:701)
[2025-09-27 20:29:49] [CSCore - PvCSCoreLogger] [DEBUG] CS: DEBUG 7: AprilTag1: mapping buffers (UsbCameraImpl.cpp:715)
[2025-09-27 20:29:49] [CSCore - PvCSCoreLogger] [DEBUG] CS: DEBUG 7: AprilTag1: queuing buffers (UsbCameraImpl.cpp:765)
[2025-09-27 20:29:49] [CSCore - PvCSCoreLogger] [ERROR] CS: ERROR 40: AprilTag1: ioctl VIDIOC_STREAMON failed: Protocol error (UsbCameraImpl.cpp:789)
[2025-09-27 20:29:49] [CSCore - PvCSCoreLogger] [INFO] AprilTag1: Attempting to connect to USB camera on /dev/v4l/by-path/platform-fc880000.usb-usb-0:1:1.0-video-index0
[2025-09-27 20:29:49] [CSCore - PvCSCoreLogger] [DEBUG] CS: DEBUG 7: AprilTag1: opening device (UsbCameraImpl.cpp:651)
[2025-09-27 20:29:49] [CSCore - PvCSCoreLogger] [INFO] AprilTag1: Attempting to connect to USB camera on /dev/v4l/by-path/platform-fc880000.usb-usb-0:1:1.0-video-index0
[2025-09-27 20:29:49] [CSCore - PvCSCoreLogger] [DEBUG] CS: DEBUG 7: AprilTag1: opening device (UsbCameraImpl.cpp:651)
[2025-09-27 20:29:50] [Camera - USBFrameProvider - AprilTag1] [ERROR] Error grabbing image: timed out getting frame
[2025-09-27 20:29:50] [Camera - USBFrameProvider - AprilTag1] [ERROR] Error grabbing image: timed out getting frame
[2025-09-27 20:29:50] [CSCore - PvCSCoreLogger] [INFO] AprilTag1: Attempting to connect to USB camera on /dev/v4l/by-path/platform-fc880000.usb-usb-0:1:1.0-video-index0
[2025-09-27 20:29:50] [CSCore - PvCSCoreLogger] [DEBUG] CS: DEBUG 7: AprilTag1: opening device (UsbCameraImpl.cpp:651)
[2025-09-27 20:29:50] [CSCore - PvCSCoreLogger] [INFO] AprilTag1: Attempting to connect to USB camera on /dev/v4l/by-path/platform-fc880000.usb-usb-0:1:1.0-video-index0
[2025-09-27 20:29:50] [CSCore - PvCSCoreLogger] [DEBUG] CS: DEBUG 7: AprilTag1: opening device (UsbCameraImpl.cpp:651)
[2025-09-27 20:29:50] [CSCore - PvCSCoreLogger] [INFO] AprilTag1: Attempting to connect to USB camera on /dev/v4l/by-path/platform-fc880000.usb-usb-0:1:1.0-video-index0
[2025-09-27 20:29:50] [CSCore - PvCSCoreLogger] [DEBUG] CS: DEBUG 7: AprilTag1: opening device (UsbCameraImpl.cpp:651)
[2025-09-27 20:29:50] [CSCore - PvCSCoreLogger] [INFO] AprilTag1: Connected to USB camera on /dev/v4l/by-path/platform-fc880000.usb-usb-0:1:1.0-video-index0
[2025-09-27 20:29:50] [CSCore - PvCSCoreLogger] [DEBUG] CS: DEBUG 7: AprilTag1: getting capabilities (UsbCameraImpl.cpp:663)
[2025-09-27 20:29:50] [CSCore - PvCSCoreLogger] [DEBUG] CS: DEBUG 7: AprilTag1: restoring video mode (UsbCameraImpl.cpp:681)
[2025-09-27 20:29:50] [CSCore - PvCSCoreLogger] [INFO] AprilTag1: set format 1 res 320x240
[2025-09-27 20:29:50] [CSCore - PvCSCoreLogger] [INFO] AprilTag1: set FPS to 100
[2025-09-27 20:29:50] [CSCore - PvCSCoreLogger] [DEBUG] CS: DEBUG 7: AprilTag1: restoring settings (UsbCameraImpl.cpp:686)
[2025-09-27 20:29:50] [Camera - USBFrameProvider - AprilTag1] [ERROR] Error grabbing image: timed out getting frame
[2025-09-27 20:29:50] [Camera - USBFrameProvider - AprilTag1] [ERROR] Error grabbing image: timed out getting frame
[2025-09-27 20:29:50] [General - KernelLogLogger] [DEBUG] 2025-09-27T20:29:49.922360-06:00 photonvision kernel: usb 5-1: Failed to query (GET_CUR) UVC control 4 on unit 2: -71 (exp. 2).
[2025-09-27 20:29:50] [General - KernelLogLogger] [DEBUG] 2025-09-27T20:29:49.929038-06:00 photonvision kernel: usb usb5-port1: disabled by hub (EMI?), re-enabling...
[2025-09-27 20:29:50] [General - KernelLogLogger] [DEBUG] 2025-09-27T20:29:49.929057-06:00 photonvision kernel: usb 5-1: USB disconnect, device number 104
[2025-09-27 20:29:50] [General - KernelLogLogger] [DEBUG] 2025-09-27T20:29:50.255699-06:00 photonvision kernel: usb 5-1: new high-speed USB device number 105 using ehci-platform
[2025-09-27 20:29:50] [General - KernelLogLogger] [DEBUG] 2025-09-27T20:29:50.415727-06:00 photonvision kernel: usb 5-1: New USB device found, idVendor=0c45, idProduct=6366, bcdDevice= 1.00
[2025-09-27 20:29:50] [General - KernelLogLogger] [DEBUG] 2025-09-27T20:29:50.415756-06:00 photonvision kernel: usb 5-1: New USB device strings: Mfr=2, Product=1, SerialNumber=3
[2025-09-27 20:29:50] [General - KernelLogLogger] [DEBUG] 2025-09-27T20:29:50.415758-06:00 photonvision kernel: usb 5-1: Product: AprilTag1
[2025-09-27 20:29:50] [General - KernelLogLogger] [DEBUG] 2025-09-27T20:29:50.415759-06:00 photonvision kernel: usb 5-1: Manufacturer: Arducam Technology Co., Ltd.
[2025-09-27 20:29:50] [General - KernelLogLogger] [DEBUG] 2025-09-27T20:29:50.415761-06:00 photonvision kernel: usb 5-1: SerialNumber: 0001
[2025-09-27 20:29:50] [General - KernelLogLogger] [DEBUG] 2025-09-27T20:29:50.422372-06:00 photonvision kernel: usb 5-1: Found UVC 1.00 device AprilTag1 (0c45:6366)
[2025-09-27 20:29:50] [General - KernelLogLogger] [DEBUG] 2025-09-27T20:29:50.449123-06:00 photonvision kernel: input: AprilTag1: AprilTag1 as /devices/platform/fc880000.usb/usb5/5-1/5-1:1.0/input/input116
[2025-09-27 20:29:50] [General - KernelLogLogger] [DEBUG] 000.hdmi: i2c read time out!
[2025-09-27 20:29:50] [General - KernelLogLogger] [DEBUG]  :@:zÁã	8@IڊØ-6@ Y°ã#ß4@FàäÄå4@-,¹G3@£++¿Ò2@®¼Ԟ2@%:¦{2@	ó]H2@JQô1@®ª´=Wz1@GrÒ0@˞0@Ô^g5Ö%/@Ö±¦.@«¬eM.@´xæEò-@ǰØÅÉÌ-@I]ú-@WKþ1X.@¯Ëïù.@֯±{/@æҥ«Èß/@X)Gü`a0@eøÕ0@£"ãÐ1@5ÛiÌ1@#t|³[2@6îoâZA3@ð	Â4@ßAÔiÆ4@¬dÞÏ!5@w·ÔU5@. Ø3ø®4@ô!hí3@&±mE2@Dû-úÞ-@s2UɸÄ"@î%7à @HN¼àôä?é3âg¨?¸J?ÇêZBx?Ø0}õxó>?BÊÏK*î>fÏû5tð¾gcüyï¾ÚJ8F?ة?F鉝ý	?¯Wç«ÿ?p+ÙàÓð>FzÌ:å>ȗJ;ý>.aHfµ?dÌSÇ?"±« ?ñ«ɸ
[2025-09-27 20:29:51] [Camera - USBFrameProvider - AprilTag1] [ERROR] Error grabbing image: timed out getting frame
[2025-09-27 20:29:51] [Camera - USBFrameProvider - AprilTag1] [ERROR] Error grabbing image: timed out getting frame
[2025-09-27 20:29:51] [CSCore - PvCSCoreLogger] [DEBUG] CS: DEBUG 7: AprilTag1: allocating buffers (UsbCameraImpl.cpp:701)
[2025-09-27 20:29:51] [CSCore - PvCSCoreLogger] [DEBUG] CS: DEBUG 7: AprilTag1: mapping buffers (UsbCameraImpl.cpp:715)
[2025-09-27 20:29:51] [CSCore - PvCSCoreLogger] [DEBUG] CS: DEBUG 7: AprilTag1: queuing buffers (UsbCameraImpl.cpp:765)
[2025-09-27 20:29:51] [Camera - USBFrameProvider - AprilTag1] [ERROR] Error grabbing image: timed out getting frame
[2025-09-27 20:29:51] [CSCore - PvCSCoreLogger] [ERROR] CS: ERROR 40: AprilTag1: ioctl VIDIOC_STREAMON failed: Protocol error (UsbCameraImpl.cpp:789)
[2025-09-27 20:29:51] [CSCore - PvCSCoreLogger] [INFO] AprilTag1: Attempting to connect to USB camera on /dev/v4l/by-path/platform-fc880000.usb-usb-0:1:1.0-video-index0
[2025-09-27 20:29:51] [CSCore - PvCSCoreLogger] [DEBUG] CS: DEBUG 7: AprilTag1: opening device (UsbCameraImpl.cpp:651)
[2025-09-27 20:29:51] [CSCore - PvCSCoreLogger] [INFO] AprilTag1: Attempting to connect to USB camera on /dev/v4l/by-path/platform-fc880000.usb-usb-0:1:1.0-video-index0
[2025-09-27 20:29:51] [CSCore - PvCSCoreLogger] [DEBUG] CS: DEBUG 7: AprilTag1: opening device (UsbCameraImpl.cpp:651)
[2025-09-27 20:29:51] [General - KernelLogLogger] [DEBUG] 2025-09-27T20:29:51.729223-06:00 photonvision kernel: usb usb5-port1: disabled by hub (EMI?), re-enabling...
[2025-09-27 20:29:51] [General - KernelLogLogger] [DEBUG] 2025-09-27T20:29:51.729313-06:00 photonvision kernel: usb 5-1: USB disconnect, device number 105
[2025-09-27 20:29:51] [General - KernelLogLogger] [DEBUG] 2025-09-27T20:29:51.735735-06:00 photonvision kernel: usb 5-1: Failed to query (GET_CUR) UVC control 6 on unit 2: -71 (exp. 2).
[2025-09-27 20:29:51] [Camera - USBFrameProvider - AprilTag1] [ERROR] Error grabbing image: timed out getting frame
[2025-09-27 20:29:52] [Camera - USBFrameProvider - AprilTag1] [ERROR] Error grabbing image: timed out getting frame
[2025-09-27 20:29:52] [CSCore - PvCSCoreLogger] [INFO] AprilTag1: Attempting to connect to USB camera on /dev/v4l/by-path/platform-fc880000.usb-usb-0:1:1.0-video-index0
[2025-09-27 20:29:52] [CSCore - PvCSCoreLogger] [DEBUG] CS: DEBUG 7: AprilTag1: opening device (UsbCameraImpl.cpp:651)
[2025-09-27 20:29:52] [CSCore - PvCSCoreLogger] [INFO] AprilTag1: Attempting to connect to USB camera on /dev/v4l/by-path/platform-fc880000.usb-usb-0:1:1.0-video-index0
[2025-09-27 20:29:52] [CSCore - PvCSCoreLogger] [DEBUG] CS: DEBUG 7: AprilTag1: opening device (UsbCameraImpl.cpp:651)
[2025-09-27 20:29:52] [CSCore - PvCSCoreLogger] [INFO] AprilTag1: Attempting to connect to USB camera on /dev/v4l/by-path/platform-fc880000.usb-usb-0:1:1.0-video-index0
[2025-09-27 20:29:52] [CSCore - PvCSCoreLogger] [DEBUG] CS: DEBUG 7: AprilTag1: opening device (UsbCameraImpl.cpp:651)
[2025-09-27 20:29:52] [CSCore - PvCSCoreLogger] [INFO] AprilTag1: Connected to USB camera on /dev/v4l/by-path/platform-fc880000.usb-usb-0:1:1.0-video-index0
[2025-09-27 20:29:52] [CSCore - PvCSCoreLogger] [DEBUG] CS: DEBUG 7: AprilTag1: getting capabilities (UsbCameraImpl.cpp:663)
[2025-09-27 20:29:52] [CSCore - PvCSCoreLogger] [DEBUG] CS: DEBUG 7: AprilTag1: restoring video mode (UsbCameraImpl.cpp:681)
[2025-09-27 20:29:52] [CSCore - PvCSCoreLogger] [INFO] AprilTag1: set format 1 res 320x240
[2025-09-27 20:29:52] [CSCore - PvCSCoreLogger] [INFO] AprilTag1: set FPS to 100
[2025-09-27 20:29:52] [CSCore - PvCSCoreLogger] [DEBUG] CS: DEBUG 7: AprilTag1: restoring settings (UsbCameraImpl.cpp:686)
[2025-09-27 20:29:52] [Camera - USBFrameProvider - AprilTag1] [ERROR] Error grabbing image: timed out getting frame
[2025-09-27 20:29:52] [Camera - USBFrameProvider - AprilTag1] [ERROR] Error grabbing image: timed out getting frame
[2025-09-27 20:29:52] [General - KernelLogLogger] [DEBUG] 2025-09-27T20:29:52.075767-06:00 photonvision kernel: usb 5-1: new high-speed USB device number 106 using ehci-platform
[2025-09-27 20:29:52] [General - KernelLogLogger] [DEBUG] 2025-09-27T20:29:52.239081-06:00 photonvision kernel: usb 5-1: New USB device found, idVendor=0c45, idProduct=6366, bcdDevice= 1.00
[2025-09-27 20:29:52] [General - KernelLogLogger] [DEBUG] 2025-09-27T20:29:52.239265-06:00 photonvision kernel: usb 5-1: New USB device strings: Mfr=2, Product=1, SerialNumber=3
[2025-09-27 20:29:52] [General - KernelLogLogger] [DEBUG] 2025-09-27T20:29:52.239278-06:00 photonvision kernel: usb 5-1: Product: AprilTag1
[2025-09-27 20:29:52] [General - KernelLogLogger] [DEBUG] 2025-09-27T20:29:52.239282-06:00 photonvision kernel: usb 5-1: Manufacturer: Arducam Technology Co., Ltd.
[2025-09-27 20:29:52] [General - KernelLogLogger] [DEBUG] 2025-09-27T20:29:52.239286-06:00 photonvision kernel: usb 5-1: SerialNumber: 0001
[2025-09-27 20:29:52] [General - KernelLogLogger] [DEBUG] 2025-09-27T20:29:52.242404-06:00 photonvision kernel: usb 5-1: Found UVC 1.00 device AprilTag1 (0c45:6366)
[2025-09-27 20:29:52] [General - KernelLogLogger] [DEBUG] 2025-09-27T20:29:52.269089-06:00 photonvision kernel: input: AprilTag1: AprilTag1 as /devices/platform/fc880000.usb/usb5/5-1/5-1:1.0/input/input117
[2025-09-27 20:29:52] [General - KernelLogLogger] [DEBUG] 09-27T20:26:34.602493-06:00 photonvision kernel: usb 5-1: SerialNumber: 0001
[2025-09-27 20:29:52] [General - KernelLogLogger] [DEBUG] 2025-09-27T20:26:34.609111-06:00 photonvision kernel: usb 5-1: Found UVC 1.00 device AprilTag1 (0c45:6366)
[2025-09-27 20:29:52] [General - KernelLogLogger] [DEBUG] 2025-09-27T20:26:34.635787-06:00 photonvision kernel: input: AprilTag1: AprilTag1 as /devices/platform/fc880000.usb/usb5/5-1/5-1:1.0/input/input54
[2025-09-27 20:29:53] [Camera - USBFrameProvider - AprilTag1] [ERROR] Error grabbing image: timed out getting frame
[2025-09-27 20:29:53] [Camera - USBFrameProvider - AprilTag1] [ERROR] Error grabbing image: timed out getting frame
[2025-09-27 20:29:53] [CSCore - PvCSCoreLogger] [DEBUG] CS: DEBUG 7: AprilTag1: allocating buffers (UsbCameraImpl.cpp:701)
[2025-09-27 20:29:53] [CSCore - PvCSCoreLogger] [DEBUG] CS: DEBUG 7: AprilTag1: mapping buffers (UsbCameraImpl.cpp:715)
[2025-09-27 20:29:53] [CSCore - PvCSCoreLogger] [DEBUG] CS: DEBUG 7: AprilTag1: queuing buffers (UsbCameraImpl.cpp:765)
[2025-09-27 20:29:53] [Camera - USBFrameProvider - AprilTag1] [ERROR] Error grabbing image: timed out getting frame
[2025-09-27 20:29:53] [CSCore - PvCSCoreLogger] [ERROR] CS: ERROR 40: AprilTag1: ioctl VIDIOC_STREAMON failed: Protocol error (UsbCameraImpl.cpp:789)
[2025-09-27 20:29:53] [CSCore - PvCSCoreLogger] [DEBUG] CS: DEBUG 7: AprilTag1: queuing buffers (UsbCameraImpl.cpp:765)
[2025-09-27 20:29:53] [CSCore - PvCSCoreLogger] [ERROR] CS: ERROR 40: ioctl VIDIOC_QBUF failed at UsbCameraImpl.cpp:772: Invalid argument (UsbUtil.cpp:157)
[2025-09-27 20:29:53] [CSCore - PvCSCoreLogger] [WARN] CS: WARNING 30: AprilTag1: could not queue buffer 0 (UsbCameraImpl.cpp:773)
[2025-09-27 20:29:53] [CSCore - PvCSCoreLogger] [INFO] AprilTag1: Attempting to connect to USB camera on /dev/v4l/by-path/platform-fc880000.usb-usb-0:1:1.0-video-index0
[2025-09-27 20:29:53] [CSCore - PvCSCoreLogger] [DEBUG] CS: DEBUG 7: AprilTag1: opening device (UsbCameraImpl.cpp:651)
[2025-09-27 20:29:53] [CSCore - PvCSCoreLogger] [INFO] AprilTag1: Attempting to connect to USB camera on /dev/v4l/by-path/platform-fc880000.usb-usb-0:1:1.0-video-index0
[2025-09-27 20:29:53] [CSCore - PvCSCoreLogger] [DEBUG] CS: DEBUG 7: AprilTag1: opening device (UsbCameraImpl.cpp:651)
[2025-09-27 20:29:53] [CSCore - PvCSCoreLogger] [INFO] AprilTag1: Attempting to connect to USB camera on /dev/v4l/by-path/platform-fc880000.usb-usb-0:1:1.0-video-index0
[2025-09-27 20:29:53] [CSCore - PvCSCoreLogger] [DEBUG] CS: DEBUG 7: AprilTag1: opening device (UsbCameraImpl.cpp:651)
[2025-09-27 20:29:53] [CSCore - PvCSCoreLogger] [INFO] AprilTag1: Attempting to connect to USB camera on /dev/v4l/by-path/platform-fc880000.usb-usb-0:1:1.0-video-index0
[2025-09-27 20:29:53] [CSCore - PvCSCoreLogger] [DEBUG] CS: DEBUG 7: AprilTag1: opening device (UsbCameraImpl.cpp:651)
[2025-09-27 20:29:53] [Camera - USBFrameProvider - AprilTag1] [ERROR] Error grabbing image: timed out getting frame
[2025-09-27 20:29:53] [General - KernelLogLogger] [DEBUG] 2025-09-27T20:29:53.545835-06:00 photonvision kernel: usb 5-1: Failed to query (GET_CUR) UVC control 6 on unit 2: -71 (exp. 2).
[2025-09-27 20:29:53] [General - KernelLogLogger] [DEBUG] 2025-09-27T20:29:53.572375-06:00 photonvision kernel: usb usb5-port1: disabled by hub (EMI?), re-enabling...
[2025-09-27 20:29:53] [General - KernelLogLogger] [DEBUG] 2025-09-27T20:29:53.572399-06:00 photonvision kernel: usb 5-1: USB disconnect, device number 106
[2025-09-27 20:29:53] [General - KernelLogLogger] [DEBUG] ber 103
[2025-09-27 20:29:53] [General - KernelLogLogger] [DEBUG] 2,å
[2025-09-27 20:29:54] [Camera - USBFrameProvider - AprilTag1] [ERROR] Error grabbing image: timed out getting frame
[2025-09-27 20:29:54] [CSCore - PvCSCoreLogger] [INFO] AprilTag1: Attempting to connect to USB camera on /dev/v4l/by-path/platform-fc880000.usb-usb-0:1:1.0-video-index0
[2025-09-27 20:29:54] [CSCore - PvCSCoreLogger] [DEBUG] CS: DEBUG 7: AprilTag1: opening device (UsbCameraImpl.cpp:651)
[2025-09-27 20:29:54] [CSCore - PvCSCoreLogger] [INFO] AprilTag1: Attempting to connect to USB camera on /dev/v4l/by-path/platform-fc880000.usb-usb-0:1:1.0-video-index0
[2025-09-27 20:29:54] [CSCore - PvCSCoreLogger] [DEBUG] CS: DEBUG 7: AprilTag1: opening device (UsbCameraImpl.cpp:651)
[2025-09-27 20:29:54] [CSCore - PvCSCoreLogger] [INFO] AprilTag1: Attempting to connect to USB camera on /dev/v4l/by-path/platform-fc880000.usb-usb-0:1:1.0-video-index0
[2025-09-27 20:29:54] [CSCore - PvCSCoreLogger] [DEBUG] CS: DEBUG 7: AprilTag1: opening device (UsbCameraImpl.cpp:651)
[2025-09-27 20:29:54] [CSCore - PvCSCoreLogger] [INFO] AprilTag1: Connected to USB camera on /dev/v4l/by-path/platform-fc880000.usb-usb-0:1:1.0-video-index0
[2025-09-27 20:29:54] [CSCore - PvCSCoreLogger] [DEBUG] CS: DEBUG 7: AprilTag1: getting capabilities (UsbCameraImpl.cpp:663)
[2025-09-27 20:29:54] [CSCore - PvCSCoreLogger] [DEBUG] CS: DEBUG 7: AprilTag1: restoring video mode (UsbCameraImpl.cpp:681)
[2025-09-27 20:29:54] [CSCore - PvCSCoreLogger] [INFO] AprilTag1: set format 1 res 320x240
[2025-09-27 20:29:54] [CSCore - PvCSCoreLogger] [INFO] AprilTag1: set FPS to 100
[2025-09-27 20:29:54] [CSCore - PvCSCoreLogger] [DEBUG] CS: DEBUG 7: AprilTag1: restoring settings (UsbCameraImpl.cpp:686)
[2025-09-27 20:29:54] [Camera - USBFrameProvider - AprilTag1] [ERROR] Error grabbing image: timed out getting frame
[2025-09-27 20:29:54] [Camera - USBFrameProvider - AprilTag1] [ERROR] Error grabbing image: timed out getting frame
[2025-09-27 20:29:54] [Camera - USBFrameProvider - AprilTag1] [ERROR] Error grabbing image: timed out getting frame
[2025-09-27 20:29:54] [General - KernelLogLogger] [DEBUG] 2025-09-27T20:29:53.912379-06:00 photonvision kernel: usb 5-1: new high-speed USB device number 107 using ehci-platform
[2025-09-27 20:29:54] [General - KernelLogLogger] [DEBUG] 2025-09-27T20:29:54.072394-06:00 photonvision kernel: usb 5-1: New USB device found, idVendor=0c45, idProduct=6366, bcdDevice= 1.00
[2025-09-27 20:29:54] [General - KernelLogLogger] [DEBUG] 2025-09-27T20:29:54.072417-06:00 photonvision kernel: usb 5-1: New USB device strings: Mfr=2, Product=1, SerialNumber=3
[2025-09-27 20:29:54] [General - KernelLogLogger] [DEBUG] 2025-09-27T20:29:54.072419-06:00 photonvision kernel: usb 5-1: Product: AprilTag1
[2025-09-27 20:29:54] [General - KernelLogLogger] [DEBUG] 2025-09-27T20:29:54.072420-06:00 photonvision kernel: usb 5-1: Manufacturer: Arducam Technology Co., Ltd.
[2025-09-27 20:29:54] [General - KernelLogLogger] [DEBUG] 2025-09-27T20:29:54.072422-06:00 photonvision kernel: usb 5-1: SerialNumber: 0001
[2025-09-27 20:29:54] [General - KernelLogLogger] [DEBUG] 2025-09-27T20:29:54.075701-06:00 photonvision kernel: usb 5-1: Found UVC 1.00 device AprilTag1 (0c45:6366)
[2025-09-27 20:29:54] [General - KernelLogLogger] [DEBUG] 2025-09-27T20:29:54.105716-06:00 photonvision kernel: input: AprilTag1: AprilTag1 as /devices/platform/fc880000.usb/usb5/5-1/5-1:1.0/input/input118
[2025-09-27 20:29:54] [General - KernelLogLogger] [DEBUG] 09-27T20:26:34.602493-06:00 photonvision kernel: usb 5-1: SerialNumber: 0001
[2025-09-27 20:29:54] [General - KernelLogLogger] [DEBUG] 2025-09-27T20:26:34.609111-06:00 photonvision kernel: usb 5-1: Found UVC 1.00 device AprilTag1 (0c45:6366)
[2025-09-27 20:29:54] [General - KernelLogLogger] [DEBUG] 2025-09-27T20:26:34.635787-06:00 photonvision kernel: input: AprilTag1: AprilTag1 as /devices/platform/fc880000.usb/usb5/5-1/5-1:1.0/input/input54
[2025-09-27 20:29:55] [Camera - USBFrameProvider - AprilTag1] [ERROR] Error grabbing image: timed out getting frame
[2025-09-27 20:29:55] [CSCore - PvCSCoreLogger] [DEBUG] CS: DEBUG 7: AprilTag1: allocating buffers (UsbCameraImpl.cpp:701)
[2025-09-27 20:29:55] [CSCore - PvCSCoreLogger] [DEBUG] CS: DEBUG 7: AprilTag1: mapping buffers (UsbCameraImpl.cpp:715)
[2025-09-27 20:29:55] [CSCore - PvCSCoreLogger] [DEBUG] CS: DEBUG 7: AprilTag1: queuing buffers (UsbCameraImpl.cpp:765)
[2025-09-27 20:29:55] [CSCore - PvCSCoreLogger] [ERROR] CS: ERROR 40: AprilTag1: ioctl VIDIOC_STREAMON failed: Protocol error (UsbCameraImpl.cpp:789)
[2025-09-27 20:29:55] [CSCore - PvCSCoreLogger] [INFO] AprilTag1: Attempting to connect to USB camera on /dev/v4l/by-path/platform-fc880000.usb-usb-0:1:1.0-video-index0
[2025-09-27 20:29:55] [CSCore - PvCSCoreLogger] [DEBUG] CS: DEBUG 7: AprilTag1: opening device (UsbCameraImpl.cpp:651)
[2025-09-27 20:29:55] [CSCore - PvCSCoreLogger] [INFO] AprilTag1: Attempting to connect to USB camera on /dev/v4l/by-path/platform-fc880000.usb-usb-0:1:1.0-video-index0
[2025-09-27 20:29:55] [CSCore - PvCSCoreLogger] [DEBUG] CS: DEBUG 7: AprilTag1: opening device (UsbCameraImpl.cpp:651)
[2025-09-27 20:29:55] [Camera - USBFrameProvider - AprilTag1] [ERROR] Error grabbing image: timed out getting frame
[2025-09-27 20:29:55] [Camera - USBFrameProvider - AprilTag1] [ERROR] Error grabbing image: timed out getting frame
[2025-09-27 20:29:55] [General - KernelLogLogger] [DEBUG] 2025-09-27T20:29:55.342389-06:00 photonvision kernel: usb usb5-port1: disabled by hub (EMI?), re-enabling...
[2025-09-27 20:29:55] [General - KernelLogLogger] [DEBUG] 2025-09-27T20:29:55.342414-06:00 photonvision kernel: usb 5-1: USB disconnect, device number 107
[2025-09-27 20:29:55] [General - KernelLogLogger] [DEBUG] 2025-09-27T20:29:55.349618-06:00 photonvision kernel: usb 5-1: Failed to query (GET_MAX) UVC control 8 on unit 2: -71 (exp. 2).
[2025-09-27 20:29:55] [General - KernelLogLogger] [DEBUG] 2025-09-27T20:29:55.675713-06:00 photonvision kernel: usb 5-1: new high-speed USB device number 108 using ehci-platform
[2025-09-27 20:29:55] [General - KernelLogLogger] [DEBUG] 2025-09-27T20:29:55.839036-06:00 photonvision kernel: usb 5-1: New USB device found, idVendor=0c45, idProduct=6366, bcdDevice= 1.00
[2025-09-27 20:29:55] [General - KernelLogLogger] [DEBUG] 2025-09-27T20:29:55.839060-06:00 photonvision kernel: usb 5-1: New USB device strings: Mfr=2, Product=1, SerialNumber=3
[2025-09-27 20:29:55] [General - KernelLogLogger] [DEBUG] 2025-09-27T20:29:55.839062-06:00 photonvision kernel: usb 5-1: Product: AprilTag1
[2025-09-27 20:29:55] [General - KernelLogLogger] [DEBUG] 2025-09-27T20:29:55.839063-06:00 photonvision kernel: usb 5-1: Manufacturer: Arducam Technology Co., Ltd.
[2025-09-27 20:29:55] [General - KernelLogLogger] [DEBUG] 2025-09-27T20:29:55.839065-06:00 photonvision kernel: usb 5-1: SerialNumber: 0001
[2025-09-27 20:29:55] [General - KernelLogLogger] [DEBUG] 2025-09-27T20:29:55.842393-06:00 photonvision kernel: usb 5-1: Found UVC 1.00 device AprilTag1 (0c45:6366)
[2025-09-27 20:29:55] [General - KernelLogLogger] [DEBUG] 25-09-27T20:2±
[2025-09-27 20:29:55] [CSCore - PvCSCoreLogger] [INFO] AprilTag1: Attempting to connect to USB camera on /dev/v4l/by-path/platform-fc880000.usb-usb-0:1:1.0-video-index0
[2025-09-27 20:29:55] [CSCore - PvCSCoreLogger] [DEBUG] CS: DEBUG 7: AprilTag1: opening device (UsbCameraImpl.cpp:651)
[2025-09-27 20:29:55] [CSCore - PvCSCoreLogger] [INFO] AprilTag1: Attempting to connect to USB camera on /dev/v4l/by-path/platform-fc880000.usb-usb-0:1:1.0-video-index0
[2025-09-27 20:29:55] [CSCore - PvCSCoreLogger] [DEBUG] CS: DEBUG 7: AprilTag1: opening device (UsbCameraImpl.cpp:651)
[2025-09-27 20:29:55] [CSCore - PvCSCoreLogger] [INFO] AprilTag1: Attempting to connect to USB camera on /dev/v4l/by-path/platform-fc880000.usb-usb-0:1:1.0-video-index0
[2025-09-27 20:29:55] [CSCore - PvCSCoreLogger] [DEBUG] CS: DEBUG 7: AprilTag1: opening device (UsbCameraImpl.cpp:651)
[2025-09-27 20:29:55] [CSCore - PvCSCoreLogger] [INFO] AprilTag1: Attempting to connect to USB camera on /dev/v4l/by-path/platform-fc880000.usb-usb-0:1:1.0-video-index0
[2025-09-27 20:29:55] [CSCore - PvCSCoreLogger] [DEBUG] CS: DEBUG 7: AprilTag1: opening device (UsbCameraImpl.cpp:651)
[2025-09-27 20:29:56] [Camera - USBFrameProvider - AprilTag1] [ERROR] Error grabbing image: timed out getting frame
[2025-09-27 20:29:56] [Camera - USBFrameProvider - AprilTag1] [ERROR] Error grabbing image: timed out getting frame
[2025-09-27 20:29:56] [Camera - USBFrameProvider - AprilTag1] [ERROR] Error grabbing image: timed out getting frame
[2025-09-27 20:29:56] [Camera - USBFrameProvider - AprilTag1] [ERROR] Error grabbing image: timed out getting frame
[2025-09-27 20:29:56] [General - KernelLogLogger] [DEBUG] 2025-09-27T20:29:55.872660-06:00 photonvision kernel: input: AprilTag1: AprilTag1 as /devices/platform/fc880000.usb/usb5/5-1/5-1:1.0/input/input119
[2025-09-27 20:29:57] [Camera - USBFrameProvider - AprilTag1] [ERROR] Error grabbing image: timed out getting frame
[2025-09-27 20:29:57] [Camera - USBFrameProvider - AprilTag1] [ERROR] Error grabbing image: timed out getting frame
[2025-09-27 20:29:57] [Camera - USBFrameProvider - AprilTag1] [ERROR] Error grabbing image: timed out getting frame
[2025-09-27 20:29:57] [Camera - USBFrameProvider - AprilTag1] [ERROR] Error grabbing image: timed out getting frame
[2025-09-27 20:29:57] [CSCore - PvCSCoreLogger] [INFO] AprilTag1: Attempting to connect to USB camera on /dev/v4l/by-path/platform-fc880000.usb-usb-0:1:1.0-video-index0
[2025-09-27 20:29:57] [CSCore - PvCSCoreLogger] [DEBUG] CS: DEBUG 7: AprilTag1: opening device (UsbCameraImpl.cpp:651)
[2025-09-27 20:29:57] [CSCore - PvCSCoreLogger] [INFO] AprilTag1: Connected to USB camera on /dev/v4l/by-path/platform-fc880000.usb-usb-0:1:1.0-video-index0
[2025-09-27 20:29:57] [CSCore - PvCSCoreLogger] [DEBUG] CS: DEBUG 7: AprilTag1: getting capabilities (UsbCameraImpl.cpp:663)
[2025-09-27 20:29:57] [CSCore - PvCSCoreLogger] [DEBUG] CS: DEBUG 7: AprilTag1: restoring video mode (UsbCameraImpl.cpp:681)
[2025-09-27 20:29:57] [CSCore - PvCSCoreLogger] [INFO] AprilTag1: set format 1 res 320x240
[2025-09-27 20:29:57] [CSCore - PvCSCoreLogger] [INFO] AprilTag1: set FPS to 100
[2025-09-27 20:29:57] [CSCore - PvCSCoreLogger] [DEBUG] CS: DEBUG 7: AprilTag1: restoring settings (UsbCameraImpl.cpp:686)
[2025-09-27 20:29:58] [Camera - USBFrameProvider - AprilTag1] [ERROR] Error grabbing image: timed out getting frame
[2025-09-27 20:29:58] [Camera - USBFrameProvider - AprilTag1] [ERROR] Error grabbing image: timed out getting frame
[2025-09-27 20:29:58] [Camera - USBFrameProvider - AprilTag1] [ERROR] Error grabbing image: timed out getting frame
[2025-09-27 20:29:59] [Camera - USBFrameProvider - AprilTag1] [ERROR] Error grabbing image: timed out getting frame
[2025-09-27 20:29:59] [CSCore - PvCSCoreLogger] [DEBUG] CS: DEBUG 7: AprilTag1: allocating buffers (UsbCameraImpl.cpp:701)
[2025-09-27 20:29:59] [CSCore - PvCSCoreLogger] [DEBUG] CS: DEBUG 7: AprilTag1: mapping buffers (UsbCameraImpl.cpp:715)
[2025-09-27 20:29:59] [CSCore - PvCSCoreLogger] [DEBUG] CS: DEBUG 7: AprilTag1: queuing buffers (UsbCameraImpl.cpp:765)
[2025-09-27 20:29:59] [CSCore - PvCSCoreLogger] [ERROR] CS: ERROR 40: AprilTag1: ioctl VIDIOC_STREAMON failed: Protocol error (UsbCameraImpl.cpp:789)
[2025-09-27 20:29:59] [CSCore - PvCSCoreLogger] [DEBUG] CS: DEBUG 7: AprilTag1: queuing buffers (UsbCameraImpl.cpp:765)
[2025-09-27 20:29:59] [CSCore - PvCSCoreLogger] [ERROR] CS: ERROR 40: ioctl VIDIOC_QBUF failed at UsbCameraImpl.cpp:772: No such device (UsbUtil.cpp:157)
[2025-09-27 20:29:59] [CSCore - PvCSCoreLogger] [WARN] CS: WARNING 30: AprilTag1: could not queue buffer 0 (UsbCameraImpl.cpp:773)
[2025-09-27 20:29:59] [CSCore - PvCSCoreLogger] [INFO] AprilTag1: Attempting to connect to USB camera on /dev/v4l/by-path/platform-fc880000.usb-usb-0:1:1.0-video-index0
[2025-09-27 20:29:59] [CSCore - PvCSCoreLogger] [DEBUG] CS: DEBUG 7: AprilTag1: opening device (UsbCameraImpl.cpp:651)
[2025-09-27 20:29:59] [CSCore - PvCSCoreLogger] [INFO] AprilTag1: Attempting to connect to USB camera on /dev/v4l/by-path/platform-fc880000.usb-usb-0:1:1.0-video-index0
[2025-09-27 20:29:59] [CSCore - PvCSCoreLogger] [DEBUG] CS: DEBUG 7: AprilTag1: opening device (UsbCameraImpl.cpp:651)
[2025-09-27 20:29:59] [Camera - USBFrameProvider - AprilTag1] [ERROR] Error grabbing image: timed out getting frame
[2025-09-27 20:29:59] [Camera - USBFrameProvider - AprilTag1] [ERROR] Error grabbing image: timed out getting frame
[2025-09-27 20:29:59] [CSCore - PvCSCoreLogger] [INFO] AprilTag1: Attempting to connect to USB camera on /dev/v4l/by-path/platform-fc880000.usb-usb-0:1:1.0-video-index0
[2025-09-27 20:29:59] [CSCore - PvCSCoreLogger] [DEBUG] CS: DEBUG 7: AprilTag1: opening device (UsbCameraImpl.cpp:651)
[2025-09-27 20:29:59] [CSCore - PvCSCoreLogger] [INFO] AprilTag1: Attempting to connect to USB camera on /dev/v4l/by-path/platform-fc880000.usb-usb-0:1:1.0-video-index0
[2025-09-27 20:29:59] [CSCore - PvCSCoreLogger] [DEBUG] CS: DEBUG 7: AprilTag1: opening device (UsbCameraImpl.cpp:651)
[2025-09-27 20:29:59] [CSCore - PvCSCoreLogger] [INFO] AprilTag1: Attempting to connect to USB camera on /dev/v4l/by-path/platform-fc880000.usb-usb-0:1:1.0-video-index0
[2025-09-27 20:29:59] [CSCore - PvCSCoreLogger] [DEBUG] CS: DEBUG 7: AprilTag1: opening device (UsbCameraImpl.cpp:651)
[2025-09-27 20:29:59] [CSCore - PvCSCoreLogger] [INFO] AprilTag1: Attempting to connect to USB camera on /dev/v4l/by-path/platform-fc880000.usb-usb-0:1:1.0-video-index0
[2025-09-27 20:29:59] [CSCore - PvCSCoreLogger] [DEBUG] CS: DEBUG 7: AprilTag1: opening device (UsbCameraImpl.cpp:651)
[2025-09-27 20:29:59] [CSCore - PvCSCoreLogger] [INFO] AprilTag1: Connected to USB camera on /dev/v4l/by-path/platform-fc880000.usb-usb-0:1:1.0-video-index0
[2025-09-27 20:29:59] [CSCore - PvCSCoreLogger] [DEBUG] CS: DEBUG 7: AprilTag1: getting capabilities (UsbCameraImpl.cpp:663)
[2025-09-27 20:29:59] [CSCore - PvCSCoreLogger] [DEBUG] CS: DEBUG 7: AprilTag1: restoring video mode (UsbCameraImpl.cpp:681)
[2025-09-27 20:29:59] [CSCore - PvCSCoreLogger] [INFO] AprilTag1: set format 1 res 320x240
[2025-09-27 20:29:59] [CSCore - PvCSCoreLogger] [INFO] AprilTag1: set FPS to 100
[2025-09-27 20:29:59] [CSCore - PvCSCoreLogger] [DEBUG] CS: DEBUG 7: AprilTag1: restoring settings (UsbCameraImpl.cpp:686)
[2025-09-27 20:29:59] [Camera - USBFrameProvider - AprilTag1] [ERROR] Error grabbing image: timed out getting frame
[2025-09-27 20:29:59] [General - KernelLogLogger] [DEBUG] 2025-09-27T20:29:59.132354-06:00 photonvision kernel: usb usb5-port1: disabled by hub (EMI?), re-enabling...
[2025-09-27 20:29:59] [General - KernelLogLogger] [DEBUG] 2025-09-27T20:29:59.132375-06:00 photonvision kernel: usb 5-1: USB disconnect, device number 108
[2025-09-27 20:29:59] [General - KernelLogLogger] [DEBUG] 2025-09-27T20:29:59.479076-06:00 photonvision kernel: usb 5-1: new high-speed USB device number 109 using ehci-platform
[2025-09-27 20:29:59] [General - KernelLogLogger] [DEBUG] 2025-09-27T20:29:59.639145-06:00 photonvision kernel: usb 5-1: New USB device found, idVendor=0c45, idProduct=6366, bcdDevice= 1.00
[2025-09-27 20:29:59] [General - KernelLogLogger] [DEBUG] 2025-09-27T20:29:59.639197-06:00 photonvision kernel: usb 5-1: New USB device strings: Mfr=2, Product=1, SerialNumber=3
[2025-09-27 20:29:59] [General - KernelLogLogger] [DEBUG] 2025-09-27T20:29:59.639201-06:00 photonvision kernel: usb 5-1: Product: AprilTag1
[2025-09-27 20:29:59] [General - KernelLogLogger] [DEBUG] 2025-09-27T20:29:59.639205-06:00 photonvision kernel: usb 5-1: Manufacturer: Arducam Technology Co., Ltd.
[2025-09-27 20:29:59] [General - KernelLogLogger] [DEBUG] 2025-09-27T20:29:59.639291-06:00 photonvision kernel: usb 5-1: SerialNumber: 0001
[2025-09-27 20:29:59] [General - KernelLogLogger] [DEBUG] 2025-09-27T20:29:59.642347-06:00 photonvision kernel: usb 5-1: Found UVC 1.00 device AprilTag1 (0c45:6366)
[2025-09-27 20:29:59] [General - KernelLogLogger] [DEBUG] 2025-09-27T20:29:59.669876-06:00 photonvision kernel: input: AprilTag1: AprilTag1 as /devices/platform/fc880000.usb/usb5/5-1/5-1:1.0/input/input120
[2025-09-27 20:30:00] [Camera - USBFrameProvider - AprilTag1] [ERROR] Error grabbing image: timed out getting frame
[2025-09-27 20:30:00] [Camera - USBFrameProvider - AprilTag1] [ERROR] Error grabbing image: timed out getting frame
[2025-09-27 20:30:00] [Camera - USBFrameProvider - AprilTag1] [ERROR] Error grabbing image: timed out getting frame
[2025-09-27 20:30:00] [CSCore - PvCSCoreLogger] [DEBUG] CS: DEBUG 7: AprilTag1: allocating buffers (UsbCameraImpl.cpp:701)
[2025-09-27 20:30:00] [CSCore - PvCSCoreLogger] [DEBUG] CS: DEBUG 7: AprilTag1: mapping buffers (UsbCameraImpl.cpp:715)
[2025-09-27 20:30:00] [CSCore - PvCSCoreLogger] [DEBUG] CS: DEBUG 7: AprilTag1: queuing buffers (UsbCameraImpl.cpp:765)
[2025-09-27 20:30:00] [Camera - USBFrameProvider - AprilTag1] [ERROR] Error grabbing image: timed out getting frame
[2025-09-27 20:30:00] [CSCore - PvCSCoreLogger] [ERROR] CS: ERROR 40: AprilTag1: ioctl VIDIOC_STREAMON failed: Protocol error (UsbCameraImpl.cpp:789)
[2025-09-27 20:30:00] [CSCore - PvCSCoreLogger] [DEBUG] CS: DEBUG 7: AprilTag1: queuing buffers (UsbCameraImpl.cpp:765)
[2025-09-27 20:30:00] [CSCore - PvCSCoreLogger] [ERROR] CS: ERROR 40: ioctl VIDIOC_QBUF failed at UsbCameraImpl.cpp:772: No such device (UsbUtil.cpp:157)
[2025-09-27 20:30:00] [CSCore - PvCSCoreLogger] [WARN] CS: WARNING 30: AprilTag1: could not queue buffer 0 (UsbCameraImpl.cpp:773)
[2025-09-27 20:30:00] [CSCore - PvCSCoreLogger] [DEBUG] CS: DEBUG 7: AprilTag1: queuing buffers (UsbCameraImpl.cpp:765)
[2025-09-27 20:30:00] [CSCore - PvCSCoreLogger] [ERROR] CS: ERROR 40: ioctl VIDIOC_QBUF failed at UsbCameraImpl.cpp:772: No such device (UsbUtil.cpp:157)
[2025-09-27 20:30:00] [CSCore - PvCSCoreLogger] [WARN] CS: WARNING 30: AprilTag1: could not queue buffer 0 (UsbCameraImpl.cpp:773)
[2025-09-27 20:30:00] [CSCore - PvCSCoreLogger] [INFO] AprilTag1: Attempting to connect to USB camera on /dev/v4l/by-path/platform-fc880000.usb-usb-0:1:1.0-video-index0
[2025-09-27 20:30:00] [CSCore - PvCSCoreLogger] [DEBUG] CS: DEBUG 7: AprilTag1: opening device (UsbCameraImpl.cpp:651)
[2025-09-27 20:30:01] [Camera - USBFrameProvider - AprilTag1] [ERROR] Error grabbing image: timed out getting frame
[2025-09-27 20:30:01] [Camera - USBFrameProvider - AprilTag1] [ERROR] Error grabbing image: timed out getting frame
[2025-09-27 20:30:01] [CSCore - PvCSCoreLogger] [INFO] AprilTag1: Attempting to connect to USB camera on /dev/v4l/by-path/platform-fc880000.usb-usb-0:1:1.0-video-index0
[2025-09-27 20:30:01] [CSCore - PvCSCoreLogger] [DEBUG] CS: DEBUG 7: AprilTag1: opening device (UsbCameraImpl.cpp:651)
[2025-09-27 20:30:01] [CSCore - PvCSCoreLogger] [INFO] AprilTag1: Attempting to connect to USB camera on /dev/v4l/by-path/platform-fc880000.usb-usb-0:1:1.0-video-index0
[2025-09-27 20:30:01] [CSCore - PvCSCoreLogger] [DEBUG] CS: DEBUG 7: AprilTag1: opening device (UsbCameraImpl.cpp:651)
[2025-09-27 20:30:01] [CSCore - PvCSCoreLogger] [INFO] AprilTag1: Attempting to connect to USB camera on /dev/v4l/by-path/platform-fc880000.usb-usb-0:1:1.0-video-index0
[2025-09-27 20:30:01] [CSCore - PvCSCoreLogger] [DEBUG] CS: DEBUG 7: AprilTag1: opening device (UsbCameraImpl.cpp:651)
[2025-09-27 20:30:01] [CSCore - PvCSCoreLogger] [INFO] AprilTag1: Connected to USB camera on /dev/v4l/by-path/platform-fc880000.usb-usb-0:1:1.0-video-index0
[2025-09-27 20:30:01] [CSCore - PvCSCoreLogger] [DEBUG] CS: DEBUG 7: AprilTag1: getting capabilities (UsbCameraImpl.cpp:663)
[2025-09-27 20:30:01] [CSCore - PvCSCoreLogger] [DEBUG] CS: DEBUG 7: AprilTag1: restoring video mode (UsbCameraImpl.cpp:681)
[2025-09-27 20:30:01] [CSCore - PvCSCoreLogger] [INFO] AprilTag1: set format 1 res 320x240
[2025-09-27 20:30:01] [CSCore - PvCSCoreLogger] [INFO] AprilTag1: set FPS to 100
[2025-09-27 20:30:01] [CSCore - PvCSCoreLogger] [DEBUG] CS: DEBUG 7: AprilTag1: restoring settings (UsbCameraImpl.cpp:686)
[2025-09-27 20:30:01] [Camera - USBFrameProvider - AprilTag1] [ERROR] Error grabbing image: timed out getting frame
[2025-09-27 20:30:01] [General - KernelLogLogger] [DEBUG] 2025-09-27T20:30:00.913041-06:00 photonvision kernel: usb 5-1: Failed to query (GET_CUR) UVC control 6 on unit 2: -71 (exp. 2).
[2025-09-27 20:30:01] [General - KernelLogLogger] [DEBUG] 2025-09-27T20:30:00.925717-06:00 photonvision kernel: usb usb5-port1: disabled by hub (EMI?), re-enabling...
[2025-09-27 20:30:01] [General - KernelLogLogger] [DEBUG] 2025-09-27T20:30:00.925738-06:00 photonvision kernel: usb 5-1: USB disconnect, device number 109
[2025-09-27 20:30:01] [General - KernelLogLogger] [DEBUG] 2025-09-27T20:30:01.272390-06:00 photonvision kernel: usb 5-1: new high-speed USB device number 110 using ehci-platform
[2025-09-27 20:30:01] [General - KernelLogLogger] [DEBUG] 2025-09-27T20:30:01.432824-06:00 photonvision kernel: usb 5-1: New USB device found, idVendor=0c45, idProduct=6366, bcdDevice= 1.00
[2025-09-27 20:30:01] [General - KernelLogLogger] [DEBUG] 2025-09-27T20:30:01.432850-06:00 photonvision kernel: usb 5-1: New USB device strings: Mfr=2, Product=1, SerialNumber=3
[2025-09-27 20:30:01] [General - KernelLogLogger] [DEBUG] 2025-09-27T20:30:01.432852-06:00 photonvision kernel: usb 5-1: Product: AprilTag1
[2025-09-27 20:30:01] [General - KernelLogLogger] [DEBUG] 2025-09-27T20:30:01.432853-06:00 photonvision kernel: usb 5-1: Manufacturer: Arducam Technology Co., Ltd.
[2025-09-27 20:30:01] [General - KernelLogLogger] [DEBUG] 2025-09-27T20:30:01.432854-06:00 photonvision kernel: usb 5-1: SerialNumber: 0001
[2025-09-27 20:30:01] [General - KernelLogLogger] [DEBUG] 2025-09-27T20:30:01.436406-06:00 photonvision kernel: usb 5-1: Found UVC 1.00 device AprilTag1 (0c45:6366)
[2025-09-27 20:30:01] [General - KernelLogLogger] [DEBUG] 2025-09-27T20:30:01.462625-06:00 photonvision kernel: input: AprilTag1: AprilTag1 as /devices/platform/fc880000.usb/usb5/5-1/5-1:1.0/input/input121
[2025-09-27 20:30:01] [General - KernelLogLogger] [DEBUG] 000.hdmi: i2c read time out!
[2025-09-27 20:30:01] [General - KernelLogLogger] [DEBUG]  :@:zÁã	8@IڊØ-6@ Y°ã#ß4@FàäÄå4@-,¹G3@£++¿Ò2@®¼Ԟ2@%:¦{2@	ó]H2@JQô1@®ª´=Wz1@GrÒ0@˞0@Ô^g5Ö%/@Ö±¦.@«¬eM.@´xæEò-@ǰØÅÉÌ-@I]ú-@WKþ1X.@¯Ëïù.@֯±{/@æҥ«Èß/@X)Gü`a0@eøÕ0@£"ãÐ1@5ÛiÌ1@#t|³[2@6îoâZA3@ð	Â4@ßAÔiÆ4@¬dÞÏ!5@w·ÔU5@. Ø3ø®4@ô!hí3@&±mE2@Dû-úÞ-@s2UɸÄ"@î%7à @HN¼àôä?é3âg¨?¸J?ÇêZBx?Ø0}õxó>?BÊÏK*î>fÏû5tð¾gcüyï¾ÚJ8F?ة?F鉝ý	?¯Wç«ÿ?p+ÙàÓð>FzÌ:å>ȗJ;ý>.aHfµ?dÌSÇ?"±« ?ñ«ɸ
[2025-09-27 20:30:01] [Camera - USBFrameProvider - AprilTag1] [ERROR] Error grabbing image: timed out getting frame
[2025-09-27 20:30:02] [Camera - USBFrameProvider - AprilTag1] [ERROR] Error grabbing image: timed out getting frame
[2025-09-27 20:30:02] [Camera - USBFrameProvider - AprilTag1] [ERROR] Error grabbing image: timed out getting frame
[2025-09-27 20:30:02] [CSCore - PvCSCoreLogger] [DEBUG] CS: DEBUG 7: AprilTag1: allocating buffers (UsbCameraImpl.cpp:701)
[2025-09-27 20:30:02] [CSCore - PvCSCoreLogger] [DEBUG] CS: DEBUG 7: AprilTag1: mapping buffers (UsbCameraImpl.cpp:715)
[2025-09-27 20:30:02] [CSCore - PvCSCoreLogger] [DEBUG] CS: DEBUG 7: AprilTag1: queuing buffers (UsbCameraImpl.cpp:765)
[2025-09-27 20:30:02] [CSCore - PvCSCoreLogger] [ERROR] CS: ERROR 40: AprilTag1: ioctl VIDIOC_STREAMON failed: Protocol error (UsbCameraImpl.cpp:789)
[2025-09-27 20:30:02] [CSCore - PvCSCoreLogger] [DEBUG] CS: DEBUG 7: AprilTag1: queuing buffers (UsbCameraImpl.cpp:765)
[2025-09-27 20:30:02] [CSCore - PvCSCoreLogger] [ERROR] CS: ERROR 40: ioctl VIDIOC_QBUF failed at UsbCameraImpl.cpp:772: No such device (UsbUtil.cpp:157)
[2025-09-27 20:30:02] [CSCore - PvCSCoreLogger] [WARN] CS: WARNING 30: AprilTag1: could not queue buffer 0 (UsbCameraImpl.cpp:773)
[2025-09-27 20:30:02] [CSCore - PvCSCoreLogger] [DEBUG] CS: DEBUG 7: AprilTag1: queuing buffers (UsbCameraImpl.cpp:765)
[2025-09-27 20:30:02] [CSCore - PvCSCoreLogger] [ERROR] CS: ERROR 40: ioctl VIDIOC_QBUF failed at UsbCameraImpl.cpp:772: No such device (UsbUtil.cpp:157)
[2025-09-27 20:30:02] [CSCore - PvCSCoreLogger] [WARN] CS: WARNING 30: AprilTag1: could not queue buffer 0 (UsbCameraImpl.cpp:773)
[2025-09-27 20:30:02] [CSCore - PvCSCoreLogger] [INFO] AprilTag1: Attempting to connect to USB camera on /dev/v4l/by-path/platform-fc880000.usb-usb-0:1:1.0-video-index0
[2025-09-27 20:30:02] [CSCore - PvCSCoreLogger] [DEBUG] CS: DEBUG 7: AprilTag1: opening device (UsbCameraImpl.cpp:651)
[2025-09-27 20:30:02] [Camera - USBFrameProvider - AprilTag1] [ERROR] Error grabbing image: timed out getting frame
[2025-09-27 20:30:02] [General - KernelLogLogger] [DEBUG] 2025-09-27T20:30:02.712391-06:00 photonvision kernel: usb 5-1: Failed to query (GET_MIN) UVC control 8 on unit 2: -71 (exp. 2).
[2025-09-27 20:30:02] [General - KernelLogLogger] [DEBUG] 2025-09-27T20:30:02.735715-06:00 photonvision kernel: usb 5-1: Failed to query (GET_CUR) UVC control 2 on unit 2: -71 (exp. 2).
[2025-09-27 20:30:02] [General - KernelLogLogger] [DEBUG] 2025-09-27T20:30:02.742653-06:00 photonvision kernel: usb 5-1: USB disconnect, device number 110
[2025-09-27 20:30:02] [General - KernelLogLogger] [DEBUG] 2025-09-27T20:30:02.742701-06:00 photonvision kernel: usb 5-1: Failed to query (GET_DEF) UVC control 8 on unit 2: -71 (exp. 2).
[2025-09-27 20:30:02] [General - KernelLogLogger] [DEBUG] onvisio1
[2025-09-27 20:30:03] [Camera - USBFrameProvider - AprilTag1] [ERROR] Error grabbing image: timed out getting frame
[2025-09-27 20:30:03] [CSCore - PvCSCoreLogger] [INFO] AprilTag1: Attempting to connect to USB camera on /dev/v4l/by-path/platform-fc880000.usb-usb-0:1:1.0-video-index0
[2025-09-27 20:30:03] [CSCore - PvCSCoreLogger] [DEBUG] CS: DEBUG 7: AprilTag1: opening device (UsbCameraImpl.cpp:651)
[2025-09-27 20:30:03] [CSCore - PvCSCoreLogger] [INFO] AprilTag1: Attempting to connect to USB camera on /dev/v4l/by-path/platform-fc880000.usb-usb-0:1:1.0-video-index0
[2025-09-27 20:30:03] [CSCore - PvCSCoreLogger] [DEBUG] CS: DEBUG 7: AprilTag1: opening device (UsbCameraImpl.cpp:651)
[2025-09-27 20:30:03] [CSCore - PvCSCoreLogger] [INFO] AprilTag1: Attempting to connect to USB camera on /dev/v4l/by-path/platform-fc880000.usb-usb-0:1:1.0-video-index0
[2025-09-27 20:30:03] [CSCore - PvCSCoreLogger] [DEBUG] CS: DEBUG 7: AprilTag1: opening device (UsbCameraImpl.cpp:651)
[2025-09-27 20:30:03] [CSCore - PvCSCoreLogger] [INFO] AprilTag1: Connected to USB camera on /dev/v4l/by-path/platform-fc880000.usb-usb-0:1:1.0-video-index0
[2025-09-27 20:30:03] [CSCore - PvCSCoreLogger] [DEBUG] CS: DEBUG 7: AprilTag1: getting capabilities (UsbCameraImpl.cpp:663)
[2025-09-27 20:30:03] [CSCore - PvCSCoreLogger] [DEBUG] CS: DEBUG 7: AprilTag1: restoring video mode (UsbCameraImpl.cpp:681)
[2025-09-27 20:30:03] [CSCore - PvCSCoreLogger] [INFO] AprilTag1: set format 1 res 320x240
[2025-09-27 20:30:03] [Camera - USBFrameProvider - AprilTag1] [ERROR] Error grabbing image: timed out getting frame
[2025-09-27 20:30:03] [CSCore - PvCSCoreLogger] [INFO] AprilTag1: set FPS to 100
[2025-09-27 20:30:03] [CSCore - PvCSCoreLogger] [DEBUG] CS: DEBUG 7: AprilTag1: restoring settings (UsbCameraImpl.cpp:686)
[2025-09-27 20:30:03] [Camera - USBFrameProvider - AprilTag1] [ERROR] Error grabbing image: timed out getting frame
[2025-09-27 20:30:03] [Camera - USBFrameProvider - AprilTag1] [ERROR] Error grabbing image: timed out getting frame
[2025-09-27 20:30:03] [General - KernelLogLogger] [DEBUG] 2025-09-27T20:30:03.079088-06:00 photonvision kernel: usb 5-1: new high-speed USB device number 111 using ehci-platform
[2025-09-27 20:30:03] [General - KernelLogLogger] [DEBUG] 2025-09-27T20:30:03.239045-06:00 photonvision kernel: usb 5-1: New USB device found, idVendor=0c45, idProduct=6366, bcdDevice= 1.00
[2025-09-27 20:30:03] [General - KernelLogLogger] [DEBUG] 2025-09-27T20:30:03.239068-06:00 photonvision kernel: usb 5-1: New USB device strings: Mfr=2, Product=1, SerialNumber=3
[2025-09-27 20:30:03] [General - KernelLogLogger] [DEBUG] 2025-09-27T20:30:03.239069-06:00 photonvision kernel: usb 5-1: Product: AprilTag1
[2025-09-27 20:30:03] [General - KernelLogLogger] [DEBUG] 2025-09-27T20:30:03.239071-06:00 photonvision kernel: usb 5-1: Manufacturer: Arducam Technology Co., Ltd.
[2025-09-27 20:30:03] [General - KernelLogLogger] [DEBUG] 2025-09-27T20:30:03.239073-06:00 photonvision kernel: usb 5-1: SerialNumber: 0001
[2025-09-27 20:30:03] [General - KernelLogLogger] [DEBUG] 2025-09-27T20:30:03.242370-06:00 photonvision kernel: usb 5-1: Found UVC 1.00 device AprilTag1 (0c45:6366)
[2025-09-27 20:30:03] [General - KernelLogLogger] [DEBUG] 2025-09-27T20:30:03.269049-06:00 photonvision kernel: input: AprilTag1: AprilTag1 as /devices/platform/fc880000.usb/usb5/5-1/5-1:1.0/input/input122
[2025-09-27 20:30:03] [General - KernelLogLogger] [DEBUG] nel: usb 5-1: Found UVC 1.00 device AprilTag1 (0c45:6366)
[2025-09-27 20:30:03] [General - KernelLogLogger] [DEBUG] 2025-09-27T20:29:59.669876-06:00 photonvision kernel: input: AprilTag1: AprilTag1 as /devices/platform/fc880000.usb/usb5/5-1/5-1:1.0/input/input120
[2025-09-27 20:30:04] [Camera - USBFrameProvider - AprilTag1] [ERROR] Error grabbing image: timed out getting frame
[2025-09-27 20:30:04] [CSCore - PvCSCoreLogger] [DEBUG] CS: DEBUG 7: AprilTag1: allocating buffers (UsbCameraImpl.cpp:701)
[2025-09-27 20:30:04] [CSCore - PvCSCoreLogger] [DEBUG] CS: DEBUG 7: AprilTag1: mapping buffers (UsbCameraImpl.cpp:715)
[2025-09-27 20:30:04] [CSCore - PvCSCoreLogger] [DEBUG] CS: DEBUG 7: AprilTag1: queuing buffers (UsbCameraImpl.cpp:765)
[2025-09-27 20:30:04] [Camera - USBFrameProvider - AprilTag1] [ERROR] Error grabbing image: timed out getting frame
[2025-09-27 20:30:04] [CSCore - PvCSCoreLogger] [ERROR] CS: ERROR 40: AprilTag1: ioctl VIDIOC_STREAMON failed: Protocol error (UsbCameraImpl.cpp:789)
[2025-09-27 20:30:04] [CSCore - PvCSCoreLogger] [DEBUG] CS: DEBUG 7: AprilTag1: queuing buffers (UsbCameraImpl.cpp:765)
[2025-09-27 20:30:04] [CSCore - PvCSCoreLogger] [ERROR] CS: ERROR 40: ioctl VIDIOC_QBUF failed at UsbCameraImpl.cpp:772: No such device (UsbUtil.cpp:157)
[2025-09-27 20:30:04] [CSCore - PvCSCoreLogger] [WARN] CS: WARNING 30: AprilTag1: could not queue buffer 0 (UsbCameraImpl.cpp:773)
[2025-09-27 20:30:04] [CSCore - PvCSCoreLogger] [INFO] AprilTag1: Attempting to connect to USB camera on /dev/v4l/by-path/platform-fc880000.usb-usb-0:1:1.0-video-index0
[2025-09-27 20:30:04] [CSCore - PvCSCoreLogger] [DEBUG] CS: DEBUG 7: AprilTag1: opening device (UsbCameraImpl.cpp:651)
[2025-09-27 20:30:04] [CSCore - PvCSCoreLogger] [INFO] AprilTag1: Attempting to connect to USB camera on /dev/v4l/by-path/platform-fc880000.usb-usb-0:1:1.0-video-index0
[2025-09-27 20:30:04] [CSCore - PvCSCoreLogger] [DEBUG] CS: DEBUG 7: AprilTag1: opening device (UsbCameraImpl.cpp:651)
[2025-09-27 20:30:04] [Camera - USBFrameProvider - AprilTag1] [ERROR] Error grabbing image: timed out getting frame
[2025-09-27 20:30:04] [General - KernelLogLogger] [DEBUG] 2025-09-27T20:30:04.572400-06:00 photonvision kernel: usb usb5-port1: disabled by hub (EMI?), re-enabling...
[2025-09-27 20:30:04] [General - KernelLogLogger] [DEBUG] 2025-09-27T20:30:04.572426-06:00 photonvision kernel: usb 5-1: USB disconnect, device number 111
[2025-09-27 20:30:04] [General - KernelLogLogger] [DEBUG] 2025-09-27T20:30:04.572430-06:00 photonvision kernel: usb 5-1: Failed to query (GET_RES) UVC control 8 on unit 2: -71 (exp. 2).
[2025-09-27 20:30:04] [General - KernelLogLogger] [DEBUG] 2025-09-27T20:30:04.572434-06:00 photonvision kernel: usb 5-1: Failed to query (GET_CUR) UVC control 2 on unit 2: -19 (exp. 2).
[2025-09-27 20:30:04] [General - KernelLogLogger] [DEBUG] set:0x1
[2025-09-27 20:30:04] [Camera - USBFrameProvider - AprilTag1] [ERROR] Error grabbing image: timed out getting frame
[2025-09-27 20:30:05] [CSCore - PvCSCoreLogger] [INFO] AprilTag1: Attempting to connect to USB camera on /dev/v4l/by-path/platform-fc880000.usb-usb-0:1:1.0-video-index0
[2025-09-27 20:30:05] [CSCore - PvCSCoreLogger] [DEBUG] CS: DEBUG 7: AprilTag1: opening device (UsbCameraImpl.cpp:651)
[2025-09-27 20:30:05] [CSCore - PvCSCoreLogger] [INFO] AprilTag1: Attempting to connect to USB camera on /dev/v4l/by-path/platform-fc880000.usb-usb-0:1:1.0-video-index0
[2025-09-27 20:30:05] [CSCore - PvCSCoreLogger] [DEBUG] CS: DEBUG 7: AprilTag1: opening device (UsbCameraImpl.cpp:651)
[2025-09-27 20:30:05] [CSCore - PvCSCoreLogger] [INFO] AprilTag1: Attempting to connect to USB camera on /dev/v4l/by-path/platform-fc880000.usb-usb-0:1:1.0-video-index0
[2025-09-27 20:30:05] [CSCore - PvCSCoreLogger] [DEBUG] CS: DEBUG 7: AprilTag1: opening device (UsbCameraImpl.cpp:651)
[2025-09-27 20:30:05] [CSCore - PvCSCoreLogger] [INFO] AprilTag1: Attempting to connect to USB camera on /dev/v4l/by-path/platform-fc880000.usb-usb-0:1:1.0-video-index0
[2025-09-27 20:30:05] [CSCore - PvCSCoreLogger] [DEBUG] CS: DEBUG 7: AprilTag1: opening device (UsbCameraImpl.cpp:651)
[2025-09-27 20:30:05] [CSCore - PvCSCoreLogger] [INFO] AprilTag1: Connected to USB camera on /dev/v4l/by-path/platform-fc880000.usb-usb-0:1:1.0-video-index0
[2025-09-27 20:30:05] [CSCore - PvCSCoreLogger] [DEBUG] CS: DEBUG 7: AprilTag1: getting capabilities (UsbCameraImpl.cpp:663)
[2025-09-27 20:30:05] [CSCore - PvCSCoreLogger] [DEBUG] CS: DEBUG 7: AprilTag1: restoring video mode (UsbCameraImpl.cpp:681)
[2025-09-27 20:30:05] [CSCore - PvCSCoreLogger] [INFO] AprilTag1: set format 1 res 320x240
[2025-09-27 20:30:05] [CSCore - PvCSCoreLogger] [INFO] AprilTag1: set FPS to 100
[2025-09-27 20:30:05] [CSCore - PvCSCoreLogger] [DEBUG] CS: DEBUG 7: AprilTag1: restoring settings (UsbCameraImpl.cpp:686)
[2025-09-27 20:30:05] [Camera - USBFrameProvider - AprilTag1] [ERROR] Error grabbing image: timed out getting frame
[2025-09-27 20:30:05] [Camera - USBFrameProvider - AprilTag1] [ERROR] Error grabbing image: timed out getting frame
[2025-09-27 20:30:05] [Camera - USBFrameProvider - AprilTag1] [ERROR] Error grabbing image: timed out getting frame
[2025-09-27 20:30:05] [General - KernelLogLogger] [DEBUG] 2025-09-27T20:30:04.909055-06:00 photonvision kernel: usb 5-1: new high-speed USB device number 112 using ehci-platform
[2025-09-27 20:30:05] [General - KernelLogLogger] [DEBUG] 2025-09-27T20:30:05.069087-06:00 photonvision kernel: usb 5-1: New USB device found, idVendor=0c45, idProduct=6366, bcdDevice= 1.00
[2025-09-27 20:30:05] [General - KernelLogLogger] [DEBUG] 2025-09-27T20:30:05.069135-06:00 photonvision kernel: usb 5-1: New USB device strings: Mfr=2, Product=1, SerialNumber=3
[2025-09-27 20:30:05] [General - KernelLogLogger] [DEBUG] 2025-09-27T20:30:05.069141-06:00 photonvision kernel: usb 5-1: Product: AprilTag1
[2025-09-27 20:30:05] [General - KernelLogLogger] [DEBUG] 2025-09-27T20:30:05.069187-06:00 photonvision kernel: usb 5-1: Manufacturer: Arducam Technology Co., Ltd.
[2025-09-27 20:30:05] [General - KernelLogLogger] [DEBUG] 2025-09-27T20:30:05.069192-06:00 photonvision kernel: usb 5-1: SerialNumber: 0001
[2025-09-27 20:30:05] [General - KernelLogLogger] [DEBUG] 2025-09-27T20:30:05.072376-06:00 photonvision kernel: usb 5-1: Found UVC 1.00 device AprilTag1 (0c45:6366)
[2025-09-27 20:30:05] [General - KernelLogLogger] [DEBUG] 2025-09-27T20:30:05.102411-06:00 photonvision kernel: input: AprilTag1: AprilTag1 as /devices/platform/fc880000.usb/usb5/5-1/5-1:1.0/input/input123
[2025-09-27 20:30:05] [General - KernelLogLogger] [DEBUG] nel: usb 5-1: Found UVC 1.00 device AprilTag1 (0c45:6366)
[2025-09-27 20:30:05] [General - KernelLogLogger] [DEBUG] 2025-09-27T20:29:59.669876-06:00 photonvision kernel: input: AprilTag1: AprilTag1 as /devices/platform/fc880000.usb/usb5/5-1/5-1:1.0/input/input120
[2025-09-27 20:30:06] [Camera - USBFrameProvider - AprilTag1] [ERROR] Error grabbing image: timed out getting frame
[2025-09-27 20:30:06] [CSCore - PvCSCoreLogger] [DEBUG] CS: DEBUG 7: AprilTag1: allocating buffers (UsbCameraImpl.cpp:701)
[2025-09-27 20:30:06] [CSCore - PvCSCoreLogger] [DEBUG] CS: DEBUG 7: AprilTag1: mapping buffers (UsbCameraImpl.cpp:715)
[2025-09-27 20:30:06] [CSCore - PvCSCoreLogger] [DEBUG] CS: DEBUG 7: AprilTag1: queuing buffers (UsbCameraImpl.cpp:765)
[2025-09-27 20:30:06] [Camera - USBFrameProvider - AprilTag1] [ERROR] Error grabbing image: timed out getting frame
[2025-09-27 20:30:06] [CSCore - PvCSCoreLogger] [ERROR] CS: ERROR 40: AprilTag1: ioctl VIDIOC_STREAMON failed: Protocol error (UsbCameraImpl.cpp:789)
[2025-09-27 20:30:06] [CSCore - PvCSCoreLogger] [INFO] AprilTag1: Attempting to connect to USB camera on /dev/v4l/by-path/platform-fc880000.usb-usb-0:1:1.0-video-index0
[2025-09-27 20:30:06] [CSCore - PvCSCoreLogger] [DEBUG] CS: DEBUG 7: AprilTag1: opening device (UsbCameraImpl.cpp:651)
[2025-09-27 20:30:06] [CSCore - PvCSCoreLogger] [INFO] AprilTag1: Attempting to connect to USB camera on /dev/v4l/by-path/platform-fc880000.usb-usb-0:1:1.0-video-index0
[2025-09-27 20:30:06] [CSCore - PvCSCoreLogger] [DEBUG] CS: DEBUG 7: AprilTag1: opening device (UsbCameraImpl.cpp:651)
[2025-09-27 20:30:06] [CSCore - PvCSCoreLogger] [INFO] AprilTag1: Attempting to connect to USB camera on /dev/v4l/by-path/platform-fc880000.usb-usb-0:1:1.0-video-index0
[2025-09-27 20:30:06] [CSCore - PvCSCoreLogger] [DEBUG] CS: DEBUG 7: AprilTag1: opening device (UsbCameraImpl.cpp:651)
[2025-09-27 20:30:06] [CSCore - PvCSCoreLogger] [INFO] AprilTag1: Attempting to connect to USB camera on /dev/v4l/by-path/platform-fc880000.usb-usb-0:1:1.0-video-index0
[2025-09-27 20:30:06] [CSCore - PvCSCoreLogger] [DEBUG] CS: DEBUG 7: AprilTag1: opening device (UsbCameraImpl.cpp:651)
[2025-09-27 20:30:06] [Camera - USBFrameProvider - AprilTag1] [ERROR] Error grabbing image: timed out getting frame
[2025-09-27 20:30:06] [Camera - USBFrameProvider - AprilTag1] [ERROR] Error grabbing image: timed out getting frame
[2025-09-27 20:30:06] [General - KernelLogLogger] [DEBUG] 2025-09-27T20:30:06.385953-06:00 photonvision kernel: usb 5-1: Failed to query (GET_RES) UVC control 8 on unit 2: -71 (exp. 2).
[2025-09-27 20:30:06] [General - KernelLogLogger] [DEBUG] 2025-09-27T20:30:06.405693-06:00 photonvision kernel: usb 5-1: Failed to query (GET_CUR) UVC control 2 on unit 2: -71 (exp. 2).
[2025-09-27 20:30:06] [General - KernelLogLogger] [DEBUG] 2025-09-27T20:30:06.415701-06:00 photonvision kernel: usb 5-1: Failed to query (GET_DEF) UVC control 8 on unit 2: -71 (exp. 2).
[2025-09-27 20:30:06] [General - KernelLogLogger] [DEBUG] 2025-09-27T20:30:06.422389-06:00 photonvision kernel: usb usb5-port1: disabled by hub (EMI?), re-enabling...
[2025-09-27 20:30:06] [General - KernelLogLogger] [DEBUG] 2025-09-27T20:30:06.422414-06:00 photonvision kernel: usb 5-1: USB disconnect, device number 112
[2025-09-27 20:30:06] [General - KernelLogLogger] [DEBUG] 2025-09-27T20:30:06.759765-06:00 photonvision kernel: usb 5-1: new high-speed USB device number 113 using ehci-platform
[2025-09-27 20:30:06] [General - KernelLogLogger] [DEBUG]  UVC 1.00 device AprilTag1 (0c45:6366)
[2025-09-27 20:30:06] [General - KernelLogLogger] [DEBUG] 2025-09-27T20:30:05.102411-06:00 photonvision kernel: input: AprilTag1: AprilTag1 as /devices/platform/fc880000.usb/usb5/5-1/5-1:1.0/input/input123
[2025-09-27 20:30:06] [General - KernelLogLogger] [DEBUG] nel: usb 5-1: Found UVC 1.00 device AprilTag1 (0c45:6366)
[2025-09-27 20:30:06] [General - KernelLogLogger] [DEBUG] 2025-09-27T20:29:59.669876-06:00 photonvision kernel: input: AprilTag1: AprilTag1 as /devices/platform/fc880000.usb/usb5/5-1/5-1:1.0/input/input120
[2025-09-27 20:30:06] [CSCore - PvCSCoreLogger] [INFO] AprilTag1: Attempting to connect to USB camera on /dev/v4l/by-path/platform-fc880000.usb-usb-0:1:1.0-video-index0
[2025-09-27 20:30:06] [CSCore - PvCSCoreLogger] [DEBUG] CS: DEBUG 7: AprilTag1: opening device (UsbCameraImpl.cpp:651)
[2025-09-27 20:30:06] [CSCore - PvCSCoreLogger] [INFO] AprilTag1: Connected to USB camera on /dev/v4l/by-path/platform-fc880000.usb-usb-0:1:1.0-video-index0
[2025-09-27 20:30:07] [CSCore - PvCSCoreLogger] [DEBUG] CS: DEBUG 7: AprilTag1: getting capabilities (UsbCameraImpl.cpp:663)
[2025-09-27 20:30:07] [CSCore - PvCSCoreLogger] [DEBUG] CS: DEBUG 7: AprilTag1: restoring video mode (UsbCameraImpl.cpp:681)
[2025-09-27 20:30:07] [CSCore - PvCSCoreLogger] [INFO] AprilTag1: set format 1 res 320x240
[2025-09-27 20:30:07] [CSCore - PvCSCoreLogger] [INFO] AprilTag1: set FPS to 100
[2025-09-27 20:30:07] [CSCore - PvCSCoreLogger] [DEBUG] CS: DEBUG 7: AprilTag1: restoring settings (UsbCameraImpl.cpp:686)
[2025-09-27 20:30:07] [Camera - USBFrameProvider - AprilTag1] [ERROR] Error grabbing image: timed out getting frame
[2025-09-27 20:30:07] [Camera - USBFrameProvider - AprilTag1] [ERROR] Error grabbing image: timed out getting frame
[2025-09-27 20:30:07] [Camera - USBFrameProvider - AprilTag1] [ERROR] Error grabbing image: timed out getting frame
[2025-09-27 20:30:07] [General - KernelLogLogger] [DEBUG] 2025-09-27T20:30:06.919258-06:00 photonvision kernel: usb 5-1: New USB device found, idVendor=0c45, idProduct=6366, bcdDevice= 1.00
[2025-09-27 20:30:07] [General - KernelLogLogger] [DEBUG] 2025-09-27T20:30:06.919316-06:00 photonvision kernel: usb 5-1: New USB device strings: Mfr=2, Product=1, SerialNumber=3
[2025-09-27 20:30:07] [General - KernelLogLogger] [DEBUG] 2025-09-27T20:30:06.919320-06:00 photonvision kernel: usb 5-1: Product: AprilTag1
[2025-09-27 20:30:07] [General - KernelLogLogger] [DEBUG] 2025-09-27T20:30:06.919323-06:00 photonvision kernel: usb 5-1: Manufacturer: Arducam Technology Co., Ltd.
[2025-09-27 20:30:07] [General - KernelLogLogger] [DEBUG] 2025-09-27T20:30:06.919328-06:00 photonvision kernel: usb 5-1: SerialNumber: 0001
[2025-09-27 20:30:07] [General - KernelLogLogger] [DEBUG] 2025-09-27T20:30:06.922567-06:00 photonvision kernel: usb 5-1: Found UVC 1.00 device AprilTag1 (0c45:6366)
[2025-09-27 20:30:07] [General - KernelLogLogger] [DEBUG] 2025-09-27T20:30:06.949115-06:00 photonvision kernel: input: AprilTag1: AprilTag1 as /devices/platform/fc880000.usb/usb5/5-1/5-1:1.0/input/input124
[2025-09-27 20:30:07] [General - KernelLogLogger] [DEBUG] 6:00 photonvision kernel: input: AprilTag1: AprilTag1 as /devices/platform/fc880000.usb/usb5/5-1/5-1:1.0/input/input123
[2025-09-27 20:30:07] [General - KernelLogLogger] [DEBUG] nel: usb 5-1: Found UVC 1.00 device AprilTag1 (0c45:6366)
[2025-09-27 20:30:07] [General - KernelLogLogger] [DEBUG] 2025-09-27T20:29:59.669876-06:00 photonvision kernel: input: AprilTag1: AprilTag1 as /devices/platform/fc880000.usb/usb5/5-1/5-1:1.0/input/input120
[2025-09-27 20:30:07] [Camera - USBFrameProvider - AprilTag1] [ERROR] Error grabbing image: timed out getting frame
[2025-09-27 20:30:08] [CSCore - PvCSCoreLogger] [DEBUG] CS: DEBUG 7: AprilTag1: allocating buffers (UsbCameraImpl.cpp:701)
[2025-09-27 20:30:08] [CSCore - PvCSCoreLogger] [DEBUG] CS: DEBUG 7: AprilTag1: mapping buffers (UsbCameraImpl.cpp:715)
[2025-09-27 20:30:08] [CSCore - PvCSCoreLogger] [DEBUG] CS: DEBUG 7: AprilTag1: queuing buffers (UsbCameraImpl.cpp:765)
[2025-09-27 20:30:08] [Camera - USBFrameProvider - AprilTag1] [ERROR] Error grabbing image: timed out getting frame
[2025-09-27 20:30:08] [CSCore - PvCSCoreLogger] [ERROR] CS: ERROR 40: AprilTag1: ioctl VIDIOC_STREAMON failed: Protocol error (UsbCameraImpl.cpp:789)
[2025-09-27 20:30:08] [CSCore - PvCSCoreLogger] [DEBUG] CS: DEBUG 7: AprilTag1: queuing buffers (UsbCameraImpl.cpp:765)
[2025-09-27 20:30:08] [CSCore - PvCSCoreLogger] [ERROR] CS: ERROR 40: ioctl VIDIOC_QBUF failed at UsbCameraImpl.cpp:772: No such device (UsbUtil.cpp:157)
[2025-09-27 20:30:08] [CSCore - PvCSCoreLogger] [WARN] CS: WARNING 30: AprilTag1: could not queue buffer 0 (UsbCameraImpl.cpp:773)
[2025-09-27 20:30:08] [CSCore - PvCSCoreLogger] [DEBUG] CS: DEBUG 7: AprilTag1: queuing buffers (UsbCameraImpl.cpp:765)
[2025-09-27 20:30:08] [CSCore - PvCSCoreLogger] [ERROR] CS: ERROR 40: ioctl VIDIOC_QBUF failed at UsbCameraImpl.cpp:772: No such device (UsbUtil.cpp:157)
[2025-09-27 20:30:08] [CSCore - PvCSCoreLogger] [WARN] CS: WARNING 30: AprilTag1: could not queue buffer 0 (UsbCameraImpl.cpp:773)
[2025-09-27 20:30:08] [CSCore - PvCSCoreLogger] [INFO] AprilTag1: Attempting to connect to USB camera on /dev/v4l/by-path/platform-fc880000.usb-usb-0:1:1.0-video-index0
[2025-09-27 20:30:08] [CSCore - PvCSCoreLogger] [DEBUG] CS: DEBUG 7: AprilTag1: opening device (UsbCameraImpl.cpp:651)
[2025-09-27 20:30:08] [CSCore - PvCSCoreLogger] [INFO] AprilTag1: Attempting to connect to USB camera on /dev/v4l/by-path/platform-fc880000.usb-usb-0:1:1.0-video-index0
[2025-09-27 20:30:08] [CSCore - PvCSCoreLogger] [DEBUG] CS: DEBUG 7: AprilTag1: opening device (UsbCameraImpl.cpp:651)
[2025-09-27 20:30:08] [Camera - USBFrameProvider - AprilTag1] [ERROR] Error grabbing image: timed out getting frame
[2025-09-27 20:30:08] [Camera - USBFrameProvider - AprilTag1] [ERROR] Error grabbing image: timed out getting frame
[2025-09-27 20:30:08] [CSCore - PvCSCoreLogger] [INFO] AprilTag1: Attempting to connect to USB camera on /dev/v4l/by-path/platform-fc880000.usb-usb-0:1:1.0-video-index0
[2025-09-27 20:30:08] [CSCore - PvCSCoreLogger] [DEBUG] CS: DEBUG 7: AprilTag1: opening device (UsbCameraImpl.cpp:651)
[2025-09-27 20:30:08] [CSCore - PvCSCoreLogger] [INFO] AprilTag1: Connected to USB camera on /dev/v4l/by-path/platform-fc880000.usb-usb-0:1:1.0-video-index0
[2025-09-27 20:30:08] [CSCore - PvCSCoreLogger] [DEBUG] CS: DEBUG 7: AprilTag1: getting capabilities (UsbCameraImpl.cpp:663)
[2025-09-27 20:30:08] [CSCore - PvCSCoreLogger] [DEBUG] CS: DEBUG 7: AprilTag1: restoring video mode (UsbCameraImpl.cpp:681)
[2025-09-27 20:30:08] [CSCore - PvCSCoreLogger] [INFO] AprilTag1: set format 1 res 320x240
[2025-09-27 20:30:08] [CSCore - PvCSCoreLogger] [INFO] AprilTag1: set FPS to 100
[2025-09-27 20:30:08] [CSCore - PvCSCoreLogger] [DEBUG] CS: DEBUG 7: AprilTag1: restoring settings (UsbCameraImpl.cpp:686)
[2025-09-27 20:30:08] [General - KernelLogLogger] [DEBUG] 2025-09-27T20:30:08.239099-06:00 photonvision kernel: usb usb5-port1: disabled by hub (EMI?), re-enabling...
[2025-09-27 20:30:08] [General - KernelLogLogger] [DEBUG] 2025-09-27T20:30:08.239150-06:00 photonvision kernel: usb 5-1: USB disconnect, device number 113
[2025-09-27 20:30:08] [General - KernelLogLogger] [DEBUG] 2025-09-27T20:30:08.239154-06:00 photonvision kernel: usb 5-1: Failed to query (GET_DEF) UVC control 1 on unit 2: -71 (exp. 2).
[2025-09-27 20:30:08] [General - KernelLogLogger] [DEBUG] 2025-09-27T20:30:08.575767-06:00 photonvision kernel: usb 5-1: new high-speed USB device number 114 using ehci-platform
[2025-09-27 20:30:08] [General - KernelLogLogger] [DEBUG] 2025-09-27T20:30:08.739088-06:00 photonvision kernel: usb 5-1: New USB device found, idVendor=0c45, idProduct=6366, bcdDevice= 1.00
[2025-09-27 20:30:08] [General - KernelLogLogger] [DEBUG] 2025-09-27T20:30:08.739384-06:00 photonvision kernel: usb 5-1: New USB device strings: Mfr=2, Product=1, SerialNumber=3
[2025-09-27 20:30:08] [General - KernelLogLogger] [DEBUG] 2025-09-27T20:30:08.739399-06:00 photonvision kernel: usb 5-1: Product: AprilTag1
[2025-09-27 20:30:08] [General - KernelLogLogger] [DEBUG] 2025-09-27T20:30:08.739404-06:00 photonvision kernel: usb 5-1: Manufacturer: Arducam Technology Co., Ltd.
[2025-09-27 20:30:08] [General - KernelLogLogger] [DEBUG] 2025-09-27T20:30:08.739407-06:00 photonvision kernel: usb 5-1: SerialNumber: 0001
[2025-09-27 20:30:08] [General - KernelLogLogger] [DEBUG] 2025-09-27T20:30:08.742414-06:00 photonvision kernel: usb 5-1: Found UVC 1.00 device AprilTag1 (0c45:6366)
[2025-09-27 20:30:08] [General - KernelLogLogger] [DEBUG] 2025-09-27T20:30:08.769117-06:00 photonvision kernel: input: AprilTag1: AprilTag1 as /devices/platform/fc880000.usb/usb5/5-1/5-1:1.0/input/input125
[2025-09-27 20:30:08] [General - KernelLogLogger] [DEBUG] 000.hdmi: i2c read time out!
[2025-09-27 20:30:08] [General - KernelLogLogger] [DEBUG]  :@:zÁã	8@IڊØ-6@ Y°ã#ß4@FàäÄå4@-,¹G3@£++¿Ò2@®¼Ԟ2@%:¦{2@	ó]H2@JQô1@®ª´=Wz1@GrÒ0@˞0@Ô^g5Ö%/@Ö±¦.@«¬eM.@´xæEò-@ǰØÅÉÌ-@I]ú-@WKþ1X.@¯Ëïù.@֯±{/@æҥ«Èß/@X)Gü`a0@eøÕ0@£"ãÐ1@5ÛiÌ1@#t|³[2@6îoâZA3@ð	Â4@ßAÔiÆ4@¬dÞÏ!5@w·ÔU5@. Ø3ø®4@ô!hí3@&±mE2@Dû-úÞ-@s2UɸÄ"@î%7à @HN¼àôä?é3âg¨?¸J?ÇêZBx?Ø0}õxó>?BÊÏK*î>fÏû5tð¾gcüyï¾ÚJ8F?ة?F鉝ý	?¯Wç«ÿ?p+ÙàÓð>FzÌ:å>ȗJ;ý>.aHfµ?dÌSÇ?"±« ?ñ«ɸ
[2025-09-27 20:30:09] [Camera - USBFrameProvider - AprilTag1] [ERROR] Error grabbing image: timed out getting frame
[2025-09-27 20:30:09] [Camera - USBFrameProvider - AprilTag1] [ERROR] Error grabbing image: timed out getting frame
[2025-09-27 20:30:09] [Camera - USBFrameProvider - AprilTag1] [ERROR] Error grabbing image: timed out getting frame
[2025-09-27 20:30:09] [Camera - USBFrameProvider - AprilTag1] [ERROR] Error grabbing image: timed out getting frame
[2025-09-27 20:30:09] [CSCore - PvCSCoreLogger] [DEBUG] CS: DEBUG 7: AprilTag1: allocating buffers (UsbCameraImpl.cpp:701)
[2025-09-27 20:30:09] [CSCore - PvCSCoreLogger] [DEBUG] CS: DEBUG 7: AprilTag1: mapping buffers (UsbCameraImpl.cpp:715)
[2025-09-27 20:30:09] [CSCore - PvCSCoreLogger] [DEBUG] CS: DEBUG 7: AprilTag1: queuing buffers (UsbCameraImpl.cpp:765)
[2025-09-27 20:30:10] [CSCore - PvCSCoreLogger] [ERROR] CS: ERROR 40: AprilTag1: ioctl VIDIOC_STREAMON failed: Protocol error (UsbCameraImpl.cpp:789)
[2025-09-27 20:30:10] [CSCore - PvCSCoreLogger] [DEBUG] CS: DEBUG 7: AprilTag1: queuing buffers (UsbCameraImpl.cpp:765)
[2025-09-27 20:30:10] [CSCore - PvCSCoreLogger] [ERROR] CS: ERROR 40: ioctl VIDIOC_QBUF failed at UsbCameraImpl.cpp:772: Invalid argument (UsbUtil.cpp:157)
[2025-09-27 20:30:10] [CSCore - PvCSCoreLogger] [WARN] CS: WARNING 30: AprilTag1: could not queue buffer 0 (UsbCameraImpl.cpp:773)
[2025-09-27 20:30:10] [CSCore - PvCSCoreLogger] [DEBUG] CS: DEBUG 7: AprilTag1: queuing buffers (UsbCameraImpl.cpp:765)
[2025-09-27 20:30:10] [CSCore - PvCSCoreLogger] [ERROR] CS: ERROR 40: ioctl VIDIOC_QBUF failed at UsbCameraImpl.cpp:772: No such device (UsbUtil.cpp:157)
[2025-09-27 20:30:10] [CSCore - PvCSCoreLogger] [WARN] CS: WARNING 30: AprilTag1: could not queue buffer 0 (UsbCameraImpl.cpp:773)
[2025-09-27 20:30:10] [CSCore - PvCSCoreLogger] [INFO] AprilTag1: Attempting to connect to USB camera on /dev/v4l/by-path/platform-fc880000.usb-usb-0:1:1.0-video-index0
[2025-09-27 20:30:10] [CSCore - PvCSCoreLogger] [DEBUG] CS: DEBUG 7: AprilTag1: opening device (UsbCameraImpl.cpp:651)
[2025-09-27 20:30:10] [CSCore - PvCSCoreLogger] [INFO] AprilTag1: Attempting to connect to USB camera on /dev/v4l/by-path/platform-fc880000.usb-usb-0:1:1.0-video-index0
[2025-09-27 20:30:10] [CSCore - PvCSCoreLogger] [DEBUG] CS: DEBUG 7: AprilTag1: opening device (UsbCameraImpl.cpp:651)
[2025-09-27 20:30:10] [Camera - USBFrameProvider - AprilTag1] [ERROR] Error grabbing image: timed out getting frame
[2025-09-27 20:30:10] [Camera - USBFrameProvider - AprilTag1] [ERROR] Error grabbing image: timed out getting frame
[2025-09-27 20:30:10] [CSCore - PvCSCoreLogger] [INFO] AprilTag1: Attempting to connect to USB camera on /dev/v4l/by-path/platform-fc880000.usb-usb-0:1:1.0-video-index0
[2025-09-27 20:30:10] [CSCore - PvCSCoreLogger] [DEBUG] CS: DEBUG 7: AprilTag1: opening device (UsbCameraImpl.cpp:651)
[2025-09-27 20:30:10] [CSCore - PvCSCoreLogger] [INFO] AprilTag1: Attempting to connect to USB camera on /dev/v4l/by-path/platform-fc880000.usb-usb-0:1:1.0-video-index0
[2025-09-27 20:30:10] [CSCore - PvCSCoreLogger] [DEBUG] CS: DEBUG 7: AprilTag1: opening device (UsbCameraImpl.cpp:651)
[2025-09-27 20:30:10] [CSCore - PvCSCoreLogger] [INFO] AprilTag1: Attempting to connect to USB camera on /dev/v4l/by-path/platform-fc880000.usb-usb-0:1:1.0-video-index0
[2025-09-27 20:30:10] [CSCore - PvCSCoreLogger] [DEBUG] CS: DEBUG 7: AprilTag1: opening device (UsbCameraImpl.cpp:651)
[2025-09-27 20:30:10] [CSCore - PvCSCoreLogger] [INFO] AprilTag1: Connected to USB camera on /dev/v4l/by-path/platform-fc880000.usb-usb-0:1:1.0-video-index0
[2025-09-27 20:30:10] [CSCore - PvCSCoreLogger] [DEBUG] CS: DEBUG 7: AprilTag1: getting capabilities (UsbCameraImpl.cpp:663)
[2025-09-27 20:30:10] [CSCore - PvCSCoreLogger] [DEBUG] CS: DEBUG 7: AprilTag1: restoring video mode (UsbCameraImpl.cpp:681)
[2025-09-27 20:30:10] [CSCore - PvCSCoreLogger] [INFO] AprilTag1: set format 1 res 320x240
[2025-09-27 20:30:10] [CSCore - PvCSCoreLogger] [INFO] AprilTag1: set FPS to 100
[2025-09-27 20:30:10] [CSCore - PvCSCoreLogger] [DEBUG] CS: DEBUG 7: AprilTag1: restoring settings (UsbCameraImpl.cpp:686)
[2025-09-27 20:30:10] [Camera - USBFrameProvider - AprilTag1] [ERROR] Error grabbing image: timed out getting frame
[2025-09-27 20:30:10] [General - KernelLogLogger] [DEBUG] 2025-09-27T20:30:10.042458-06:00 photonvision kernel: usb usb5-port1: disabled by hub (EMI?), re-enabling...
[2025-09-27 20:30:10] [General - KernelLogLogger] [DEBUG] 2025-09-27T20:30:10.042510-06:00 photonvision kernel: usb 5-1: USB disconnect, device number 114
[2025-09-27 20:30:10] [General - KernelLogLogger] [DEBUG] 2025-09-27T20:30:10.052411-06:00 photonvision kernel: usb 5-1: Failed to query (GET_DEF) UVC control 1 on unit 2: -71 (exp. 2).
[2025-09-27 20:30:10] [General - KernelLogLogger] [DEBUG] 2025-09-27T20:30:10.369123-06:00 photonvision kernel: usb 5-1: new high-speed USB device number 115 using ehci-platform
[2025-09-27 20:30:10] [General - KernelLogLogger] [DEBUG] 2025-09-27T20:30:10.539274-06:00 photonvision kernel: usb 5-1: New USB device found, idVendor=0c45, idProduct=6366, bcdDevice= 1.00
[2025-09-27 20:30:10] [General - KernelLogLogger] [DEBUG] 2025-09-27T20:30:10.539327-06:00 photonvision kernel: usb 5-1: New USB device strings: Mfr=2, Product=1, SerialNumber=3
[2025-09-27 20:30:10] [General - KernelLogLogger] [DEBUG] 2025-09-27T20:30:10.539331-06:00 photonvision kernel: usb 5-1: Product: AprilTag1
[2025-09-27 20:30:10] [General - KernelLogLogger] [DEBUG] 2025-09-27T20:30:10.539335-06:00 photonvision kernel: usb 5-1: Manufacturer: Arducam Technology Co., Ltd.
[2025-09-27 20:30:10] [General - KernelLogLogger] [DEBUG] 2025-09-27T20:30:10.539339-06:00 photonvision kernel: usb 5-1: SerialNumber: 0001
[2025-09-27 20:30:10] [General - KernelLogLogger] [DEBUG] 2025-09-27T20:30:10.542458-06:00 photonvision kernel: usb 5-1: Found UVC 1.00 device AprilTag1 (0c45:6366)
[2025-09-27 20:30:10] [General - KernelLogLogger] [DEBUG] 2025-09-27T20:30:10.569058-06:00 photonvision kernel: input: AprilTag1: AprilTag1 as /devices/platform/fc880000.usb/usb5/5-1/5-1:1.0/input/input126
[2025-09-27 20:30:10] [General - KernelLogLogger] [DEBUG] 000.hdmi: i2c read time out!
[2025-09-27 20:30:10] [General - KernelLogLogger] [DEBUG]  :@:zÁã	8@IڊØ-6@ Y°ã#ß4@FàäÄå4@-,¹G3@£++¿Ò2@®¼Ԟ2@%:¦{2@	ó]H2@JQô1@®ª´=Wz1@GrÒ0@˞0@Ô^g5Ö%/@Ö±¦.@«¬eM.@´xæEò-@ǰØÅÉÌ-@I]ú-@WKþ1X.@¯Ëïù.@֯±{/@æҥ«Èß/@X)Gü`a0@eøÕ0@£"ãÐ1@5ÛiÌ1@#t|³[2@6îoâZA3@ð	Â4@ßAÔiÆ4@¬dÞÏ!5@w·ÔU5@. Ø3ø®4@ô!hí3@&±mE2@Dû-úÞ-@s2UɸÄ"@î%7à @HN¼àôä?é3âg¨?¸J?ÇêZBx?Ø0}õxó>?BÊÏK*î>fÏû5tð¾gcüyï¾ÚJ8F?ة?F鉝ý	?¯Wç«ÿ?p+ÙàÓð>FzÌ:å>ȗJ;ý>.aHfµ?dÌSÇ?"±« ?ñ«ɸ
[2025-09-27 20:30:10] [Camera - USBFrameProvider - AprilTag1] [ERROR] Error grabbing image: timed out getting frame
[2025-09-27 20:30:11] [Camera - USBFrameProvider - AprilTag1] [ERROR] Error grabbing image: timed out getting frame
[2025-09-27 20:30:11] [Camera - USBFrameProvider - AprilTag1] [ERROR] Error grabbing image: timed out getting frame
[2025-09-27 20:30:11] [CSCore - PvCSCoreLogger] [DEBUG] CS: DEBUG 7: AprilTag1: allocating buffers (UsbCameraImpl.cpp:701)
[2025-09-27 20:30:11] [CSCore - PvCSCoreLogger] [DEBUG] CS: DEBUG 7: AprilTag1: mapping buffers (UsbCameraImpl.cpp:715)
[2025-09-27 20:30:11] [CSCore - PvCSCoreLogger] [DEBUG] CS: DEBUG 7: AprilTag1: queuing buffers (UsbCameraImpl.cpp:765)
[2025-09-27 20:30:11] [Camera - USBFrameProvider - AprilTag1] [ERROR] Error grabbing image: timed out getting frame
[2025-09-27 20:30:11] [CSCore - PvCSCoreLogger] [ERROR] CS: ERROR 40: AprilTag1: ioctl VIDIOC_STREAMON failed: Protocol error (UsbCameraImpl.cpp:789)
[2025-09-27 20:30:11] [CSCore - PvCSCoreLogger] [INFO] AprilTag1: Attempting to connect to USB camera on /dev/v4l/by-path/platform-fc880000.usb-usb-0:1:1.0-video-index0
[2025-09-27 20:30:11] [CSCore - PvCSCoreLogger] [DEBUG] CS: DEBUG 7: AprilTag1: opening device (UsbCameraImpl.cpp:651)
[2025-09-27 20:30:11] [CSCore - PvCSCoreLogger] [INFO] AprilTag1: Attempting to connect to USB camera on /dev/v4l/by-path/platform-fc880000.usb-usb-0:1:1.0-video-index0
[2025-09-27 20:30:11] [CSCore - PvCSCoreLogger] [DEBUG] CS: DEBUG 7: AprilTag1: opening device (UsbCameraImpl.cpp:651)
[2025-09-27 20:30:11] [General - KernelLogLogger] [DEBUG] 2025-09-27T20:30:11.815759-06:00 photonvision kernel: usb 5-1: Failed to query (GET_CUR) UVC control 7 on unit 2: -71 (exp. 2).
[2025-09-27 20:30:12] [Camera - USBFrameProvider - AprilTag1] [ERROR] Error grabbing image: timed out getting frame
[2025-09-27 20:30:12] [Camera - USBFrameProvider - AprilTag1] [ERROR] Error grabbing image: timed out getting frame
[2025-09-27 20:30:12] [CSCore - PvCSCoreLogger] [INFO] AprilTag1: Attempting to connect to USB camera on /dev/v4l/by-path/platform-fc880000.usb-usb-0:1:1.0-video-index0
[2025-09-27 20:30:12] [CSCore - PvCSCoreLogger] [DEBUG] CS: DEBUG 7: AprilTag1: opening device (UsbCameraImpl.cpp:651)
[2025-09-27 20:30:12] [CSCore - PvCSCoreLogger] [INFO] AprilTag1: Attempting to connect to USB camera on /dev/v4l/by-path/platform-fc880000.usb-usb-0:1:1.0-video-index0
[2025-09-27 20:30:12] [CSCore - PvCSCoreLogger] [DEBUG] CS: DEBUG 7: AprilTag1: opening device (UsbCameraImpl.cpp:651)
[2025-09-27 20:30:12] [CSCore - PvCSCoreLogger] [INFO] AprilTag1: Attempting to connect to USB camera on /dev/v4l/by-path/platform-fc880000.usb-usb-0:1:1.0-video-index0
[2025-09-27 20:30:12] [CSCore - PvCSCoreLogger] [DEBUG] CS: DEBUG 7: AprilTag1: opening device (UsbCameraImpl.cpp:651)
[2025-09-27 20:30:12] [CSCore - PvCSCoreLogger] [INFO] AprilTag1: Connected to USB camera on /dev/v4l/by-path/platform-fc880000.usb-usb-0:1:1.0-video-index0
[2025-09-27 20:30:12] [CSCore - PvCSCoreLogger] [DEBUG] CS: DEBUG 7: AprilTag1: getting capabilities (UsbCameraImpl.cpp:663)
[2025-09-27 20:30:12] [CSCore - PvCSCoreLogger] [DEBUG] CS: DEBUG 7: AprilTag1: restoring video mode (UsbCameraImpl.cpp:681)
[2025-09-27 20:30:12] [CSCore - PvCSCoreLogger] [INFO] AprilTag1: set format 1 res 320x240
[2025-09-27 20:30:12] [CSCore - PvCSCoreLogger] [INFO] AprilTag1: set FPS to 100
[2025-09-27 20:30:12] [CSCore - PvCSCoreLogger] [DEBUG] CS: DEBUG 7: AprilTag1: restoring settings (UsbCameraImpl.cpp:686)
[2025-09-27 20:30:12] [Camera - USBFrameProvider - AprilTag1] [ERROR] Error grabbing image: timed out getting frame
[2025-09-27 20:30:12] [Camera - USBFrameProvider - AprilTag1] [ERROR] Error grabbing image: timed out getting frame
[2025-09-27 20:30:12] [General - KernelLogLogger] [DEBUG] 2025-09-27T20:30:11.842376-06:00 photonvision kernel: usb usb5-port1: disabled by hub (EMI?), re-enabling...
[2025-09-27 20:30:12] [General - KernelLogLogger] [DEBUG] 2025-09-27T20:30:11.842399-06:00 photonvision kernel: usb 5-1: USB disconnect, device number 115
[2025-09-27 20:30:12] [General - KernelLogLogger] [DEBUG] 2025-09-27T20:30:12.169288-06:00 photonvision kernel: usb 5-1: new high-speed USB device number 116 using ehci-platform
[2025-09-27 20:30:12] [General - KernelLogLogger] [DEBUG] 2025-09-27T20:30:12.329073-06:00 photonvision kernel: usb 5-1: New USB device found, idVendor=0c45, idProduct=6366, bcdDevice= 1.00
[2025-09-27 20:30:12] [General - KernelLogLogger] [DEBUG] 2025-09-27T20:30:12.329148-06:00 photonvision kernel: usb 5-1: New USB device strings: Mfr=2, Product=1, SerialNumber=3
[2025-09-27 20:30:12] [General - KernelLogLogger] [DEBUG] 2025-09-27T20:30:12.329154-06:00 photonvision kernel: usb 5-1: Product: AprilTag1
[2025-09-27 20:30:12] [General - KernelLogLogger] [DEBUG] 2025-09-27T20:30:12.329157-06:00 photonvision kernel: usb 5-1: Manufacturer: Arducam Technology Co., Ltd.
[2025-09-27 20:30:12] [General - KernelLogLogger] [DEBUG] 2025-09-27T20:30:12.329162-06:00 photonvision kernel: usb 5-1: SerialNumber: 0001
[2025-09-27 20:30:12] [General - KernelLogLogger] [DEBUG] 2025-09-27T20:30:12.332389-06:00 photonvision kernel: usb 5-1: Found UVC 1.00 device AprilTag1 (0c45:6366)
[2025-09-27 20:30:12] [General - KernelLogLogger] [DEBUG] 2025-09-27T20:30:12.359041-06:00 photonvision kernel: input: AprilTag1: AprilTag1 as /devices/platform/fc880000.usb/usb5/5-1/5-1:1.0/input/input127
[2025-09-27 20:30:13] [Camera - USBFrameProvider - AprilTag1] [ERROR] Error grabbing image: timed out getting frame
[2025-09-27 20:30:13] [Camera - USBFrameProvider - AprilTag1] [ERROR] Error grabbing image: timed out getting frame
[2025-09-27 20:30:13] [CSCore - PvCSCoreLogger] [DEBUG] CS: DEBUG 7: AprilTag1: allocating buffers (UsbCameraImpl.cpp:701)
[2025-09-27 20:30:13] [CSCore - PvCSCoreLogger] [DEBUG] CS: DEBUG 7: AprilTag1: mapping buffers (UsbCameraImpl.cpp:715)
[2025-09-27 20:30:13] [CSCore - PvCSCoreLogger] [DEBUG] CS: DEBUG 7: AprilTag1: queuing buffers (UsbCameraImpl.cpp:765)
[2025-09-27 20:30:13] [CSCore - PvCSCoreLogger] [ERROR] CS: ERROR 40: AprilTag1: ioctl VIDIOC_STREAMON failed: Protocol error (UsbCameraImpl.cpp:789)
[2025-09-27 20:30:13] [CSCore - PvCSCoreLogger] [DEBUG] CS: DEBUG 7: AprilTag1: queuing buffers (UsbCameraImpl.cpp:765)
[2025-09-27 20:30:13] [CSCore - PvCSCoreLogger] [ERROR] CS: ERROR 40: ioctl VIDIOC_QBUF failed at UsbCameraImpl.cpp:772: No such device (UsbUtil.cpp:157)
[2025-09-27 20:30:13] [CSCore - PvCSCoreLogger] [WARN] CS: WARNING 30: AprilTag1: could not queue buffer 0 (UsbCameraImpl.cpp:773)
[2025-09-27 20:30:13] [Camera - USBFrameProvider - AprilTag1] [ERROR] Error grabbing image: timed out getting frame
[2025-09-27 20:30:13] [CSCore - PvCSCoreLogger] [INFO] AprilTag1: Attempting to connect to USB camera on /dev/v4l/by-path/platform-fc880000.usb-usb-0:1:1.0-video-index0
[2025-09-27 20:30:13] [CSCore - PvCSCoreLogger] [DEBUG] CS: DEBUG 7: AprilTag1: opening device (UsbCameraImpl.cpp:651)
[2025-09-27 20:30:13] [General - KernelLogLogger] [DEBUG] 2025-09-27T20:30:13.615739-06:00 photonvision kernel: usb 5-1: Failed to query (GET_MAX) UVC control 8 on unit 2: -71 (exp. 2).
[2025-09-27 20:30:13] [General - KernelLogLogger] [DEBUG] 2025-09-27T20:30:13.629039-06:00 photonvision kernel: usb 5-1: Failed to query (GET_CUR) UVC control 2 on unit 2: -71 (exp. 2).
[2025-09-27 20:30:13] [General - KernelLogLogger] [DEBUG] 2025-09-27T20:30:13.635714-06:00 photonvision kernel: usb 5-1: Failed to query (GET_DEF) UVC control 8 on unit 2: -71 (exp. 2).
[2025-09-27 20:30:13] [General - KernelLogLogger] [DEBUG] 2025-09-27T20:30:13.646048-06:00 photonvision kernel: usb usb5-port1: disabled by hub (EMI?), re-enabling...
[2025-09-27 20:30:13] [General - KernelLogLogger] [DEBUG] 2025-09-27T20:30:13.646416-06:00 photonvision kernel: usb 5-1: USB disconnect, device number 116
[2025-09-27 20:30:13] [Camera - USBFrameProvider - AprilTag1] [ERROR] Error grabbing image: timed out getting frame
[2025-09-27 20:30:14] [Camera - USBFrameProvider - AprilTag1] [ERROR] Error grabbing image: timed out getting frame
[2025-09-27 20:30:14] [CSCore - PvCSCoreLogger] [INFO] AprilTag1: Attempting to connect to USB camera on /dev/v4l/by-path/platform-fc880000.usb-usb-0:1:1.0-video-index0
[2025-09-27 20:30:14] [CSCore - PvCSCoreLogger] [DEBUG] CS: DEBUG 7: AprilTag1: opening device (UsbCameraImpl.cpp:651)
[2025-09-27 20:30:14] [CSCore - PvCSCoreLogger] [INFO] AprilTag1: Attempting to connect to USB camera on /dev/v4l/by-path/platform-fc880000.usb-usb-0:1:1.0-video-index0
[2025-09-27 20:30:14] [CSCore - PvCSCoreLogger] [DEBUG] CS: DEBUG 7: AprilTag1: opening device (UsbCameraImpl.cpp:651)
[2025-09-27 20:30:14] [CSCore - PvCSCoreLogger] [INFO] AprilTag1: Connected to USB camera on /dev/v4l/by-path/platform-fc880000.usb-usb-0:1:1.0-video-index0
[2025-09-27 20:30:14] [CSCore - PvCSCoreLogger] [DEBUG] CS: DEBUG 7: AprilTag1: getting capabilities (UsbCameraImpl.cpp:663)
[2025-09-27 20:30:14] [CSCore - PvCSCoreLogger] [DEBUG] CS: DEBUG 7: AprilTag1: restoring video mode (UsbCameraImpl.cpp:681)
[2025-09-27 20:30:14] [CSCore - PvCSCoreLogger] [INFO] AprilTag1: set format 1 res 320x240
[2025-09-27 20:30:14] [CSCore - PvCSCoreLogger] [INFO] AprilTag1: set FPS to 100
[2025-09-27 20:30:14] [CSCore - PvCSCoreLogger] [DEBUG] CS: DEBUG 7: AprilTag1: restoring settings (UsbCameraImpl.cpp:686)
[2025-09-27 20:30:14] [Camera - USBFrameProvider - AprilTag1] [ERROR] Error grabbing image: timed out getting frame
[2025-09-27 20:30:14] [Camera - USBFrameProvider - AprilTag1] [ERROR] Error grabbing image: timed out getting frame
[2025-09-27 20:30:14] [General - KernelLogLogger] [DEBUG] 2025-09-27T20:30:13.989066-06:00 photonvision kernel: usb 5-1: new high-speed USB device number 117 using ehci-platform
[2025-09-27 20:30:14] [General - KernelLogLogger] [DEBUG] 2025-09-27T20:30:14.149258-06:00 photonvision kernel: usb 5-1: New USB device found, idVendor=0c45, idProduct=6366, bcdDevice= 1.00
[2025-09-27 20:30:14] [General - KernelLogLogger] [DEBUG] 2025-09-27T20:30:14.149308-06:00 photonvision kernel: usb 5-1: New USB device strings: Mfr=2, Product=1, SerialNumber=3
[2025-09-27 20:30:14] [General - KernelLogLogger] [DEBUG] 2025-09-27T20:30:14.149313-06:00 photonvision kernel: usb 5-1: Product: AprilTag1
[2025-09-27 20:30:14] [General - KernelLogLogger] [DEBUG] 2025-09-27T20:30:14.149340-06:00 photonvision kernel: usb 5-1: Manufacturer: Arducam Technology Co., Ltd.
[2025-09-27 20:30:14] [General - KernelLogLogger] [DEBUG] 2025-09-27T20:30:14.149344-06:00 photonvision kernel: usb 5-1: SerialNumber: 0001
[2025-09-27 20:30:14] [General - KernelLogLogger] [DEBUG] 2025-09-27T20:30:14.152376-06:00 photonvision kernel: usb 5-1: Found UVC 1.00 device AprilTag1 (0c45:6366)
[2025-09-27 20:30:14] [General - KernelLogLogger] [DEBUG] 2025-09-27T20:30:14.182471-06:00 photonvision kernel: input: AprilTag1: AprilTag1 as /devices/platform/fc880000.usb/usb5/5-1/5-1:1.0/input/input128
[2025-09-27 20:30:14] [General - KernelLogLogger] [DEBUG] nel: usb 5-1: Found UVC 1.00 device AprilTag1 (0c45:6366)
[2025-09-27 20:30:14] [General - KernelLogLogger] [DEBUG] 2025-09-27T20:30:12.359041-06:00 photonvision kernel: input: AprilTag1: AprilTag1 as /devices/platform/fc880000.usb/usb5/5-1/5-1:1.0/input/input127
[2025-09-27 20:30:15] [Camera - USBFrameProvider - AprilTag1] [ERROR] Error grabbing image: timed out getting frame
[2025-09-27 20:30:15] [Camera - USBFrameProvider - AprilTag1] [ERROR] Error grabbing image: timed out getting frame
[2025-09-27 20:30:15] [CSCore - PvCSCoreLogger] [DEBUG] CS: DEBUG 7: AprilTag1: allocating buffers (UsbCameraImpl.cpp:701)
[2025-09-27 20:30:15] [CSCore - PvCSCoreLogger] [DEBUG] CS: DEBUG 7: AprilTag1: mapping buffers (UsbCameraImpl.cpp:715)
[2025-09-27 20:30:15] [CSCore - PvCSCoreLogger] [DEBUG] CS: DEBUG 7: AprilTag1: queuing buffers (UsbCameraImpl.cpp:765)
[2025-09-27 20:30:15] [CSCore - PvCSCoreLogger] [ERROR] CS: ERROR 40: AprilTag1: ioctl VIDIOC_STREAMON failed: Protocol error (UsbCameraImpl.cpp:789)
[2025-09-27 20:30:15] [CSCore - PvCSCoreLogger] [DEBUG] CS: DEBUG 7: AprilTag1: queuing buffers (UsbCameraImpl.cpp:765)
[2025-09-27 20:30:15] [CSCore - PvCSCoreLogger] [ERROR] CS: ERROR 40: ioctl VIDIOC_QBUF failed at UsbCameraImpl.cpp:772: Invalid argument (UsbUtil.cpp:157)
[2025-09-27 20:30:15] [CSCore - PvCSCoreLogger] [WARN] CS: WARNING 30: AprilTag1: could not queue buffer 0 (UsbCameraImpl.cpp:773)
[2025-09-27 20:30:15] [CSCore - PvCSCoreLogger] [INFO] AprilTag1: Attempting to connect to USB camera on /dev/v4l/by-path/platform-fc880000.usb-usb-0:1:1.0-video-index0
[2025-09-27 20:30:15] [CSCore - PvCSCoreLogger] [DEBUG] CS: DEBUG 7: AprilTag1: opening device (UsbCameraImpl.cpp:651)
[2025-09-27 20:30:15] [CSCore - PvCSCoreLogger] [INFO] AprilTag1: Attempting to connect to USB camera on /dev/v4l/by-path/platform-fc880000.usb-usb-0:1:1.0-video-index0
[2025-09-27 20:30:15] [CSCore - PvCSCoreLogger] [DEBUG] CS: DEBUG 7: AprilTag1: opening device (UsbCameraImpl.cpp:651)
[2025-09-27 20:30:15] [CSCore - PvCSCoreLogger] [INFO] AprilTag1: Attempting to connect to USB camera on /dev/v4l/by-path/platform-fc880000.usb-usb-0:1:1.0-video-index0
[2025-09-27 20:30:15] [CSCore - PvCSCoreLogger] [DEBUG] CS: DEBUG 7: AprilTag1: opening device (UsbCameraImpl.cpp:651)
[2025-09-27 20:30:15] [CSCore - PvCSCoreLogger] [INFO] AprilTag1: Attempting to connect to USB camera on /dev/v4l/by-path/platform-fc880000.usb-usb-0:1:1.0-video-index0
[2025-09-27 20:30:15] [CSCore - PvCSCoreLogger] [DEBUG] CS: DEBUG 7: AprilTag1: opening device (UsbCameraImpl.cpp:651)
[2025-09-27 20:30:15] [Camera - USBFrameProvider - AprilTag1] [ERROR] Error grabbing image: timed out getting frame
[2025-09-27 20:30:15] [Camera - USBFrameProvider - AprilTag1] [ERROR] Error grabbing image: timed out getting frame
[2025-09-27 20:30:15] [General - KernelLogLogger] [DEBUG] 2025-09-27T20:30:15.409222-06:00 photonvision kernel: usb 5-1: Failed to query (GET_MIN) UVC control 8 on unit 2: -71 (exp. 2).
[2025-09-27 20:30:15] [General - KernelLogLogger] [DEBUG] 2025-09-27T20:30:15.419262-06:00 photonvision kernel: usb 5-1: Failed to query (GET_CUR) UVC control 2 on unit 2: -71 (exp. 2).
[2025-09-27 20:30:15] [General - KernelLogLogger] [DEBUG] 2025-09-27T20:30:15.431362-06:00 photonvision kernel: usb 5-1: Failed to query (GET_DEF) UVC control 8 on unit 2: -71 (exp. 2).
[2025-09-27 20:30:15] [General - KernelLogLogger] [DEBUG] 2025-09-27T20:30:15.439037-06:00 photonvision kernel: usb usb5-port1: disabled by hub (EMI?), re-enabling...
[2025-09-27 20:30:15] [General - KernelLogLogger] [DEBUG] 2025-09-27T20:30:15.439059-06:00 photonvision kernel: usb 5-1: USB disconnect, device number 117
[2025-09-27 20:30:15] [General - KernelLogLogger] [DEBUG] 2025-09-27T20:30:15.772371-06:00 photonvision kernel: usb 5-1: new high-speed USB device number 118 using ehci-platform
[2025-09-27 20:30:15] [General - KernelLogLogger] [DEBUG] 163-06:00 photonvision kernel: usb 5-1: Found UVC 1.00 device AprilTag1 (0c45:6366)
[2025-09-27 20:30:15] [General - KernelLogLogger] [DEBUG] 2025-09-27T20:28:38.976082-06:00 photonvision kernel: input: AprilTag1: AprilTag1 as /devices/platform/fc880000.usb/usb5/5-1/5-1:1.0/input/input78
[2025-09-27 20:30:15] [General - KernelLogLogger] [DEBUG] 2025-09-27T20:28:39.123432-06:00 photonvision kernel: xhci-hcd xhci-hcd.11.auto: WARN: buffer overrun event for slot 1 ep 2 on endpoint
[2025-09-27 20:30:15] [CSCore - PvCSCoreLogger] [INFO] AprilTag1: Attempting to connect to USB camera on /dev/v4l/by-path/platform-fc880000.usb-usb-0:1:1.0-video-index0
[2025-09-27 20:30:15] [CSCore - PvCSCoreLogger] [DEBUG] CS: DEBUG 7: AprilTag1: opening device (UsbCameraImpl.cpp:651)
[2025-09-27 20:30:15] [CSCore - PvCSCoreLogger] [INFO] AprilTag1: Connected to USB camera on /dev/v4l/by-path/platform-fc880000.usb-usb-0:1:1.0-video-index0
[2025-09-27 20:30:15] [CSCore - PvCSCoreLogger] [DEBUG] CS: DEBUG 7: AprilTag1: getting capabilities (UsbCameraImpl.cpp:663)
[2025-09-27 20:30:15] [CSCore - PvCSCoreLogger] [DEBUG] CS: DEBUG 7: AprilTag1: restoring video mode (UsbCameraImpl.cpp:681)
[2025-09-27 20:30:16] [CSCore - PvCSCoreLogger] [INFO] AprilTag1: set format 1 res 320x240
[2025-09-27 20:30:16] [CSCore - PvCSCoreLogger] [INFO] AprilTag1: set FPS to 100
[2025-09-27 20:30:16] [CSCore - PvCSCoreLogger] [DEBUG] CS: DEBUG 7: AprilTag1: restoring settings (UsbCameraImpl.cpp:686)
[2025-09-27 20:30:16] [Camera - USBFrameProvider - AprilTag1] [ERROR] Error grabbing image: timed out getting frame
[2025-09-27 20:30:16] [Camera - USBFrameProvider - AprilTag1] [ERROR] Error grabbing image: timed out getting frame
[2025-09-27 20:30:16] [Camera - USBFrameProvider - AprilTag1] [ERROR] Error grabbing image: timed out getting frame
[2025-09-27 20:30:16] [General - KernelLogLogger] [DEBUG] 2025-09-27T20:30:15.932381-06:00 photonvision kernel: usb 5-1: New USB device found, idVendor=0c45, idProduct=6366, bcdDevice= 1.00
[2025-09-27 20:30:16] [General - KernelLogLogger] [DEBUG] 2025-09-27T20:30:15.932403-06:00 photonvision kernel: usb 5-1: New USB device strings: Mfr=2, Product=1, SerialNumber=3
[2025-09-27 20:30:16] [General - KernelLogLogger] [DEBUG] 2025-09-27T20:30:15.932405-06:00 photonvision kernel: usb 5-1: Product: AprilTag1
[2025-09-27 20:30:16] [General - KernelLogLogger] [DEBUG] 2025-09-27T20:30:15.932406-06:00 photonvision kernel: usb 5-1: Manufacturer: Arducam Technology Co., Ltd.
[2025-09-27 20:30:16] [General - KernelLogLogger] [DEBUG] 2025-09-27T20:30:15.932408-06:00 photonvision kernel: usb 5-1: SerialNumber: 0001
[2025-09-27 20:30:16] [General - KernelLogLogger] [DEBUG] 2025-09-27T20:30:15.935751-06:00 photonvision kernel: usb 5-1: Found UVC 1.00 device AprilTag1 (0c45:6366)
[2025-09-27 20:30:16] [General - KernelLogLogger] [DEBUG] 2025-09-27T20:30:15.965900-06:00 photonvision kernel: input: AprilTag1: AprilTag1 as /devices/platform/fc880000.usb/usb5/5-1/5-1:1.0/input/input129
[2025-09-27 20:30:16] [General - KernelLogLogger] [DEBUG] ÿÿ
[2025-09-27 20:30:16] [Camera - USBFrameProvider - AprilTag1] [ERROR] Error grabbing image: timed out getting frame
[2025-09-27 20:30:17] [CSCore - PvCSCoreLogger] [DEBUG] CS: DEBUG 7: AprilTag1: allocating buffers (UsbCameraImpl.cpp:701)
[2025-09-27 20:30:17] [CSCore - PvCSCoreLogger] [DEBUG] CS: DEBUG 7: AprilTag1: mapping buffers (UsbCameraImpl.cpp:715)
[2025-09-27 20:30:17] [CSCore - PvCSCoreLogger] [DEBUG] CS: DEBUG 7: AprilTag1: queuing buffers (UsbCameraImpl.cpp:765)
[2025-09-27 20:30:17] [Camera - USBFrameProvider - AprilTag1] [ERROR] Error grabbing image: timed out getting frame
[2025-09-27 20:30:17] [CSCore - PvCSCoreLogger] [ERROR] CS: ERROR 40: AprilTag1: ioctl VIDIOC_STREAMON failed: Protocol error (UsbCameraImpl.cpp:789)
[2025-09-27 20:30:17] [CSCore - PvCSCoreLogger] [DEBUG] CS: DEBUG 7: AprilTag1: queuing buffers (UsbCameraImpl.cpp:765)
[2025-09-27 20:30:17] [CSCore - PvCSCoreLogger] [ERROR] CS: ERROR 40: ioctl VIDIOC_QBUF failed at UsbCameraImpl.cpp:772: Invalid argument (UsbUtil.cpp:157)
[2025-09-27 20:30:17] [CSCore - PvCSCoreLogger] [WARN] CS: WARNING 30: AprilTag1: could not queue buffer 0 (UsbCameraImpl.cpp:773)
[2025-09-27 20:30:17] [CSCore - PvCSCoreLogger] [INFO] AprilTag1: Attempting to connect to USB camera on /dev/v4l/by-path/platform-fc880000.usb-usb-0:1:1.0-video-index0
[2025-09-27 20:30:17] [CSCore - PvCSCoreLogger] [DEBUG] CS: DEBUG 7: AprilTag1: opening device (UsbCameraImpl.cpp:651)
[2025-09-27 20:30:17] [CSCore - PvCSCoreLogger] [INFO] AprilTag1: Attempting to connect to USB camera on /dev/v4l/by-path/platform-fc880000.usb-usb-0:1:1.0-video-index0
[2025-09-27 20:30:17] [CSCore - PvCSCoreLogger] [DEBUG] CS: DEBUG 7: AprilTag1: opening device (UsbCameraImpl.cpp:651)
[2025-09-27 20:30:17] [Camera - USBFrameProvider - AprilTag1] [ERROR] Error grabbing image: timed out getting frame
[2025-09-27 20:30:17] [Camera - USBFrameProvider - AprilTag1] [ERROR] Error grabbing image: timed out getting frame
[2025-09-27 20:30:17] [CSCore - PvCSCoreLogger] [INFO] AprilTag1: Attempting to connect to USB camera on /dev/v4l/by-path/platform-fc880000.usb-usb-0:1:1.0-video-index0
[2025-09-27 20:30:17] [CSCore - PvCSCoreLogger] [DEBUG] CS: DEBUG 7: AprilTag1: opening device (UsbCameraImpl.cpp:651)
[2025-09-27 20:30:17] [CSCore - PvCSCoreLogger] [INFO] AprilTag1: Connected to USB camera on /dev/v4l/by-path/platform-fc880000.usb-usb-0:1:1.0-video-index0
[2025-09-27 20:30:17] [CSCore - PvCSCoreLogger] [DEBUG] CS: DEBUG 7: AprilTag1: getting capabilities (UsbCameraImpl.cpp:663)
[2025-09-27 20:30:17] [CSCore - PvCSCoreLogger] [DEBUG] CS: DEBUG 7: AprilTag1: restoring video mode (UsbCameraImpl.cpp:681)
[2025-09-27 20:30:17] [CSCore - PvCSCoreLogger] [INFO] AprilTag1: set format 1 res 320x240
[2025-09-27 20:30:17] [CSCore - PvCSCoreLogger] [INFO] AprilTag1: set FPS to 100
[2025-09-27 20:30:17] [CSCore - PvCSCoreLogger] [DEBUG] CS: DEBUG 7: AprilTag1: restoring settings (UsbCameraImpl.cpp:686)
[2025-09-27 20:30:17] [General - KernelLogLogger] [DEBUG] 2025-09-27T20:30:17.225708-06:00 photonvision kernel: usb 5-1: Failed to query (GET_MIN) UVC control 1 on unit 2: -71 (exp. 2).
[2025-09-27 20:30:17] [General - KernelLogLogger] [DEBUG] 2025-09-27T20:30:17.239025-06:00 photonvision kernel: usb 5-1: Failed to query (GET_CUR) UVC control 2 on unit 2: -71 (exp. 2).
[2025-09-27 20:30:17] [General - KernelLogLogger] [DEBUG] 2025-09-27T20:30:17.249059-06:00 photonvision kernel: usb 5-1: Failed to query (GET_DEF) UVC control 1 on unit 2: -71 (exp. 2).
[2025-09-27 20:30:17] [General - KernelLogLogger] [DEBUG] 2025-09-27T20:30:17.259039-06:00 photonvision kernel: usb usb5-port1: disabled by hub (EMI?), re-enabling...
[2025-09-27 20:30:17] [General - KernelLogLogger] [DEBUG] 2025-09-27T20:30:17.259061-06:00 photonvision kernel: usb 5-1: USB disconnect, device number 118
[2025-09-27 20:30:17] [General - KernelLogLogger] [DEBUG] 2025-09-27T20:30:17.599099-06:00 photonvision kernel: usb 5-1: new high-speed USB device number 119 using ehci-platform
[2025-09-27 20:30:17] [General - KernelLogLogger] [DEBUG] 2025-09-27T20:30:17.762409-06:00 photonvision kernel: usb 5-1: New USB device found, idVendor=0c45, idProduct=6366, bcdDevice= 1.00
[2025-09-27 20:30:17] [General - KernelLogLogger] [DEBUG] 2025-09-27T20:30:17.762457-06:00 photonvision kernel: usb 5-1: New USB device strings: Mfr=2, Product=1, SerialNumber=3
[2025-09-27 20:30:17] [General - KernelLogLogger] [DEBUG] 2025-09-27T20:30:17.762461-06:00 photonvision kernel: usb 5-1: Product: AprilTag1
[2025-09-27 20:30:17] [General - KernelLogLogger] [DEBUG] 2025-09-27T20:30:17.762464-06:00 photonvision kernel: usb 5-1: Manufacturer: Arducam Technology Co., Ltd.
[2025-09-27 20:30:17] [General - KernelLogLogger] [DEBUG] 2025-09-27T20:30:17.762468-06:00 photonvision kernel: usb 5-1: SerialNumber: 0001
[2025-09-27 20:30:17] [General - KernelLogLogger] [DEBUG] 2025-09-27T20:30:17.765823-06:00 photonvision kernel: usb 5-1: Found UVC 1.00 device AprilTag1 (0c45:6366)
[2025-09-27 20:30:17] [General - KernelLogLogger] [DEBUG] 2025-09-27T20:30:17.792479-06:00 photonvision kernel: input: AprilTag1: AprilTag1 as /devices/platform/fc880000.usb/usb5/5-1/5-1:1.0/input/input130
[2025-09-27 20:30:17] [General - KernelLogLogger] [DEBUG] 0:25:26.582388-06:00 photonvision kernel: usb 5-1: Failed to query (GET_MIN) UVC control 1 on unit 2: -71 (exp. 2).
[2025-09-27 20:30:17] [General - KernelLogLogger] [DEBUG] 2025-09-27T20:25:26.592386-06:00 photonvision kernel: usb 5-1: Failed to query (GET_CUR) UVC control 2 on unit 2: -71 (exp. 2).
[2025-09-27 20:30:17] [General - KernelLogLogger] [DEBUG] 2025-09-27T20:25:26.595748-06:00 photonvision kernel: usb usb5-port1: disabled by hub (EMI?), re-enabling...
[2025-09-27 20:30:17] [General - KernelLogLogger] [DEBUG] 2025-09-27T20:25:26.595773-06:00 photonvision kernel: usb 5-1: USB disconnect, device number 4
[2025-09-27 20:30:17] [General - KernelLogLogger] [DEBUG] ÿ
[2025-09-27 20:30:18] [Camera - USBFrameProvider - AprilTag1] [ERROR] Error grabbing image: timed out getting frame
[2025-09-27 20:30:18] [Camera - USBFrameProvider - AprilTag1] [ERROR] Error grabbing image: timed out getting frame
[2025-09-27 20:30:18] [Camera - USBFrameProvider - AprilTag1] [ERROR] Error grabbing image: timed out getting frame
[2025-09-27 20:30:18] [Camera - USBFrameProvider - AprilTag1] [ERROR] Error grabbing image: timed out getting frame
[2025-09-27 20:30:18] [CSCore - PvCSCoreLogger] [DEBUG] CS: DEBUG 7: AprilTag1: allocating buffers (UsbCameraImpl.cpp:701)
[2025-09-27 20:30:18] [CSCore - PvCSCoreLogger] [DEBUG] CS: DEBUG 7: AprilTag1: mapping buffers (UsbCameraImpl.cpp:715)
[2025-09-27 20:30:18] [CSCore - PvCSCoreLogger] [DEBUG] CS: DEBUG 7: AprilTag1: queuing buffers (UsbCameraImpl.cpp:765)
[2025-09-27 20:30:19] [CSCore - PvCSCoreLogger] [ERROR] CS: ERROR 40: AprilTag1: ioctl VIDIOC_STREAMON failed: Protocol error (UsbCameraImpl.cpp:789)
[2025-09-27 20:30:19] [CSCore - PvCSCoreLogger] [DEBUG] CS: DEBUG 7: AprilTag1: queuing buffers (UsbCameraImpl.cpp:765)
[2025-09-27 20:30:19] [CSCore - PvCSCoreLogger] [ERROR] CS: ERROR 40: ioctl VIDIOC_QBUF failed at UsbCameraImpl.cpp:772: Invalid argument (UsbUtil.cpp:157)
[2025-09-27 20:30:19] [CSCore - PvCSCoreLogger] [WARN] CS: WARNING 30: AprilTag1: could not queue buffer 0 (UsbCameraImpl.cpp:773)
[2025-09-27 20:30:19] [CSCore - PvCSCoreLogger] [DEBUG] CS: DEBUG 7: AprilTag1: queuing buffers (UsbCameraImpl.cpp:765)
[2025-09-27 20:30:19] [CSCore - PvCSCoreLogger] [ERROR] CS: ERROR 40: ioctl VIDIOC_QBUF failed at UsbCameraImpl.cpp:772: Invalid argument (UsbUtil.cpp:157)
[2025-09-27 20:30:19] [CSCore - PvCSCoreLogger] [WARN] CS: WARNING 30: AprilTag1: could not queue buffer 0 (UsbCameraImpl.cpp:773)
[2025-09-27 20:30:19] [CSCore - PvCSCoreLogger] [DEBUG] CS: DEBUG 7: AprilTag1: queuing buffers (UsbCameraImpl.cpp:765)
[2025-09-27 20:30:19] [CSCore - PvCSCoreLogger] [ERROR] CS: ERROR 40: ioctl VIDIOC_QBUF failed at UsbCameraImpl.cpp:772: No such device (UsbUtil.cpp:157)
[2025-09-27 20:30:19] [CSCore - PvCSCoreLogger] [WARN] CS: WARNING 30: AprilTag1: could not queue buffer 0 (UsbCameraImpl.cpp:773)
[2025-09-27 20:30:19] [CSCore - PvCSCoreLogger] [DEBUG] CS: DEBUG 7: AprilTag1: queuing buffers (UsbCameraImpl.cpp:765)
[2025-09-27 20:30:19] [CSCore - PvCSCoreLogger] [ERROR] CS: ERROR 40: ioctl VIDIOC_QBUF failed at UsbCameraImpl.cpp:772: No such device (UsbUtil.cpp:157)
[2025-09-27 20:30:19] [CSCore - PvCSCoreLogger] [WARN] CS: WARNING 30: AprilTag1: could not queue buffer 0 (UsbCameraImpl.cpp:773)
[2025-09-27 20:30:19] [CSCore - PvCSCoreLogger] [INFO] AprilTag1: Attempting to connect to USB camera on /dev/v4l/by-path/platform-fc880000.usb-usb-0:1:1.0-video-index0
[2025-09-27 20:30:19] [CSCore - PvCSCoreLogger] [DEBUG] CS: DEBUG 7: AprilTag1: opening device (UsbCameraImpl.cpp:651)
[2025-09-27 20:30:19] [CSCore - PvCSCoreLogger] [INFO] AprilTag1: Attempting to connect to USB camera on /dev/v4l/by-path/platform-fc880000.usb-usb-0:1:1.0-video-index0
[2025-09-27 20:30:19] [CSCore - PvCSCoreLogger] [DEBUG] CS: DEBUG 7: AprilTag1: opening device (UsbCameraImpl.cpp:651)
[2025-09-27 20:30:19] [Camera - USBFrameProvider - AprilTag1] [ERROR] Error grabbing image: timed out getting frame
[2025-09-27 20:30:19] [Camera - USBFrameProvider - AprilTag1] [ERROR] Error grabbing image: timed out getting frame
[2025-09-27 20:30:19] [CSCore - PvCSCoreLogger] [INFO] AprilTag1: Attempting to connect to USB camera on /dev/v4l/by-path/platform-fc880000.usb-usb-0:1:1.0-video-index0
[2025-09-27 20:30:19] [CSCore - PvCSCoreLogger] [DEBUG] CS: DEBUG 7: AprilTag1: opening device (UsbCameraImpl.cpp:651)
[2025-09-27 20:30:19] [CSCore - PvCSCoreLogger] [INFO] AprilTag1: Attempting to connect to USB camera on /dev/v4l/by-path/platform-fc880000.usb-usb-0:1:1.0-video-index0
[2025-09-27 20:30:19] [CSCore - PvCSCoreLogger] [DEBUG] CS: DEBUG 7: AprilTag1: opening device (UsbCameraImpl.cpp:651)
[2025-09-27 20:30:19] [CSCore - PvCSCoreLogger] [INFO] AprilTag1: Attempting to connect to USB camera on /dev/v4l/by-path/platform-fc880000.usb-usb-0:1:1.0-video-index0
[2025-09-27 20:30:19] [CSCore - PvCSCoreLogger] [DEBUG] CS: DEBUG 7: AprilTag1: opening device (UsbCameraImpl.cpp:651)
[2025-09-27 20:30:19] [CSCore - PvCSCoreLogger] [INFO] AprilTag1: Connected to USB camera on /dev/v4l/by-path/platform-fc880000.usb-usb-0:1:1.0-video-index0
[2025-09-27 20:30:19] [CSCore - PvCSCoreLogger] [DEBUG] CS: DEBUG 7: AprilTag1: getting capabilities (UsbCameraImpl.cpp:663)
[2025-09-27 20:30:19] [CSCore - PvCSCoreLogger] [DEBUG] CS: DEBUG 7: AprilTag1: restoring video mode (UsbCameraImpl.cpp:681)
[2025-09-27 20:30:19] [CSCore - PvCSCoreLogger] [INFO] AprilTag1: set format 1 res 320x240
[2025-09-27 20:30:19] [Camera - USBFrameProvider - AprilTag1] [ERROR] Error grabbing image: timed out getting frame
[2025-09-27 20:30:19] [CSCore - PvCSCoreLogger] [INFO] AprilTag1: set FPS to 100
[2025-09-27 20:30:19] [CSCore - PvCSCoreLogger] [DEBUG] CS: DEBUG 7: AprilTag1: restoring settings (UsbCameraImpl.cpp:686)
[2025-09-27 20:30:19] [Camera - USBFrameProvider - AprilTag1] [ERROR] Error grabbing image: timed out getting frame
[2025-09-27 20:30:19] [General - KernelLogLogger] [DEBUG] 2025-09-27T20:30:19.019066-06:00 photonvision kernel: usb 5-1: Failed to query (GET_DEF) UVC control 1 on unit 2: -71 (exp. 2).
[2025-09-27 20:30:19] [General - KernelLogLogger] [DEBUG] 2025-09-27T20:30:19.032365-06:00 photonvision kernel: usb 5-1: Failed to query (GET_CUR) UVC control 2 on unit 2: -71 (exp. 2).
[2025-09-27 20:30:19] [General - KernelLogLogger] [DEBUG] 2025-09-27T20:30:19.039023-06:00 photonvision kernel: usb 5-1: Failed to query (GET_DEF) UVC control 1 on unit 2: -71 (exp. 2).
[2025-09-27 20:30:19] [General - KernelLogLogger] [DEBUG] 2025-09-27T20:30:19.039043-06:00 photonvision kernel: usb usb5-port1: disabled by hub (EMI?), re-enabling...
[2025-09-27 20:30:19] [General - KernelLogLogger] [DEBUG] 2025-09-27T20:30:19.039044-06:00 photonvision kernel: usb 5-1: USB disconnect, device number 119
[2025-09-27 20:30:19] [General - KernelLogLogger] [DEBUG] 2025-09-27T20:30:19.382352-06:00 photonvision kernel: usb 5-1: new high-speed USB device number 120 using ehci-platform
[2025-09-27 20:30:19] [General - KernelLogLogger] [DEBUG] 2025-09-27T20:30:19.545710-06:00 photonvision kernel: usb 5-1: New USB device found, idVendor=0c45, idProduct=6366, bcdDevice= 1.00
[2025-09-27 20:30:19] [General - KernelLogLogger] [DEBUG] 2025-09-27T20:30:19.545735-06:00 photonvision kernel: usb 5-1: New USB device strings: Mfr=2, Product=1, SerialNumber=3
[2025-09-27 20:30:19] [General - KernelLogLogger] [DEBUG] 2025-09-27T20:30:19.545737-06:00 photonvision kernel: usb 5-1: Product: AprilTag1
[2025-09-27 20:30:19] [General - KernelLogLogger] [DEBUG] 2025-09-27T20:30:19.545739-06:00 photonvision kernel: usb 5-1: Manufacturer: Arducam Technology Co., Ltd.
[2025-09-27 20:30:19] [General - KernelLogLogger] [DEBUG] 2025-09-27T20:30:19.545740-06:00 photonvision kernel: usb 5-1: SerialNumber: 0001
[2025-09-27 20:30:19] [General - KernelLogLogger] [DEBUG] 2025-09-27T20:30:19.552360-06:00 photonvision kernel: usb 5-1: Found UVC 1.00 device AprilTag1 (0c45:6366)
[2025-09-27 20:30:19] [General - KernelLogLogger] [DEBUG] 2025-09-27T20:30:19.579051-06:00 photonvision kernel: input: AprilTag1: AprilTag1 as /devices/platform/fc880000.usb/usb5/5-1/5-1:1.0/input/input131
[2025-09-27 20:30:19] [General - KernelLogLogger] [DEBUG]  endpoint
[2025-09-27 20:30:19] [General - KernelLogLogger] [DEBUG] dwhdmi-rockchip fde80000.hdmi: ddc read failed offset:0x1
[2025-09-27 20:30:19] [General - KernelLogLogger] [DEBUG] 2025-09-27T20:25:18.609057-06:00 photonvision kernel: dwhdmi-rockchip fde80000.hdmi: i2c read time out!
[2025-09-27 20:30:19] [General - KernelLogLogger] [DEBUG] 
[2025-09-27 20:30:20] [Camera - USBFrameProvider - AprilTag1] [ERROR] Error grabbing image: timed out getting frame
[2025-09-27 20:30:20] [Camera - USBFrameProvider - AprilTag1] [ERROR] Error grabbing image: timed out getting frame
[2025-09-27 20:30:20] [CSCore - PvCSCoreLogger] [DEBUG] CS: DEBUG 7: AprilTag1: allocating buffers (UsbCameraImpl.cpp:701)
[2025-09-27 20:30:20] [CSCore - PvCSCoreLogger] [DEBUG] CS: DEBUG 7: AprilTag1: mapping buffers (UsbCameraImpl.cpp:715)
[2025-09-27 20:30:20] [CSCore - PvCSCoreLogger] [DEBUG] CS: DEBUG 7: AprilTag1: queuing buffers (UsbCameraImpl.cpp:765)
[2025-09-27 20:30:20] [Camera - USBFrameProvider - AprilTag1] [ERROR] Error grabbing image: timed out getting frame
[2025-09-27 20:30:20] [CSCore - PvCSCoreLogger] [ERROR] CS: ERROR 40: AprilTag1: ioctl VIDIOC_STREAMON failed: Protocol error (UsbCameraImpl.cpp:789)
[2025-09-27 20:30:20] [CSCore - PvCSCoreLogger] [INFO] AprilTag1: Attempting to connect to USB camera on /dev/v4l/by-path/platform-fc880000.usb-usb-0:1:1.0-video-index0
[2025-09-27 20:30:20] [CSCore - PvCSCoreLogger] [DEBUG] CS: DEBUG 7: AprilTag1: opening device (UsbCameraImpl.cpp:651)
[2025-09-27 20:30:20] [CSCore - PvCSCoreLogger] [INFO] AprilTag1: Attempting to connect to USB camera on /dev/v4l/by-path/platform-fc880000.usb-usb-0:1:1.0-video-index0
[2025-09-27 20:30:20] [CSCore - PvCSCoreLogger] [DEBUG] CS: DEBUG 7: AprilTag1: opening device (UsbCameraImpl.cpp:651)
[2025-09-27 20:30:20] [General - KernelLogLogger] [DEBUG] 2025-09-27T20:30:20.809063-06:00 photonvision kernel: usb 5-1: Failed to query (GET_MAX) UVC control 1 on unit 2: -71 (exp. 2).
[2025-09-27 20:30:20] [Camera - USBFrameProvider - AprilTag1] [ERROR] Error grabbing image: timed out getting frame
[2025-09-27 20:30:21] [Camera - USBFrameProvider - AprilTag1] [ERROR] Error grabbing image: timed out getting frame
[2025-09-27 20:30:21] [CSCore - PvCSCoreLogger] [INFO] AprilTag1: Attempting to connect to USB camera on /dev/v4l/by-path/platform-fc880000.usb-usb-0:1:1.0-video-index0
[2025-09-27 20:30:21] [CSCore - PvCSCoreLogger] [DEBUG] CS: DEBUG 7: AprilTag1: opening device (UsbCameraImpl.cpp:651)
[2025-09-27 20:30:21] [CSCore - PvCSCoreLogger] [INFO] AprilTag1: Attempting to connect to USB camera on /dev/v4l/by-path/platform-fc880000.usb-usb-0:1:1.0-video-index0
[2025-09-27 20:30:21] [CSCore - PvCSCoreLogger] [DEBUG] CS: DEBUG 7: AprilTag1: opening device (UsbCameraImpl.cpp:651)
[2025-09-27 20:30:21] [CSCore - PvCSCoreLogger] [INFO] AprilTag1: Attempting to connect to USB camera on /dev/v4l/by-path/platform-fc880000.usb-usb-0:1:1.0-video-index0
[2025-09-27 20:30:21] [CSCore - PvCSCoreLogger] [DEBUG] CS: DEBUG 7: AprilTag1: opening device (UsbCameraImpl.cpp:651)
[2025-09-27 20:30:21] [CSCore - PvCSCoreLogger] [INFO] AprilTag1: Attempting to connect to USB camera on /dev/v4l/by-path/platform-fc880000.usb-usb-0:1:1.0-video-index0
[2025-09-27 20:30:21] [CSCore - PvCSCoreLogger] [DEBUG] CS: DEBUG 7: AprilTag1: opening device (UsbCameraImpl.cpp:651)
[2025-09-27 20:30:21] [CSCore - PvCSCoreLogger] [INFO] AprilTag1: Connected to USB camera on /dev/v4l/by-path/platform-fc880000.usb-usb-0:1:1.0-video-index0
[2025-09-27 20:30:21] [CSCore - PvCSCoreLogger] [DEBUG] CS: DEBUG 7: AprilTag1: getting capabilities (UsbCameraImpl.cpp:663)
[2025-09-27 20:30:21] [CSCore - PvCSCoreLogger] [DEBUG] CS: DEBUG 7: AprilTag1: restoring video mode (UsbCameraImpl.cpp:681)
[2025-09-27 20:30:21] [CSCore - PvCSCoreLogger] [INFO] AprilTag1: set format 1 res 320x240
[2025-09-27 20:30:21] [CSCore - PvCSCoreLogger] [INFO] AprilTag1: set FPS to 100
[2025-09-27 20:30:21] [CSCore - PvCSCoreLogger] [DEBUG] CS: DEBUG 7: AprilTag1: restoring settings (UsbCameraImpl.cpp:686)
[2025-09-27 20:30:21] [Camera - USBFrameProvider - AprilTag1] [ERROR] Error grabbing image: timed out getting frame
[2025-09-27 20:30:21] [Camera - USBFrameProvider - AprilTag1] [ERROR] Error grabbing image: timed out getting frame
[2025-09-27 20:30:21] [General - KernelLogLogger] [DEBUG] 2025-09-27T20:30:20.822364-06:00 photonvision kernel: usb 5-1: Failed to query (GET_CUR) UVC control 2 on unit 2: -71 (exp. 2).
[2025-09-27 20:30:21] [General - KernelLogLogger] [DEBUG] 2025-09-27T20:30:20.832378-06:00 photonvision kernel: usb 5-1: Failed to query (GET_DEF) UVC control 1 on unit 2: -71 (exp. 2).
[2025-09-27 20:30:21] [General - KernelLogLogger] [DEBUG] 2025-09-27T20:30:20.842383-06:00 photonvision kernel: usb usb5-port1: disabled by hub (EMI?), re-enabling...
[2025-09-27 20:30:21] [General - KernelLogLogger] [DEBUG] 2025-09-27T20:30:20.842411-06:00 photonvision kernel: usb 5-1: USB disconnect, device number 120
[2025-09-27 20:30:21] [General - KernelLogLogger] [DEBUG] 2025-09-27T20:30:21.185708-06:00 photonvision kernel: usb 5-1: new high-speed USB device number 121 using ehci-platform
[2025-09-27 20:30:21] [General - KernelLogLogger] [DEBUG] 2025-09-27T20:30:21.345715-06:00 photonvision kernel: usb 5-1: New USB device found, idVendor=0c45, idProduct=6366, bcdDevice= 1.00
[2025-09-27 20:30:21] [General - KernelLogLogger] [DEBUG] 2025-09-27T20:30:21.345742-06:00 photonvision kernel: usb 5-1: New USB device strings: Mfr=2, Product=1, SerialNumber=3
[2025-09-27 20:30:21] [General - KernelLogLogger] [DEBUG] 2025-09-27T20:30:21.345744-06:00 photonvision kernel: usb 5-1: Product: AprilTag1
[2025-09-27 20:30:21] [General - KernelLogLogger] [DEBUG] 2025-09-27T20:30:21.345745-06:00 photonvision kernel: usb 5-1: Manufacturer: Arducam Technology Co., Ltd.
[2025-09-27 20:30:21] [General - KernelLogLogger] [DEBUG] 2025-09-27T20:30:21.345747-06:00 photonvision kernel: usb 5-1: SerialNumber: 0001
[2025-09-27 20:30:21] [General - KernelLogLogger] [DEBUG] 2025-09-27T20:30:21.353145-06:00 photonvision kernel: usb 5-1: Found UVC 1.00 device AprilTag1 (0c45:6366)
[2025-09-27 20:30:21] [General - KernelLogLogger] [DEBUG] 2025-09-27T20:30:21.375729-06:00 photonvision kernel: input: AprilTag1: AprilTag1 as /devices/platform/fc880000.usb/usb5/5-1/5-1:1.0/input/input132
[2025-09-27 20:30:21] [General - KernelLogLogger] [DEBUG] 35-06:00 photonvision kernel: input: AprilTag1: AprilTag1 as /devices/platform/fc880000.usb/usb5/5-1/5-1:1.0/input/input20
[2025-09-27 20:30:22] [Camera - USBFrameProvider - AprilTag1] [ERROR] Error grabbing image: timed out getting frame
[2025-09-27 20:30:22] [Camera - USBFrameProvider - AprilTag1] [ERROR] Error grabbing image: timed out getting frame
[2025-09-27 20:30:22] [CSCore - PvCSCoreLogger] [DEBUG] CS: DEBUG 7: AprilTag1: allocating buffers (UsbCameraImpl.cpp:701)
[2025-09-27 20:30:22] [CSCore - PvCSCoreLogger] [DEBUG] CS: DEBUG 7: AprilTag1: mapping buffers (UsbCameraImpl.cpp:715)
[2025-09-27 20:30:22] [CSCore - PvCSCoreLogger] [DEBUG] CS: DEBUG 7: AprilTag1: queuing buffers (UsbCameraImpl.cpp:765)
[2025-09-27 20:30:22] [Camera - USBFrameProvider - AprilTag1] [ERROR] Error grabbing image: timed out getting frame
[2025-09-27 20:30:22] [CSCore - PvCSCoreLogger] [ERROR] CS: ERROR 40: AprilTag1: ioctl VIDIOC_STREAMON failed: Protocol error (UsbCameraImpl.cpp:789)
[2025-09-27 20:30:22] [CSCore - PvCSCoreLogger] [INFO] AprilTag1: Attempting to connect to USB camera on /dev/v4l/by-path/platform-fc880000.usb-usb-0:1:1.0-video-index0
[2025-09-27 20:30:22] [CSCore - PvCSCoreLogger] [DEBUG] CS: DEBUG 7: AprilTag1: opening device (UsbCameraImpl.cpp:651)
[2025-09-27 20:30:22] [CSCore - PvCSCoreLogger] [INFO] AprilTag1: Attempting to connect to USB camera on /dev/v4l/by-path/platform-fc880000.usb-usb-0:1:1.0-video-index0
[2025-09-27 20:30:22] [CSCore - PvCSCoreLogger] [DEBUG] CS: DEBUG 7: AprilTag1: opening device (UsbCameraImpl.cpp:651)
[2025-09-27 20:30:22] [Camera - USBFrameProvider - AprilTag1] [ERROR] Error grabbing image: timed out getting frame
[2025-09-27 20:30:22] [General - KernelLogLogger] [DEBUG] 2025-09-27T20:30:22.652391-06:00 photonvision kernel: usb usb5-port1: disabled by hub (EMI?), re-enabling...
[2025-09-27 20:30:22] [General - KernelLogLogger] [DEBUG] 2025-09-27T20:30:22.652438-06:00 photonvision kernel: usb 5-1: USB disconnect, device number 121
[2025-09-27 20:30:22] [General - KernelLogLogger] [DEBUG] 2025-09-27T20:30:22.655714-06:00 photonvision kernel: usb 5-1: Failed to query (GET_MAX) UVC control 1 on unit 2: -71 (exp. 2).
[2025-09-27 20:30:23] [Camera - USBFrameProvider - AprilTag1] [ERROR] Error grabbing image: timed out getting frame
[2025-09-27 20:30:23] [CSCore - PvCSCoreLogger] [INFO] AprilTag1: Attempting to connect to USB camera on /dev/v4l/by-path/platform-fc880000.usb-usb-0:1:1.0-video-index0
[2025-09-27 20:30:23] [CSCore - PvCSCoreLogger] [DEBUG] CS: DEBUG 7: AprilTag1: opening device (UsbCameraImpl.cpp:651)
[2025-09-27 20:30:23] [CSCore - PvCSCoreLogger] [INFO] AprilTag1: Connected to USB camera on /dev/v4l/by-path/platform-fc880000.usb-usb-0:1:1.0-video-index0
[2025-09-27 20:30:23] [CSCore - PvCSCoreLogger] [DEBUG] CS: DEBUG 7: AprilTag1: getting capabilities (UsbCameraImpl.cpp:663)
[2025-09-27 20:30:23] [CSCore - PvCSCoreLogger] [DEBUG] CS: DEBUG 7: AprilTag1: restoring video mode (UsbCameraImpl.cpp:681)
[2025-09-27 20:30:23] [CSCore - PvCSCoreLogger] [INFO] AprilTag1: set format 1 res 320x240
[2025-09-27 20:30:23] [CSCore - PvCSCoreLogger] [INFO] AprilTag1: set FPS to 100
[2025-09-27 20:30:23] [CSCore - PvCSCoreLogger] [DEBUG] CS: DEBUG 7: AprilTag1: restoring settings (UsbCameraImpl.cpp:686)
[2025-09-27 20:30:23] [Camera - USBFrameProvider - AprilTag1] [ERROR] Error grabbing image: timed out getting frame
[2025-09-27 20:30:23] [Camera - USBFrameProvider - AprilTag1] [ERROR] Error grabbing image: timed out getting frame
[2025-09-27 20:30:23] [General - KernelLogLogger] [DEBUG] 2025-09-27T20:30:22.999105-06:00 photonvision kernel: usb 5-1: new high-speed USB device number 122 using ehci-platform
[2025-09-27 20:30:23] [General - KernelLogLogger] [DEBUG] 2025-09-27T20:30:23.159098-06:00 photonvision kernel: usb 5-1: New USB device found, idVendor=0c45, idProduct=6366, bcdDevice= 1.00
[2025-09-27 20:30:23] [General - KernelLogLogger] [DEBUG] 2025-09-27T20:30:23.159154-06:00 photonvision kernel: usb 5-1: New USB device strings: Mfr=2, Product=1, SerialNumber=3
[2025-09-27 20:30:23] [General - KernelLogLogger] [DEBUG] 2025-09-27T20:30:23.159159-06:00 photonvision kernel: usb 5-1: Product: AprilTag1
[2025-09-27 20:30:23] [General - KernelLogLogger] [DEBUG] 2025-09-27T20:30:23.159162-06:00 photonvision kernel: usb 5-1: Manufacturer: Arducam Technology Co., Ltd.
[2025-09-27 20:30:23] [General - KernelLogLogger] [DEBUG] 2025-09-27T20:30:23.159167-06:00 photonvision kernel: usb 5-1: SerialNumber: 0001
[2025-09-27 20:30:23] [General - KernelLogLogger] [DEBUG] 2025-09-27T20:30:23.162377-06:00 photonvision kernel: usb 5-1: Found UVC 1.00 device AprilTag1 (0c45:6366)
[2025-09-27 20:30:23] [General - KernelLogLogger] [DEBUG] 2025-09-27T20:30:23.192406-06:00 photonvision kernel: input: AprilTag1: AprilTag1 as /devices/platform/fc880000.usb/usb5/5-1/5-1:1.0/input/input133
[2025-09-27 20:30:23] [General - KernelLogLogger] [DEBUG] Product: AprilTag1
[2025-09-27 20:30:23] [General - KernelLogLogger] [DEBUG] 2025-09-27T20:30:21.345745-06:00 photonvision kernel: usb 5-1: Manufacturer: Arducam Technology Co., Ltd.
[2025-09-27 20:30:23] [General - KernelLogLogger] [DEBUG] 2025-09-27T20:30:21.345747-06:00 photonvision kernel: usb 5-1: SerialNumber: 0001
[2025-09-27 20:30:23] [Camera - USBFrameProvider - AprilTag1] [ERROR] Error grabbing image: timed out getting frame
[2025-09-27 20:30:24] [Camera - USBFrameProvider - AprilTag1] [ERROR] Error grabbing image: timed out getting frame
[2025-09-27 20:30:24] [CSCore - PvCSCoreLogger] [DEBUG] CS: DEBUG 7: AprilTag1: allocating buffers (UsbCameraImpl.cpp:701)
[2025-09-27 20:30:24] [CSCore - PvCSCoreLogger] [DEBUG] CS: DEBUG 7: AprilTag1: mapping buffers (UsbCameraImpl.cpp:715)
[2025-09-27 20:30:24] [CSCore - PvCSCoreLogger] [DEBUG] CS: DEBUG 7: AprilTag1: queuing buffers (UsbCameraImpl.cpp:765)
[2025-09-27 20:30:24] [CSCore - PvCSCoreLogger] [ERROR] CS: ERROR 40: AprilTag1: ioctl VIDIOC_STREAMON failed: Protocol error (UsbCameraImpl.cpp:789)
[2025-09-27 20:30:24] [CSCore - PvCSCoreLogger] [DEBUG] CS: DEBUG 7: AprilTag1: queuing buffers (UsbCameraImpl.cpp:765)
[2025-09-27 20:30:24] [CSCore - PvCSCoreLogger] [ERROR] CS: ERROR 40: ioctl VIDIOC_QBUF failed at UsbCameraImpl.cpp:772: Invalid argument (UsbUtil.cpp:157)
[2025-09-27 20:30:24] [CSCore - PvCSCoreLogger] [WARN] CS: WARNING 30: AprilTag1: could not queue buffer 0 (UsbCameraImpl.cpp:773)
[2025-09-27 20:30:24] [CSCore - PvCSCoreLogger] [INFO] AprilTag1: Attempting to connect to USB camera on /dev/v4l/by-path/platform-fc880000.usb-usb-0:1:1.0-video-index0
[2025-09-27 20:30:24] [CSCore - PvCSCoreLogger] [DEBUG] CS: DEBUG 7: AprilTag1: opening device (UsbCameraImpl.cpp:651)
[2025-09-27 20:30:24] [CSCore - PvCSCoreLogger] [INFO] AprilTag1: Attempting to connect to USB camera on /dev/v4l/by-path/platform-fc880000.usb-usb-0:1:1.0-video-index0
[2025-09-27 20:30:24] [CSCore - PvCSCoreLogger] [DEBUG] CS: DEBUG 7: AprilTag1: opening device (UsbCameraImpl.cpp:651)
[2025-09-27 20:30:24] [CSCore - PvCSCoreLogger] [INFO] AprilTag1: Attempting to connect to USB camera on /dev/v4l/by-path/platform-fc880000.usb-usb-0:1:1.0-video-index0
[2025-09-27 20:30:24] [CSCore - PvCSCoreLogger] [DEBUG] CS: DEBUG 7: AprilTag1: opening device (UsbCameraImpl.cpp:651)
[2025-09-27 20:30:24] [CSCore - PvCSCoreLogger] [INFO] AprilTag1: Attempting to connect to USB camera on /dev/v4l/by-path/platform-fc880000.usb-usb-0:1:1.0-video-index0
[2025-09-27 20:30:24] [CSCore - PvCSCoreLogger] [DEBUG] CS: DEBUG 7: AprilTag1: opening device (UsbCameraImpl.cpp:651)
[2025-09-27 20:30:24] [Camera - USBFrameProvider - AprilTag1] [ERROR] Error grabbing image: timed out getting frame
[2025-09-27 20:30:24] [Camera - USBFrameProvider - AprilTag1] [ERROR] Error grabbing image: timed out getting frame
[2025-09-27 20:30:24] [General - KernelLogLogger] [DEBUG] 2025-09-27T20:30:24.445724-06:00 photonvision kernel: usb usb5-port1: disabled by hub (EMI?), re-enabling...
[2025-09-27 20:30:24] [General - KernelLogLogger] [DEBUG] 2025-09-27T20:30:24.445739-06:00 photonvision kernel: usb 5-1: USB disconnect, device number 122
[2025-09-27 20:30:24] [General - KernelLogLogger] [DEBUG] 2025-09-27T20:30:24.452415-06:00 photonvision kernel: usb 5-1: Failed to query (GET_MAX) UVC control 1 on unit 2: -71 (exp. 2).
[2025-09-27 20:30:24] [General - KernelLogLogger] [DEBUG] 2025-09-27T20:30:24.792396-06:00 photonvision kernel: usb 5-1: new high-speed USB device number 123 using ehci-platform
[2025-09-27 20:30:24] [General - KernelLogLogger] [DEBUG] p. 2).
[2025-09-27 20:30:24] [General - KernelLogLogger] [DEBUG] 2025-09-27T20:29:37.639095-06:00 photonvision kernel: usb 5-1: new high-speed USB device number 99 using ehci-platform
[2025-09-27 20:30:24] [General - KernelLogLogger] [DEBUG] 2025-09-27T20:29:37.805809-06:00 photonvision kernel: usb 5-1: New USB device found, idVendor=0c45, e
[2025-09-27 20:30:25] [CSCore - PvCSCoreLogger] [INFO] AprilTag1: Attempting to connect to USB camera on /dev/v4l/by-path/platform-fc880000.usb-usb-0:1:1.0-video-index0
[2025-09-27 20:30:25] [CSCore - PvCSCoreLogger] [DEBUG] CS: DEBUG 7: AprilTag1: opening device (UsbCameraImpl.cpp:651)
[2025-09-27 20:30:25] [CSCore - PvCSCoreLogger] [INFO] AprilTag1: Connected to USB camera on /dev/v4l/by-path/platform-fc880000.usb-usb-0:1:1.0-video-index0
[2025-09-27 20:30:25] [CSCore - PvCSCoreLogger] [DEBUG] CS: DEBUG 7: AprilTag1: getting capabilities (UsbCameraImpl.cpp:663)
[2025-09-27 20:30:25] [CSCore - PvCSCoreLogger] [DEBUG] CS: DEBUG 7: AprilTag1: restoring video mode (UsbCameraImpl.cpp:681)
[2025-09-27 20:30:25] [CSCore - PvCSCoreLogger] [INFO] AprilTag1: set format 1 res 320x240
[2025-09-27 20:30:25] [Camera - USBFrameProvider - AprilTag1] [ERROR] Error grabbing image: timed out getting frame
[2025-09-27 20:30:25] [CSCore - PvCSCoreLogger] [INFO] AprilTag1: set FPS to 100
[2025-09-27 20:30:25] [CSCore - PvCSCoreLogger] [DEBUG] CS: DEBUG 7: AprilTag1: restoring settings (UsbCameraImpl.cpp:686)
[2025-09-27 20:30:25] [Camera - USBFrameProvider - AprilTag1] [ERROR] Error grabbing image: timed out getting frame
[2025-09-27 20:30:25] [Camera - USBFrameProvider - AprilTag1] [ERROR] Error grabbing image: timed out getting frame
[2025-09-27 20:30:25] [Camera - USBFrameProvider - AprilTag1] [ERROR] Error grabbing image: timed out getting frame
[2025-09-27 20:30:25] [General - KernelLogLogger] [DEBUG] 2025-09-27T20:30:24.962430-06:00 photonvision kernel: usb 5-1: New USB device found, idVendor=0c45, idProduct=6366, bcdDevice= 1.00
[2025-09-27 20:30:25] [General - KernelLogLogger] [DEBUG] 2025-09-27T20:30:24.962476-06:00 photonvision kernel: usb 5-1: New USB device strings: Mfr=2, Product=1, SerialNumber=3
[2025-09-27 20:30:25] [General - KernelLogLogger] [DEBUG] 2025-09-27T20:30:24.962481-06:00 photonvision kernel: usb 5-1: Product: AprilTag1
[2025-09-27 20:30:25] [General - KernelLogLogger] [DEBUG] 2025-09-27T20:30:24.962484-06:00 photonvision kernel: usb 5-1: Manufacturer: Arducam Technology Co., Ltd.
[2025-09-27 20:30:25] [General - KernelLogLogger] [DEBUG] 2025-09-27T20:30:24.962573-06:00 photonvision kernel: usb 5-1: SerialNumber: 0001
[2025-09-27 20:30:25] [General - KernelLogLogger] [DEBUG] 2025-09-27T20:30:24.965741-06:00 photonvision kernel: usb 5-1: Found UVC 1.00 device AprilTag1 (0c45:6366)
[2025-09-27 20:30:25] [General - KernelLogLogger] [DEBUG] 2025-09-27T20:30:24.996334-06:00 photonvision kernel: input: AprilTag1: AprilTag1 as /devices/platform/fc880000.usb/usb5/5-1/5-1:1.0/input/input134
[2025-09-27 20:30:25] [General - KernelLogLogger] [DEBUG] 6:00 photonvision kernel: input: AprilTag1: AprilTag1 as /devices/platform/fc880000.usb/usb5/5-1/5-1:1.0/input/input133
[2025-09-27 20:30:25] [General - KernelLogLogger] [DEBUG] Product: AprilTag1
[2025-09-27 20:30:25] [General - KernelLogLogger] [DEBUG] 2025-09-27T20:30:21.345745-06:00 photonvision kernel: usb 5-1: Manufacturer: Arducam Technology Co., Ltd.
[2025-09-27 20:30:25] [General - KernelLogLogger] [DEBUG] 2025-09-27T20:30:21.345747q
[2025-09-27 20:30:26] [CSCore - PvCSCoreLogger] [DEBUG] CS: DEBUG 7: AprilTag1: allocating buffers (UsbCameraImpl.cpp:701)
[2025-09-27 20:30:26] [CSCore - PvCSCoreLogger] [DEBUG] CS: DEBUG 7: AprilTag1: mapping buffers (UsbCameraImpl.cpp:715)
[2025-09-27 20:30:26] [CSCore - PvCSCoreLogger] [DEBUG] CS: DEBUG 7: AprilTag1: queuing buffers (UsbCameraImpl.cpp:765)
[2025-09-27 20:30:26] [Camera - USBFrameProvider - AprilTag1] [ERROR] Error grabbing image: timed out getting frame
[2025-09-27 20:30:26] [CSCore - PvCSCoreLogger] [ERROR] CS: ERROR 40: AprilTag1: ioctl VIDIOC_STREAMON failed: Protocol error (UsbCameraImpl.cpp:789)
[2025-09-27 20:30:26] [CSCore - PvCSCoreLogger] [DEBUG] CS: DEBUG 7: AprilTag1: queuing buffers (UsbCameraImpl.cpp:765)
[2025-09-27 20:30:26] [CSCore - PvCSCoreLogger] [ERROR] CS: ERROR 40: ioctl VIDIOC_QBUF failed at UsbCameraImpl.cpp:772: Invalid argument (UsbUtil.cpp:157)
[2025-09-27 20:30:26] [CSCore - PvCSCoreLogger] [WARN] CS: WARNING 30: AprilTag1: could not queue buffer 0 (UsbCameraImpl.cpp:773)
[2025-09-27 20:30:26] [CSCore - PvCSCoreLogger] [INFO] AprilTag1: Attempting to connect to USB camera on /dev/v4l/by-path/platform-fc880000.usb-usb-0:1:1.0-video-index0
[2025-09-27 20:30:26] [CSCore - PvCSCoreLogger] [DEBUG] CS: DEBUG 7: AprilTag1: opening device (UsbCameraImpl.cpp:651)
[2025-09-27 20:30:26] [CSCore - PvCSCoreLogger] [INFO] AprilTag1: Attempting to connect to USB camera on /dev/v4l/by-path/platform-fc880000.usb-usb-0:1:1.0-video-index0
[2025-09-27 20:30:26] [CSCore - PvCSCoreLogger] [DEBUG] CS: DEBUG 7: AprilTag1: opening device (UsbCameraImpl.cpp:651)
[2025-09-27 20:30:26] [Camera - USBFrameProvider - AprilTag1] [ERROR] Error grabbing image: timed out getting frame
[2025-09-27 20:30:26] [Camera - USBFrameProvider - AprilTag1] [ERROR] Error grabbing image: timed out getting frame
[2025-09-27 20:30:26] [CSCore - PvCSCoreLogger] [INFO] AprilTag1: Attempting to connect to USB camera on /dev/v4l/by-path/platform-fc880000.usb-usb-0:1:1.0-video-index0
[2025-09-27 20:30:26] [CSCore - PvCSCoreLogger] [DEBUG] CS: DEBUG 7: AprilTag1: opening device (UsbCameraImpl.cpp:651)
[2025-09-27 20:30:26] [CSCore - PvCSCoreLogger] [INFO] AprilTag1: Attempting to connect to USB camera on /dev/v4l/by-path/platform-fc880000.usb-usb-0:1:1.0-video-index0
[2025-09-27 20:30:26] [CSCore - PvCSCoreLogger] [DEBUG] CS: DEBUG 7: AprilTag1: opening device (UsbCameraImpl.cpp:651)
[2025-09-27 20:30:26] [CSCore - PvCSCoreLogger] [INFO] AprilTag1: Connected to USB camera on /dev/v4l/by-path/platform-fc880000.usb-usb-0:1:1.0-video-index0
[2025-09-27 20:30:26] [CSCore - PvCSCoreLogger] [DEBUG] CS: DEBUG 7: AprilTag1: getting capabilities (UsbCameraImpl.cpp:663)
[2025-09-27 20:30:26] [CSCore - PvCSCoreLogger] [DEBUG] CS: DEBUG 7: AprilTag1: restoring video mode (UsbCameraImpl.cpp:681)
[2025-09-27 20:30:26] [CSCore - PvCSCoreLogger] [INFO] AprilTag1: set format 1 res 320x240
[2025-09-27 20:30:26] [CSCore - PvCSCoreLogger] [INFO] AprilTag1: set FPS to 100
[2025-09-27 20:30:26] [CSCore - PvCSCoreLogger] [DEBUG] CS: DEBUG 7: AprilTag1: restoring settings (UsbCameraImpl.cpp:686)
[2025-09-27 20:30:26] [General - KernelLogLogger] [DEBUG] 2025-09-27T20:30:26.242417-06:00 photonvision kernel: usb 5-1: Failed to query (GET_DEF) UVC control 8 on unit 2: -71 (exp. 2).
[2025-09-27 20:30:26] [General - KernelLogLogger] [DEBUG] 2025-09-27T20:30:26.245896-06:00 photonvision kernel: usb 5-1: USB disconnect, device number 123
[2025-09-27 20:30:26] [General - KernelLogLogger] [DEBUG] 2025-09-27T20:30:26.252378-06:00 photonvision kernel: usb 5-1: Failed to query (GET_CUR) UVC control 2 on unit 2: -71 (exp. 2).
[2025-09-27 20:30:26] [General - KernelLogLogger] [DEBUG] 2025-09-27T20:30:26.585765-06:00 photonvision kernel: usb 5-1: new high-speed USB device number 124 using ehci-platform
[2025-09-27 20:30:26] [General - KernelLogLogger] [DEBUG] 2025-09-27T20:30:26.749038-06:00 photonvision kernel: usb 5-1: New USB device found, idVendor=0c45, idProduct=6366, bcdDevice= 1.00
[2025-09-27 20:30:26] [General - KernelLogLogger] [DEBUG] 2025-09-27T20:30:26.749062-06:00 photonvision kernel: usb 5-1: New USB device strings: Mfr=2, Product=1, SerialNumber=3
[2025-09-27 20:30:26] [General - KernelLogLogger] [DEBUG] 2025-09-27T20:30:26.749063-06:00 photonvision kernel: usb 5-1: Product: AprilTag1
[2025-09-27 20:30:26] [General - KernelLogLogger] [DEBUG] 2025-09-27T20:30:26.749065-06:00 photonvision kernel: usb 5-1: Manufacturer: Arducam Technology Co., Ltd.
[2025-09-27 20:30:26] [General - KernelLogLogger] [DEBUG] 2025-09-27T20:30:26.749066-06:00 photonvision kernel: usb 5-1: SerialNumber: 0001
[2025-09-27 20:30:26] [General - KernelLogLogger] [DEBUG] 2025-09-27T20:30:26.752383-06:00 photonvision kernel: usb 5-1: Found UVC 1.00 device AprilTag1 (0c45:6366)
[2025-09-27 20:30:26] [General - KernelLogLogger] [DEBUG] 2025-09-27T20:30:26.779100-06:00 photonvision kernel: input: AprilTag1: AprilTag1 as /devices/platform/fc880000.usb/usb5/5-1/5-1:1.0/input/input135
[2025-09-27 20:30:26] [Camera - USBFrameProvider - AprilTag1] [ERROR] Error grabbing image: timed out getting frame
[2025-09-27 20:30:27] [Camera - USBFrameProvider - AprilTag1] [ERROR] Error grabbing image: timed out getting frame
[2025-09-27 20:30:27] [Camera - USBFrameProvider - AprilTag1] [ERROR] Error grabbing image: timed out getting frame
[2025-09-27 20:30:27] [Camera - USBFrameProvider - AprilTag1] [ERROR] Error grabbing image: timed out getting frame
[2025-09-27 20:30:27] [CSCore - PvCSCoreLogger] [DEBUG] CS: DEBUG 7: AprilTag1: allocating buffers (UsbCameraImpl.cpp:701)
[2025-09-27 20:30:27] [CSCore - PvCSCoreLogger] [DEBUG] CS: DEBUG 7: AprilTag1: mapping buffers (UsbCameraImpl.cpp:715)
[2025-09-27 20:30:27] [CSCore - PvCSCoreLogger] [DEBUG] CS: DEBUG 7: AprilTag1: queuing buffers (UsbCameraImpl.cpp:765)
[2025-09-27 20:30:28] [Camera - USBFrameProvider - AprilTag1] [ERROR] Error grabbing image: timed out getting frame
[2025-09-27 20:30:28] [CSCore - PvCSCoreLogger] [ERROR] CS: ERROR 40: AprilTag1: ioctl VIDIOC_STREAMON failed: Protocol error (UsbCameraImpl.cpp:789)
[2025-09-27 20:30:28] [CSCore - PvCSCoreLogger] [INFO] AprilTag1: Attempting to connect to USB camera on /dev/v4l/by-path/platform-fc880000.usb-usb-0:1:1.0-video-index0
[2025-09-27 20:30:28] [CSCore - PvCSCoreLogger] [DEBUG] CS: DEBUG 7: AprilTag1: opening device (UsbCameraImpl.cpp:651)
[2025-09-27 20:30:28] [CSCore - PvCSCoreLogger] [INFO] AprilTag1: Attempting to connect to USB camera on /dev/v4l/by-path/platform-fc880000.usb-usb-0:1:1.0-video-index0
[2025-09-27 20:30:28] [CSCore - PvCSCoreLogger] [DEBUG] CS: DEBUG 7: AprilTag1: opening device (UsbCameraImpl.cpp:651)
[2025-09-27 20:30:28] [Camera - USBFrameProvider - AprilTag1] [ERROR] Error grabbing image: timed out getting frame
[2025-09-27 20:30:28] [Camera - USBFrameProvider - AprilTag1] [ERROR] Error grabbing image: timed out getting frame
[2025-09-27 20:30:28] [CSCore - PvCSCoreLogger] [INFO] AprilTag1: Attempting to connect to USB camera on /dev/v4l/by-path/platform-fc880000.usb-usb-0:1:1.0-video-index0
[2025-09-27 20:30:28] [CSCore - PvCSCoreLogger] [DEBUG] CS: DEBUG 7: AprilTag1: opening device (UsbCameraImpl.cpp:651)
[2025-09-27 20:30:28] [CSCore - PvCSCoreLogger] [INFO] AprilTag1: Attempting to connect to USB camera on /dev/v4l/by-path/platform-fc880000.usb-usb-0:1:1.0-video-index0
[2025-09-27 20:30:28] [CSCore - PvCSCoreLogger] [DEBUG] CS: DEBUG 7: AprilTag1: opening device (UsbCameraImpl.cpp:651)
[2025-09-27 20:30:28] [CSCore - PvCSCoreLogger] [INFO] AprilTag1: Attempting to connect to USB camera on /dev/v4l/by-path/platform-fc880000.usb-usb-0:1:1.0-video-index0
[2025-09-27 20:30:28] [CSCore - PvCSCoreLogger] [DEBUG] CS: DEBUG 7: AprilTag1: opening device (UsbCameraImpl.cpp:651)
[2025-09-27 20:30:28] [CSCore - PvCSCoreLogger] [INFO] AprilTag1: Attempting to connect to USB camera on /dev/v4l/by-path/platform-fc880000.usb-usb-0:1:1.0-video-index0
[2025-09-27 20:30:28] [CSCore - PvCSCoreLogger] [DEBUG] CS: DEBUG 7: AprilTag1: opening device (UsbCameraImpl.cpp:651)
[2025-09-27 20:30:28] [CSCore - PvCSCoreLogger] [INFO] AprilTag1: Connected to USB camera on /dev/v4l/by-path/platform-fc880000.usb-usb-0:1:1.0-video-index0
[2025-09-27 20:30:28] [CSCore - PvCSCoreLogger] [DEBUG] CS: DEBUG 7: AprilTag1: getting capabilities (UsbCameraImpl.cpp:663)
[2025-09-27 20:30:28] [CSCore - PvCSCoreLogger] [DEBUG] CS: DEBUG 7: AprilTag1: restoring video mode (UsbCameraImpl.cpp:681)
[2025-09-27 20:30:28] [CSCore - PvCSCoreLogger] [INFO] AprilTag1: set format 1 res 320x240
[2025-09-27 20:30:28] [CSCore - PvCSCoreLogger] [INFO] AprilTag1: set FPS to 100
[2025-09-27 20:30:28] [CSCore - PvCSCoreLogger] [DEBUG] CS: DEBUG 7: AprilTag1: restoring settings (UsbCameraImpl.cpp:686)
[2025-09-27 20:30:28] [Camera - USBFrameProvider - AprilTag1] [ERROR] Error grabbing image: timed out getting frame
[2025-09-27 20:30:28] [General - KernelLogLogger] [DEBUG] 2025-09-27T20:30:28.042424-06:00 photonvision kernel: usb 5-1: Failed to query (GET_MIN) UVC control 1 on unit 2: -71 (exp. 2).
[2025-09-27 20:30:28] [General - KernelLogLogger] [DEBUG] 2025-09-27T20:30:28.052403-06:00 photonvision kernel: usb 5-1: Failed to query (GET_CUR) UVC control 2 on unit 2: -71 (exp. 2).
[2025-09-27 20:30:28] [General - KernelLogLogger] [DEBUG] 2025-09-27T20:30:28.059039-06:00 photonvision kernel: usb 5-1: Failed to query (GET_DEF) UVC control 1 on unit 2: -71 (exp. 2).
[2025-09-27 20:30:28] [General - KernelLogLogger] [DEBUG] 2025-09-27T20:30:28.065725-06:00 photonvision kernel: usb usb5-port1: disabled by hub (EMI?), re-enabling...
[2025-09-27 20:30:28] [General - KernelLogLogger] [DEBUG] 2025-09-27T20:30:28.065771-06:00 photonvision kernel: usb 5-1: USB disconnect, device number 124
[2025-09-27 20:30:28] [General - KernelLogLogger] [DEBUG] 2025-09-27T20:30:28.399083-06:00 photonvision kernel: usb 5-1: new high-speed USB device number 125 using ehci-platform
[2025-09-27 20:30:28] [General - KernelLogLogger] [DEBUG] 2025-09-27T20:30:28.559139-06:00 photonvision kernel: usb 5-1: New USB device found, idVendor=0c45, idProduct=6366, bcdDevice= 1.00
[2025-09-27 20:30:28] [General - KernelLogLogger] [DEBUG] 2025-09-27T20:30:28.559202-06:00 photonvision kernel: usb 5-1: New USB device strings: Mfr=2, Product=1, SerialNumber=3
[2025-09-27 20:30:28] [General - KernelLogLogger] [DEBUG] 2025-09-27T20:30:28.559208-06:00 photonvision kernel: usb 5-1: Product: AprilTag1
[2025-09-27 20:30:28] [General - KernelLogLogger] [DEBUG] 2025-09-27T20:30:28.559473-06:00 photonvision kernel: usb 5-1: Manufacturer: Arducam Technology Co., Ltd.
[2025-09-27 20:30:28] [General - KernelLogLogger] [DEBUG] 2025-09-27T20:30:28.559500-06:00 photonvision kernel: usb 5-1: SerialNumber: 0001
[2025-09-27 20:30:28] [General - KernelLogLogger] [DEBUG] 2025-09-27T20:30:28.562609-06:00 photonvision kernel: usb 5-1: Found UVC 1.00 device AprilTag1 (0c45:6366)
[2025-09-27 20:30:28] [General - KernelLogLogger] [DEBUG] 2025-09-27T20:30:28.592399-06:00 photonvision kernel: input: AprilTag1: AprilTag1 as /devices/platform/fc880000.usb/usb5/5-1/5-1:1.0/input/input136
[2025-09-27 20:30:28] [General - KernelLogLogger] [DEBUG] @6îoâZA3@ð	Â4@ßAÔiÆ4@¬dÞÏ!5@w·ÔU5@. Ø3ø®4@ô!hí3@&±mE2@Dû-úÞ-@s2UɸÄ"@î%7à @HN¼àôä?é3âg¨?¸J?ÇêZBx?Ø0}õxó>?BÊÏK*î>fÏû5tð¾gcüyï¾ÚJ8F?ة?F鉝ý	?¯Wç«ÿ?p+ÙàÓð>FzÌ:å>ȗJ;ý>.aHfµ?dÌSÇ?"±« ?ñ«ɸ?$[]¡é>*ߛ]WY?ôùC°>?MçݿÊ?-)õ!֓é?g0
[2025-09-27 20:30:29] [Camera - USBFrameProvider - AprilTag1] [ERROR] Error grabbing image: timed out getting frame
[2025-09-27 20:30:29] [Camera - USBFrameProvider - AprilTag1] [ERROR] Error grabbing image: timed out getting frame
[2025-09-27 20:30:29] [Camera - USBFrameProvider - AprilTag1] [ERROR] Error grabbing image: timed out getting frame
[2025-09-27 20:30:29] [CSCore - PvCSCoreLogger] [DEBUG] CS: DEBUG 7: AprilTag1: allocating buffers (UsbCameraImpl.cpp:701)
[2025-09-27 20:30:29] [CSCore - PvCSCoreLogger] [DEBUG] CS: DEBUG 7: AprilTag1: mapping buffers (UsbCameraImpl.cpp:715)
[2025-09-27 20:30:29] [CSCore - PvCSCoreLogger] [DEBUG] CS: DEBUG 7: AprilTag1: queuing buffers (UsbCameraImpl.cpp:765)
[2025-09-27 20:30:29] [CSCore - PvCSCoreLogger] [ERROR] CS: ERROR 40: AprilTag1: ioctl VIDIOC_STREAMON failed: Protocol error (UsbCameraImpl.cpp:789)
[2025-09-27 20:30:29] [CSCore - PvCSCoreLogger] [INFO] AprilTag1: Attempting to connect to USB camera on /dev/v4l/by-path/platform-fc880000.usb-usb-0:1:1.0-video-index0
[2025-09-27 20:30:29] [CSCore - PvCSCoreLogger] [DEBUG] CS: DEBUG 7: AprilTag1: opening device (UsbCameraImpl.cpp:651)
[2025-09-27 20:30:29] [CSCore - PvCSCoreLogger] [INFO] AprilTag1: Attempting to connect to USB camera on /dev/v4l/by-path/platform-fc880000.usb-usb-0:1:1.0-video-index0
[2025-09-27 20:30:29] [CSCore - PvCSCoreLogger] [DEBUG] CS: DEBUG 7: AprilTag1: opening device (UsbCameraImpl.cpp:651)
[2025-09-27 20:30:29] [CSCore - PvCSCoreLogger] [INFO] AprilTag1: Attempting to connect to USB camera on /dev/v4l/by-path/platform-fc880000.usb-usb-0:1:1.0-video-index0
[2025-09-27 20:30:29] [CSCore - PvCSCoreLogger] [DEBUG] CS: DEBUG 7: AprilTag1: opening device (UsbCameraImpl.cpp:651)
[2025-09-27 20:30:29] [CSCore - PvCSCoreLogger] [INFO] AprilTag1: Attempting to connect to USB camera on /dev/v4l/by-path/platform-fc880000.usb-usb-0:1:1.0-video-index0
[2025-09-27 20:30:29] [CSCore - PvCSCoreLogger] [DEBUG] CS: DEBUG 7: AprilTag1: opening device (UsbCameraImpl.cpp:651)
[2025-09-27 20:30:29] [General - KernelLogLogger] [DEBUG] 2025-09-27T20:30:29.882410-06:00 photonvision kernel: usb 5-1: USB disconnect, device number 125
[2025-09-27 20:30:29] [General - KernelLogLogger] [DEBUG] -71
[2025-09-27 20:30:29] [Camera - USBFrameProvider - AprilTag1] [ERROR] Error grabbing image: timed out getting frame
[2025-09-27 20:30:30] [Camera - USBFrameProvider - AprilTag1] [ERROR] Error grabbing image: timed out getting frame
[2025-09-27 20:30:30] [CSCore - PvCSCoreLogger] [INFO] AprilTag1: Attempting to connect to USB camera on /dev/v4l/by-path/platform-fc880000.usb-usb-0:1:1.0-video-index0
[2025-09-27 20:30:30] [CSCore - PvCSCoreLogger] [DEBUG] CS: DEBUG 7: AprilTag1: opening device (UsbCameraImpl.cpp:651)
[2025-09-27 20:30:30] [CSCore - PvCSCoreLogger] [INFO] AprilTag1: Attempting to connect to USB camera on /dev/v4l/by-path/platform-fc880000.usb-usb-0:1:1.0-video-index0
[2025-09-27 20:30:30] [CSCore - PvCSCoreLogger] [DEBUG] CS: DEBUG 7: AprilTag1: opening device (UsbCameraImpl.cpp:651)
[2025-09-27 20:30:30] [CSCore - PvCSCoreLogger] [INFO] AprilTag1: Attempting to connect to USB camera on /dev/v4l/by-path/platform-fc880000.usb-usb-0:1:1.0-video-index0
[2025-09-27 20:30:30] [CSCore - PvCSCoreLogger] [DEBUG] CS: DEBUG 7: AprilTag1: opening device (UsbCameraImpl.cpp:651)
[2025-09-27 20:30:30] [CSCore - PvCSCoreLogger] [INFO] AprilTag1: Connected to USB camera on /dev/v4l/by-path/platform-fc880000.usb-usb-0:1:1.0-video-index0
[2025-09-27 20:30:30] [CSCore - PvCSCoreLogger] [DEBUG] CS: DEBUG 7: AprilTag1: getting capabilities (UsbCameraImpl.cpp:663)
[2025-09-27 20:30:30] [CSCore - PvCSCoreLogger] [DEBUG] CS: DEBUG 7: AprilTag1: restoring video mode (UsbCameraImpl.cpp:681)
[2025-09-27 20:30:30] [CSCore - PvCSCoreLogger] [INFO] AprilTag1: set format 1 res 320x240
[2025-09-27 20:30:30] [Camera - USBFrameProvider - AprilTag1] [ERROR] Error grabbing image: timed out getting frame
[2025-09-27 20:30:30] [CSCore - PvCSCoreLogger] [INFO] AprilTag1: set FPS to 100
[2025-09-27 20:30:30] [CSCore - PvCSCoreLogger] [DEBUG] CS: DEBUG 7: AprilTag1: restoring settings (UsbCameraImpl.cpp:686)
[2025-09-27 20:30:30] [Camera - USBFrameProvider - AprilTag1] [ERROR] Error grabbing image: timed out getting frame
[2025-09-27 20:30:30] [General - KernelLogLogger] [DEBUG] 2025-09-27T20:30:29.889941-06:00 photonvision kernel: usb 5-1: Failed to query (GET_CUR) UVC control 6 on unit 2: -71 (exp. 2).
[2025-09-27 20:30:30] [General - KernelLogLogger] [DEBUG] 2025-09-27T20:30:30.212359-06:00 photonvision kernel: usb 5-1: new high-speed USB device number 126 using ehci-platform
[2025-09-27 20:30:30] [General - KernelLogLogger] [DEBUG] 2025-09-27T20:30:30.379067-06:00 photonvision kernel: usb 5-1: New USB device found, idVendor=0c45, idProduct=6366, bcdDevice= 1.00
[2025-09-27 20:30:30] [General - KernelLogLogger] [DEBUG] 2025-09-27T20:30:30.379124-06:00 photonvision kernel: usb 5-1: New USB device strings: Mfr=2, Product=1, SerialNumber=3
[2025-09-27 20:30:30] [General - KernelLogLogger] [DEBUG] 2025-09-27T20:30:30.379128-06:00 photonvision kernel: usb 5-1: Product: AprilTag1
[2025-09-27 20:30:30] [General - KernelLogLogger] [DEBUG] 2025-09-27T20:30:30.379131-06:00 photonvision kernel: usb 5-1: Manufacturer: Arducam Technology Co., Ltd.
[2025-09-27 20:30:30] [General - KernelLogLogger] [DEBUG] 2025-09-27T20:30:30.379134-06:00 photonvision kernel: usb 5-1: SerialNumber: 0001
[2025-09-27 20:30:30] [General - KernelLogLogger] [DEBUG] 2025-09-27T20:30:30.382384-06:00 photonvision kernel: usb 5-1: Found UVC 1.00 device AprilTag1 (0c45:6366)
[2025-09-27 20:30:30] [General - KernelLogLogger] [DEBUG] 2025-09-27T20:30:30.412454-06:00 photonvision kernel: input: AprilTag1: AprilTag1 as /devices/platform/fc880000.usb/usb5/5-1/5-1:1.0/input/input137
[2025-09-27 20:30:30] [General - KernelLogLogger] [DEBUG] 5-09-27T20:30:21.345747q
[2025-09-27 20:30:31] [Camera - USBFrameProvider - AprilTag1] [ERROR] Error grabbing image: timed out getting frame
[2025-09-27 20:30:31] [Camera - USBFrameProvider - AprilTag1] [ERROR] Error grabbing image: timed out getting frame
[2025-09-27 20:30:31] [CSCore - PvCSCoreLogger] [DEBUG] CS: DEBUG 7: AprilTag1: allocating buffers (UsbCameraImpl.cpp:701)
[2025-09-27 20:30:31] [CSCore - PvCSCoreLogger] [DEBUG] CS: DEBUG 7: AprilTag1: mapping buffers (UsbCameraImpl.cpp:715)
[2025-09-27 20:30:31] [CSCore - PvCSCoreLogger] [DEBUG] CS: DEBUG 7: AprilTag1: queuing buffers (UsbCameraImpl.cpp:765)
[2025-09-27 20:30:31] [CSCore - PvCSCoreLogger] [ERROR] CS: ERROR 40: AprilTag1: ioctl VIDIOC_STREAMON failed: Protocol error (UsbCameraImpl.cpp:789)
[2025-09-27 20:30:31] [Camera - USBFrameProvider - AprilTag1] [ERROR] Error grabbing image: timed out getting frame
[2025-09-27 20:30:31] [CSCore - PvCSCoreLogger] [INFO] AprilTag1: Attempting to connect to USB camera on /dev/v4l/by-path/platform-fc880000.usb-usb-0:1:1.0-video-index0
[2025-09-27 20:30:31] [CSCore - PvCSCoreLogger] [DEBUG] CS: DEBUG 7: AprilTag1: opening device (UsbCameraImpl.cpp:651)
[2025-09-27 20:30:31] [CSCore - PvCSCoreLogger] [INFO] AprilTag1: Attempting to connect to USB camera on /dev/v4l/by-path/platform-fc880000.usb-usb-0:1:1.0-video-index0
[2025-09-27 20:30:31] [CSCore - PvCSCoreLogger] [DEBUG] CS: DEBUG 7: AprilTag1: opening device (UsbCameraImpl.cpp:651)
[2025-09-27 20:30:31] [CSCore - PvCSCoreLogger] [INFO] AprilTag1: Attempting to connect to USB camera on /dev/v4l/by-path/platform-fc880000.usb-usb-0:1:1.0-video-index0
[2025-09-27 20:30:31] [CSCore - PvCSCoreLogger] [DEBUG] CS: DEBUG 7: AprilTag1: opening device (UsbCameraImpl.cpp:651)
[2025-09-27 20:30:31] [CSCore - PvCSCoreLogger] [INFO] AprilTag1: Attempting to connect to USB camera on /dev/v4l/by-path/platform-fc880000.usb-usb-0:1:1.0-video-index0
[2025-09-27 20:30:31] [CSCore - PvCSCoreLogger] [DEBUG] CS: DEBUG 7: AprilTag1: opening device (UsbCameraImpl.cpp:651)
[2025-09-27 20:30:31] [Camera - USBFrameProvider - AprilTag1] [ERROR] Error grabbing image: timed out getting frame
[2025-09-27 20:30:31] [General - KernelLogLogger] [DEBUG] 2025-09-27T20:30:31.549034-06:00 photonvision kernel: usb 5-1: Failed to query (GET_MIN) UVC control 8 on unit 2: -71 (exp. 2).
[2025-09-27 20:30:31] [General - KernelLogLogger] [DEBUG] 2025-09-27T20:30:31.559010-06:00 photonvision kernel: usb 5-1: Failed to query (GET_CUR) UVC control 2 on unit 2: -71 (exp. 2).
[2025-09-27 20:30:31] [General - KernelLogLogger] [DEBUG] 2025-09-27T20:30:31.565700-06:00 photonvision kernel: usb usb5-port1: disabled by hub (EMI?), re-enabling...
[2025-09-27 20:30:31] [General - KernelLogLogger] [DEBUG] 2025-09-27T20:30:31.565729-06:00 photonvision kernel: usb 5-1: USB disconnect, device number 126
[2025-09-27 20:30:31] [General - KernelLogLogger] [DEBUG] 2025-09-27T20:30:31.565731-06:00 photonvision kernel: usb 5-1: Failed to query (GET_DEF) UVC control 8 on unit 2: -71 (exp. 2).
[2025-09-27 20:30:31] [General - KernelLogLogger] [DEBUG] 2025-09-27T20:30:31.895713-06:00 photonvision kernel: usb 5-1: new high-speed USB device number 127 using ehci-platform
[2025-09-27 20:30:31] [General - KernelLogLogger] [DEBUG] 9134-06:00 photonvision kernel: usb 5-1: SerialNumber: 0001
[2025-09-27 20:30:31] [General - KernelLogLogger] [DEBUG] 2025-09-27T20:30:30.382384-06:00 photonvision kernel: usb 5-1: Found UVC 1.00 device AprilTag1 (0c45:6366)
[2025-09-27 20:30:31] [General - KernelLogLogger] [DEBUG] 2025-09-27T20:30:30.412454-06:00 photonvision kernel: input: AprilTag1: AprilTag1 as /devices/platform/fc880000.usb/usb5/5-1/5-1:1.0/input/input137
[2025-09-27 20:30:31] [General - KernelLogLogger] [DEBUG] 5-09-27T20:30:21.345747q
[2025-09-27 20:30:32] [Camera - USBFrameProvider - AprilTag1] [ERROR] Error grabbing image: timed out getting frame
[2025-09-27 20:30:32] [CSCore - PvCSCoreLogger] [INFO] AprilTag1: Attempting to connect to USB camera on /dev/v4l/by-path/platform-fc880000.usb-usb-0:1:1.0-video-index0
[2025-09-27 20:30:32] [CSCore - PvCSCoreLogger] [DEBUG] CS: DEBUG 7: AprilTag1: opening device (UsbCameraImpl.cpp:651)
[2025-09-27 20:30:32] [CSCore - PvCSCoreLogger] [INFO] AprilTag1: Attempting to connect to USB camera on /dev/v4l/by-path/platform-fc880000.usb-usb-0:1:1.0-video-index0
[2025-09-27 20:30:32] [CSCore - PvCSCoreLogger] [DEBUG] CS: DEBUG 7: AprilTag1: opening device (UsbCameraImpl.cpp:651)
[2025-09-27 20:30:32] [CSCore - PvCSCoreLogger] [INFO] AprilTag1: Attempting to connect to USB camera on /dev/v4l/by-path/platform-fc880000.usb-usb-0:1:1.0-video-index0
[2025-09-27 20:30:32] [CSCore - PvCSCoreLogger] [DEBUG] CS: DEBUG 7: AprilTag1: opening device (UsbCameraImpl.cpp:651)
[2025-09-27 20:30:32] [CSCore - PvCSCoreLogger] [INFO] AprilTag1: Connected to USB camera on /dev/v4l/by-path/platform-fc880000.usb-usb-0:1:1.0-video-index0
[2025-09-27 20:30:32] [CSCore - PvCSCoreLogger] [DEBUG] CS: DEBUG 7: AprilTag1: getting capabilities (UsbCameraImpl.cpp:663)
[2025-09-27 20:30:32] [CSCore - PvCSCoreLogger] [DEBUG] CS: DEBUG 7: AprilTag1: restoring video mode (UsbCameraImpl.cpp:681)
[2025-09-27 20:30:32] [CSCore - PvCSCoreLogger] [INFO] AprilTag1: set format 1 res 320x240
[2025-09-27 20:30:32] [CSCore - PvCSCoreLogger] [INFO] AprilTag1: set FPS to 100
[2025-09-27 20:30:32] [CSCore - PvCSCoreLogger] [DEBUG] CS: DEBUG 7: AprilTag1: restoring settings (UsbCameraImpl.cpp:686)
[2025-09-27 20:30:32] [Camera - USBFrameProvider - AprilTag1] [ERROR] Error grabbing image: timed out getting frame
[2025-09-27 20:30:32] [Camera - USBFrameProvider - AprilTag1] [ERROR] Error grabbing image: timed out getting frame
[2025-09-27 20:30:32] [General - KernelLogLogger] [DEBUG] 2025-09-27T20:30:32.059057-06:00 photonvision kernel: usb 5-1: New USB device found, idVendor=0c45, idProduct=6366, bcdDevice= 1.00
[2025-09-27 20:30:32] [General - KernelLogLogger] [DEBUG] 2025-09-27T20:30:32.059082-06:00 photonvision kernel: usb 5-1: New USB device strings: Mfr=2, Product=1, SerialNumber=3
[2025-09-27 20:30:32] [General - KernelLogLogger] [DEBUG] 2025-09-27T20:30:32.059083-06:00 photonvision kernel: usb 5-1: Product: AprilTag1
[2025-09-27 20:30:32] [General - KernelLogLogger] [DEBUG] 2025-09-27T20:30:32.059085-06:00 photonvision kernel: usb 5-1: Manufacturer: Arducam Technology Co., Ltd.
[2025-09-27 20:30:32] [General - KernelLogLogger] [DEBUG] 2025-09-27T20:30:32.059095-06:00 photonvision kernel: usb 5-1: SerialNumber: 0001
[2025-09-27 20:30:32] [General - KernelLogLogger] [DEBUG] 2025-09-27T20:30:32.062416-06:00 photonvision kernel: usb 5-1: Found UVC 1.00 device AprilTag1 (0c45:6366)
[2025-09-27 20:30:32] [General - KernelLogLogger] [DEBUG] 2025-09-27T20:30:32.093317-06:00 photonvision kernel: input: AprilTag1: AprilTag1 as /devices/platform/fc880000.usb/usb5/5-1/5-1:1.0/input/input138
[2025-09-27 20:30:32] [General - KernelLogLogger] [DEBUG] -27T20:30:30.382384-06:00 photonvision kernel: usb 5-1: Found UVC 1.00 device AprilTag1 (0c45:6366)
[2025-09-27 20:30:32] [General - KernelLogLogger] [DEBUG] 2025-09-27T20:30:30.412454-06:00 photonvision kernel: input: AprilTag1: AprilTag1 as /devices/platform/fc880000.usb/usb5/5-1/5-1:1.0/input/input137
[2025-09-27 20:30:32] [General - KernelLogLogger] [DEBUG] 5-09-27T20:30:21.345747q
[2025-09-27 20:30:32] [Camera - USBFrameProvider - AprilTag1] [ERROR] Error grabbing image: timed out getting frame
[2025-09-27 20:30:33] [Camera - USBFrameProvider - AprilTag1] [ERROR] Error grabbing image: timed out getting frame
[2025-09-27 20:30:33] [CSCore - PvCSCoreLogger] [DEBUG] CS: DEBUG 7: AprilTag1: allocating buffers (UsbCameraImpl.cpp:701)
[2025-09-27 20:30:33] [CSCore - PvCSCoreLogger] [DEBUG] CS: DEBUG 7: AprilTag1: mapping buffers (UsbCameraImpl.cpp:715)
[2025-09-27 20:30:33] [CSCore - PvCSCoreLogger] [DEBUG] CS: DEBUG 7: AprilTag1: queuing buffers (UsbCameraImpl.cpp:765)
[2025-09-27 20:30:33] [CSCore - PvCSCoreLogger] [ERROR] CS: ERROR 40: AprilTag1: ioctl VIDIOC_STREAMON failed: Protocol error (UsbCameraImpl.cpp:789)
[2025-09-27 20:30:33] [CSCore - PvCSCoreLogger] [DEBUG] CS: DEBUG 7: AprilTag1: queuing buffers (UsbCameraImpl.cpp:765)
[2025-09-27 20:30:33] [CSCore - PvCSCoreLogger] [ERROR] CS: ERROR 40: ioctl VIDIOC_QBUF failed at UsbCameraImpl.cpp:772: No such device (UsbUtil.cpp:157)
[2025-09-27 20:30:33] [CSCore - PvCSCoreLogger] [WARN] CS: WARNING 30: AprilTag1: could not queue buffer 0 (UsbCameraImpl.cpp:773)
[2025-09-27 20:30:33] [CSCore - PvCSCoreLogger] [INFO] AprilTag1: Attempting to connect to USB camera on /dev/v4l/by-path/platform-fc880000.usb-usb-0:1:1.0-video-index0
[2025-09-27 20:30:33] [CSCore - PvCSCoreLogger] [DEBUG] CS: DEBUG 7: AprilTag1: opening device (UsbCameraImpl.cpp:651)
[2025-09-27 20:30:33] [CSCore - PvCSCoreLogger] [INFO] AprilTag1: Attempting to connect to USB camera on /dev/v4l/by-path/platform-fc880000.usb-usb-0:1:1.0-video-index0
[2025-09-27 20:30:33] [CSCore - PvCSCoreLogger] [DEBUG] CS: DEBUG 7: AprilTag1: opening device (UsbCameraImpl.cpp:651)
[2025-09-27 20:30:33] [Camera - USBFrameProvider - AprilTag1] [ERROR] Error grabbing image: timed out getting frame
[2025-09-27 20:30:33] [Camera - USBFrameProvider - AprilTag1] [ERROR] Error grabbing image: timed out getting frame
[2025-09-27 20:30:33] [General - KernelLogLogger] [DEBUG] 2025-09-27T20:30:33.362402-06:00 photonvision kernel: usb 5-1: Failed to query (GET_RES) UVC control 8 on unit 2: -71 (exp. 2).
[2025-09-27 20:30:33] [General - KernelLogLogger] [DEBUG] 2025-09-27T20:30:33.369081-06:00 photonvision kernel: usb usb5-port1: disabled by hub (EMI?), re-enabling...
[2025-09-27 20:30:33] [General - KernelLogLogger] [DEBUG] 2025-09-27T20:30:33.369136-06:00 photonvision kernel: usb 5-1: USB disconnect, device number 127
[2025-09-27 20:30:33] [General - KernelLogLogger] [DEBUG] 2025-09-27T20:30:33.374030-06:00 photonvision kernel: usb 5-1: Failed to query (GET_CUR) UVC control 2 on unit 2: -71 (exp. 2).
[2025-09-27 20:30:33] [General - KernelLogLogger] [DEBUG] 2025-09-27T20:30:33.705744-06:00 photonvision kernel: usb 5-1: new high-speed USB device number 2 using ehci-platform
[2025-09-27 20:30:33] [General - KernelLogLogger] [DEBUG] 2025-09-27T20:30:33.865815-06:00 photonvision kernel: usb 5-1: New USB device found, idVendor=0c45, idProduct=6366, bcdDevice= 1.00
[2025-09-27 20:30:33] [General - KernelLogLogger] [DEBUG] 2025-09-27T20:30:33.866132-06:00 photonvision kernel: usb 5-1: New USB device strings: Mfr=2, Product=1, SerialNumber=3
[2025-09-27 20:30:33] [General - KernelLogLogger] [DEBUG] 2025-09-27T20:30:33.866141-06:00 photonvision kernel: usb 5-1: Product: AprilTag1
[2025-09-27 20:30:33] [General - KernelLogLogger] [DEBUG] 2025-09-27T20:30:33.866144-06:00 photonvision kernel: usb 5-1: Manufacturer: Arducam Technology Co., Ltd.
[2025-09-27 20:30:33] [General - KernelLogLogger] [DEBUG] 2025-09-27T20:30:33.866149-06:00 photonvision kernel: usb 5-1: SerialNumber: 0001
[2025-09-27 20:30:33] [General - KernelLogLogger] [DEBUG] 2025-09-27T20:30:33.873166-06:00 photonvision kernel: usb 5-1: Found UVC 1.00 device AprilTag1 (0c45:6366)
[2025-09-27 20:30:33] [CSCore - PvCSCoreLogger] [INFO] AprilTag1: Attempting to connect to USB camera on /dev/v4l/by-path/platform-fc880000.usb-usb-0:1:1.0-video-index0
[2025-09-27 20:30:33] [CSCore - PvCSCoreLogger] [DEBUG] CS: DEBUG 7: AprilTag1: opening device (UsbCameraImpl.cpp:651)
[2025-09-27 20:30:33] [CSCore - PvCSCoreLogger] [INFO] AprilTag1: Attempting to connect to USB camera on /dev/v4l/by-path/platform-fc880000.usb-usb-0:1:1.0-video-index0
[2025-09-27 20:30:33] [CSCore - PvCSCoreLogger] [DEBUG] CS: DEBUG 7: AprilTag1: opening device (UsbCameraImpl.cpp:651)
[2025-09-27 20:30:33] [CSCore - PvCSCoreLogger] [INFO] AprilTag1: Connected to USB camera on /dev/v4l/by-path/platform-fc880000.usb-usb-0:1:1.0-video-index0
[2025-09-27 20:30:33] [CSCore - PvCSCoreLogger] [DEBUG] CS: DEBUG 7: AprilTag1: getting capabilities (UsbCameraImpl.cpp:663)
[2025-09-27 20:30:33] [CSCore - PvCSCoreLogger] [DEBUG] CS: DEBUG 7: AprilTag1: restoring video mode (UsbCameraImpl.cpp:681)
[2025-09-27 20:30:33] [CSCore - PvCSCoreLogger] [INFO] AprilTag1: set format 1 res 320x240
[2025-09-27 20:30:33] [CSCore - PvCSCoreLogger] [INFO] AprilTag1: set FPS to 100
[2025-09-27 20:30:33] [CSCore - PvCSCoreLogger] [DEBUG] CS: DEBUG 7: AprilTag1: restoring settings (UsbCameraImpl.cpp:686)
[2025-09-27 20:30:34] [Camera - USBFrameProvider - AprilTag1] [ERROR] Error grabbing image: timed out getting frame
[2025-09-27 20:30:34] [Camera - USBFrameProvider - AprilTag1] [ERROR] Error grabbing image: timed out getting frame
[2025-09-27 20:30:34] [Camera - USBFrameProvider - AprilTag1] [ERROR] Error grabbing image: timed out getting frame
[2025-09-27 20:30:34] [Camera - USBFrameProvider - AprilTag1] [ERROR] Error grabbing image: timed out getting frame
[2025-09-27 20:30:34] [General - KernelLogLogger] [DEBUG] 2025-09-27T20:30:33.905745-06:00 photonvision kernel: input: AprilTag1: AprilTag1 as /devices/platform/fc880000.usb/usb5/5-1/5-1:1.0/input/input139
[2025-09-27 20:30:35] [CSCore - PvCSCoreLogger] [DEBUG] CS: DEBUG 7: AprilTag1: allocating buffers (UsbCameraImpl.cpp:701)
[2025-09-27 20:30:35] [CSCore - PvCSCoreLogger] [DEBUG] CS: DEBUG 7: AprilTag1: mapping buffers (UsbCameraImpl.cpp:715)
[2025-09-27 20:30:35] [CSCore - PvCSCoreLogger] [DEBUG] CS: DEBUG 7: AprilTag1: queuing buffers (UsbCameraImpl.cpp:765)
[2025-09-27 20:30:35] [Camera - USBFrameProvider - AprilTag1] [ERROR] Error grabbing image: timed out getting frame
[2025-09-27 20:30:35] [CSCore - PvCSCoreLogger] [ERROR] CS: ERROR 40: AprilTag1: ioctl VIDIOC_STREAMON failed: Protocol error (UsbCameraImpl.cpp:789)
[2025-09-27 20:30:35] [CSCore - PvCSCoreLogger] [DEBUG] CS: DEBUG 7: AprilTag1: queuing buffers (UsbCameraImpl.cpp:765)
[2025-09-27 20:30:35] [CSCore - PvCSCoreLogger] [ERROR] CS: ERROR 40: ioctl VIDIOC_QBUF failed at UsbCameraImpl.cpp:772: Invalid argument (UsbUtil.cpp:157)
[2025-09-27 20:30:35] [CSCore - PvCSCoreLogger] [WARN] CS: WARNING 30: AprilTag1: could not queue buffer 0 (UsbCameraImpl.cpp:773)
[2025-09-27 20:30:35] [CSCore - PvCSCoreLogger] [DEBUG] CS: DEBUG 7: AprilTag1: queuing buffers (UsbCameraImpl.cpp:765)
[2025-09-27 20:30:35] [CSCore - PvCSCoreLogger] [ERROR] CS: ERROR 40: ioctl VIDIOC_QBUF failed at UsbCameraImpl.cpp:772: No such device (UsbUtil.cpp:157)
[2025-09-27 20:30:35] [CSCore - PvCSCoreLogger] [WARN] CS: WARNING 30: AprilTag1: could not queue buffer 0 (UsbCameraImpl.cpp:773)
[2025-09-27 20:30:35] [CSCore - PvCSCoreLogger] [INFO] AprilTag1: Attempting to connect to USB camera on /dev/v4l/by-path/platform-fc880000.usb-usb-0:1:1.0-video-index0
[2025-09-27 20:30:35] [CSCore - PvCSCoreLogger] [DEBUG] CS: DEBUG 7: AprilTag1: opening device (UsbCameraImpl.cpp:651)
[2025-09-27 20:30:35] [Camera - USBFrameProvider - AprilTag1] [ERROR] Error grabbing image: timed out getting frame
[2025-09-27 20:30:35] [Camera - USBFrameProvider - AprilTag1] [ERROR] Error grabbing image: timed out getting frame
[2025-09-27 20:30:35] [CSCore - PvCSCoreLogger] [INFO] AprilTag1: Attempting to connect to USB camera on /dev/v4l/by-path/platform-fc880000.usb-usb-0:1:1.0-video-index0
[2025-09-27 20:30:35] [CSCore - PvCSCoreLogger] [DEBUG] CS: DEBUG 7: AprilTag1: opening device (UsbCameraImpl.cpp:651)
[2025-09-27 20:30:35] [CSCore - PvCSCoreLogger] [INFO] AprilTag1: Attempting to connect to USB camera on /dev/v4l/by-path/platform-fc880000.usb-usb-0:1:1.0-video-index0
[2025-09-27 20:30:35] [CSCore - PvCSCoreLogger] [DEBUG] CS: DEBUG 7: AprilTag1: opening device (UsbCameraImpl.cpp:651)
[2025-09-27 20:30:35] [CSCore - PvCSCoreLogger] [INFO] AprilTag1: Attempting to connect to USB camera on /dev/v4l/by-path/platform-fc880000.usb-usb-0:1:1.0-video-index0
[2025-09-27 20:30:35] [CSCore - PvCSCoreLogger] [DEBUG] CS: DEBUG 7: AprilTag1: opening device (UsbCameraImpl.cpp:651)
[2025-09-27 20:30:35] [CSCore - PvCSCoreLogger] [INFO] AprilTag1: Attempting to connect to USB camera on /dev/v4l/by-path/platform-fc880000.usb-usb-0:1:1.0-video-index0
[2025-09-27 20:30:35] [CSCore - PvCSCoreLogger] [DEBUG] CS: DEBUG 7: AprilTag1: opening device (UsbCameraImpl.cpp:651)
[2025-09-27 20:30:35] [Camera - USBFrameProvider - AprilTag1] [ERROR] Error grabbing image: timed out getting frame
[2025-09-27 20:30:35] [General - KernelLogLogger] [DEBUG] 2025-09-27T20:30:35.152416-06:00 photonvision kernel: usb 5-1: Failed to query (GET_MAX) UVC control 1 on unit 2: -71 (exp. 2).
[2025-09-27 20:30:35] [General - KernelLogLogger] [DEBUG] 2025-09-27T20:30:35.162523-06:00 photonvision kernel: usb 5-1: Failed to query (GET_CUR) UVC control 2 on unit 2: -71 (exp. 2).
[2025-09-27 20:30:35] [General - KernelLogLogger] [DEBUG] 2025-09-27T20:30:35.175807-06:00 photonvision kernel: usb 5-1: Failed to query (GET_DEF) UVC control 1 on unit 2: -71 (exp. 2).
[2025-09-27 20:30:35] [General - KernelLogLogger] [DEBUG] 2025-09-27T20:30:35.175831-06:00 photonvision kernel: usb usb5-port1: disabled by hub (EMI?), re-enabling...
[2025-09-27 20:30:35] [General - KernelLogLogger] [DEBUG] 2025-09-27T20:30:35.175833-06:00 photonvision kernel: usb 5-1: USB disconnect, device number 2
[2025-09-27 20:30:35] [General - KernelLogLogger] [DEBUG] 2025-09-27T20:30:35.525781-06:00 photonvision kernel: usb 5-1: new high-speed USB device number 3 using ehci-platform
[2025-09-27 20:30:35] [General - KernelLogLogger] [DEBUG] 2025-09-27T20:30:35.685835-06:00 photonvision kernel: usb 5-1: New USB device found, idVendor=0c45, idProduct=6366, bcdDevice= 1.00
[2025-09-27 20:30:35] [General - KernelLogLogger] [DEBUG] 2025-09-27T20:30:35.685890-06:00 photonvision kernel: usb 5-1: New USB device strings: Mfr=2, Product=1, SerialNumber=3
[2025-09-27 20:30:35] [General - KernelLogLogger] [DEBUG] 2025-09-27T20:30:35.685895-06:00 photonvision kernel: usb 5-1: Product: AprilTag1
[2025-09-27 20:30:35] [General - KernelLogLogger] [DEBUG] 2025-09-27T20:30:35.685900-06:00 photonvision kernel: usb 5-1: Manufacturer: Arducam Technology Co., Ltd.
[2025-09-27 20:30:35] [General - KernelLogLogger] [DEBUG] 2025-09-27T20:30:35.685903-06:00 photonvision kernel: usb 5-1: SerialNumber: 0001
[2025-09-27 20:30:35] [General - KernelLogLogger] [DEBUG] 2025-09-27T20:30:35.689081-06:00 photonvision kernel: usb 5-1: Found UVC 1.00 device AprilTag1 (0c45:6366)
[2025-09-27 20:30:35] [General - KernelLogLogger] [DEBUG] 2025-09-27T20:30:35.716215-06:00 photonvision kernel: input: AprilTag1: AprilTag1 as /devices/platform/fc880000.usb/usb5/5-1/5-1:1.0/input/input140
[2025-09-27 20:30:35] [General - KernelLogLogger] [DEBUG] 130
[2025-09-27 20:30:35] [General - KernelLogLogger] [DEBUG] 0:25:26.582388-06:00 photonvision kernel: usb 5-1: Failed to query (GET_MIN) UVC control 1 on unit 2: -71 (exp. 2).
[2025-09-27 20:30:35] [General - KernelLogLogger] [DEBUG] 2025-09-27T20:25:26.592386-06:00 photonvision kernel: usb 5-1: Failed to query (GET_CUR) UVC control 2 on unit 2: -71 (exp. 2).
[2025-09-27 20:30:35] [General - KernelLogLogger] [DEBUG] 2025-09-27T20:25:26.595748-06:00 photonvision kernel: usb usb5-port1: disabled by hub (EMI?), re-enabling...
[2025-09-27 20:30:35] [General - KernelLogLogger] [DEBUG] 2025-09-27T20:25:26.595773-06:00 photonvision kernel: usb 5-1: USB disconnect, device number 4
[2025-09-27 20:30:35] [General - KernelLogLogger] [DEBUG] ÿ
[2025-09-27 20:30:36] [Camera - USBFrameProvider - AprilTag1] [ERROR] Error grabbing image: timed out getting frame
[2025-09-27 20:30:36] [Camera - USBFrameProvider - AprilTag1] [ERROR] Error grabbing image: timed out getting frame
[2025-09-27 20:30:36] [Camera - USBFrameProvider - AprilTag1] [ERROR] Error grabbing image: timed out getting frame
[2025-09-27 20:30:36] [Camera - USBFrameProvider - AprilTag1] [ERROR] Error grabbing image: timed out getting frame
[2025-09-27 20:30:37] [Camera - USBFrameProvider - AprilTag1] [ERROR] Error grabbing image: timed out getting frame
[2025-09-27 20:30:37] [Camera - USBFrameProvider - AprilTag1] [ERROR] Error grabbing image: timed out getting frame
[2025-09-27 20:30:37] [CSCore - PvCSCoreLogger] [INFO] AprilTag1: Attempting to connect to USB camera on /dev/v4l/by-path/platform-fc880000.usb-usb-0:1:1.0-video-index0
[2025-09-27 20:30:37] [CSCore - PvCSCoreLogger] [DEBUG] CS: DEBUG 7: AprilTag1: opening device (UsbCameraImpl.cpp:651)
[2025-09-27 20:30:37] [CSCore - PvCSCoreLogger] [INFO] AprilTag1: Connected to USB camera on /dev/v4l/by-path/platform-fc880000.usb-usb-0:1:1.0-video-index0
[2025-09-27 20:30:37] [CSCore - PvCSCoreLogger] [DEBUG] CS: DEBUG 7: AprilTag1: getting capabilities (UsbCameraImpl.cpp:663)
[2025-09-27 20:30:37] [CSCore - PvCSCoreLogger] [DEBUG] CS: DEBUG 7: AprilTag1: restoring video mode (UsbCameraImpl.cpp:681)
[2025-09-27 20:30:37] [CSCore - PvCSCoreLogger] [INFO] AprilTag1: set format 1 res 320x240
[2025-09-27 20:30:37] [CSCore - PvCSCoreLogger] [INFO] AprilTag1: set FPS to 100
[2025-09-27 20:30:37] [CSCore - PvCSCoreLogger] [DEBUG] CS: DEBUG 7: AprilTag1: restoring settings (UsbCameraImpl.cpp:686)
[2025-09-27 20:30:37] [Camera - USBFrameProvider - AprilTag1] [ERROR] Error grabbing image: timed out getting frame
[2025-09-27 20:30:38] [Camera - USBFrameProvider - AprilTag1] [ERROR] Error grabbing image: timed out getting frame
[2025-09-27 20:30:38] [Camera - USBFrameProvider - AprilTag1] [ERROR] Error grabbing image: timed out getting frame
[2025-09-27 20:30:38] [Camera - USBFrameProvider - AprilTag1] [ERROR] Error grabbing image: timed out getting frame
[2025-09-27 20:30:38] [CSCore - PvCSCoreLogger] [DEBUG] CS: DEBUG 7: AprilTag1: allocating buffers (UsbCameraImpl.cpp:701)
[2025-09-27 20:30:38] [CSCore - PvCSCoreLogger] [DEBUG] CS: DEBUG 7: AprilTag1: mapping buffers (UsbCameraImpl.cpp:715)
[2025-09-27 20:30:38] [CSCore - PvCSCoreLogger] [DEBUG] CS: DEBUG 7: AprilTag1: queuing buffers (UsbCameraImpl.cpp:765)
[2025-09-27 20:30:38] [Camera - USBFrameProvider - AprilTag1] [ERROR] Error grabbing image: timed out getting frame
[2025-09-27 20:30:38] [CSCore - PvCSCoreLogger] [ERROR] CS: ERROR 40: AprilTag1: ioctl VIDIOC_STREAMON failed: Protocol error (UsbCameraImpl.cpp:789)
[2025-09-27 20:30:38] [CSCore - PvCSCoreLogger] [INFO] AprilTag1: Attempting to connect to USB camera on /dev/v4l/by-path/platform-fc880000.usb-usb-0:1:1.0-video-index0
[2025-09-27 20:30:38] [CSCore - PvCSCoreLogger] [DEBUG] CS: DEBUG 7: AprilTag1: opening device (UsbCameraImpl.cpp:651)
[2025-09-27 20:30:38] [CSCore - PvCSCoreLogger] [INFO] AprilTag1: Attempting to connect to USB camera on /dev/v4l/by-path/platform-fc880000.usb-usb-0:1:1.0-video-index0
[2025-09-27 20:30:38] [CSCore - PvCSCoreLogger] [DEBUG] CS: DEBUG 7: AprilTag1: opening device (UsbCameraImpl.cpp:651)
[2025-09-27 20:30:38] [CSCore - PvCSCoreLogger] [INFO] AprilTag1: Attempting to connect to USB camera on /dev/v4l/by-path/platform-fc880000.usb-usb-0:1:1.0-video-index0
[2025-09-27 20:30:38] [CSCore - PvCSCoreLogger] [DEBUG] CS: DEBUG 7: AprilTag1: opening device (UsbCameraImpl.cpp:651)
[2025-09-27 20:30:39] [Camera - USBFrameProvider - AprilTag1] [ERROR] Error grabbing image: timed out getting frame
[2025-09-27 20:30:39] [Camera - USBFrameProvider - AprilTag1] [ERROR] Error grabbing image: timed out getting frame
[2025-09-27 20:30:39] [CSCore - PvCSCoreLogger] [INFO] AprilTag1: Attempting to connect to USB camera on /dev/v4l/by-path/platform-fc880000.usb-usb-0:1:1.0-video-index0
[2025-09-27 20:30:39] [CSCore - PvCSCoreLogger] [DEBUG] CS: DEBUG 7: AprilTag1: opening device (UsbCameraImpl.cpp:651)
[2025-09-27 20:30:39] [CSCore - PvCSCoreLogger] [INFO] AprilTag1: Connected to USB camera on /dev/v4l/by-path/platform-fc880000.usb-usb-0:1:1.0-video-index0
[2025-09-27 20:30:39] [CSCore - PvCSCoreLogger] [DEBUG] CS: DEBUG 7: AprilTag1: getting capabilities (UsbCameraImpl.cpp:663)
[2025-09-27 20:30:39] [CSCore - PvCSCoreLogger] [DEBUG] CS: DEBUG 7: AprilTag1: restoring video mode (UsbCameraImpl.cpp:681)
[2025-09-27 20:30:39] [CSCore - PvCSCoreLogger] [INFO] AprilTag1: set format 1 res 320x240
[2025-09-27 20:30:39] [CSCore - PvCSCoreLogger] [INFO] AprilTag1: set FPS to 100
[2025-09-27 20:30:39] [CSCore - PvCSCoreLogger] [DEBUG] CS: DEBUG 7: AprilTag1: restoring settings (UsbCameraImpl.cpp:686)
[2025-09-27 20:30:39] [Camera - USBFrameProvider - AprilTag1] [ERROR] Error grabbing image: timed out getting frame
[2025-09-27 20:30:39] [General - KernelLogLogger] [DEBUG] 2025-09-27T20:30:38.965768-06:00 photonvision kernel: usb usb5-port1: disabled by hub (EMI?), re-enabling...
[2025-09-27 20:30:39] [General - KernelLogLogger] [DEBUG] 2025-09-27T20:30:38.965821-06:00 photonvision kernel: usb 5-1: USB disconnect, device number 3
[2025-09-27 20:30:39] [General - KernelLogLogger] [DEBUG] 2025-09-27T20:30:39.285756-06:00 photonvision kernel: usb 5-1: new high-speed USB device number 4 using ehci-platform
[2025-09-27 20:30:39] [General - KernelLogLogger] [DEBUG] 2025-09-27T20:30:39.449195-06:00 photonvision kernel: usb 5-1: New USB device found, idVendor=0c45, idProduct=6366, bcdDevice= 1.00
[2025-09-27 20:30:39] [General - KernelLogLogger] [DEBUG] 2025-09-27T20:30:39.449444-06:00 photonvision kernel: usb 5-1: New USB device strings: Mfr=2, Product=1, SerialNumber=3
[2025-09-27 20:30:39] [General - KernelLogLogger] [DEBUG] 2025-09-27T20:30:39.449460-06:00 photonvision kernel: usb 5-1: Product: AprilTag1
[2025-09-27 20:30:39] [General - KernelLogLogger] [DEBUG] 2025-09-27T20:30:39.449464-06:00 photonvision kernel: usb 5-1: Manufacturer: Arducam Technology Co., Ltd.
[2025-09-27 20:30:39] [General - KernelLogLogger] [DEBUG] 2025-09-27T20:30:39.449468-06:00 photonvision kernel: usb 5-1: SerialNumber: 0001
[2025-09-27 20:30:39] [General - KernelLogLogger] [DEBUG] 2025-09-27T20:30:39.449488-06:00 photonvision kernel: usb 5-1: Found UVC 1.00 device AprilTag1 (0c45:6366)
[2025-09-27 20:30:39] [General - KernelLogLogger] [DEBUG] 2025-09-27T20:30:39.479250-06:00 photonvision kernel: input: AprilTag1: AprilTag1 as /devices/platform/fc880000.usb/usb5/5-1/5-1:1.0/input/input141
[2025-09-27 20:30:39] [General - KernelLogLogger] [DEBUG] 01
[2025-09-27 20:30:39] [General - KernelLogLogger] [DEBUG] 2025-09-27T20:30:33.873166-06:00 photonvision kernel: usb 5-1: Found UVC 1ñ
[2025-09-27 20:30:39] [Camera - USBFrameProvider - AprilTag1] [ERROR] Error grabbing image: timed out getting frame
[2025-09-27 20:30:40] [Camera - USBFrameProvider - AprilTag1] [ERROR] Error grabbing image: timed out getting frame
[2025-09-27 20:30:40] [Camera - USBFrameProvider - AprilTag1] [ERROR] Error grabbing image: timed out getting frame
[2025-09-27 20:30:40] [CSCore - PvCSCoreLogger] [DEBUG] CS: DEBUG 7: AprilTag1: allocating buffers (UsbCameraImpl.cpp:701)
[2025-09-27 20:30:40] [CSCore - PvCSCoreLogger] [DEBUG] CS: DEBUG 7: AprilTag1: mapping buffers (UsbCameraImpl.cpp:715)
[2025-09-27 20:30:40] [CSCore - PvCSCoreLogger] [DEBUG] CS: DEBUG 7: AprilTag1: queuing buffers (UsbCameraImpl.cpp:765)
[2025-09-27 20:30:40] [CSCore - PvCSCoreLogger] [ERROR] CS: ERROR 40: AprilTag1: ioctl VIDIOC_STREAMON failed: Protocol error (UsbCameraImpl.cpp:789)
[2025-09-27 20:30:40] [CSCore - PvCSCoreLogger] [DEBUG] CS: DEBUG 7: AprilTag1: queuing buffers (UsbCameraImpl.cpp:765)
[2025-09-27 20:30:40] [CSCore - PvCSCoreLogger] [ERROR] CS: ERROR 40: ioctl VIDIOC_QBUF failed at UsbCameraImpl.cpp:772: Invalid argument (UsbUtil.cpp:157)
[2025-09-27 20:30:40] [CSCore - PvCSCoreLogger] [WARN] CS: WARNING 30: AprilTag1: could not queue buffer 0 (UsbCameraImpl.cpp:773)
[2025-09-27 20:30:40] [CSCore - PvCSCoreLogger] [DEBUG] CS: DEBUG 7: AprilTag1: queuing buffers (UsbCameraImpl.cpp:765)
[2025-09-27 20:30:40] [CSCore - PvCSCoreLogger] [ERROR] CS: ERROR 40: ioctl VIDIOC_QBUF failed at UsbCameraImpl.cpp:772: Invalid argument (UsbUtil.cpp:157)
[2025-09-27 20:30:40] [CSCore - PvCSCoreLogger] [WARN] CS: WARNING 30: AprilTag1: could not queue buffer 0 (UsbCameraImpl.cpp:773)
[2025-09-27 20:30:40] [CSCore - PvCSCoreLogger] [INFO] AprilTag1: Attempting to connect to USB camera on /dev/v4l/by-path/platform-fc880000.usb-usb-0:1:1.0-video-index0
[2025-09-27 20:30:40] [CSCore - PvCSCoreLogger] [DEBUG] CS: DEBUG 7: AprilTag1: opening device (UsbCameraImpl.cpp:651)
[2025-09-27 20:30:40] [CSCore - PvCSCoreLogger] [INFO] AprilTag1: Attempting to connect to USB camera on /dev/v4l/by-path/platform-fc880000.usb-usb-0:1:1.0-video-index0
[2025-09-27 20:30:40] [CSCore - PvCSCoreLogger] [DEBUG] CS: DEBUG 7: AprilTag1: opening device (UsbCameraImpl.cpp:651)
[2025-09-27 20:30:40] [CSCore - PvCSCoreLogger] [INFO] AprilTag1: Attempting to connect to USB camera on /dev/v4l/by-path/platform-fc880000.usb-usb-0:1:1.0-video-index0
[2025-09-27 20:30:40] [CSCore - PvCSCoreLogger] [DEBUG] CS: DEBUG 7: AprilTag1: opening device (UsbCameraImpl.cpp:651)
[2025-09-27 20:30:40] [Camera - USBFrameProvider - AprilTag1] [ERROR] Error grabbing image: timed out getting frame
[2025-09-27 20:30:40] [General - KernelLogLogger] [DEBUG] 2025-09-27T20:30:40.732376-06:00 photonvision kernel: usb 5-1: Failed to query (GET_CUR) UVC control 7 on unit 2: -71 (exp. 2).
[2025-09-27 20:30:40] [General - KernelLogLogger] [DEBUG] 2025-09-27T20:30:40.745740-06:00 photonvision kernel: usb usb5-port1: disabled by hub (EMI?), re-enabling...
[2025-09-27 20:30:40] [General - KernelLogLogger] [DEBUG] 2025-09-27T20:30:40.745836-06:00 photonvision kernel: usb 5-1: USB disconnect, device number 4
[2025-09-27 20:30:40] [General - KernelLogLogger] [DEBUG] .
[2025-09-27 20:30:41] [Camera - USBFrameProvider - AprilTag1] [ERROR] Error grabbing image: timed out getting frame
[2025-09-27 20:30:41] [CSCore - PvCSCoreLogger] [INFO] AprilTag1: Attempting to connect to USB camera on /dev/v4l/by-path/platform-fc880000.usb-usb-0:1:1.0-video-index0
[2025-09-27 20:30:41] [CSCore - PvCSCoreLogger] [DEBUG] CS: DEBUG 7: AprilTag1: opening device (UsbCameraImpl.cpp:651)
[2025-09-27 20:30:41] [CSCore - PvCSCoreLogger] [INFO] AprilTag1: Attempting to connect to USB camera on /dev/v4l/by-path/platform-fc880000.usb-usb-0:1:1.0-video-index0
[2025-09-27 20:30:41] [CSCore - PvCSCoreLogger] [DEBUG] CS: DEBUG 7: AprilTag1: opening device (UsbCameraImpl.cpp:651)
[2025-09-27 20:30:41] [CSCore - PvCSCoreLogger] [INFO] AprilTag1: Connected to USB camera on /dev/v4l/by-path/platform-fc880000.usb-usb-0:1:1.0-video-index0
[2025-09-27 20:30:41] [CSCore - PvCSCoreLogger] [DEBUG] CS: DEBUG 7: AprilTag1: getting capabilities (UsbCameraImpl.cpp:663)
[2025-09-27 20:30:41] [CSCore - PvCSCoreLogger] [DEBUG] CS: DEBUG 7: AprilTag1: restoring video mode (UsbCameraImpl.cpp:681)
[2025-09-27 20:30:41] [Camera - USBFrameProvider - AprilTag1] [ERROR] Error grabbing image: timed out getting frame
[2025-09-27 20:30:41] [CSCore - PvCSCoreLogger] [INFO] AprilTag1: set format 1 res 320x240
[2025-09-27 20:30:41] [CSCore - PvCSCoreLogger] [INFO] AprilTag1: set FPS to 100
[2025-09-27 20:30:41] [CSCore - PvCSCoreLogger] [DEBUG] CS: DEBUG 7: AprilTag1: restoring settings (UsbCameraImpl.cpp:686)
[2025-09-27 20:30:41] [Camera - USBFrameProvider - AprilTag1] [ERROR] Error grabbing image: timed out getting frame
[2025-09-27 20:30:41] [Camera - USBFrameProvider - AprilTag1] [ERROR] Error grabbing image: timed out getting frame
[2025-09-27 20:30:41] [General - KernelLogLogger] [DEBUG] 2025-09-27T20:30:41.089095-06:00 photonvision kernel: usb 5-1: new high-speed USB device number 5 using ehci-platform
[2025-09-27 20:30:41] [General - KernelLogLogger] [DEBUG] 2025-09-27T20:30:41.252440-06:00 photonvision kernel: usb 5-1: New USB device found, idVendor=0c45, idProduct=6366, bcdDevice= 1.00
[2025-09-27 20:30:41] [General - KernelLogLogger] [DEBUG] 2025-09-27T20:30:41.252504-06:00 photonvision kernel: usb 5-1: New USB device strings: Mfr=2, Product=1, SerialNumber=3
[2025-09-27 20:30:41] [General - KernelLogLogger] [DEBUG] 2025-09-27T20:30:41.252509-06:00 photonvision kernel: usb 5-1: Product: AprilTag1
[2025-09-27 20:30:41] [General - KernelLogLogger] [DEBUG] 2025-09-27T20:30:41.252512-06:00 photonvision kernel: usb 5-1: Manufacturer: Arducam Technology Co., Ltd.
[2025-09-27 20:30:41] [General - KernelLogLogger] [DEBUG] 2025-09-27T20:30:41.252515-06:00 photonvision kernel: usb 5-1: SerialNumber: 0001
[2025-09-27 20:30:41] [General - KernelLogLogger] [DEBUG] 2025-09-27T20:30:41.255701-06:00 photonvision kernel: usb 5-1: Found UVC 1.00 device AprilTag1 (0c45:6366)
[2025-09-27 20:30:41] [General - KernelLogLogger] [DEBUG] 2025-09-27T20:30:41.285704-06:00 photonvision kernel: input: AprilTag1: AprilTag1 as /devices/platform/fc880000.usb/usb5/5-1/5-1:1.0/input/input142
[2025-09-27 20:30:41] [General - KernelLogLogger] [DEBUG] l: usb 5-1: Found UVC 1.00 device AprilTag1 (0c45:6366)
[2025-09-27 20:30:41] [General - KernelLogLogger] [DEBUG] 2025-09-27T20:30:39.479250-06:00 photonvision kernel: input: AprilTag1: AprilTag1 as /devices/platform/fc880000.usb/usb5/5-1/5-1:1.0/input/input141
[2025-09-27 20:30:41] [General - KernelLogLogger] [DEBUG] 01
[2025-09-27 20:30:41] [General - KernelLogLogger] [DEBUG] 2025-09-27T20:30:33.873166-06:00 photonvision kernel: usb 5-1: Found UVC 1ñ
[2025-09-27 20:30:42] [Camera - USBFrameProvider - AprilTag1] [ERROR] Error grabbing image: timed out getting frame
[2025-09-27 20:30:42] [Camera - USBFrameProvider - AprilTag1] [ERROR] Error grabbing image: timed out getting frame
[2025-09-27 20:30:42] [CSCore - PvCSCoreLogger] [DEBUG] CS: DEBUG 7: AprilTag1: allocating buffers (UsbCameraImpl.cpp:701)
[2025-09-27 20:30:42] [CSCore - PvCSCoreLogger] [DEBUG] CS: DEBUG 7: AprilTag1: mapping buffers (UsbCameraImpl.cpp:715)
[2025-09-27 20:30:42] [CSCore - PvCSCoreLogger] [DEBUG] CS: DEBUG 7: AprilTag1: queuing buffers (UsbCameraImpl.cpp:765)
[2025-09-27 20:30:42] [CSCore - PvCSCoreLogger] [ERROR] CS: ERROR 40: AprilTag1: ioctl VIDIOC_STREAMON failed: Protocol error (UsbCameraImpl.cpp:789)
[2025-09-27 20:30:42] [CSCore - PvCSCoreLogger] [INFO] AprilTag1: Attempting to connect to USB camera on /dev/v4l/by-path/platform-fc880000.usb-usb-0:1:1.0-video-index0
[2025-09-27 20:30:42] [CSCore - PvCSCoreLogger] [DEBUG] CS: DEBUG 7: AprilTag1: opening device (UsbCameraImpl.cpp:651)
[2025-09-27 20:30:42] [CSCore - PvCSCoreLogger] [INFO] AprilTag1: Attempting to connect to USB camera on /dev/v4l/by-path/platform-fc880000.usb-usb-0:1:1.0-video-index0
[2025-09-27 20:30:42] [CSCore - PvCSCoreLogger] [DEBUG] CS: DEBUG 7: AprilTag1: opening device (UsbCameraImpl.cpp:651)
[2025-09-27 20:30:42] [Camera - USBFrameProvider - AprilTag1] [ERROR] Error grabbing image: timed out getting frame
[2025-09-27 20:30:42] [General - KernelLogLogger] [DEBUG] 2025-09-27T20:30:42.519131-06:00 photonvision kernel: usb 5-1: Failed to query (GET_CUR) UVC control 9 on unit 2: -71 (exp. 2).
[2025-09-27 20:30:42] [General - KernelLogLogger] [DEBUG] 2025-09-27T20:30:42.529057-06:00 photonvision kernel: usb usb5-port1: disabled by hub (EMI?), re-enabling...
[2025-09-27 20:30:42] [General - KernelLogLogger] [DEBUG] 2025-09-27T20:30:42.529085-06:00 photonvision kernel: usb 5-1: USB disconnect, device number 5
[2025-09-27 20:30:42] [General - KernelLogLogger] [DEBUG] 2025-09-27T20:30:42.865691-06:00 photonvision kernel: usb 5-1: new high-speed USB device number 6 using ehci-platform
[2025-09-27 20:30:42] [General - KernelLogLogger] [DEBUG] nput: AprilTag1: AprilTag1 as /devices/platform/fc880000.usb/usb5/5-1/5-1:1.0/input/input142
[2025-09-27 20:30:42] [General - KernelLogLogger] [DEBUG] l: usb 5-1: Found UVC 1.00 device AprilTag1 (0c45:6366)
[2025-09-27 20:30:42] [General - KernelLogLogger] [DEBUG] 2025-09-27T20:30:39.479250-06:00 photonvision kernel: input: Apri
[2025-09-27 20:30:42] [Camera - USBFrameProvider - AprilTag1] [ERROR] Error grabbing image: timed out getting frame
[2025-09-27 20:30:43] [CSCore - PvCSCoreLogger] [INFO] AprilTag1: Attempting to connect to USB camera on /dev/v4l/by-path/platform-fc880000.usb-usb-0:1:1.0-video-index0
[2025-09-27 20:30:43] [CSCore - PvCSCoreLogger] [DEBUG] CS: DEBUG 7: AprilTag1: opening device (UsbCameraImpl.cpp:651)
[2025-09-27 20:30:43] [CSCore - PvCSCoreLogger] [INFO] AprilTag1: Attempting to connect to USB camera on /dev/v4l/by-path/platform-fc880000.usb-usb-0:1:1.0-video-index0
[2025-09-27 20:30:43] [CSCore - PvCSCoreLogger] [DEBUG] CS: DEBUG 7: AprilTag1: opening device (UsbCameraImpl.cpp:651)
[2025-09-27 20:30:43] [CSCore - PvCSCoreLogger] [INFO] AprilTag1: Attempting to connect to USB camera on /dev/v4l/by-path/platform-fc880000.usb-usb-0:1:1.0-video-index0
[2025-09-27 20:30:43] [CSCore - PvCSCoreLogger] [DEBUG] CS: DEBUG 7: AprilTag1: opening device (UsbCameraImpl.cpp:651)
[2025-09-27 20:30:43] [CSCore - PvCSCoreLogger] [INFO] AprilTag1: Attempting to connect to USB camera on /dev/v4l/by-path/platform-fc880000.usb-usb-0:1:1.0-video-index0
[2025-09-27 20:30:43] [CSCore - PvCSCoreLogger] [DEBUG] CS: DEBUG 7: AprilTag1: opening device (UsbCameraImpl.cpp:651)
[2025-09-27 20:30:43] [CSCore - PvCSCoreLogger] [INFO] AprilTag1: Connected to USB camera on /dev/v4l/by-path/platform-fc880000.usb-usb-0:1:1.0-video-index0
[2025-09-27 20:30:43] [CSCore - PvCSCoreLogger] [DEBUG] CS: DEBUG 7: AprilTag1: getting capabilities (UsbCameraImpl.cpp:663)
[2025-09-27 20:30:43] [CSCore - PvCSCoreLogger] [DEBUG] CS: DEBUG 7: AprilTag1: restoring video mode (UsbCameraImpl.cpp:681)
[2025-09-27 20:30:43] [CSCore - PvCSCoreLogger] [INFO] AprilTag1: set format 1 res 320x240
[2025-09-27 20:30:43] [CSCore - PvCSCoreLogger] [INFO] AprilTag1: set FPS to 100
[2025-09-27 20:30:43] [CSCore - PvCSCoreLogger] [DEBUG] CS: DEBUG 7: AprilTag1: restoring settings (UsbCameraImpl.cpp:686)
[2025-09-27 20:30:43] [Camera - USBFrameProvider - AprilTag1] [ERROR] Error grabbing image: timed out getting frame
[2025-09-27 20:30:43] [Camera - USBFrameProvider - AprilTag1] [ERROR] Error grabbing image: timed out getting frame
[2025-09-27 20:30:43] [Camera - USBFrameProvider - AprilTag1] [ERROR] Error grabbing image: timed out getting frame
[2025-09-27 20:30:43] [General - KernelLogLogger] [DEBUG] 2025-09-27T20:30:43.026808-06:00 photonvision kernel: usb 5-1: New USB device found, idVendor=0c45, idProduct=6366, bcdDevice= 1.00
[2025-09-27 20:30:43] [General - KernelLogLogger] [DEBUG] 2025-09-27T20:30:43.026856-06:00 photonvision kernel: usb 5-1: New USB device strings: Mfr=2, Product=1, SerialNumber=3
[2025-09-27 20:30:43] [General - KernelLogLogger] [DEBUG] 2025-09-27T20:30:43.026861-06:00 photonvision kernel: usb 5-1: Product: AprilTag1
[2025-09-27 20:30:43] [General - KernelLogLogger] [DEBUG] 2025-09-27T20:30:43.026864-06:00 photonvision kernel: usb 5-1: Manufacturer: Arducam Technology Co., Ltd.
[2025-09-27 20:30:43] [General - KernelLogLogger] [DEBUG] 2025-09-27T20:30:43.026871-06:00 photonvision kernel: usb 5-1: SerialNumber: 0001
[2025-09-27 20:30:43] [General - KernelLogLogger] [DEBUG] 2025-09-27T20:30:43.029079-06:00 photonvision kernel: usb 5-1: Found UVC 1.00 device AprilTag1 (0c45:6366)
[2025-09-27 20:30:43] [General - KernelLogLogger] [DEBUG] 2025-09-27T20:30:43.055696-06:00 photonvision kernel: input: AprilTag1: AprilTag1 as /devices/platform/fc880000.usb/usb5/5-1/5-1:1.0/input/input143
[2025-09-27 20:30:43] [General - KernelLogLogger] [DEBUG] device found, idVendor=0c45, idProduct=6366, bcdDevice= 1.00
[2025-09-27 20:30:43] [General - KernelLogLogger] [DEBUG] 2025-09-27T20:30:35.685890-06:00 photonvision kernel: usb 5-1: New USB device strings: Mfr=2, Product=1, SerialNumber=3
[2025-09-27 20:30:43] [General - KernelLogLogger] [DEBUG] 2025-09-27T20:30:35.685895-06:00 photonvision kernel: usb 5-1: Product: AprilTag1
[2025-09-27 20:30:43] [General - KernelLogLogger] [DEBUG] 2025-09-
[2025-09-27 20:30:44] [Camera - USBFrameProvider - AprilTag1] [ERROR] Error grabbing image: timed out getting frame
[2025-09-27 20:30:44] [CSCore - PvCSCoreLogger] [DEBUG] CS: DEBUG 7: AprilTag1: allocating buffers (UsbCameraImpl.cpp:701)
[2025-09-27 20:30:44] [CSCore - PvCSCoreLogger] [DEBUG] CS: DEBUG 7: AprilTag1: mapping buffers (UsbCameraImpl.cpp:715)
[2025-09-27 20:30:44] [CSCore - PvCSCoreLogger] [DEBUG] CS: DEBUG 7: AprilTag1: queuing buffers (UsbCameraImpl.cpp:765)
[2025-09-27 20:30:44] [Camera - USBFrameProvider - AprilTag1] [ERROR] Error grabbing image: timed out getting frame
[2025-09-27 20:30:44] [CSCore - PvCSCoreLogger] [ERROR] CS: ERROR 40: AprilTag1: ioctl VIDIOC_STREAMON failed: Protocol error (UsbCameraImpl.cpp:789)
[2025-09-27 20:30:44] [CSCore - PvCSCoreLogger] [INFO] AprilTag1: Attempting to connect to USB camera on /dev/v4l/by-path/platform-fc880000.usb-usb-0:1:1.0-video-index0
[2025-09-27 20:30:44] [CSCore - PvCSCoreLogger] [DEBUG] CS: DEBUG 7: AprilTag1: opening device (UsbCameraImpl.cpp:651)
[2025-09-27 20:30:44] [CSCore - PvCSCoreLogger] [INFO] AprilTag1: Attempting to connect to USB camera on /dev/v4l/by-path/platform-fc880000.usb-usb-0:1:1.0-video-index0
[2025-09-27 20:30:44] [CSCore - PvCSCoreLogger] [DEBUG] CS: DEBUG 7: AprilTag1: opening device (UsbCameraImpl.cpp:651)
[2025-09-27 20:30:44] [Camera - USBFrameProvider - AprilTag1] [ERROR] Error grabbing image: timed out getting frame
[2025-09-27 20:30:44] [Camera - USBFrameProvider - AprilTag1] [ERROR] Error grabbing image: timed out getting frame
[2025-09-27 20:30:44] [General - KernelLogLogger] [DEBUG] 2025-09-27T20:30:44.349030-06:00 photonvision kernel: usb 5-1: Failed to query (GET_CUR) UVC control 7 on unit 2: -71 (exp. 2).
[2025-09-27 20:30:44] [General - KernelLogLogger] [DEBUG] 2025-09-27T20:30:44.379776-06:00 photonvision kernel: usb usb5-port1: disabled by hub (EMI?), re-enabling...
[2025-09-27 20:30:44] [General - KernelLogLogger] [DEBUG] 2025-09-27T20:30:44.379834-06:00 photonvision kernel: usb 5-1: USB disconnect, device number 6
[2025-09-27 20:30:44] [General - KernelLogLogger] [DEBUG] 2025-09-27T20:30:44.742407-06:00 photonvision kernel: usb 5-1: new high-speed USB device number 7 using ehci-platform
[2025-09-27 20:30:44] [CSCore - PvCSCoreLogger] [INFO] AprilTag1: Attempting to connect to USB camera on /dev/v4l/by-path/platform-fc880000.usb-usb-0:1:1.0-video-index0
[2025-09-27 20:30:44] [CSCore - PvCSCoreLogger] [DEBUG] CS: DEBUG 7: AprilTag1: opening device (UsbCameraImpl.cpp:651)
[2025-09-27 20:30:44] [CSCore - PvCSCoreLogger] [INFO] AprilTag1: Connected to USB camera on /dev/v4l/by-path/platform-fc880000.usb-usb-0:1:1.0-video-index0
[2025-09-27 20:30:44] [CSCore - PvCSCoreLogger] [DEBUG] CS: DEBUG 7: AprilTag1: getting capabilities (UsbCameraImpl.cpp:663)
[2025-09-27 20:30:44] [CSCore - PvCSCoreLogger] [DEBUG] CS: DEBUG 7: AprilTag1: restoring video mode (UsbCameraImpl.cpp:681)
[2025-09-27 20:30:45] [CSCore - PvCSCoreLogger] [INFO] AprilTag1: set format 1 res 320x240
[2025-09-27 20:30:45] [CSCore - PvCSCoreLogger] [INFO] AprilTag1: set FPS to 100
[2025-09-27 20:30:45] [CSCore - PvCSCoreLogger] [DEBUG] CS: DEBUG 7: AprilTag1: restoring settings (UsbCameraImpl.cpp:686)
[2025-09-27 20:30:45] [Camera - USBFrameProvider - AprilTag1] [ERROR] Error grabbing image: timed out getting frame
[2025-09-27 20:30:45] [Camera - USBFrameProvider - AprilTag1] [ERROR] Error grabbing image: timed out getting frame
[2025-09-27 20:30:45] [Camera - USBFrameProvider - AprilTag1] [ERROR] Error grabbing image: timed out getting frame
[2025-09-27 20:30:45] [General - KernelLogLogger] [DEBUG] 2025-09-27T20:30:44.905774-06:00 photonvision kernel: usb 5-1: New USB device found, idVendor=0c45, idProduct=6366, bcdDevice= 1.00
[2025-09-27 20:30:45] [General - KernelLogLogger] [DEBUG] 2025-09-27T20:30:44.905830-06:00 photonvision kernel: usb 5-1: New USB device strings: Mfr=2, Product=1, SerialNumber=3
[2025-09-27 20:30:45] [General - KernelLogLogger] [DEBUG] 2025-09-27T20:30:44.905834-06:00 photonvision kernel: usb 5-1: Product: AprilTag1
[2025-09-27 20:30:45] [General - KernelLogLogger] [DEBUG] 2025-09-27T20:30:44.905838-06:00 photonvision kernel: usb 5-1: Manufacturer: Arducam Technology Co., Ltd.
[2025-09-27 20:30:45] [General - KernelLogLogger] [DEBUG] 2025-09-27T20:30:44.905842-06:00 photonvision kernel: usb 5-1: SerialNumber: 0001
[2025-09-27 20:30:45] [General - KernelLogLogger] [DEBUG] 2025-09-27T20:30:44.912457-06:00 photonvision kernel: usb 5-1: Found UVC 1.00 device AprilTag1 (0c45:6366)
[2025-09-27 20:30:45] [General - KernelLogLogger] [DEBUG] 2025-09-27T20:30:44.939103-06:00 photonvision kernel: input: AprilTag1: AprilTag1 as /devices/platform/fc880000.usb/usb5/5-1/5-1:1.0/input/input144
[2025-09-27 20:30:45] [General - KernelLogLogger] [DEBUG] device found, idVendor=0c45, idProduct=6366, bcdDevice= 1.00
[2025-09-27 20:30:45] [General - KernelLogLogger] [DEBUG] 2025-09-27T20:30:35.685890-06:00 photonvision kernel: usb 5-1: New USB device strings: Mfr=2, Product=1, SerialNumber=3
[2025-09-27 20:30:45] [General - KernelLogLogger] [DEBUG] 2025-09-27T20:30:35.685895-06:00 photonvision kernel: usb 5-1: Product: AprilTag1
[2025-09-27 20:30:45] [General - KernelLogLogger] [DEBUG] 2025-09-
[2025-09-27 20:30:45] [Camera - USBFrameProvider - AprilTag1] [ERROR] Error grabbing image: timed out getting frame
[2025-09-27 20:30:46] [CSCore - PvCSCoreLogger] [DEBUG] CS: DEBUG 7: AprilTag1: allocating buffers (UsbCameraImpl.cpp:701)
[2025-09-27 20:30:46] [CSCore - PvCSCoreLogger] [DEBUG] CS: DEBUG 7: AprilTag1: mapping buffers (UsbCameraImpl.cpp:715)
[2025-09-27 20:30:46] [CSCore - PvCSCoreLogger] [DEBUG] CS: DEBUG 7: AprilTag1: queuing buffers (UsbCameraImpl.cpp:765)
[2025-09-27 20:30:46] [Camera - USBFrameProvider - AprilTag1] [ERROR] Error grabbing image: timed out getting frame
[2025-09-27 20:30:46] [CSCore - PvCSCoreLogger] [ERROR] CS: ERROR 40: AprilTag1: ioctl VIDIOC_STREAMON failed: Protocol error (UsbCameraImpl.cpp:789)
[2025-09-27 20:30:46] [CSCore - PvCSCoreLogger] [DEBUG] CS: DEBUG 7: AprilTag1: queuing buffers (UsbCameraImpl.cpp:765)
[2025-09-27 20:30:46] [CSCore - PvCSCoreLogger] [ERROR] CS: ERROR 40: ioctl VIDIOC_QBUF failed at UsbCameraImpl.cpp:772: Invalid argument (UsbUtil.cpp:157)
[2025-09-27 20:30:46] [CSCore - PvCSCoreLogger] [WARN] CS: WARNING 30: AprilTag1: could not queue buffer 0 (UsbCameraImpl.cpp:773)
[2025-09-27 20:30:46] [CSCore - PvCSCoreLogger] [INFO] AprilTag1: Attempting to connect to USB camera on /dev/v4l/by-path/platform-fc880000.usb-usb-0:1:1.0-video-index0
[2025-09-27 20:30:46] [CSCore - PvCSCoreLogger] [DEBUG] CS: DEBUG 7: AprilTag1: opening device (UsbCameraImpl.cpp:651)
[2025-09-27 20:30:46] [CSCore - PvCSCoreLogger] [INFO] AprilTag1: Attempting to connect to USB camera on /dev/v4l/by-path/platform-fc880000.usb-usb-0:1:1.0-video-index0
[2025-09-27 20:30:46] [CSCore - PvCSCoreLogger] [DEBUG] CS: DEBUG 7: AprilTag1: opening device (UsbCameraImpl.cpp:651)
[2025-09-27 20:30:46] [Camera - USBFrameProvider - AprilTag1] [ERROR] Error grabbing image: timed out getting frame
[2025-09-27 20:30:46] [Camera - USBFrameProvider - AprilTag1] [ERROR] Error grabbing image: timed out getting frame
[2025-09-27 20:30:46] [CSCore - PvCSCoreLogger] [INFO] AprilTag1: Attempting to connect to USB camera on /dev/v4l/by-path/platform-fc880000.usb-usb-0:1:1.0-video-index0
[2025-09-27 20:30:46] [CSCore - PvCSCoreLogger] [DEBUG] CS: DEBUG 7: AprilTag1: opening device (UsbCameraImpl.cpp:651)
[2025-09-27 20:30:46] [CSCore - PvCSCoreLogger] [INFO] AprilTag1: Attempting to connect to USB camera on /dev/v4l/by-path/platform-fc880000.usb-usb-0:1:1.0-video-index0
[2025-09-27 20:30:46] [CSCore - PvCSCoreLogger] [DEBUG] CS: DEBUG 7: AprilTag1: opening device (UsbCameraImpl.cpp:651)
[2025-09-27 20:30:46] [CSCore - PvCSCoreLogger] [INFO] AprilTag1: Attempting to connect to USB camera on /dev/v4l/by-path/platform-fc880000.usb-usb-0:1:1.0-video-index0
[2025-09-27 20:30:46] [CSCore - PvCSCoreLogger] [DEBUG] CS: DEBUG 7: AprilTag1: opening device (UsbCameraImpl.cpp:651)
[2025-09-27 20:30:46] [CSCore - PvCSCoreLogger] [INFO] AprilTag1: Attempting to connect to USB camera on /dev/v4l/by-path/platform-fc880000.usb-usb-0:1:1.0-video-index0
[2025-09-27 20:30:46] [CSCore - PvCSCoreLogger] [DEBUG] CS: DEBUG 7: AprilTag1: opening device (UsbCameraImpl.cpp:651)
[2025-09-27 20:30:46] [CSCore - PvCSCoreLogger] [INFO] AprilTag1: Connected to USB camera on /dev/v4l/by-path/platform-fc880000.usb-usb-0:1:1.0-video-index0
[2025-09-27 20:30:46] [CSCore - PvCSCoreLogger] [DEBUG] CS: DEBUG 7: AprilTag1: getting capabilities (UsbCameraImpl.cpp:663)
[2025-09-27 20:30:46] [CSCore - PvCSCoreLogger] [DEBUG] CS: DEBUG 7: AprilTag1: restoring video mode (UsbCameraImpl.cpp:681)
[2025-09-27 20:30:46] [CSCore - PvCSCoreLogger] [INFO] AprilTag1: set format 1 res 320x240
[2025-09-27 20:30:46] [CSCore - PvCSCoreLogger] [INFO] AprilTag1: set FPS to 100
[2025-09-27 20:30:46] [CSCore - PvCSCoreLogger] [DEBUG] CS: DEBUG 7: AprilTag1: restoring settings (UsbCameraImpl.cpp:686)
[2025-09-27 20:30:46] [General - KernelLogLogger] [DEBUG] 2025-09-27T20:30:46.202382-06:00 photonvision kernel: usb 5-1: Failed to query (GET_MAX) UVC control 8 on unit 2: -71 (exp. 2).
[2025-09-27 20:30:46] [General - KernelLogLogger] [DEBUG] 2025-09-27T20:30:46.215724-06:00 photonvision kernel: usb 5-1: Failed to query (GET_CUR) UVC control 2 on unit 2: -71 (exp. 2).
[2025-09-27 20:30:46] [General - KernelLogLogger] [DEBUG] 2025-09-27T20:30:46.222420-06:00 photonvision kernel: usb 5-1: Failed to query (GET_DEF) UVC control 8 on unit 2: -71 (exp. 2).
[2025-09-27 20:30:46] [General - KernelLogLogger] [DEBUG] 2025-09-27T20:30:46.232366-06:00 photonvision kernel: usb usb5-port1: disabled by hub (EMI?), re-enabling...
[2025-09-27 20:30:46] [General - KernelLogLogger] [DEBUG] 2025-09-27T20:30:46.232388-06:00 photonvision kernel: usb 5-1: USB disconnect, device number 7
[2025-09-27 20:30:46] [General - KernelLogLogger] [DEBUG] 2025-09-27T20:30:46.569038-06:00 photonvision kernel: usb 5-1: new high-speed USB device number 8 using ehci-platform
[2025-09-27 20:30:46] [General - KernelLogLogger] [DEBUG] 2025-09-27T20:30:46.735774-06:00 photonvision kernel: usb 5-1: New USB device found, idVendor=0c45, idProduct=6366, bcdDevice= 1.00
[2025-09-27 20:30:46] [General - KernelLogLogger] [DEBUG] 2025-09-27T20:30:46.735816-06:00 photonvision kernel: usb 5-1: New USB device strings: Mfr=2, Product=1, SerialNumber=3
[2025-09-27 20:30:46] [General - KernelLogLogger] [DEBUG] 2025-09-27T20:30:46.735820-06:00 photonvision kernel: usb 5-1: Product: AprilTag1
[2025-09-27 20:30:46] [General - KernelLogLogger] [DEBUG] 2025-09-27T20:30:46.735823-06:00 photonvision kernel: usb 5-1: Manufacturer: Arducam Technology Co., Ltd.
[2025-09-27 20:30:46] [General - KernelLogLogger] [DEBUG] 2025-09-27T20:30:46.735894-06:00 photonvision kernel: usb 5-1: SerialNumber: 0001
[2025-09-27 20:30:46] [General - KernelLogLogger] [DEBUG] 2025-09-27T20:30:46.739030-06:00 photonvision kernel: usb 5-1: Found UVC 1.00 device AprilTag1 (0c45:6366)
[2025-09-27 20:30:46] [General - KernelLogLogger] [DEBUG] 2025-09-27T20:30:46.765737-06:00 photonvision kernel: input: AprilTag1: AprilTag1 as /devices/platform/fc880000.usb/usb5/5-1/5-1:1.0/input/input145
[2025-09-27 20:30:46] [General - KernelLogLogger] [DEBUG] 131
[2025-09-27 20:30:46] [General - KernelLogLogger] [DEBUG]  endpoint
[2025-09-27 20:30:46] [General - KernelLogLogger] [DEBUG] dwhdmi-rockchip fde80000.hdmi: ddc read failed offset:0x1
[2025-09-27 20:30:46] [General - KernelLogLogger] [DEBUG] 2025-09-27T20:25:18.609057-06:00 photonvision kernel: dwhdmi-rockchip fde80000.hdmi: i2c read time out!
[2025-09-27 20:30:46] [General - KernelLogLogger] [DEBUG] 
[2025-09-27 20:30:47] [Camera - USBFrameProvider - AprilTag1] [ERROR] Error grabbing image: timed out getting frame
[2025-09-27 20:30:47] [Camera - USBFrameProvider - AprilTag1] [ERROR] Error grabbing image: timed out getting frame
[2025-09-27 20:30:47] [Camera - USBFrameProvider - AprilTag1] [ERROR] Error grabbing image: timed out getting frame
[2025-09-27 20:30:47] [Camera - USBFrameProvider - AprilTag1] [ERROR] Error grabbing image: timed out getting frame
[2025-09-27 20:30:47] [CSCore - PvCSCoreLogger] [DEBUG] CS: DEBUG 7: AprilTag1: allocating buffers (UsbCameraImpl.cpp:701)
[2025-09-27 20:30:47] [CSCore - PvCSCoreLogger] [DEBUG] CS: DEBUG 7: AprilTag1: mapping buffers (UsbCameraImpl.cpp:715)
[2025-09-27 20:30:47] [CSCore - PvCSCoreLogger] [DEBUG] CS: DEBUG 7: AprilTag1: queuing buffers (UsbCameraImpl.cpp:765)
[2025-09-27 20:30:48] [CSCore - PvCSCoreLogger] [ERROR] CS: ERROR 40: AprilTag1: ioctl VIDIOC_STREAMON failed: Protocol error (UsbCameraImpl.cpp:789)
[2025-09-27 20:30:48] [CSCore - PvCSCoreLogger] [INFO] AprilTag1: Attempting to connect to USB camera on /dev/v4l/by-path/platform-fc880000.usb-usb-0:1:1.0-video-index0
[2025-09-27 20:30:48] [CSCore - PvCSCoreLogger] [DEBUG] CS: DEBUG 7: AprilTag1: opening device (UsbCameraImpl.cpp:651)
[2025-09-27 20:30:48] [CSCore - PvCSCoreLogger] [INFO] AprilTag1: Attempting to connect to USB camera on /dev/v4l/by-path/platform-fc880000.usb-usb-0:1:1.0-video-index0
[2025-09-27 20:30:48] [CSCore - PvCSCoreLogger] [DEBUG] CS: DEBUG 7: AprilTag1: opening device (UsbCameraImpl.cpp:651)
[2025-09-27 20:30:48] [Camera - USBFrameProvider - AprilTag1] [ERROR] Error grabbing image: timed out getting frame
[2025-09-27 20:30:48] [Camera - USBFrameProvider - AprilTag1] [ERROR] Error grabbing image: timed out getting frame
[2025-09-27 20:30:48] [CSCore - PvCSCoreLogger] [INFO] AprilTag1: Attempting to connect to USB camera on /dev/v4l/by-path/platform-fc880000.usb-usb-0:1:1.0-video-index0
[2025-09-27 20:30:48] [CSCore - PvCSCoreLogger] [DEBUG] CS: DEBUG 7: AprilTag1: opening device (UsbCameraImpl.cpp:651)
[2025-09-27 20:30:48] [CSCore - PvCSCoreLogger] [INFO] AprilTag1: Attempting to connect to USB camera on /dev/v4l/by-path/platform-fc880000.usb-usb-0:1:1.0-video-index0
[2025-09-27 20:30:48] [CSCore - PvCSCoreLogger] [DEBUG] CS: DEBUG 7: AprilTag1: opening device (UsbCameraImpl.cpp:651)
[2025-09-27 20:30:48] [CSCore - PvCSCoreLogger] [INFO] AprilTag1: Connected to USB camera on /dev/v4l/by-path/platform-fc880000.usb-usb-0:1:1.0-video-index0
[2025-09-27 20:30:48] [CSCore - PvCSCoreLogger] [DEBUG] CS: DEBUG 7: AprilTag1: getting capabilities (UsbCameraImpl.cpp:663)
[2025-09-27 20:30:48] [CSCore - PvCSCoreLogger] [DEBUG] CS: DEBUG 7: AprilTag1: restoring video mode (UsbCameraImpl.cpp:681)
[2025-09-27 20:30:48] [Camera - USBFrameProvider - AprilTag1] [ERROR] Error grabbing image: timed out getting frame
[2025-09-27 20:30:48] [CSCore - PvCSCoreLogger] [INFO] AprilTag1: set format 1 res 320x240
[2025-09-27 20:30:48] [CSCore - PvCSCoreLogger] [INFO] AprilTag1: set FPS to 100
[2025-09-27 20:30:48] [CSCore - PvCSCoreLogger] [DEBUG] CS: DEBUG 7: AprilTag1: restoring settings (UsbCameraImpl.cpp:686)
[2025-09-27 20:30:48] [General - KernelLogLogger] [DEBUG] 2025-09-27T20:30:48.036259-06:00 photonvision kernel: usb 5-1: Failed to query (GET_MIN) UVC control 1 on unit 2: -71 (exp. 2).
[2025-09-27 20:30:48] [General - KernelLogLogger] [DEBUG] 2025-09-27T20:30:48.052404-06:00 photonvision kernel: usb 5-1: Failed to query (GET_CUR) UVC control 2 on unit 2: -71 (exp. 2).
[2025-09-27 20:30:48] [General - KernelLogLogger] [DEBUG] 2025-09-27T20:30:48.062388-06:00 photonvision kernel: usb 5-1: Failed to query (GET_DEF) UVC control 1 on unit 2: -71 (exp. 2).
[2025-09-27 20:30:48] [General - KernelLogLogger] [DEBUG] 2025-09-27T20:30:48.069096-06:00 photonvision kernel: usb usb5-port1: disabled by hub (EMI?), re-enabling...
[2025-09-27 20:30:48] [General - KernelLogLogger] [DEBUG] 2025-09-27T20:30:48.069154-06:00 photonvision kernel: usb 5-1: USB disconnect, device number 8
[2025-09-27 20:30:48] [General - KernelLogLogger] [DEBUG] 2025-09-27T20:30:48.405783-06:00 photonvision kernel: usb 5-1: new high-speed USB device number 9 using ehci-platform
[2025-09-27 20:30:48] [General - KernelLogLogger] [DEBUG] 2025-09-27T20:30:48.565782-06:00 photonvision kernel: usb 5-1: New USB device found, idVendor=0c45, idProduct=6366, bcdDevice= 1.00
[2025-09-27 20:30:48] [General - KernelLogLogger] [DEBUG] 2025-09-27T20:30:48.565827-06:00 photonvision kernel: usb 5-1: New USB device strings: Mfr=2, Product=1, SerialNumber=3
[2025-09-27 20:30:48] [General - KernelLogLogger] [DEBUG] 2025-09-27T20:30:48.565831-06:00 photonvision kernel: usb 5-1: Product: AprilTag1
[2025-09-27 20:30:48] [General - KernelLogLogger] [DEBUG] 2025-09-27T20:30:48.565834-06:00 photonvision kernel: usb 5-1: Manufacturer: Arducam Technology Co., Ltd.
[2025-09-27 20:30:48] [General - KernelLogLogger] [DEBUG] 2025-09-27T20:30:48.566347-06:00 photonvision kernel: usb 5-1: SerialNumber: 0001
[2025-09-27 20:30:48] [General - KernelLogLogger] [DEBUG] 2025-09-27T20:30:48.569066-06:00 photonvision kernel: usb 5-1: Found UVC 1.00 device AprilTag1 (0c45:6366)
[2025-09-27 20:30:48] [General - KernelLogLogger] [DEBUG] 2025-09-27T20:30:48.595797-06:00 photonvision kernel: input: AprilTag1: AprilTag1 as /devices/platform/fc880000.usb/usb5/5-1/5-1:1.0/input/input146
[2025-09-27 20:30:48] [Camera - USBFrameProvider - AprilTag1] [ERROR] Error grabbing image: timed out getting frame
[2025-09-27 20:30:49] [Camera - USBFrameProvider - AprilTag1] [ERROR] Error grabbing image: timed out getting frame
[2025-09-27 20:30:49] [Camera - USBFrameProvider - AprilTag1] [ERROR] Error grabbing image: timed out getting frame
[2025-09-27 20:30:49] [Camera - USBFrameProvider - AprilTag1] [ERROR] Error grabbing image: timed out getting frame
[2025-09-27 20:30:49] [CSCore - PvCSCoreLogger] [DEBUG] CS: DEBUG 7: AprilTag1: allocating buffers (UsbCameraImpl.cpp:701)
[2025-09-27 20:30:49] [CSCore - PvCSCoreLogger] [DEBUG] CS: DEBUG 7: AprilTag1: mapping buffers (UsbCameraImpl.cpp:715)
[2025-09-27 20:30:49] [CSCore - PvCSCoreLogger] [DEBUG] CS: DEBUG 7: AprilTag1: queuing buffers (UsbCameraImpl.cpp:765)
[2025-09-27 20:30:49] [CSCore - PvCSCoreLogger] [ERROR] CS: ERROR 40: AprilTag1: ioctl VIDIOC_STREAMON failed: Protocol error (UsbCameraImpl.cpp:789)
[2025-09-27 20:30:49] [CSCore - PvCSCoreLogger] [DEBUG] CS: DEBUG 7: AprilTag1: queuing buffers (UsbCameraImpl.cpp:765)
[2025-09-27 20:30:49] [CSCore - PvCSCoreLogger] [ERROR] CS: ERROR 40: ioctl VIDIOC_QBUF failed at UsbCameraImpl.cpp:772: Invalid argument (UsbUtil.cpp:157)
[2025-09-27 20:30:49] [CSCore - PvCSCoreLogger] [WARN] CS: WARNING 30: AprilTag1: could not queue buffer 0 (UsbCameraImpl.cpp:773)
[2025-09-27 20:30:49] [CSCore - PvCSCoreLogger] [DEBUG] CS: DEBUG 7: AprilTag1: queuing buffers (UsbCameraImpl.cpp:765)
[2025-09-27 20:30:49] [CSCore - PvCSCoreLogger] [ERROR] CS: ERROR 40: ioctl VIDIOC_QBUF failed at UsbCameraImpl.cpp:772: No such device (UsbUtil.cpp:157)
[2025-09-27 20:30:49] [CSCore - PvCSCoreLogger] [WARN] CS: WARNING 30: AprilTag1: could not queue buffer 0 (UsbCameraImpl.cpp:773)
[2025-09-27 20:30:49] [CSCore - PvCSCoreLogger] [DEBUG] CS: DEBUG 7: AprilTag1: queuing buffers (UsbCameraImpl.cpp:765)
[2025-09-27 20:30:49] [CSCore - PvCSCoreLogger] [ERROR] CS: ERROR 40: ioctl VIDIOC_QBUF failed at UsbCameraImpl.cpp:772: No such device (UsbUtil.cpp:157)
[2025-09-27 20:30:49] [CSCore - PvCSCoreLogger] [WARN] CS: WARNING 30: AprilTag1: could not queue buffer 0 (UsbCameraImpl.cpp:773)
[2025-09-27 20:30:49] [CSCore - PvCSCoreLogger] [INFO] AprilTag1: Attempting to connect to USB camera on /dev/v4l/by-path/platform-fc880000.usb-usb-0:1:1.0-video-index0
[2025-09-27 20:30:49] [CSCore - PvCSCoreLogger] [DEBUG] CS: DEBUG 7: AprilTag1: opening device (UsbCameraImpl.cpp:651)
[2025-09-27 20:30:49] [CSCore - PvCSCoreLogger] [INFO] AprilTag1: Attempting to connect to USB camera on /dev/v4l/by-path/platform-fc880000.usb-usb-0:1:1.0-video-index0
[2025-09-27 20:30:49] [CSCore - PvCSCoreLogger] [DEBUG] CS: DEBUG 7: AprilTag1: opening device (UsbCameraImpl.cpp:651)
[2025-09-27 20:30:49] [General - KernelLogLogger] [DEBUG] 2025-09-27T20:30:49.857480-06:00 photonvision kernel: usb 5-1: Failed to query (GET_CUR) UVC control 3 on unit 2: -71 (exp. 2).
[2025-09-27 20:30:50] [Camera - USBFrameProvider - AprilTag1] [ERROR] Error grabbing image: timed out getting frame
[2025-09-27 20:30:50] [Camera - USBFrameProvider - AprilTag1] [ERROR] Error grabbing image: timed out getting frame
[2025-09-27 20:30:50] [CSCore - PvCSCoreLogger] [INFO] AprilTag1: Attempting to connect to USB camera on /dev/v4l/by-path/platform-fc880000.usb-usb-0:1:1.0-video-index0
[2025-09-27 20:30:50] [CSCore - PvCSCoreLogger] [DEBUG] CS: DEBUG 7: AprilTag1: opening device (UsbCameraImpl.cpp:651)
[2025-09-27 20:30:50] [CSCore - PvCSCoreLogger] [INFO] AprilTag1: Attempting to connect to USB camera on /dev/v4l/by-path/platform-fc880000.usb-usb-0:1:1.0-video-index0
[2025-09-27 20:30:50] [CSCore - PvCSCoreLogger] [DEBUG] CS: DEBUG 7: AprilTag1: opening device (UsbCameraImpl.cpp:651)
[2025-09-27 20:30:50] [CSCore - PvCSCoreLogger] [INFO] AprilTag1: Attempting to connect to USB camera on /dev/v4l/by-path/platform-fc880000.usb-usb-0:1:1.0-video-index0
[2025-09-27 20:30:50] [CSCore - PvCSCoreLogger] [DEBUG] CS: DEBUG 7: AprilTag1: opening device (UsbCameraImpl.cpp:651)
[2025-09-27 20:30:50] [CSCore - PvCSCoreLogger] [INFO] AprilTag1: Connected to USB camera on /dev/v4l/by-path/platform-fc880000.usb-usb-0:1:1.0-video-index0
[2025-09-27 20:30:50] [CSCore - PvCSCoreLogger] [DEBUG] CS: DEBUG 7: AprilTag1: getting capabilities (UsbCameraImpl.cpp:663)
[2025-09-27 20:30:50] [CSCore - PvCSCoreLogger] [DEBUG] CS: DEBUG 7: AprilTag1: restoring video mode (UsbCameraImpl.cpp:681)
[2025-09-27 20:30:50] [CSCore - PvCSCoreLogger] [INFO] AprilTag1: set format 1 res 320x240
[2025-09-27 20:30:50] [CSCore - PvCSCoreLogger] [INFO] AprilTag1: set FPS to 100
[2025-09-27 20:30:50] [CSCore - PvCSCoreLogger] [DEBUG] CS: DEBUG 7: AprilTag1: restoring settings (UsbCameraImpl.cpp:686)
[2025-09-27 20:30:50] [Camera - USBFrameProvider - AprilTag1] [ERROR] Error grabbing image: timed out getting frame
[2025-09-27 20:30:50] [Camera - USBFrameProvider - AprilTag1] [ERROR] Error grabbing image: timed out getting frame
[2025-09-27 20:30:50] [General - KernelLogLogger] [DEBUG] 2025-09-27T20:30:49.892369-06:00 photonvision kernel: usb usb5-port1: disabled by hub (EMI?), re-enabling...
[2025-09-27 20:30:50] [General - KernelLogLogger] [DEBUG] 2025-09-27T20:30:49.892395-06:00 photonvision kernel: usb 5-1: USB disconnect, device number 9
[2025-09-27 20:30:50] [General - KernelLogLogger] [DEBUG] 2025-09-27T20:30:50.249076-06:00 photonvision kernel: usb 5-1: new high-speed USB device number 10 using ehci-platform
[2025-09-27 20:30:50] [General - KernelLogLogger] [DEBUG] 2025-09-27T20:30:50.409414-06:00 photonvision kernel: usb 5-1: New USB device found, idVendor=0c45, idProduct=6366, bcdDevice= 1.00
[2025-09-27 20:30:50] [General - KernelLogLogger] [DEBUG] 2025-09-27T20:30:50.409513-06:00 photonvision kernel: usb 5-1: New USB device strings: Mfr=2, Product=1, SerialNumber=3
[2025-09-27 20:30:50] [General - KernelLogLogger] [DEBUG] 2025-09-27T20:30:50.409520-06:00 photonvision kernel: usb 5-1: Product: AprilTag1
[2025-09-27 20:30:50] [General - KernelLogLogger] [DEBUG] 2025-09-27T20:30:50.409525-06:00 photonvision kernel: usb 5-1: Manufacturer: Arducam Technology Co., Ltd.
[2025-09-27 20:30:50] [General - KernelLogLogger] [DEBUG] 2025-09-27T20:30:50.409528-06:00 photonvision kernel: usb 5-1: SerialNumber: 0001
[2025-09-27 20:30:50] [General - KernelLogLogger] [DEBUG] 2025-09-27T20:30:50.415794-06:00 photonvision kernel: usb 5-1: Found UVC 1.00 device AprilTag1 (0c45:6366)
[2025-09-27 20:30:50] [General - KernelLogLogger] [DEBUG] 2025-09-27T20:30:50.442514-06:00 photonvision kernel: input: AprilTag1: AprilTag1 as /devices/platform/fc880000.usb/usb5/5-1/5-1:1.0/input/input147
[2025-09-27 20:30:50] [General - KernelLogLogger] [DEBUG] 1: Manufacturer: Arducam Technology Co., Ltd.
[2025-09-27 20:30:50] [General - KernelLogLogger] [DEBUG] 2025-09-27T20:30:46.735894-06:
[2025-09-27 20:30:51] [Camera - USBFrameProvider - AprilTag1] [ERROR] Error grabbing image: timed out getting frame
[2025-09-27 20:30:51] [Camera - USBFrameProvider - AprilTag1] [ERROR] Error grabbing image: timed out getting frame
[2025-09-27 20:30:51] [CSCore - PvCSCoreLogger] [DEBUG] CS: DEBUG 7: AprilTag1: allocating buffers (UsbCameraImpl.cpp:701)
[2025-09-27 20:30:51] [CSCore - PvCSCoreLogger] [DEBUG] CS: DEBUG 7: AprilTag1: mapping buffers (UsbCameraImpl.cpp:715)
[2025-09-27 20:30:51] [CSCore - PvCSCoreLogger] [DEBUG] CS: DEBUG 7: AprilTag1: queuing buffers (UsbCameraImpl.cpp:765)
[2025-09-27 20:30:51] [Camera - USBFrameProvider - AprilTag1] [ERROR] Error grabbing image: timed out getting frame
[2025-09-27 20:30:51] [CSCore - PvCSCoreLogger] [ERROR] CS: ERROR 40: AprilTag1: ioctl VIDIOC_STREAMON failed: Protocol error (UsbCameraImpl.cpp:789)
[2025-09-27 20:30:51] [CSCore - PvCSCoreLogger] [INFO] AprilTag1: Attempting to connect to USB camera on /dev/v4l/by-path/platform-fc880000.usb-usb-0:1:1.0-video-index0
[2025-09-27 20:30:51] [CSCore - PvCSCoreLogger] [DEBUG] CS: DEBUG 7: AprilTag1: opening device (UsbCameraImpl.cpp:651)
[2025-09-27 20:30:51] [CSCore - PvCSCoreLogger] [INFO] AprilTag1: Attempting to connect to USB camera on /dev/v4l/by-path/platform-fc880000.usb-usb-0:1:1.0-video-index0
[2025-09-27 20:30:51] [CSCore - PvCSCoreLogger] [DEBUG] CS: DEBUG 7: AprilTag1: opening device (UsbCameraImpl.cpp:651)
[2025-09-27 20:30:51] [Camera - USBFrameProvider - AprilTag1] [ERROR] Error grabbing image: timed out getting frame
[2025-09-27 20:30:51] [General - KernelLogLogger] [DEBUG] 2025-09-27T20:30:51.699043-06:00 photonvision kernel: usb 5-1: Failed to query (GET_RES) UVC control 8 on unit 2: -71 (exp. 2).
[2025-09-27 20:30:51] [General - KernelLogLogger] [DEBUG] 2025-09-27T20:30:51.725748-06:00 photonvision kernel: usb usb5-port1: disabled by hub (EMI?), re-enabling...
[2025-09-27 20:30:51] [General - KernelLogLogger] [DEBUG] 2025-09-27T20:30:51.725795-06:00 photonvision kernel: usb 5-1: USB disconnect, device number 10
[2025-09-27 20:30:51] [General - KernelLogLogger] [DEBUG] 2025-09-27T20:30:51.729261-06:00 photonvision kernel: usb 5-1: Failed to query (GET_CUR) UVC control 2 on unit 2: -71 (exp. 2).
[2025-09-27 20:30:51] [General - KernelLogLogger] [DEBUG] 2025-09-27T20:30:51.729290-06:00 photonvision kernel: usb 5-1: Failed to query (GET_DEF) UVC control 8 on unit 2: -19 (exp. 2).
[2025-09-27 20:30:51] [General - KernelLogLogger] [DEBUG] 
[2025-09-27 20:30:51] [General - KernelLogLogger] [DEBUG] 00 photonvå
[2025-09-27 20:30:52] [Camera - USBFrameProvider - AprilTag1] [ERROR] Error grabbing image: timed out getting frame
[2025-09-27 20:30:52] [CSCore - PvCSCoreLogger] [INFO] AprilTag1: Attempting to connect to USB camera on /dev/v4l/by-path/platform-fc880000.usb-usb-0:1:1.0-video-index0
[2025-09-27 20:30:52] [CSCore - PvCSCoreLogger] [DEBUG] CS: DEBUG 7: AprilTag1: opening device (UsbCameraImpl.cpp:651)
[2025-09-27 20:30:52] [CSCore - PvCSCoreLogger] [INFO] AprilTag1: Attempting to connect to USB camera on /dev/v4l/by-path/platform-fc880000.usb-usb-0:1:1.0-video-index0
[2025-09-27 20:30:52] [CSCore - PvCSCoreLogger] [DEBUG] CS: DEBUG 7: AprilTag1: opening device (UsbCameraImpl.cpp:651)
[2025-09-27 20:30:52] [CSCore - PvCSCoreLogger] [INFO] AprilTag1: Connected to USB camera on /dev/v4l/by-path/platform-fc880000.usb-usb-0:1:1.0-video-index0
[2025-09-27 20:30:52] [CSCore - PvCSCoreLogger] [DEBUG] CS: DEBUG 7: AprilTag1: getting capabilities (UsbCameraImpl.cpp:663)
[2025-09-27 20:30:52] [CSCore - PvCSCoreLogger] [DEBUG] CS: DEBUG 7: AprilTag1: restoring video mode (UsbCameraImpl.cpp:681)
[2025-09-27 20:30:52] [CSCore - PvCSCoreLogger] [INFO] AprilTag1: set format 1 res 320x240
[2025-09-27 20:30:52] [CSCore - PvCSCoreLogger] [INFO] AprilTag1: set FPS to 100
[2025-09-27 20:30:52] [CSCore - PvCSCoreLogger] [DEBUG] CS: DEBUG 7: AprilTag1: restoring settings (UsbCameraImpl.cpp:686)
[2025-09-27 20:30:52] [Camera - USBFrameProvider - AprilTag1] [ERROR] Error grabbing image: timed out getting frame
[2025-09-27 20:30:52] [Camera - USBFrameProvider - AprilTag1] [ERROR] Error grabbing image: timed out getting frame
[2025-09-27 20:30:52] [General - KernelLogLogger] [DEBUG] 2025-09-27T20:30:52.062360-06:00 photonvision kernel: usb 5-1: new high-speed USB device number 11 using ehci-platform
[2025-09-27 20:30:52] [General - KernelLogLogger] [DEBUG] 2025-09-27T20:30:52.229317-06:00 photonvision kernel: usb 5-1: New USB device found, idVendor=0c45, idProduct=6366, bcdDevice= 1.00
[2025-09-27 20:30:52] [General - KernelLogLogger] [DEBUG] 2025-09-27T20:30:52.229362-06:00 photonvision kernel: usb 5-1: New USB device strings: Mfr=2, Product=1, SerialNumber=3
[2025-09-27 20:30:52] [General - KernelLogLogger] [DEBUG] 2025-09-27T20:30:52.229366-06:00 photonvision kernel: usb 5-1: Product: AprilTag1
[2025-09-27 20:30:52] [General - KernelLogLogger] [DEBUG] 2025-09-27T20:30:52.229371-06:00 photonvision kernel: usb 5-1: Manufacturer: Arducam Technology Co., Ltd.
[2025-09-27 20:30:52] [General - KernelLogLogger] [DEBUG] 2025-09-27T20:30:52.229374-06:00 photonvision kernel: usb 5-1: SerialNumber: 0001
[2025-09-27 20:30:52] [General - KernelLogLogger] [DEBUG] 2025-09-27T20:30:52.229378-06:00 photonvision kernel: usb 5-1: Found UVC 1.00 device AprilTag1 (0c45:6366)
[2025-09-27 20:30:52] [General - KernelLogLogger] [DEBUG] 2025-09-27T20:30:52.259037-06:00 photonvision kernel: input: AprilTag1: AprilTag1 as /devices/platform/fc880000.usb/usb5/5-1/5-1:1.0/input/input148
[2025-09-27 20:30:52] [General - KernelLogLogger] [DEBUG] l: usb 5-1: Found UVC 1.00 device AprilTag1 (0c45:6366)
[2025-09-27 20:30:52] [General - KernelLogLogger] [DEBUG] 2025-09-27T20:30:50.442514-06:00 photonvision kernel: input: AprilTag1: AprilTag1 as /devices/platform/fc880000.usb/usb5/5-1/5-1:1.0/input/input147
[2025-09-27 20:30:52] [General - KernelLogLogger] [DEBUG] 1: Manufacturer: Arducam Technology Co., Ltd.
[2025-09-27 20:30:52] [General - KernelLogLogger] [DEBUG] 2025-09-27T20:30:46.735894-06:
[2025-09-27 20:30:52] [Camera - USBFrameProvider - AprilTag1] [ERROR] Error grabbing image: timed out getting frame
[2025-09-27 20:30:53] [Camera - USBFrameProvider - AprilTag1] [ERROR] Error grabbing image: timed out getting frame
[2025-09-27 20:30:53] [CSCore - PvCSCoreLogger] [DEBUG] CS: DEBUG 7: AprilTag1: allocating buffers (UsbCameraImpl.cpp:701)
[2025-09-27 20:30:53] [CSCore - PvCSCoreLogger] [DEBUG] CS: DEBUG 7: AprilTag1: mapping buffers (UsbCameraImpl.cpp:715)
[2025-09-27 20:30:53] [CSCore - PvCSCoreLogger] [DEBUG] CS: DEBUG 7: AprilTag1: queuing buffers (UsbCameraImpl.cpp:765)
[2025-09-27 20:30:53] [Camera - USBFrameProvider - AprilTag1] [ERROR] Error grabbing image: timed out getting frame
[2025-09-27 20:30:53] [CSCore - PvCSCoreLogger] [ERROR] CS: ERROR 40: AprilTag1: ioctl VIDIOC_STREAMON failed: Protocol error (UsbCameraImpl.cpp:789)
[2025-09-27 20:30:53] [CSCore - PvCSCoreLogger] [INFO] AprilTag1: Attempting to connect to USB camera on /dev/v4l/by-path/platform-fc880000.usb-usb-0:1:1.0-video-index0
[2025-09-27 20:30:53] [CSCore - PvCSCoreLogger] [DEBUG] CS: DEBUG 7: AprilTag1: opening device (UsbCameraImpl.cpp:651)
[2025-09-27 20:30:53] [CSCore - PvCSCoreLogger] [INFO] AprilTag1: Attempting to connect to USB camera on /dev/v4l/by-path/platform-fc880000.usb-usb-0:1:1.0-video-index0
[2025-09-27 20:30:53] [CSCore - PvCSCoreLogger] [DEBUG] CS: DEBUG 7: AprilTag1: opening device (UsbCameraImpl.cpp:651)
[2025-09-27 20:30:53] [Camera - USBFrameProvider - AprilTag1] [ERROR] Error grabbing image: timed out getting frame
[2025-09-27 20:30:53] [General - KernelLogLogger] [DEBUG] 2025-09-27T20:30:53.559033-06:00 photonvision kernel: usb 5-1: Failed to query (GET_CUR) UVC control 6 on unit 2: -71 (exp. 2).
[2025-09-27 20:30:53] [General - KernelLogLogger] [DEBUG] 2025-09-27T20:30:53.572360-06:00 photonvision kernel: usb usb5-port1: disabled by hub (EMI?), re-enabling...
[2025-09-27 20:30:53] [General - KernelLogLogger] [DEBUG] 2025-09-27T20:30:53.572380-06:00 photonvision kernel: usb 5-1: USB disconnect, device number 11
[2025-09-27 20:30:53] [General - KernelLogLogger] [DEBUG] gs: Mfr=2, ¥
[2025-09-27 20:30:54] [Camera - USBFrameProvider - AprilTag1] [ERROR] Error grabbing image: timed out getting frame
[2025-09-27 20:30:54] [CSCore - PvCSCoreLogger] [INFO] AprilTag1: Attempting to connect to USB camera on /dev/v4l/by-path/platform-fc880000.usb-usb-0:1:1.0-video-index0
[2025-09-27 20:30:54] [CSCore - PvCSCoreLogger] [DEBUG] CS: DEBUG 7: AprilTag1: opening device (UsbCameraImpl.cpp:651)
[2025-09-27 20:30:54] [CSCore - PvCSCoreLogger] [INFO] AprilTag1: Attempting to connect to USB camera on /dev/v4l/by-path/platform-fc880000.usb-usb-0:1:1.0-video-index0
[2025-09-27 20:30:54] [CSCore - PvCSCoreLogger] [DEBUG] CS: DEBUG 7: AprilTag1: opening device (UsbCameraImpl.cpp:651)
[2025-09-27 20:30:54] [CSCore - PvCSCoreLogger] [INFO] AprilTag1: Connected to USB camera on /dev/v4l/by-path/platform-fc880000.usb-usb-0:1:1.0-video-index0
[2025-09-27 20:30:54] [CSCore - PvCSCoreLogger] [DEBUG] CS: DEBUG 7: AprilTag1: getting capabilities (UsbCameraImpl.cpp:663)
[2025-09-27 20:30:54] [CSCore - PvCSCoreLogger] [DEBUG] CS: DEBUG 7: AprilTag1: restoring video mode (UsbCameraImpl.cpp:681)
[2025-09-27 20:30:54] [CSCore - PvCSCoreLogger] [INFO] AprilTag1: set format 1 res 320x240
[2025-09-27 20:30:54] [CSCore - PvCSCoreLogger] [INFO] AprilTag1: set FPS to 100
[2025-09-27 20:30:54] [CSCore - PvCSCoreLogger] [DEBUG] CS: DEBUG 7: AprilTag1: restoring settings (UsbCameraImpl.cpp:686)
[2025-09-27 20:30:54] [Camera - USBFrameProvider - AprilTag1] [ERROR] Error grabbing image: timed out getting frame
[2025-09-27 20:30:54] [Camera - USBFrameProvider - AprilTag1] [ERROR] Error grabbing image: timed out getting frame
[2025-09-27 20:30:54] [Camera - USBFrameProvider - AprilTag1] [ERROR] Error grabbing image: timed out getting frame
[2025-09-27 20:30:54] [General - KernelLogLogger] [DEBUG] 2025-09-27T20:30:53.909640-06:00 photonvision kernel: usb 5-1: new high-speed USB device number 12 using ehci-platform
[2025-09-27 20:30:54] [General - KernelLogLogger] [DEBUG] 2025-09-27T20:30:54.069257-06:00 photonvision kernel: usb 5-1: New USB device found, idVendor=0c45, idProduct=6366, bcdDevice= 1.00
[2025-09-27 20:30:54] [General - KernelLogLogger] [DEBUG] 2025-09-27T20:30:54.069308-06:00 photonvision kernel: usb 5-1: New USB device strings: Mfr=2, Product=1, SerialNumber=3
[2025-09-27 20:30:54] [General - KernelLogLogger] [DEBUG] 2025-09-27T20:30:54.069313-06:00 photonvision kernel: usb 5-1: Product: AprilTag1
[2025-09-27 20:30:54] [General - KernelLogLogger] [DEBUG] 2025-09-27T20:30:54.069317-06:00 photonvision kernel: usb 5-1: Manufacturer: Arducam Technology Co., Ltd.
[2025-09-27 20:30:54] [General - KernelLogLogger] [DEBUG] 2025-09-27T20:30:54.069320-06:00 photonvision kernel: usb 5-1: SerialNumber: 0001
[2025-09-27 20:30:54] [General - KernelLogLogger] [DEBUG] 2025-09-27T20:30:54.072418-06:00 photonvision kernel: usb 5-1: Found UVC 1.00 device AprilTag1 (0c45:6366)
[2025-09-27 20:30:54] [General - KernelLogLogger] [DEBUG] 2025-09-27T20:30:54.099056-06:00 photonvision kernel: input: AprilTag1: AprilTag1 as /devices/platform/fc880000.usb/usb5/5-1/5-1:1.0/input/input149
[2025-09-27 20:30:54] [General - KernelLogLogger] [DEBUG] l: usb 5-1: Found UVC 1.00 device AprilTag1 (0c45:6366)
[2025-09-27 20:30:54] [General - KernelLogLogger] [DEBUG] 2025-09-27T20:30:50.442514-06:00 photonvision kernel: input: AprilTag1: AprilTag1 as /devices/platform/fc880000.usb/usb5/5-1/5-1:1.0/input/input147
[2025-09-27 20:30:54] [General - KernelLogLogger] [DEBUG] 1: Manufacturer: Arducam Technology Co., Ltd.
[2025-09-27 20:30:54] [General - KernelLogLogger] [DEBUG] 2025-09-27T20:30:46.735894-06:
[2025-09-27 20:30:55] [Camera - USBFrameProvider - AprilTag1] [ERROR] Error grabbing image: timed out getting frame
[2025-09-27 20:30:55] [CSCore - PvCSCoreLogger] [DEBUG] CS: DEBUG 7: AprilTag1: allocating buffers (UsbCameraImpl.cpp:701)
[2025-09-27 20:30:55] [CSCore - PvCSCoreLogger] [DEBUG] CS: DEBUG 7: AprilTag1: mapping buffers (UsbCameraImpl.cpp:715)
[2025-09-27 20:30:55] [CSCore - PvCSCoreLogger] [DEBUG] CS: DEBUG 7: AprilTag1: queuing buffers (UsbCameraImpl.cpp:765)
[2025-09-27 20:30:55] [CSCore - PvCSCoreLogger] [ERROR] CS: ERROR 40: AprilTag1: ioctl VIDIOC_STREAMON failed: Protocol error (UsbCameraImpl.cpp:789)
[2025-09-27 20:30:55] [CSCore - PvCSCoreLogger] [DEBUG] CS: DEBUG 7: AprilTag1: queuing buffers (UsbCameraImpl.cpp:765)
[2025-09-27 20:30:55] [CSCore - PvCSCoreLogger] [ERROR] CS: ERROR 40: ioctl VIDIOC_QBUF failed at UsbCameraImpl.cpp:772: No such device (UsbUtil.cpp:157)
[2025-09-27 20:30:55] [CSCore - PvCSCoreLogger] [WARN] CS: WARNING 30: AprilTag1: could not queue buffer 0 (UsbCameraImpl.cpp:773)
[2025-09-27 20:30:55] [CSCore - PvCSCoreLogger] [DEBUG] CS: DEBUG 7: AprilTag1: queuing buffers (UsbCameraImpl.cpp:765)
[2025-09-27 20:30:55] [CSCore - PvCSCoreLogger] [ERROR] CS: ERROR 40: ioctl VIDIOC_QBUF failed at UsbCameraImpl.cpp:772: No such device (UsbUtil.cpp:157)
[2025-09-27 20:30:55] [CSCore - PvCSCoreLogger] [WARN] CS: WARNING 30: AprilTag1: could not queue buffer 0 (UsbCameraImpl.cpp:773)
[2025-09-27 20:30:55] [CSCore - PvCSCoreLogger] [INFO] AprilTag1: Attempting to connect to USB camera on /dev/v4l/by-path/platform-fc880000.usb-usb-0:1:1.0-video-index0
[2025-09-27 20:30:55] [CSCore - PvCSCoreLogger] [DEBUG] CS: DEBUG 7: AprilTag1: opening device (UsbCameraImpl.cpp:651)
[2025-09-27 20:30:55] [CSCore - PvCSCoreLogger] [INFO] AprilTag1: Attempting to connect to USB camera on /dev/v4l/by-path/platform-fc880000.usb-usb-0:1:1.0-video-index0
[2025-09-27 20:30:55] [CSCore - PvCSCoreLogger] [DEBUG] CS: DEBUG 7: AprilTag1: opening device (UsbCameraImpl.cpp:651)
[2025-09-27 20:30:55] [Camera - USBFrameProvider - AprilTag1] [ERROR] Error grabbing image: timed out getting frame
[2025-09-27 20:30:55] [Camera - USBFrameProvider - AprilTag1] [ERROR] Error grabbing image: timed out getting frame
[2025-09-27 20:30:55] [General - KernelLogLogger] [DEBUG] 2025-09-27T20:30:55.372358-06:00 photonvision kernel: usb usb5-port1: disabled by hub (EMI?), re-enabling...
[2025-09-27 20:30:55] [General - KernelLogLogger] [DEBUG] 2025-09-27T20:30:55.372373-06:00 photonvision kernel: usb 5-1: USB disconnect, device number 12
[2025-09-27 20:30:55] [General - KernelLogLogger] [DEBUG] 2025-09-27T20:30:55.372375-06:00 photonvision kernel: usb 5-1: Failed to query (GET_RES) UVC control 8 on unit 2: -71 (exp. 2).
[2025-09-27 20:30:55] [General - KernelLogLogger] [DEBUG] 2025-09-27T20:30:55.372376-06:00 photonvision kernel: usb 5-1: Failed to query (GET_CUR) UVC control 2 on unit 2: -19 (exp. 2).
[2025-09-27 20:30:55] [General - KernelLogLogger] [DEBUG] 2025-09-27T20:30:55.372378-06:00 photonvision kernel: usb 5-1: Failed to query (GET_DEF) UVC control 8 on unit 2: -19 (exp. 2).
[2025-09-27 20:30:55] [General - KernelLogLogger] [DEBUG] 2025-09-27T20:30:55.709046-06:00 photonvision kernel: usb 5-1: new high-speed USB device number 13 using ehci-platform
[2025-09-27 20:30:55] [General - KernelLogLogger] [DEBUG] 2025-09-27T20:30:55.869068-06:00 photonvision kernel: usb 5-1: New USB device found, idVendor=0c45, idProduct=6366, bcdDevice= 1.00
[2025-09-27 20:30:55] [General - KernelLogLogger] [DEBUG] 2025-09-27T20:30:55.869124-06:00 photonvision kernel: usb 5-1: New USB device strings: Mfr=2, Product=1, SerialNumber=3
[2025-09-27 20:30:55] [General - KernelLogLogger] [DEBUG] 2025-09-27T20:30:55.869128-06:00 photonvision kernel: usb 5-1: Product: AprilTag1
[2025-09-27 20:30:55] [General - KernelLogLogger] [DEBUG] 2025-09-27T20:30:55.869132-06:00 photonvision kernel: usb 5-1: Manufacturer: Arducam Technology Co., Ltd.
[2025-09-27 20:30:55] [General - KernelLogLogger] [DEBUG] 2025-09-27T20:30:55.869135-06:00 photonvision kernel: usb 5-1: SerialNumber: 0001
[2025-09-27 20:30:55] [General - KernelLogLogger] [DEBUG] 1
[2025-09-27 20:30:55] [General - KernelLogLogger] [DEBUG] 2025-09-27T20:30:28.562609-06:00 photonvision kernel: usb 5-1: Found UVC 1.00 device AprilTag1 (0c45:6366)
[2025-09-27 20:30:55] [General - KernelLogLogger] [DEBUG] 2025-09-27T20:30:28.592399-06:00 photonvision kernel: input: AprilTag1: April!
[2025-09-27 20:30:55] [CSCore - PvCSCoreLogger] [INFO] AprilTag1: Attempting to connect to USB camera on /dev/v4l/by-path/platform-fc880000.usb-usb-0:1:1.0-video-index0
[2025-09-27 20:30:55] [CSCore - PvCSCoreLogger] [DEBUG] CS: DEBUG 7: AprilTag1: opening device (UsbCameraImpl.cpp:651)
[2025-09-27 20:30:55] [CSCore - PvCSCoreLogger] [INFO] AprilTag1: Attempting to connect to USB camera on /dev/v4l/by-path/platform-fc880000.usb-usb-0:1:1.0-video-index0
[2025-09-27 20:30:55] [CSCore - PvCSCoreLogger] [DEBUG] CS: DEBUG 7: AprilTag1: opening device (UsbCameraImpl.cpp:651)
[2025-09-27 20:30:55] [CSCore - PvCSCoreLogger] [INFO] AprilTag1: Attempting to connect to USB camera on /dev/v4l/by-path/platform-fc880000.usb-usb-0:1:1.0-video-index0
[2025-09-27 20:30:55] [CSCore - PvCSCoreLogger] [DEBUG] CS: DEBUG 7: AprilTag1: opening device (UsbCameraImpl.cpp:651)
[2025-09-27 20:30:55] [CSCore - PvCSCoreLogger] [INFO] AprilTag1: Connected to USB camera on /dev/v4l/by-path/platform-fc880000.usb-usb-0:1:1.0-video-index0
[2025-09-27 20:30:55] [CSCore - PvCSCoreLogger] [DEBUG] CS: DEBUG 7: AprilTag1: getting capabilities (UsbCameraImpl.cpp:663)
[2025-09-27 20:30:55] [CSCore - PvCSCoreLogger] [DEBUG] CS: DEBUG 7: AprilTag1: restoring video mode (UsbCameraImpl.cpp:681)
[2025-09-27 20:30:55] [CSCore - PvCSCoreLogger] [INFO] AprilTag1: set format 1 res 320x240
[2025-09-27 20:30:55] [Camera - USBFrameProvider - AprilTag1] [ERROR] Error grabbing image: timed out getting frame
[2025-09-27 20:30:55] [CSCore - PvCSCoreLogger] [INFO] AprilTag1: set FPS to 100
[2025-09-27 20:30:55] [CSCore - PvCSCoreLogger] [DEBUG] CS: DEBUG 7: AprilTag1: restoring settings (UsbCameraImpl.cpp:686)
[2025-09-27 20:30:56] [Camera - USBFrameProvider - AprilTag1] [ERROR] Error grabbing image: timed out getting frame
[2025-09-27 20:30:56] [Camera - USBFrameProvider - AprilTag1] [ERROR] Error grabbing image: timed out getting frame
[2025-09-27 20:30:56] [Camera - USBFrameProvider - AprilTag1] [ERROR] Error grabbing image: timed out getting frame
[2025-09-27 20:30:56] [General - KernelLogLogger] [DEBUG] 2025-09-27T20:30:55.879065-06:00 photonvision kernel: usb 5-1: Found UVC 1.00 device AprilTag1 (0c45:6366)
[2025-09-27 20:30:56] [General - KernelLogLogger] [DEBUG] 2025-09-27T20:30:55.905697-06:00 photonvision kernel: input: AprilTag1: AprilTag1 as /devices/platform/fc880000.usb/usb5/5-1/5-1:1.0/input/input150
[2025-09-27 20:30:56] [General - KernelLogLogger] [DEBUG] e
[2025-09-27 20:30:56] [CSCore - PvCSCoreLogger] [DEBUG] CS: DEBUG 7: AprilTag1: allocating buffers (UsbCameraImpl.cpp:701)
[2025-09-27 20:30:56] [CSCore - PvCSCoreLogger] [DEBUG] CS: DEBUG 7: AprilTag1: mapping buffers (UsbCameraImpl.cpp:715)
[2025-09-27 20:30:56] [CSCore - PvCSCoreLogger] [DEBUG] CS: DEBUG 7: AprilTag1: queuing buffers (UsbCameraImpl.cpp:765)
[2025-09-27 20:30:57] [Camera - USBFrameProvider - AprilTag1] [ERROR] Error grabbing image: timed out getting frame
[2025-09-27 20:30:57] [CSCore - PvCSCoreLogger] [ERROR] CS: ERROR 40: AprilTag1: ioctl VIDIOC_STREAMON failed: Protocol error (UsbCameraImpl.cpp:789)
[2025-09-27 20:30:57] [CSCore - PvCSCoreLogger] [INFO] AprilTag1: Attempting to connect to USB camera on /dev/v4l/by-path/platform-fc880000.usb-usb-0:1:1.0-video-index0
[2025-09-27 20:30:57] [CSCore - PvCSCoreLogger] [DEBUG] CS: DEBUG 7: AprilTag1: opening device (UsbCameraImpl.cpp:651)
[2025-09-27 20:30:57] [CSCore - PvCSCoreLogger] [INFO] AprilTag1: Attempting to connect to USB camera on /dev/v4l/by-path/platform-fc880000.usb-usb-0:1:1.0-video-index0
[2025-09-27 20:30:57] [CSCore - PvCSCoreLogger] [DEBUG] CS: DEBUG 7: AprilTag1: opening device (UsbCameraImpl.cpp:651)
[2025-09-27 20:30:57] [Camera - USBFrameProvider - AprilTag1] [ERROR] Error grabbing image: timed out getting frame
[2025-09-27 20:30:57] [Camera - USBFrameProvider - AprilTag1] [ERROR] Error grabbing image: timed out getting frame
[2025-09-27 20:30:57] [CSCore - PvCSCoreLogger] [INFO] AprilTag1: Attempting to connect to USB camera on /dev/v4l/by-path/platform-fc880000.usb-usb-0:1:1.0-video-index0
[2025-09-27 20:30:57] [CSCore - PvCSCoreLogger] [DEBUG] CS: DEBUG 7: AprilTag1: opening device (UsbCameraImpl.cpp:651)
[2025-09-27 20:30:57] [CSCore - PvCSCoreLogger] [INFO] AprilTag1: Attempting to connect to USB camera on /dev/v4l/by-path/platform-fc880000.usb-usb-0:1:1.0-video-index0
[2025-09-27 20:30:57] [CSCore - PvCSCoreLogger] [DEBUG] CS: DEBUG 7: AprilTag1: opening device (UsbCameraImpl.cpp:651)
[2025-09-27 20:30:57] [CSCore - PvCSCoreLogger] [INFO] AprilTag1: Attempting to connect to USB camera on /dev/v4l/by-path/platform-fc880000.usb-usb-0:1:1.0-video-index0
[2025-09-27 20:30:57] [CSCore - PvCSCoreLogger] [DEBUG] CS: DEBUG 7: AprilTag1: opening device (UsbCameraImpl.cpp:651)
[2025-09-27 20:30:57] [CSCore - PvCSCoreLogger] [INFO] AprilTag1: Attempting to connect to USB camera on /dev/v4l/by-path/platform-fc880000.usb-usb-0:1:1.0-video-index0
[2025-09-27 20:30:57] [CSCore - PvCSCoreLogger] [DEBUG] CS: DEBUG 7: AprilTag1: opening device (UsbCameraImpl.cpp:651)
[2025-09-27 20:30:57] [Camera - USBFrameProvider - AprilTag1] [ERROR] Error grabbing image: timed out getting frame
[2025-09-27 20:30:57] [General - KernelLogLogger] [DEBUG] 2025-09-27T20:30:57.072345-06:00 photonvision kernel: usb 5-1: Failed to query (GET_MIN) UVC control 1 on unit 2: -71 (exp. 2).
[2025-09-27 20:30:57] [General - KernelLogLogger] [DEBUG] 2025-09-27T20:30:57.092368-06:00 photonvision kernel: usb 5-1: Failed to query (GET_CUR) UVC control 2 on unit 2: -71 (exp. 2).
[2025-09-27 20:30:57] [General - KernelLogLogger] [DEBUG] 2025-09-27T20:30:57.102766-06:00 photonvision kernel: usb 5-1: Failed to query (GET_DEF) UVC control 1 on unit 2: -71 (exp. 2).
[2025-09-27 20:30:57] [General - KernelLogLogger] [DEBUG] 2025-09-27T20:30:57.102819-06:00 photonvision kernel: usb usb5-port1: disabled by hub (EMI?), re-enabling...
[2025-09-27 20:30:57] [General - KernelLogLogger] [DEBUG] 2025-09-27T20:30:57.102823-06:00 photonvision kernel: usb 5-1: USB disconnect, device number 13
[2025-09-27 20:30:57] [General - KernelLogLogger] [DEBUG] 2025-09-27T20:30:57.445727-06:00 photonvision kernel: usb 5-1: new high-speed USB device number 14 using ehci-platform
[2025-09-27 20:30:57] [General - KernelLogLogger] [DEBUG] 2025-09-27T20:30:57.609192-06:00 photonvision kernel: usb 5-1: New USB device found, idVendor=0c45, idProduct=6366, bcdDevice= 1.00
[2025-09-27 20:30:57] [General - KernelLogLogger] [DEBUG] 2025-09-27T20:30:57.610714-06:00 photonvision kernel: usb 5-1: New USB device strings: Mfr=2, Product=1, SerialNumber=3
[2025-09-27 20:30:57] [General - KernelLogLogger] [DEBUG] 2025-09-27T20:30:57.610739-06:00 photonvision kernel: usb 5-1: Product: AprilTag1
[2025-09-27 20:30:57] [General - KernelLogLogger] [DEBUG] 2025-09-27T20:30:57.610744-06:00 photonvision kernel: usb 5-1: Manufacturer: Arducam Technology Co., Ltd.
[2025-09-27 20:30:57] [General - KernelLogLogger] [DEBUG] 2025-09-27T20:30:57.610747-06:00 photonvision kernel: usb 5-1: SerialNumber: 0001
[2025-09-27 20:30:57] [General - KernelLogLogger] [DEBUG] 2025-09-27T20:30:57.612375-06:00 photonvision kernel: usb 5-1: Found UVC 1.00 device AprilTag1 (0c45:6366)
[2025-09-27 20:30:57] [General - KernelLogLogger] [DEBUG] 2025-09-27T20:30:57.639079-06:00 photonvision kernel: input: AprilTag1: AprilTag1 as /devices/platform/fc880000.usb/usb5/5-1/5-1:1.0/input/input151
[2025-09-27 20:30:57] [General - KernelLogLogger] [DEBUG] 0
[2025-09-27 20:30:57] [General - KernelLogLogger] [DEBUG] 0:25:26.582388-06:00 photonvision kernel: usb 5-1: Failed to query (GET_MIN) UVC control 1 on unit 2: -71 (exp. 2).
[2025-09-27 20:30:57] [General - KernelLogLogger] [DEBUG] 2025-09-27T20:25:26.592386-06:00 photonvision kernel: usb 5-1: Failed to query (GET_CUR) UVC control 2 on unit 2: -71 (exp. 2).
[2025-09-27 20:30:57] [General - KernelLogLogger] [DEBUG] 2025-09-27T20:25:26.595748-06:00 photonvision kernel: usb usb5-port1: disabled by hub (EMI?), re-enabling...
[2025-09-27 20:30:57] [General - KernelLogLogger] [DEBUG] 2025-09-27T20:25:26.595773-06:00 photonvision kernel: usb 5-1: USB disconnect, device number 4
[2025-09-27 20:30:57] [General - KernelLogLogger] [DEBUG] ÿ
[2025-09-27 20:30:58] [Camera - USBFrameProvider - AprilTag1] [ERROR] Error grabbing image: timed out getting frame
[2025-09-27 20:30:58] [Camera - USBFrameProvider - AprilTag1] [ERROR] Error grabbing image: timed out getting frame
[2025-09-27 20:30:58] [Camera - USBFrameProvider - AprilTag1] [ERROR] Error grabbing image: timed out getting frame
[2025-09-27 20:30:58] [Camera - USBFrameProvider - AprilTag1] [ERROR] Error grabbing image: timed out getting frame
[2025-09-27 20:30:59] [Camera - USBFrameProvider - AprilTag1] [ERROR] Error grabbing image: timed out getting frame
[2025-09-27 20:30:59] [Camera - USBFrameProvider - AprilTag1] [ERROR] Error grabbing image: timed out getting frame
[2025-09-27 20:30:59] [CSCore - PvCSCoreLogger] [INFO] AprilTag1: Attempting to connect to USB camera on /dev/v4l/by-path/platform-fc880000.usb-usb-0:1:1.0-video-index0
[2025-09-27 20:30:59] [CSCore - PvCSCoreLogger] [DEBUG] CS: DEBUG 7: AprilTag1: opening device (UsbCameraImpl.cpp:651)
[2025-09-27 20:30:59] [CSCore - PvCSCoreLogger] [INFO] AprilTag1: Connected to USB camera on /dev/v4l/by-path/platform-fc880000.usb-usb-0:1:1.0-video-index0
[2025-09-27 20:30:59] [CSCore - PvCSCoreLogger] [DEBUG] CS: DEBUG 7: AprilTag1: getting capabilities (UsbCameraImpl.cpp:663)
[2025-09-27 20:30:59] [CSCore - PvCSCoreLogger] [DEBUG] CS: DEBUG 7: AprilTag1: restoring video mode (UsbCameraImpl.cpp:681)
[2025-09-27 20:30:59] [CSCore - PvCSCoreLogger] [INFO] AprilTag1: set format 1 res 320x240
[2025-09-27 20:30:59] [CSCore - PvCSCoreLogger] [INFO] AprilTag1: set FPS to 100
[2025-09-27 20:30:59] [CSCore - PvCSCoreLogger] [DEBUG] CS: DEBUG 7: AprilTag1: restoring settings (UsbCameraImpl.cpp:686)
[2025-09-27 20:30:59] [Camera - USBFrameProvider - AprilTag1] [ERROR] Error grabbing image: timed out getting frame
[2025-09-27 20:31:00] [Camera - USBFrameProvider - AprilTag1] [ERROR] Error grabbing image: timed out getting frame
[2025-09-27 20:31:00] [Camera - USBFrameProvider - AprilTag1] [ERROR] Error grabbing image: timed out getting frame
[2025-09-27 20:31:00] [Camera - USBFrameProvider - AprilTag1] [ERROR] Error grabbing image: timed out getting frame
[2025-09-27 20:31:00] [CSCore - PvCSCoreLogger] [DEBUG] CS: DEBUG 7: AprilTag1: allocating buffers (UsbCameraImpl.cpp:701)
[2025-09-27 20:31:00] [CSCore - PvCSCoreLogger] [DEBUG] CS: DEBUG 7: AprilTag1: mapping buffers (UsbCameraImpl.cpp:715)
[2025-09-27 20:31:00] [CSCore - PvCSCoreLogger] [DEBUG] CS: DEBUG 7: AprilTag1: queuing buffers (UsbCameraImpl.cpp:765)
[2025-09-27 20:31:00] [CSCore - PvCSCoreLogger] [ERROR] CS: ERROR 40: AprilTag1: ioctl VIDIOC_STREAMON failed: Protocol error (UsbCameraImpl.cpp:789)
[2025-09-27 20:31:00] [Camera - USBFrameProvider - AprilTag1] [ERROR] Error grabbing image: timed out getting frame
[2025-09-27 20:31:00] [CSCore - PvCSCoreLogger] [INFO] AprilTag1: Attempting to connect to USB camera on /dev/v4l/by-path/platform-fc880000.usb-usb-0:1:1.0-video-index0
[2025-09-27 20:31:00] [CSCore - PvCSCoreLogger] [DEBUG] CS: DEBUG 7: AprilTag1: opening device (UsbCameraImpl.cpp:651)
[2025-09-27 20:31:00] [CSCore - PvCSCoreLogger] [INFO] AprilTag1: Attempting to connect to USB camera on /dev/v4l/by-path/platform-fc880000.usb-usb-0:1:1.0-video-index0
[2025-09-27 20:31:00] [CSCore - PvCSCoreLogger] [DEBUG] CS: DEBUG 7: AprilTag1: opening device (UsbCameraImpl.cpp:651)
[2025-09-27 20:31:00] [CSCore - PvCSCoreLogger] [INFO] AprilTag1: Attempting to connect to USB camera on /dev/v4l/by-path/platform-fc880000.usb-usb-0:1:1.0-video-index0
[2025-09-27 20:31:00] [CSCore - PvCSCoreLogger] [DEBUG] CS: DEBUG 7: AprilTag1: opening device (UsbCameraImpl.cpp:651)
[2025-09-27 20:31:00] [CSCore - PvCSCoreLogger] [INFO] AprilTag1: Attempting to connect to USB camera on /dev/v4l/by-path/platform-fc880000.usb-usb-0:1:1.0-video-index0
[2025-09-27 20:31:00] [CSCore - PvCSCoreLogger] [DEBUG] CS: DEBUG 7: AprilTag1: opening device (UsbCameraImpl.cpp:651)
[2025-09-27 20:31:00] [General - KernelLogLogger] [DEBUG] 2025-09-27T20:31:00.852428-06:00 photonvision kernel: usb usb5-port1: disabled by hub (EMI?), re-enabling...
[2025-09-27 20:31:00] [General - KernelLogLogger] [DEBUG] 2025-09-27T20:31:00.852478-06:00 photonvision kernel: usb 5-1: USB disconnect, device number 14
[2025-09-27 20:31:01] [Camera - USBFrameProvider - AprilTag1] [ERROR] Error grabbing image: timed out getting frame
[2025-09-27 20:31:01] [Camera - USBFrameProvider - AprilTag1] [ERROR] Error grabbing image: timed out getting frame
[2025-09-27 20:31:01] [CSCore - PvCSCoreLogger] [INFO] AprilTag1: Attempting to connect to USB camera on /dev/v4l/by-path/platform-fc880000.usb-usb-0:1:1.0-video-index0
[2025-09-27 20:31:01] [CSCore - PvCSCoreLogger] [DEBUG] CS: DEBUG 7: AprilTag1: opening device (UsbCameraImpl.cpp:651)
[2025-09-27 20:31:01] [CSCore - PvCSCoreLogger] [INFO] AprilTag1: Attempting to connect to USB camera on /dev/v4l/by-path/platform-fc880000.usb-usb-0:1:1.0-video-index0
[2025-09-27 20:31:01] [CSCore - PvCSCoreLogger] [DEBUG] CS: DEBUG 7: AprilTag1: opening device (UsbCameraImpl.cpp:651)
[2025-09-27 20:31:01] [CSCore - PvCSCoreLogger] [INFO] AprilTag1: Attempting to connect to USB camera on /dev/v4l/by-path/platform-fc880000.usb-usb-0:1:1.0-video-index0
[2025-09-27 20:31:01] [CSCore - PvCSCoreLogger] [DEBUG] CS: DEBUG 7: AprilTag1: opening device (UsbCameraImpl.cpp:651)
[2025-09-27 20:31:01] [CSCore - PvCSCoreLogger] [INFO] AprilTag1: Attempting to connect to USB camera on /dev/v4l/by-path/platform-fc880000.usb-usb-0:1:1.0-video-index0
[2025-09-27 20:31:01] [CSCore - PvCSCoreLogger] [DEBUG] CS: DEBUG 7: AprilTag1: opening device (UsbCameraImpl.cpp:651)
[2025-09-27 20:31:01] [Camera - USBFrameProvider - AprilTag1] [ERROR] Error grabbing image: timed out getting frame
[2025-09-27 20:31:01] [General - KernelLogLogger] [DEBUG] 2025-09-27T20:31:01.199059-06:00 photonvision kernel: usb 5-1: new high-speed USB device number 15 using ehci-platform
[2025-09-27 20:31:01] [General - KernelLogLogger] [DEBUG] 2025-09-27T20:31:01.362432-06:00 photonvision kernel: usb 5-1: New USB device found, idVendor=0c45, idProduct=6366, bcdDevice= 1.00
[2025-09-27 20:31:01] [General - KernelLogLogger] [DEBUG] 2025-09-27T20:31:01.362489-06:00 photonvision kernel: usb 5-1: New USB device strings: Mfr=2, Product=1, SerialNumber=3
[2025-09-27 20:31:01] [General - KernelLogLogger] [DEBUG] 2025-09-27T20:31:01.362493-06:00 photonvision kernel: usb 5-1: Product: AprilTag1
[2025-09-27 20:31:01] [General - KernelLogLogger] [DEBUG] 2025-09-27T20:31:01.362496-06:00 photonvision kernel: usb 5-1: Manufacturer: Arducam Technology Co., Ltd.
[2025-09-27 20:31:01] [General - KernelLogLogger] [DEBUG] 2025-09-27T20:31:01.362501-06:00 photonvision kernel: usb 5-1: SerialNumber: 0001
[2025-09-27 20:31:01] [General - KernelLogLogger] [DEBUG] 2025-09-27T20:31:01.365710-06:00 photonvision kernel: usb 5-1: Found UVC 1.00 device AprilTag1 (0c45:6366)
[2025-09-27 20:31:01] [General - KernelLogLogger] [DEBUG] 2025-09-27T20:31:01.395795-06:00 photonvision kernel: input: AprilTag1: AprilTag1 as /devices/platform/fc880000.usb/usb5/5-1/5-1:1.0/input/input152
[2025-09-27 20:31:01] [Camera - USBFrameProvider - AprilTag1] [ERROR] Error grabbing image: timed out getting frame
[2025-09-27 20:31:02] [Camera - USBFrameProvider - AprilTag1] [ERROR] Error grabbing image: timed out getting frame
[2025-09-27 20:31:02] [Camera - USBFrameProvider - AprilTag1] [ERROR] Error grabbing image: timed out getting frame
[2025-09-27 20:31:02] [Camera - USBFrameProvider - AprilTag1] [ERROR] Error grabbing image: timed out getting frame
[2025-09-27 20:31:03] [Camera - USBFrameProvider - AprilTag1] [ERROR] Error grabbing image: timed out getting frame
[2025-09-27 20:31:03] [Camera - USBFrameProvider - AprilTag1] [ERROR] Error grabbing image: timed out getting frame
[2025-09-27 20:31:03] [CSCore - PvCSCoreLogger] [INFO] AprilTag1: Attempting to connect to USB camera on /dev/v4l/by-path/platform-fc880000.usb-usb-0:1:1.0-video-index0
[2025-09-27 20:31:03] [CSCore - PvCSCoreLogger] [DEBUG] CS: DEBUG 7: AprilTag1: opening device (UsbCameraImpl.cpp:651)
[2025-09-27 20:31:03] [CSCore - PvCSCoreLogger] [INFO] AprilTag1: Connected to USB camera on /dev/v4l/by-path/platform-fc880000.usb-usb-0:1:1.0-video-index0
[2025-09-27 20:31:03] [CSCore - PvCSCoreLogger] [DEBUG] CS: DEBUG 7: AprilTag1: getting capabilities (UsbCameraImpl.cpp:663)
[2025-09-27 20:31:03] [CSCore - PvCSCoreLogger] [DEBUG] CS: DEBUG 7: AprilTag1: restoring video mode (UsbCameraImpl.cpp:681)
[2025-09-27 20:31:03] [CSCore - PvCSCoreLogger] [INFO] AprilTag1: set format 1 res 320x240
[2025-09-27 20:31:03] [CSCore - PvCSCoreLogger] [INFO] AprilTag1: set FPS to 100
[2025-09-27 20:31:03] [CSCore - PvCSCoreLogger] [DEBUG] CS: DEBUG 7: AprilTag1: restoring settings (UsbCameraImpl.cpp:686)
[2025-09-27 20:31:03] [Camera - USBFrameProvider - AprilTag1] [ERROR] Error grabbing image: timed out getting frame
[2025-09-27 20:31:03] [Camera - USBFrameProvider - AprilTag1] [ERROR] Error grabbing image: timed out getting frame
[2025-09-27 20:31:04] [Camera - USBFrameProvider - AprilTag1] [ERROR] Error grabbing image: timed out getting frame
[2025-09-27 20:31:04] [Camera - USBFrameProvider - AprilTag1] [ERROR] Error grabbing image: timed out getting frame
[2025-09-27 20:31:04] [CSCore - PvCSCoreLogger] [DEBUG] CS: DEBUG 7: AprilTag1: allocating buffers (UsbCameraImpl.cpp:701)
[2025-09-27 20:31:04] [CSCore - PvCSCoreLogger] [DEBUG] CS: DEBUG 7: AprilTag1: mapping buffers (UsbCameraImpl.cpp:715)
[2025-09-27 20:31:04] [CSCore - PvCSCoreLogger] [DEBUG] CS: DEBUG 7: AprilTag1: queuing buffers (UsbCameraImpl.cpp:765)
[2025-09-27 20:31:04] [CSCore - PvCSCoreLogger] [ERROR] CS: ERROR 40: AprilTag1: ioctl VIDIOC_STREAMON failed: Protocol error (UsbCameraImpl.cpp:789)
[2025-09-27 20:31:04] [CSCore - PvCSCoreLogger] [DEBUG] CS: DEBUG 7: AprilTag1: queuing buffers (UsbCameraImpl.cpp:765)
[2025-09-27 20:31:04] [CSCore - PvCSCoreLogger] [ERROR] CS: ERROR 40: ioctl VIDIOC_QBUF failed at UsbCameraImpl.cpp:772: No such device (UsbUtil.cpp:157)
[2025-09-27 20:31:04] [CSCore - PvCSCoreLogger] [WARN] CS: WARNING 30: AprilTag1: could not queue buffer 0 (UsbCameraImpl.cpp:773)
[2025-09-27 20:31:04] [CSCore - PvCSCoreLogger] [INFO] AprilTag1: Attempting to connect to USB camera on /dev/v4l/by-path/platform-fc880000.usb-usb-0:1:1.0-video-index0
[2025-09-27 20:31:04] [CSCore - PvCSCoreLogger] [DEBUG] CS: DEBUG 7: AprilTag1: opening device (UsbCameraImpl.cpp:651)
[2025-09-27 20:31:04] [CSCore - PvCSCoreLogger] [INFO] AprilTag1: Attempting to connect to USB camera on /dev/v4l/by-path/platform-fc880000.usb-usb-0:1:1.0-video-index0
[2025-09-27 20:31:04] [CSCore - PvCSCoreLogger] [DEBUG] CS: DEBUG 7: AprilTag1: opening device (UsbCameraImpl.cpp:651)
[2025-09-27 20:31:04] [Camera - USBFrameProvider - AprilTag1] [ERROR] Error grabbing image: timed out getting frame
[2025-09-27 20:31:04] [General - KernelLogLogger] [DEBUG] 2025-09-27T20:31:04.636085-06:00 photonvision kernel: usb usb5-port1: disabled by hub (EMI?), re-enabling...
[2025-09-27 20:31:04] [General - KernelLogLogger] [DEBUG] 2025-09-27T20:31:04.636321-06:00 photonvision kernel: usb 5-1: USB disconnect, device number 15
[2025-09-27 20:31:04] [General - KernelLogLogger] [DEBUG] dVendor=0c4q
[2025-09-27 20:31:04] [Camera - USBFrameProvider - AprilTag1] [ERROR] Error grabbing image: timed out getting frame
[2025-09-27 20:31:05] [Camera - USBFrameProvider - AprilTag1] [ERROR] Error grabbing image: timed out getting frame
[2025-09-27 20:31:05] [Camera - USBFrameProvider - AprilTag1] [ERROR] Error grabbing image: timed out getting frame
[2025-09-27 20:31:05] [Camera - USBFrameProvider - AprilTag1] [ERROR] Error grabbing image: timed out getting frame
[2025-09-27 20:31:05] [General - KernelLogLogger] [DEBUG] 2025-09-27T20:31:04.965741-06:00 photonvision kernel: usb 5-1: new high-speed USB device number 16 using ehci-platform
[2025-09-27 20:31:05] [General - KernelLogLogger] [DEBUG] 2025-09-27T20:31:05.509145-06:00 photonvision kernel: usb 5-1: device not accepting address 16, error -71
[2025-09-27 20:31:05] [General - KernelLogLogger] [DEBUG] 2025-09-27T20:31:05.839040-06:00 photonvision kernel: usb 5-1: new high-speed USB device number 17 using ehci-platform
[2025-09-27 20:31:05] [General - KernelLogLogger] [DEBUG] 7T20:31:01.362501-06:00 photonvision kernel: usb 5-1: SerialNumber: 0001
[2025-09-27 20:31:05] [General - KernelLogLogger] [DEBUG] 2025-09-27T20:31:01.365710-06:00 photon¡
[2025-09-27 20:31:06] [Camera - USBFrameProvider - AprilTag1] [ERROR] Error grabbing image: timed out getting frame
[2025-09-27 20:31:06] [CSCore - PvCSCoreLogger] [INFO] AprilTag1: Attempting to connect to USB camera on /dev/v4l/by-path/platform-fc880000.usb-usb-0:1:1.0-video-index0
[2025-09-27 20:31:06] [CSCore - PvCSCoreLogger] [DEBUG] CS: DEBUG 7: AprilTag1: opening device (UsbCameraImpl.cpp:651)
[2025-09-27 20:31:06] [CSCore - PvCSCoreLogger] [INFO] AprilTag1: Attempting to connect to USB camera on /dev/v4l/by-path/platform-fc880000.usb-usb-0:1:1.0-video-index0
[2025-09-27 20:31:06] [CSCore - PvCSCoreLogger] [DEBUG] CS: DEBUG 7: AprilTag1: opening device (UsbCameraImpl.cpp:651)
[2025-09-27 20:31:06] [CSCore - PvCSCoreLogger] [INFO] AprilTag1: Attempting to connect to USB camera on /dev/v4l/by-path/platform-fc880000.usb-usb-0:1:1.0-video-index0
[2025-09-27 20:31:06] [CSCore - PvCSCoreLogger] [DEBUG] CS: DEBUG 7: AprilTag1: opening device (UsbCameraImpl.cpp:651)
[2025-09-27 20:31:06] [CSCore - PvCSCoreLogger] [INFO] AprilTag1: Connected to USB camera on /dev/v4l/by-path/platform-fc880000.usb-usb-0:1:1.0-video-index0
[2025-09-27 20:31:06] [CSCore - PvCSCoreLogger] [DEBUG] CS: DEBUG 7: AprilTag1: getting capabilities (UsbCameraImpl.cpp:663)
[2025-09-27 20:31:06] [CSCore - PvCSCoreLogger] [DEBUG] CS: DEBUG 7: AprilTag1: restoring video mode (UsbCameraImpl.cpp:681)
[2025-09-27 20:31:06] [CSCore - PvCSCoreLogger] [INFO] AprilTag1: set format 1 res 320x240
[2025-09-27 20:31:06] [CSCore - PvCSCoreLogger] [INFO] AprilTag1: set FPS to 100
[2025-09-27 20:31:06] [CSCore - PvCSCoreLogger] [DEBUG] CS: DEBUG 7: AprilTag1: restoring settings (UsbCameraImpl.cpp:686)
[2025-09-27 20:31:06] [Camera - USBFrameProvider - AprilTag1] [ERROR] Error grabbing image: timed out getting frame
[2025-09-27 20:31:06] [Camera - USBFrameProvider - AprilTag1] [ERROR] Error grabbing image: timed out getting frame
[2025-09-27 20:31:06] [Camera - USBFrameProvider - AprilTag1] [ERROR] Error grabbing image: timed out getting frame
[2025-09-27 20:31:06] [General - KernelLogLogger] [DEBUG] 2025-09-27T20:31:06.002382-06:00 photonvision kernel: usb 5-1: New USB device found, idVendor=0c45, idProduct=6366, bcdDevice= 1.00
[2025-09-27 20:31:06] [General - KernelLogLogger] [DEBUG] 2025-09-27T20:31:06.002404-06:00 photonvision kernel: usb 5-1: New USB device strings: Mfr=2, Product=1, SerialNumber=3
[2025-09-27 20:31:06] [General - KernelLogLogger] [DEBUG] 2025-09-27T20:31:06.002405-06:00 photonvision kernel: usb 5-1: Product: AprilTag1
[2025-09-27 20:31:06] [General - KernelLogLogger] [DEBUG] 2025-09-27T20:31:06.002406-06:00 photonvision kernel: usb 5-1: Manufacturer: Arducam Technology Co., Ltd.
[2025-09-27 20:31:06] [General - KernelLogLogger] [DEBUG] 2025-09-27T20:31:06.002408-06:00 photonvision kernel: usb 5-1: SerialNumber: 0001
[2025-09-27 20:31:06] [General - KernelLogLogger] [DEBUG] 2025-09-27T20:31:06.005682-06:00 photonvision kernel: usb 5-1: Found UVC 1.00 device AprilTag1 (0c45:6366)
[2025-09-27 20:31:06] [General - KernelLogLogger] [DEBUG] 2025-09-27T20:31:06.032350-06:00 photonvision kernel: input: AprilTag1: AprilTag1 as /devices/platform/fc880000.usb/usb5/5-1/5-1:1.0/input/input153
[2025-09-27 20:31:06] [General - KernelLogLogger] [DEBUG] B device found, idVendor=0c45, idProduct=6366, bcdDevice= 1.00
[2025-09-27 20:31:06] [General - KernelLogLogger] [DEBUG] 2025-09-27T20:30:57.610714-06:00 photonvision kernel: usb 5-1: New USB device strings: Mfr=2, Product=1, SerialNumber=3
[2025-09-27 20:31:06] [General - KernelLogLogger] [DEBUG] 2025-09-27T20:30:57.610739-06:00 photonvision kernel: usb 5-1: Product: AprilTag1
[2025-09-27 20:31:06] [General - KernelLogLogger] [DEBUG] 2025-0
[2025-09-27 20:31:07] [CSCore - PvCSCoreLogger] [DEBUG] CS: DEBUG 7: AprilTag1: allocating buffers (UsbCameraImpl.cpp:701)
[2025-09-27 20:31:07] [CSCore - PvCSCoreLogger] [DEBUG] CS: DEBUG 7: AprilTag1: mapping buffers (UsbCameraImpl.cpp:715)
[2025-09-27 20:31:07] [CSCore - PvCSCoreLogger] [DEBUG] CS: DEBUG 7: AprilTag1: queuing buffers (UsbCameraImpl.cpp:765)
[2025-09-27 20:31:07] [Camera - USBFrameProvider - AprilTag1] [ERROR] Error grabbing image: timed out getting frame
[2025-09-27 20:31:07] [Camera - USBFrameProvider - AprilTag1] [ERROR] Error grabbing image: timed out getting frame
[2025-09-27 20:32:57] [Camera - USBFrameProvider - Reef2] [ERROR] Error grabbing image: timed out getting frame
[2025-09-27 20:32:57] [General - KernelLogLogger] [DEBUG] 2025-09-27T20:32:56.915695-06:00 photonvision kernel: xhci-hcd xhci-hcd.11.auto: WARN: buffer overrun event for slot 1 ep 2 on endpoint
[2025-09-27 20:32:57] [General - KernelLogLogger] [DEBUG] 
[2025-09-27 20:33:56] [Camera - USBFrameProvider - Reef2] [ERROR] Error grabbing image: timed out getting frame
[2025-09-27 20:33:59] [Camera - USBFrameProvider - Reef2] [ERROR] Error grabbing image: timed out getting frame
[2025-09-27 20:34:00] [Camera - USBFrameProvider - Reef2] [ERROR] Error grabbing image: 
[2025-09-27 20:34:02] [Camera - USBFrameProvider - Reef2] [ERROR] Error grabbing image: timed out getting frame
[2025-09-27 20:34:12] [Camera - USBFrameProvider - Reef2] [ERROR] Error grabbing image: timed out getting frame
[2025-09-27 20:34:28] [Camera - USBFrameProvider - Reef2] [ERROR] Error grabbing image: timed out getting frame
[2025-09-27 20:34:29] [Camera - USBFrameProvider - Reef2] [ERROR] Error grabbing image: timed out getting frame
[2025-09-27 20:34:33] [Camera - USBFrameProvider - Reef2] [ERROR] Error grabbing image: 
[2025-09-27 20:34:35] [Camera - USBFrameProvider - Reef2] [ERROR] Error grabbing image: timed out getting frame
[2025-09-27 20:34:35] [CSCore - PvCSCoreLogger] [WARN] CS: WARNING 30: Reef2: invalid JPEG image received from camera (UsbCameraImpl.cpp:554)
[2025-09-27 20:34:35] [Camera - USBFrameProvider - Reef2] [ERROR] Error grabbing image: timed out getting frame
[2025-09-27 20:34:35] [Camera - USBFrameProvider - Reef2] [ERROR] Error grabbing image: timed out getting frame
[2025-09-27 20:34:36] [Camera - USBFrameProvider - Reef2] [ERROR] Error grabbing image: timed out getting frame
[2025-09-27 20:34:36] [Camera - USBFrameProvider - Reef2] [ERROR] Error grabbing image: timed out getting frame
[2025-09-27 20:34:36] [Camera - USBFrameProvider - Reef2] [ERROR] Error grabbing image: timed out getting frame
[2025-09-27 20:34:38] [Camera - USBFrameProvider - Reef2] [ERROR] Error grabbing image: timed out getting frame
[2025-09-27 20:34:38] [Camera - USBFrameProvider - Reef2] [ERROR] Error grabbing image: timed out getting frame
[2025-09-27 20:34:39] [Camera - USBFrameProvider - Reef2] [ERROR] Error grabbing image: timed out getting frame
[2025-09-27 20:34:43] [Camera - USBFrameProvider - Reef2] [ERROR] Error grabbing image: timed out getting frame
[2025-09-27 20:34:43] [Camera - USBFrameProvider - Reef2] [ERROR] Error grabbing image: timed out getting frame
[2025-09-27 20:34:43] [Camera - USBFrameProvider - Reef2] [ERROR] Error grabbing image: timed out getting frame
[2025-09-27 20:34:44] [Camera - USBFrameProvider - Reef2] [ERROR] Error grabbing image: timed out getting frame
[2025-09-27 20:34:44] [Camera - USBFrameProvider - Reef2] [ERROR] Error grabbing image: timed out getting frame
[2025-09-27 20:34:44] [Camera - USBFrameProvider - Reef2] [ERROR] Error grabbing image: timed out getting frame
[2025-09-27 20:34:44] [Camera - USBFrameProvider - Reef2] [ERROR] Error grabbing image: timed out getting frame
[2025-09-27 20:34:45] [Camera - USBFrameProvider - Reef2] [ERROR] Error grabbing image: timed out getting frame
[2025-09-27 20:34:45] [Camera - USBFrameProvider - Reef2] [ERROR] Error grabbing image: timed out getting frame
[2025-09-27 20:34:45] [Camera - USBFrameProvider - Reef2] [ERROR] Error grabbing image: timed out getting frame
[2025-09-27 20:34:46] [Camera - USBFrameProvider - Reef2] [ERROR] Error grabbing image: timed out getting frame
[2025-09-27 20:34:46] [Camera - USBFrameProvider - Reef2] [ERROR] Error grabbing image: timed out getting frame
[2025-09-27 20:34:46] [Camera - USBFrameProvider - Reef2] [ERROR] Error grabbing image: timed out getting frame
[2025-09-27 20:34:47] [CSCore - PvCSCoreLogger] [WARN] CS: WARNING 30: Reef2: invalid JPEG image received from camera (UsbCameraImpl.cpp:554)
[2025-09-27 20:34:47] [Camera - USBFrameProvider - Reef2] [ERROR] Error grabbing image: timed out getting frame
[2025-09-27 20:34:48] [Camera - USBFrameProvider - Reef2] [ERROR] Error grabbing image: timed out getting frame
[2025-09-27 20:34:48] [Camera - USBFrameProvider - Reef2] [ERROR] Error grabbing image: timed out getting frame
[2025-09-27 20:34:48] [Camera - USBFrameProvider - Reef2] [ERROR] Error grabbing image: timed out getting frame
[2025-09-27 20:34:49] [Camera - USBFrameProvider - Reef2] [ERROR] Error grabbing image: timed out getting frame
[2025-09-27 20:34:49] [Camera - USBFrameProvider - Reef2] [ERROR] Error grabbing image: timed out getting frame
[2025-09-27 20:34:49] [Camera - USBFrameProvider - Reef2] [ERROR] Error grabbing image: timed out getting frame
[2025-09-27 20:34:50] [Camera - USBFrameProvider - Reef2] [ERROR] Error grabbing image: timed out getting frame
[2025-09-27 20:34:52] [Camera - USBFrameProvider - Reef2] [ERROR] Error grabbing image: timed out getting frame
[2025-09-27 20:34:52] [Camera - USBFrameProvider - Reef2] [ERROR] Error grabbing image: timed out getting frame
[2025-09-27 20:34:52] [Camera - USBFrameProvider - Reef2] [ERROR] Error grabbing image: timed out getting frame
[2025-09-27 20:34:53] [Camera - USBFrameProvider - Reef2] [ERROR] Error grabbing image: timed out getting frame
[2025-09-27 20:34:53] [Camera - USBFrameProvider - Reef2] [ERROR] Error grabbing image: timed out getting frame
[2025-09-27 20:34:54] [Camera - USBFrameProvider - Reef2] [ERROR] Error grabbing image: timed out getting frame
[2025-09-27 20:34:55] [Camera - USBFrameProvider - Reef2] [ERROR] Error grabbing image: timed out getting frame
[2025-09-27 20:34:57] [Camera - USBFrameProvider - Reef2] [ERROR] Error grabbing image: timed out getting frame
[2025-09-27 20:34:57] [Camera - USBFrameProvider - Reef2] [ERROR] Error grabbing image: timed out getting frame
[2025-09-27 20:34:57] [Camera - USBFrameProvider - Reef2] [ERROR] Error grabbing image: timed out getting frame
[2025-09-27 20:34:58] [Camera - USBFrameProvider - Reef2] [ERROR] Error grabbing image: timed out getting frame
[2025-09-27 20:34:58] [Camera - USBFrameProvider - Reef2] [ERROR] Error grabbing image: timed out getting frame
