[2025-09-27 19:27:12] [General - Main] [INFO] Starting PhotonVision version v2025.3.1 on platform Linux AARCH 64-bit with RK3588
[2025-09-27 19:27:13] [General - OsImageVersion] [WARN] Photon cannot locate base OS image version metadata at /opt/photonvision/image-version
[2025-09-27 19:27:15] [General - Main] [INFO] WPI JNI libraries loaded.
[2025-09-27 19:27:15] [General - Main] [INFO] photon-targeting JNI libraries loaded.
[2025-09-27 19:27:15] [Camera - RknnDetectorJNI] [INFO] Successfully loaded shared object librga.so
[2025-09-27 19:27:15] [Camera - RknnDetectorJNI] [INFO] Successfully loaded shared object librknnrt.so
[2025-09-27 19:27:15] [Camera - RknnDetectorJNI] [INFO] Successfully loaded shared object librknn_jni.so
[2025-09-27 19:27:15] [Camera - RknnDetectorJNI] [ERROR] Couldn't load shared object mrcal_jni: /tmp/libmrcal_jni.so: libsuitesparseconfig.so.5: cannot open shared object file: No such file or directory
[2025-09-27 19:27:15] [General - Main] [WARN] Failed to load mrcal-JNI! Camera calibration will fall back to opencv
Unable to load mrcal JNI!
[2025-09-27 19:27:15] [General - Main] [INFO] Logging initialized in debug mode.
[2025-09-27 19:27:15] [General - Main] [DEBUG] Loading ConfigManager...
[2025-09-27 19:27:15] [Config - SqlConfigProvider] [DEBUG] Using database /home/lidar/Documents/github/AprilTag-And-Coral-Detection/photonvision_config/photon.sqlite
[2025-09-27 19:27:16] [Config - SqlConfigProvider] [INFO] Using correct database version: 2
[2025-09-27 19:27:16] [Config - SqlConfigProvider] [DEBUG] Loading config...
[2025-09-27 19:27:16] [Config - SqlConfigProvider] [ERROR] Could not deserialize apriltag layout! Loading defaults: Provided empty string for class edu.wpi.first.apriltag.AprilTagFieldLayout
[2025-09-27 19:27:16] [Config - SqlConfigProvider] [ERROR] org.eclipse.jetty.io.EofException: Provided empty string for class edu.wpi.first.apriltag.AprilTagFieldLayout
	at org.photonvision.common.util.file.JacksonUtils.deserialize(JacksonUtils.java:81)
	at org.photonvision.common.configuration.SqlConfigProvider.load(SqlConfigProvider.java:296)
	at org.photonvision.common.configuration.ConfigManager.load(ConfigManager.java:192)
	at org.photonvision.Main.main(Main.java:267)

[2025-09-27 19:27:16] [General - Main] [INFO] Loading ML models...
[2025-09-27 19:27:16] [Config - NeuralNetworkModelManager] [INFO] Skipping extraction of DNN resource: models/algaeV1-640-640-yolov8n-labels.txt
[2025-09-27 19:27:16] [Config - NeuralNetworkModelManager] [INFO] Skipping extraction of DNN resource: models/algaeV1-640-640-yolov8n.rknn
[2025-09-27 19:27:16] [Config - NeuralNetworkModelManager] [INFO] Supported backends: [RKNN]
[2025-09-27 19:27:16] [Config - NeuralNetworkModelManager] [INFO] Loaded model algaeV1-640-640-yolov8n.rknn for backend RKNN
[2025-09-27 19:27:16] [General - Main] [DEBUG] Loading HardwareManager...
[2025-09-27 19:27:16] [NetworkTables - TimeSyncManager] [DEBUG] Starting TimeSyncClient on localhost (for now)
[2025-09-27 19:27:16] [General - Main] [DEBUG] Loading NetworkManager...
[2025-09-27 19:27:16] [General - ShellExec] [DEBUG] Executing "id -u"
[2025-09-27 19:27:16] [General - ShellExec] [DEBUG] Got exit code 0
[2025-09-27 19:27:16] [General - ShellExec] [DEBUG] Executing "nmcli -t -f GENERAL.CONNECTION,GENERAL.DEVICE,GENERAL.TYPE device show"
[2025-09-27 19:27:16] [General - ShellExec] [DEBUG] Got exit code 0
[2025-09-27 19:27:16] [General - NetworkUtils] [DEBUG] Found network interfaces: [NMDeviceInfo [connName=dhcp-enP3p49s0, devName=enP3p49s0, nmType=NMTYPE_ETHERNET], NMDeviceInfo [connName=, devName=wlan0, nmType=NMTYPE_WIFI], NMDeviceInfo [connName=, devName=p2p-dev-wlan0, nmType=NMTYPE_UNKNOWN]]
[2025-09-27 19:27:16] [General - NetworkManager] [DEBUG] Watching network interface at path: /sys/class/net/enP3p49s0/carrier
[2025-09-27 19:27:16] [General - NetworkManager] [INFO] Interface enP3p49s0 has address(es): [/10.17.99.201/24 [/10.17.99.255]]
[2025-09-27 19:27:16] [General - NetworkManager] [INFO] Setting DHCP with team 0 on enP3p49s0
[2025-09-27 19:27:16] [General - ShellExec] [DEBUG] Executing "cat /etc/hostname | tr -d " \t\n\r""
[2025-09-27 19:27:16] [General - ShellExec] [DEBUG] Got exit code 0
[2025-09-27 19:27:16] [General - NetworkManager] [DEBUG] Old host name: "photonvision"
[2025-09-27 19:27:16] [General - NetworkManager] [DEBUG] New host name: "photonvision"
[2025-09-27 19:27:16] [General - NetworkManager] [INFO] Updating the DHCP connection dhcp-enP3p49s0
[2025-09-27 19:27:16] [General - ShellExec] [DEBUG] Executing "nmcli connection modify "dhcp-enP3p49s0" autoconnect yes ipv4.method auto ipv6.method disabled "
[2025-09-27 19:27:17] [General - ShellExec] [DEBUG] Got exit code 0
[2025-09-27 19:27:17] [General - NetworkManager] [INFO] Activating DHCP connection dhcp-enP3p49s0
[2025-09-27 19:27:17] [General - ShellExec] [DEBUG] Executing "nmcli connection up "dhcp-enP3p49s0""
[2025-09-27 19:27:17] [General - KernelLogLogger] [DEBUG] 2025-09-27T19:27:17.552162-06:00 photonvision kernel: platform mtd_vendor_storage: deferred probe pending
[2025-09-27 19:27:17] [General - KernelLogLogger] [DEBUG] 2025-09-27T19:27:17.635438-06:00 photonvision kernel: [dhd] [wlan0] wl_conn_debug_info : Connecting with 92:18:98:fb:b4:a1 ssid "Jeffco-Community", len (16), channel=5g-52(chan_cnt=1), sec=open/mfpc/none, rssi=-63
[2025-09-27 19:27:17] [General - KernelLogLogger] [DEBUG] 2025-09-27T19:27:17.682081-06:00 photonvision kernel: [dhd] [wlan0] wl_iw_event : Link UP with 92:18:98:fb:b4:a1
[2025-09-27 19:27:17] [General - KernelLogLogger] [DEBUG] 2025-09-27T19:27:17.682103-06:00 photonvision kernel: [dhd] [wlan0] wl_ext_iapsta_link : [S] Link UP with 92:18:98:fb:b4:a1
[2025-09-27 19:27:17] [General - KernelLogLogger] [DEBUG] 2025-09-27T19:27:17.685365-06:00 photonvision kernel: [dhd] [wlan0] wl_bss_connect_done : Report connect result - connection succeeded
[2025-09-27 19:27:17] [General - KernelLogLogger] [DEBUG] 2025-09-27T19:27:17.688731-06:00 photonvision kernel: [dhd] [wlan0] wl_cfg80211_set_suspend_bcn_li_dtim : bcn_li_dtim:0 lpas:0 bcn_to_dly:0
[2025-09-27 19:27:17] [General - KernelLogLogger] [DEBUG] 2025-09-27T19:27:17.688738-06:00 photonvision kernel: IPv6: ADDRCONF(NETDEV_CHANGE): wlan0: link becomes ready
[2025-09-27 19:27:18] [Config - ConfigManager] [DEBUG] Saving to disk...
[2025-09-27 19:27:18] [Config - SqlConfigProvider] [DEBUG] Saving to disk
[2025-09-27 19:27:18] [General - ShellExec] [DEBUG] Got exit code 0
[2025-09-27 19:27:18] [General - Main] [DEBUG] Loading NetworkTablesManager...
[2025-09-27 19:27:18] [NetworkTables - NetworkTablesManager] [INFO] Starting NT Client, server team is 0
[2025-09-27 19:27:18] [NetworkTables - NetworkTablesManager] [INFO] NT: INFO 20: starting network client (NetworkClient.cpp:46)
[2025-09-27 19:27:18] [General - Main] [DEBUG] Loading VisionSourceManager...
[2025-09-27 19:27:18] [NetworkTables - NetworkTablesManager] [INFO] Starting NT Client, server team is 0
[2025-09-27 19:27:18] [NetworkTables - NetworkTablesManager] [ERROR] [NetworkTablesManager] Could not connect to the robot! Will retry in the background...
[2025-09-27 19:27:18] [Camera - VisionSourceManager] [INFO] Registering loaded camera configs
[2025-09-27 19:27:18] [Camera - VisionSourceManager] [INFO] Finished registering loaded camera configs! Started 0 active VisionModules, with 0 disabled VisionModules
[2025-09-27 19:27:18] [General - Main] [INFO] Starting server...
[2025-09-27 19:27:18] [WebServer - DataChangeService] [DEBUG] Added subscriber - Sources: DCS_WEBSOCKET, DCS_HTTP, DCS_NETWORKTABLES, DCS_VISIONMODULE, DCS_OTHER, Destinations: DCD_WEBSERVER
[2025-09-27 19:27:18] [Config - SqlConfigProvider] [INFO] Settings saved!
[2025-09-27 19:27:18] [WebServer - DataChangeService] [DEBUG] Added subscriber - Sources: DCS_WEBSOCKET, DCS_HTTP, DCS_NETWORKTABLES, DCS_VISIONMODULE, DCS_OTHER, Destinations: DCD_UI
[2025-09-27 19:27:18] [WebServer - DataChangeService] [DEBUG] Added subscriber - Sources: DCS_WEBSOCKET, Destinations: DCD_GENSETTINGS
[2025-09-27 19:27:18] [General - KernelLogLogger] [DEBUG] 2025-09-27T19:27:17.925420-06:00 photonvision kernel: mali fb000000.gpu: Loading Mali firmware 0x1010000
[2025-09-27 19:27:18] [General - KernelLogLogger] [DEBUG] 2025-09-27T19:27:17.928737-06:00 photonvision kernel: mali fb000000.gpu: Mali firmware git_sha: ee476db42870778306fa8d559a605a73f13e455c 
[2025-09-27 19:27:18] [General - KernelLogLogger] [DEBUG] 2025-09-27T19:27:18.358779-06:00 photonvision kernel: dwhdmi-rockchip fde80000.hdmi: i2c read time out!
[2025-09-27 19:27:19] [General - KernelLogLogger] [DEBUG] 2025-09-27T19:27:19.292125-06:00 photonvision kernel: message repeated 9 times: [ dwhdmi-rockchip fde80000.hdmi: i2c read time out!]
[2025-09-27 19:27:19] [General - KernelLogLogger] [DEBUG] 2025-09-27T19:27:19.292139-06:00 photonvision kernel: dwhdmi-rockchip fde80000.hdmi: ddc read failed offset:0x1
[2025-09-27 19:27:19] [General - KernelLogLogger] [DEBUG] 2025-09-27T19:27:19.395440-06:00 photonvision kernel: dwhdmi-rockchip fde80000.hdmi: i2c read time out!
[2025-09-27 19:27:20] [General - KernelLogLogger] [DEBUG] 2025-09-27T19:27:20.325397-06:00 photonvision kernel: message repeated 9 times: [ dwhdmi-rockchip fde80000.hdmi: i2c read time out!]
[2025-09-27 19:27:20] [General - KernelLogLogger] [DEBUG] 2025-09-27T19:27:20.325408-06:00 photonvision kernel: dwhdmi-rockchip fde80000.hdmi: ddc read failed offset:0x1
[2025-09-27 19:27:20] [General - KernelLogLogger] [DEBUG] 2025-09-27T19:27:20.428770-06:00 photonvision kernel: dwhdmi-rockchip fde80000.hdmi: i2c read time out!
[2025-09-27 19:27:21] [General - KernelLogLogger] [DEBUG] 2025-09-27T19:27:21.358727-06:00 photonvision kernel: message repeated 9 times: [ dwhdmi-rockchip fde80000.hdmi: i2c read time out!]
[2025-09-27 19:27:21] [General - KernelLogLogger] [DEBUG] 2025-09-27T19:27:21.358736-06:00 photonvision kernel: dwhdmi-rockchip fde80000.hdmi: ddc read failed offset:0x1
[2025-09-27 19:27:21] [General - KernelLogLogger] [DEBUG] 2025-09-27T19:27:21.462056-06:00 photonvision kernel: dwhdmi-rockchip fde80000.hdmi: i2c read time out!
[2025-09-27 19:27:22] [General - KernelLogLogger] [DEBUG] 2025-09-27T19:27:22.395402-06:00 photonvision kernel: message repeated 9 times: [ dwhdmi-rockchip fde80000.hdmi: i2c read time out!]
[2025-09-27 19:27:22] [General - KernelLogLogger] [DEBUG] 2025-09-27T19:27:22.395414-06:00 photonvision kernel: dwhdmi-rockchip fde80000.hdmi: ddc read failed offset:0x1
[2025-09-27 19:27:22] [General - KernelLogLogger] [DEBUG] 2025-09-27T19:27:22.498726-06:00 photonvision kernel: dwhdmi-rockchip fde80000.hdmi: i2c read time out!
[2025-09-27 19:27:23] [General - KernelLogLogger] [DEBUG] 2025-09-27T19:27:23.432064-06:00 photonvision kernel: message repeated 9 times: [ dwhdmi-rockchip fde80000.hdmi: i2c read time out!]
[2025-09-27 19:27:23] [General - KernelLogLogger] [DEBUG] 2025-09-27T19:27:23.432073-06:00 photonvision kernel: dwhdmi-rockchip fde80000.hdmi: ddc read failed offset:0x1
[2025-09-27 19:27:23] [General - KernelLogLogger] [DEBUG] 2025-09-27T19:27:23.432081-06:00 photonvision kernel: dwhdmi-rockchip fde80000.hdmi: failed to get edid
[2025-09-27 19:27:28] [General - KernelLogLogger] [DEBUG] 2025-09-27T19:27:28.598752-06:00 photonvision kernel: rockchip-vop2 fdd90000.vop: [drm:vop2_crtc_atomic_disable] Crtc atomic disable vp0
[2025-09-27 19:27:28] [General - KernelLogLogger] [DEBUG] 2025-09-27T19:27:28.658753-06:00 photonvision kernel: rockchip-vop2 fdd90000.vop: [drm:vop2_crtc_atomic_enable] Update mode to 1920x1080p60, type: 11(if:HDMI0, flag:0x0) for vp0 dclk: 148500000
[2025-09-27 19:27:28] [General - KernelLogLogger] [DEBUG] 2025-09-27T19:27:28.658781-06:00 photonvision kernel: rockchip-hdptx-phy-hdmi fed60000.hdmiphy: hdptx_ropll_cmn_config bus_width:16a8c8 rate:1485000
[2025-09-27 19:27:28] [General - KernelLogLogger] [DEBUG] 2025-09-27T19:27:28.658785-06:00 photonvision kernel: rockchip-hdptx-phy-hdmi fed60000.hdmiphy: hdptx phy pll locked!
[2025-09-27 19:27:28] [General - KernelLogLogger] [DEBUG] 2025-09-27T19:27:28.658788-06:00 photonvision kernel: rockchip-vop2 fdd90000.vop: [drm:vop2_crtc_atomic_enable] dclk_out0 div: 0 dclk_core0 div: 2
[2025-09-27 19:27:28] [General - KernelLogLogger] [DEBUG] 2025-09-27T19:27:28.658791-06:00 photonvision kernel: rockchip-vop2 fdd90000.vop: [drm:vop2_crtc_atomic_enable] set dclk_vop0 to 148500000, get 148500000
[2025-09-27 19:27:28] [General - KernelLogLogger] [DEBUG] 2025-09-27T19:27:28.675411-06:00 photonvision kernel: dwhdmi-rockchip fde80000.hdmi: final tmdsclk = 148500000
[2025-09-27 19:27:28] [General - KernelLogLogger] [DEBUG] 2025-09-27T19:27:28.675433-06:00 photonvision kernel: dwhdmi-rockchip fde80000.hdmi: don't use dsc mode
[2025-09-27 19:27:28] [General - KernelLogLogger] [DEBUG] 2025-09-27T19:27:28.675437-06:00 photonvision kernel: dwhdmi-rockchip fde80000.hdmi: dw hdmi qp use tmds mode
[2025-09-27 19:27:28] [General - KernelLogLogger] [DEBUG] 2025-09-27T19:27:28.675440-06:00 photonvision kernel: rockchip-hdptx-phy-hdmi fed60000.hdmiphy: bus_width:0x16a8c8,bit_rate:1485000
[2025-09-27 19:27:28] [General - KernelLogLogger] [DEBUG] 2025-09-27T19:27:28.675442-06:00 photonvision kernel: rockchip-hdptx-phy-hdmi fed60000.hdmiphy: hdptx phy lane locked!
[2025-09-27 19:27:55] [WebServer - Server] [DEBUG] Handled HTTP request of type GET from endpoint /index.html of req size -1 bytes & type null with return code 304 for host [0:0:0:0:0:0:0:1] in 10.49446 ms
[2025-09-27 19:27:55] [WebServer - Server] [DEBUG] Handled HTTP request of type GET from endpoint / of req size -1 bytes & type null with return code 304 for host [0:0:0:0:0:0:0:1] in 27.699879 ms
[2025-09-27 19:27:55] [WebServer - Server] [DEBUG] Handled HTTP request of type GET from endpoint /assets/index-BPQQ3fGH.css of req size -1 bytes & type null with return code 304 for host [0:0:0:0:0:0:0:1] in 7.791876 ms
[2025-09-27 19:27:55] [WebServer - Server] [DEBUG] Handled HTTP request of type GET from endpoint /assets/index-CLwGn-L_.js of req size -1 bytes & type null with return code 304 for host [0:0:0:0:0:0:0:1] in 9.618293 ms
[2025-09-27 19:27:55] [WebServer - DataSocketHandler] [INFO] New websocket connection from /0:0:0:0:0:0:0:1:44682
[2025-09-27 19:27:55] [General - ShellExec] [DEBUG] Executing "nmcli -t -f GENERAL.CONNECTION,GENERAL.DEVICE,GENERAL.TYPE device show"
[2025-09-27 19:27:55] [General - ShellExec] [DEBUG] Got exit code 0
[2025-09-27 19:27:55] [General - NetworkUtils] [DEBUG] Found network interfaces: [NMDeviceInfo [connName=dhcp-enP3p49s0, devName=enP3p49s0, nmType=NMTYPE_ETHERNET], NMDeviceInfo [connName=Jeffco-Community, devName=wlan0, nmType=NMTYPE_WIFI], NMDeviceInfo [connName=, devName=p2p-dev-wlan0, nmType=NMTYPE_UNKNOWN]]
[2025-09-27 19:27:56] [WebServer - Server] [DEBUG] Handled HTTP request of type GET from endpoint /assets/logoLarge-Blny0AlQ.svg of req size -1 bytes & type null with return code 304 for host [0:0:0:0:0:0:0:1] in 0.997208 ms
[2025-09-27 19:27:56] [WebServer - Server] [DEBUG] Handled HTTP request of type GET from endpoint /assets/loading-transparent-M6bk-DXt.svg of req size -1 bytes & type null with return code 304 for host [0:0:0:0:0:0:0:1] in 1.292083 ms
[2025-09-27 19:27:56] [WebServer - Server] [DEBUG] Handled HTTP request of type GET from endpoint /assets/materialdesignicons-webfont-Dp5v-WZN.woff2 of req size -1 bytes & type null with return code 304 for host [0:0:0:0:0:0:0:1] in 1.309292 ms
[2025-09-27 19:27:56] [WebServer - Server] [DEBUG] Handled HTTP request of type GET from endpoint /assets/prompt-latin-400-normal-CyXKtQGK.woff2 of req size -1 bytes & type null with return code 304 for host [0:0:0:0:0:0:0:1] in 1.257667 ms
[2025-09-27 19:28:08] [WebServer - RequestHandler] [INFO] cameraInfo=%7B%22PVUsbCameraInfo%22%3A%7B%22dev%22%3A1%2C%22path%22%3A%22%2Fdev%2Fvideo1%22%2C%22name%22%3A%22Reef2%22%2C%22otherPaths%22%3A%5B%22%2Fdev%2Fv4l%2Fby-id%2Fusb-Arducam_Technology_Co.__Ltd._Reef2_0002-video-index0%22%2C%22%2Fdev%2Fv4l%2Fby-path%2Fplatform-xhci-hcd.11.auto-usb-0%3A1%3A1.0-video-index0%22%2C%22%2Fdev%2Fv4l%2Fby-path%2Fplatform-xhci-hcd.11.auto-usbv2-0%3A1%3A1.0-video-index0%22%5D%2C%22vendorId%22%3A3141%2C%22productId%22%3A25446%2C%22uniquePath%22%3A%22%2Fdev%2Fv4l%2Fby-path%2Fplatform-xhci-hcd.11.auto-usb-0%3A1%3A1.0-video-index0%22%7D%7D
[2025-09-27 19:28:08] [Camera - VisionSourceManager] [DEBUG] Creating VisionSource for CameraConfiguration [uniqueName=6aab4478-91ea-41e4-965d-3cd523aceb2e, matchedCameraInfo=PVUsbCameraInfo[type=UsbCamera, dev=1, path='/dev/video1', name='Reef2', otherPaths=[/dev/v4l/by-id/usb-Arducam_Technology_Co.__Ltd._Reef2_0002-video-index0, /dev/v4l/by-path/platform-xhci-hcd.11.auto-usb-0:1:1.0-video-index0, /dev/v4l/by-path/platform-xhci-hcd.11.auto-usbv2-0:1:1.0-video-index0], vid=3141, pid=25446, uniquePath='/dev/v4l/by-path/platform-xhci-hcd.11.auto-usb-0:1:1.0-video-index0'], nickname=Reef2, deactivated=false, cameraQuirks=null, FOV=70.0]
[2025-09-27 19:28:08] [CSCore - PvCSCoreLogger] [INFO] Reef2: Attempting to connect to USB camera on /dev/v4l/by-path/platform-xhci-hcd.11.auto-usb-0:1:1.0-video-index0
[2025-09-27 19:28:08] [CSCore - PvCSCoreLogger] [DEBUG] CS: DEBUG 7: Reef2: opening device (UsbCameraImpl.cpp:651)
[2025-09-27 19:28:08] [CSCore - PvCSCoreLogger] [INFO] Reef2: Connected to USB camera on /dev/v4l/by-path/platform-xhci-hcd.11.auto-usb-0:1:1.0-video-index0
[2025-09-27 19:28:08] [CSCore - PvCSCoreLogger] [DEBUG] CS: DEBUG 7: Reef2: getting capabilities (UsbCameraImpl.cpp:663)
[2025-09-27 19:28:08] [CSCore - PvCSCoreLogger] [DEBUG] CS: DEBUG 7: Reef2: caching properties (UsbCameraImpl.cpp:675)
[2025-09-27 19:28:08] [Camera - USBCameraSource - Reef2] [INFO] Quirky camera detected: QuirkyCamera [baseName=Reef2, displayName=, usbVid=3141, usbPid=25446, quirks={ArduCamCamera=true, LifeCamControls=false, Gain=true, ArduOV9782=false, ArduOV9782Controls=false, AdjustableFocus=false, ArduOV9281Controls=false, See3Cam_24CUG=false, StickyFPS=true, PsEyeControls=false, InnoOV9281Controls=false, FPSCap100=false, ArduOV2311Controls=false, AwbRedBlueGain=false, CompletelyBroken=false}]
[2025-09-27 19:28:08] [Camera - USBCameraSource - Reef2] [DEBUG] Using Generic USB Cam Settables
[2025-09-27 19:28:08] [Camera - USBCameraSource - Reef2] [INFO] Created settables org.photonvision.vision.camera.USBCameras.GenericUSBCameraSettables@96aa056
[2025-09-27 19:28:08] [CSCore - PvCSCoreLogger] [INFO] Reef2: set format 1 res 320x240
[2025-09-27 19:28:08] [CSCore - PvCSCoreLogger] [DEBUG] CS: DEBUG 7: Reef2: allocating buffers (UsbCameraImpl.cpp:701)
[2025-09-27 19:28:08] [CSCore - PvCSCoreLogger] [DEBUG] CS: DEBUG 7: Reef2: mapping buffers (UsbCameraImpl.cpp:715)
[2025-09-27 19:28:08] [CSCore - PvCSCoreLogger] [DEBUG] CS: DEBUG 7: Reef2: queuing buffers (UsbCameraImpl.cpp:765)
[2025-09-27 19:28:08] [VisionModule - PipelineManager] [DEBUG] Creating AprilTag pipeline
[2025-09-27 19:28:08] [General - ShellExec] [DEBUG] Executing "nmcli -t -f GENERAL.CONNECTION,GENERAL.DEVICE,GENERAL.TYPE device show"
[2025-09-27 19:28:08] [General - ShellExec] [DEBUG] Got exit code 0
[2025-09-27 19:28:08] [General - NetworkUtils] [DEBUG] Found network interfaces: [NMDeviceInfo [connName=dhcp-enP3p49s0, devName=enP3p49s0, nmType=NMTYPE_ETHERNET], NMDeviceInfo [connName=Jeffco-Community, devName=wlan0, nmType=NMTYPE_WIFI], NMDeviceInfo [connName=, devName=p2p-dev-wlan0, nmType=NMTYPE_UNKNOWN]]
[2025-09-27 19:28:08] [WebServer - DataChangeService] [DEBUG] Added subscriber - Sources: DCS_WEBSOCKET, DCS_HTTP, DCS_NETWORKTABLES, DCS_VISIONMODULE, DCS_OTHER, Destinations: DCD_ACTIVEMODULE, DCD_ACTIVEPIPELINESETTINGS, DCD_GENSETTINGS, DCD_UI, DCD_WEBSERVER, DCD_OTHER
[2025-09-27 19:28:08] [CSCore - PvCSCoreLogger] [DEBUG] CS: DEBUG 10: serve_photonvision_Port_1181_Input_MJPEG_Server: waiting for clients to connect (MjpegServerImpl.cpp:946)
[2025-09-27 19:28:08] [CSCore - PvCSCoreLogger] [DEBUG] CS: DEBUG 10: serve_photonvision_Port_1182_Output_MJPEG_Server: waiting for clients to connect (MjpegServerImpl.cpp:946)
[2025-09-27 19:28:08] [VisionModule - VisionModule - Reef2] [INFO] Setting pipeline to 0
[2025-09-27 19:28:08] [VisionModule - VisionModule - Reef2] [INFO] Pipeline name: New Pipeline
[2025-09-27 19:28:08] [Camera - USBFrameProvider - Reef2] [INFO] Camera connected! running callback
[2025-09-27 19:28:08] [Camera - USBCameraSource - Reef2] [DEBUG] Cam Properties Dump:
Name: connect_verbose, Kind: kInteger, Value: 2, Min: 0, Max: 1, Dflt: 1, Step: 1
Name: , Kind: kNone, Value: 0, Min: 0, Max: 0, Dflt: 0, Step: 0
Name: raw_brightness, Kind: kInteger, Value: 2, Min: -64, Max: 64, Dflt: 0, Step: 1
Name: brightness, Kind: kInteger, Value: 2, Min: 0, Max: 100, Dflt: 50, Step: 1
Name: raw_contrast, Kind: kInteger, Value: 2, Min: 0, Max: 64, Dflt: 32, Step: 1
Name: contrast, Kind: kInteger, Value: 2, Min: 0, Max: 100, Dflt: 50, Step: 1
Name: raw_saturation, Kind: kInteger, Value: 2, Min: 0, Max: 128, Dflt: 90, Step: 1
Name: saturation, Kind: kInteger, Value: 2, Min: 0, Max: 100, Dflt: 70, Step: 1
Name: raw_hue, Kind: kInteger, Value: 2, Min: -40, Max: 40, Dflt: 0, Step: 1
Name: hue, Kind: kInteger, Value: 2, Min: 0, Max: 100, Dflt: 50, Step: 1
Name: white_balance_automatic, Kind: kBoolean, Value: 1, Min: 0, Max: 1, Dflt: 1, Step: 1
Name: gamma, Kind: kInteger, Value: 2, Min: 72, Max: 500, Dflt: 100, Step: 1
Name: raw_gain, Kind: kInteger, Value: 2, Min: 0, Max: 100, Dflt: 0, Step: 1
Name: gain, Kind: kInteger, Value: 2, Min: 0, Max: 100, Dflt: 0, Step: 1
Name: power_line_frequency, Kind: kEnum, Value: 8, Min: 0, Max: 2, Dflt: 2, Step: 1
Name: white_balance_temperature, Kind: kInteger, Value: 2, Min: 2800, Max: 6500, Dflt: 4600, Step: 1
Name: raw_sharpness, Kind: kInteger, Value: 2, Min: 0, Max: 6, Dflt: 3, Step: 1
Name: sharpness, Kind: kInteger, Value: 2, Min: 0, Max: 100, Dflt: 50, Step: 1
Name: backlight_compensation, Kind: kInteger, Value: 2, Min: 0, Max: 2, Dflt: 1, Step: 1
Name: auto_exposure, Kind: kEnum, Value: 8, Min: 0, Max: 3, Dflt: 3, Step: 1
Name: raw_exposure_time_absolute, Kind: kInteger, Value: 2, Min: 1, Max: 5000, Dflt: 157, Step: 1
Name: exposure_time_absolute, Kind: kInteger, Value: 2, Min: 0, Max: 100, Dflt: 3, Step: 1
Name: exposure_dynamic_framerate, Kind: kBoolean, Value: 1, Min: 0, Max: 1, Dflt: 0, Step: 1

[2025-09-27 19:28:08] [VisionModule - VisionSourceSettables - Reef2] [INFO] Caching cscore properties
[2025-09-27 19:28:08] [VisionModule - VisionModule - Reef2] [ERROR] no video modes, guhhhhh
[2025-09-27 19:28:08] [VisionModule - VisionSourceSettables - Reef2] [DEBUG] No property image_stabilization for Reef2 , skipping.
[2025-09-27 19:28:08] [WebServer - Server] [DEBUG] Handled HTTP request of type POST from endpoint /api/utils/assignUnmatchedCamera of req size 0 bytes & type null with return code 200 for host [0:0:0:0:0:0:0:1] in 417.42755 ms
[2025-09-27 19:28:08] [CSCore - PvCSCoreLogger] [DEBUG] CS: DEBUG 10: serve_photonvision_Port_1182_Output_MJPEG_Server: client connection from 127.0.0.1 (MjpegServerImpl.cpp:957)
[2025-09-27 19:28:08] [CSCore - PvCSCoreLogger] [DEBUG] CS: DEBUG 10: serve_photonvision_Port_1182_Output_MJPEG_Server: HTTP request: 'GET /stream.mjpg HTTP/1.1
'
 (MjpegServerImpl.cpp:811)
[2025-09-27 19:28:08] [CSCore - PvCSCoreLogger] [DEBUG] CS: DEBUG 10: serve_photonvision_Port_1182_Output_MJPEG_Server: command parameters: "" (MjpegServerImpl.cpp:854)
[2025-09-27 19:28:08] [CSCore - PvCSCoreLogger] [DEBUG] CS: DEBUG 10: serve_photonvision_Port_1182_Output_MJPEG_Server: request for stream photonvision_Port_1182_Output_MJPEG_Server (MjpegServerImpl.cpp:872)
[2025-09-27 19:28:08] [CSCore - PvCSCoreLogger] [DEBUG] CS: DEBUG 10: serve_photonvision_Port_1182_Output_MJPEG_Server: Headers send, sending stream now (MjpegServerImpl.cpp:681)
[2025-09-27 19:28:08] [CSCore - PvCSCoreLogger] [ERROR] CS: ERROR 40: Reef2: ioctl VIDIOC_STREAMON failed: Protocol error (UsbCameraImpl.cpp:789)
[2025-09-27 19:28:09] [CSCore - PvCSCoreLogger] [DEBUG] CS: DEBUG 7: Reef2: queuing buffers (UsbCameraImpl.cpp:765)
[2025-09-27 19:28:09] [VisionModule - VisionSourceSettables - Reef2] [DEBUG] No property scene_mode for Reef2 , skipping.
[2025-09-27 19:28:09] [CSCore - PvCSCoreLogger] [ERROR] CS: ERROR 40: ioctl VIDIOC_QBUF failed at UsbCameraImpl.cpp:772: Invalid argument (UsbUtil.cpp:157)
[2025-09-27 19:28:09] [CSCore - PvCSCoreLogger] [WARN] CS: WARNING 30: Reef2: could not queue buffer 0 (UsbCameraImpl.cpp:773)
[2025-09-27 19:28:09] [VisionModule - VisionSourceSettables - Reef2] [DEBUG] No property exposure_metering_mode for Reef2 , skipping.
[2025-09-27 19:28:09] [CSCore - PvCSCoreLogger] [ERROR] CS: ERROR 40: ioctl VIDIOC_S_EXT_CTRLS failed at UsbCameraProperty.cpp:71: Protocol error (UsbUtil.cpp:157)
[2025-09-27 19:28:09] [CSCore - PvCSCoreLogger] [DEBUG] CS: DEBUG 7: Reef2: queuing buffers (UsbCameraImpl.cpp:765)
[2025-09-27 19:28:09] [VisionModule - VisionSourceSettables - Reef2] [ERROR] Failed to set exposure_dynamic_framerate for Reef2 !: property write failed
[2025-09-27 19:28:09] [CSCore - PvCSCoreLogger] [ERROR] CS: ERROR 40: ioctl VIDIOC_QBUF failed at UsbCameraImpl.cpp:772: Invalid argument (UsbUtil.cpp:157)
[2025-09-27 19:28:09] [CSCore - PvCSCoreLogger] [WARN] CS: WARNING 30: Reef2: could not queue buffer 0 (UsbCameraImpl.cpp:773)
[2025-09-27 19:28:09] [VisionModule - VisionSourceSettables - Reef2] [ERROR] edu.wpi.first.cscore.VideoException: property write failed
	at edu.wpi.first.cscore.CameraServerJNI.setProperty(Native Method)
	at edu.wpi.first.cscore.VideoProperty.set(VideoProperty.java:132)
	at org.photonvision.vision.camera.USBCameras.GenericUSBCameraSettables.softSet(GenericUSBCameraSettables.java:351)
	at org.photonvision.vision.camera.USBCameras.GenericUSBCameraSettables.setAllCamDefaults(GenericUSBCameraSettables.java:124)
	at org.photonvision.vision.camera.USBCameras.GenericUSBCameraSettables.onCameraConnected(GenericUSBCameraSettables.java:409)
	at org.photonvision.vision.camera.USBCameras.USBCameraSource.onCameraConnected(USBCameraSource.java:48)
	at org.photonvision.vision.frame.provider.USBFrameProvider.onCameraConnected(USBFrameProvider.java:159)
	at org.photonvision.vision.frame.provider.USBFrameProvider.checkCameraConnected(USBFrameProvider.java:75)
	at org.photonvision.vision.processes.VisionRunner.update(VisionRunner.java:132)
	at java.base/java.lang.Thread.run(Thread.java:1447)

[2025-09-27 19:28:09] [VisionModule - VisionSourceSettables - Reef2] [DEBUG] No property focus_auto for Reef2 , skipping.
[2025-09-27 19:28:09] [VisionModule - VisionSourceSettables - Reef2] [DEBUG] No property focus_absolute for Reef2 , skipping.
[2025-09-27 19:28:09] [VisionModule - VisionSourceSettables - Reef2] [INFO] Setting video mode to FPS: 30 Width: 320 Height: 240 Pixel Format: kMJPEG
[2025-09-27 19:28:09] [CSCore - PvCSCoreLogger] [ERROR] CS: ERROR 40: ioctl VIDIOC_S_PARM failed at UsbCameraImpl.cpp:1052: Input/output error (UsbUtil.cpp:157)
[2025-09-27 19:28:09] [VisionModule - VisionSourceSettables - Reef2] [DEBUG] Failed to set video mode!
[2025-09-27 19:28:09] [CSCore - PvCSCoreLogger] [WARN] CS: WARNING 30: Reef2: could not set FPS to 30 (UsbCameraImpl.cpp:1053)
[2025-09-27 19:28:09] [CSCore - PvCSCoreLogger] [DEBUG] CS: DEBUG 7: Reef2: queuing buffers (UsbCameraImpl.cpp:765)
[2025-09-27 19:28:09] [CSCore - PvCSCoreLogger] [ERROR] CS: ERROR 40: ioctl VIDIOC_QBUF failed at UsbCameraImpl.cpp:772: Invalid argument (UsbUtil.cpp:157)
[2025-09-27 19:28:09] [CSCore - PvCSCoreLogger] [WARN] CS: WARNING 30: Reef2: could not queue buffer 0 (UsbCameraImpl.cpp:773)
[2025-09-27 19:28:09] [CSCore - PvCSCoreLogger] [DEBUG] CS: DEBUG 7: Reef2: queuing buffers (UsbCameraImpl.cpp:765)
[2025-09-27 19:28:09] [CSCore - PvCSCoreLogger] [ERROR] CS: ERROR 40: ioctl VIDIOC_QBUF failed at UsbCameraImpl.cpp:772: Invalid argument (UsbUtil.cpp:157)
[2025-09-27 19:28:09] [CSCore - PvCSCoreLogger] [WARN] CS: WARNING 30: Reef2: could not queue buffer 0 (UsbCameraImpl.cpp:773)
[2025-09-27 19:28:09] [CSCore - PvCSCoreLogger] [DEBUG] CS: DEBUG 7: Reef2: queuing buffers (UsbCameraImpl.cpp:765)
[2025-09-27 19:28:09] [CSCore - PvCSCoreLogger] [ERROR] CS: ERROR 40: ioctl VIDIOC_QBUF failed at UsbCameraImpl.cpp:772: Invalid argument (UsbUtil.cpp:157)
[2025-09-27 19:28:09] [CSCore - PvCSCoreLogger] [WARN] CS: WARNING 30: Reef2: could not queue buffer 0 (UsbCameraImpl.cpp:773)
[2025-09-27 19:28:09] [VisionModule - VisionSourceSettables - Reef2] [DEBUG] Setting property raw_exposure_time_absolute to 20 (user requested 20.0 μs)
[2025-09-27 19:28:09] [CSCore - PvCSCoreLogger] [DEBUG] CS: DEBUG 7: Reef2: queuing buffers (UsbCameraImpl.cpp:765)
[2025-09-27 19:28:09] [VisionModule - VisionSourceSettables - Reef2] [DEBUG] Setting auto exposure to false
[2025-09-27 19:28:09] [CSCore - PvCSCoreLogger] [ERROR] CS: ERROR 40: ioctl VIDIOC_QBUF failed at UsbCameraImpl.cpp:772: Invalid argument (UsbUtil.cpp:157)
[2025-09-27 19:28:09] [CSCore - PvCSCoreLogger] [WARN] CS: WARNING 30: Reef2: could not queue buffer 0 (UsbCameraImpl.cpp:773)
[2025-09-27 19:28:09] [VisionModule - VisionSourceSettables - Reef2] [DEBUG] No property auto_exposure_bias for Reef2 , skipping.
[2025-09-27 19:28:09] [VisionModule - VisionSourceSettables - Reef2] [DEBUG] No property iso_sensitivity_auto for Reef2 , skipping.
[2025-09-27 19:28:09] [VisionModule - VisionSourceSettables - Reef2] [DEBUG] No property iso_sensitivity for Reef2 , skipping.
[2025-09-27 19:28:09] [CSCore - PvCSCoreLogger] [DEBUG] CS: DEBUG 7: Reef2: queuing buffers (UsbCameraImpl.cpp:765)
[2025-09-27 19:28:09] [CSCore - PvCSCoreLogger] [ERROR] CS: ERROR 40: ioctl VIDIOC_QBUF failed at UsbCameraImpl.cpp:772: Invalid argument (UsbUtil.cpp:157)
[2025-09-27 19:28:09] [CSCore - PvCSCoreLogger] [WARN] CS: WARNING 30: Reef2: could not queue buffer 0 (UsbCameraImpl.cpp:773)
[2025-09-27 19:28:09] [VisionModule - VisionSourceSettables - Reef2] [DEBUG] Setting property raw_exposure_time_absolute to 20 (user requested 20.0 μs)
[2025-09-27 19:28:09] [CSCore - PvCSCoreLogger] [DEBUG] CS: DEBUG 7: Reef2: queuing buffers (UsbCameraImpl.cpp:765)
[2025-09-27 19:28:09] [CSCore - PvCSCoreLogger] [ERROR] CS: ERROR 40: ioctl VIDIOC_QBUF failed at UsbCameraImpl.cpp:772: Invalid argument (UsbUtil.cpp:157)
[2025-09-27 19:28:09] [CSCore - PvCSCoreLogger] [WARN] CS: WARNING 30: Reef2: could not queue buffer 0 (UsbCameraImpl.cpp:773)
[2025-09-27 19:28:09] [General - KernelLogLogger] [DEBUG] 2025-09-27T19:28:09.492061-06:00 photonvision kernel: usb 1-1: Failed to query (SET_CUR) UVC control 3 on unit 1: -71 (exp. 1).
[2025-09-27 19:28:09] [General - KernelLogLogger] [DEBUG] 2025-09-27T19:28:09.595376-06:00 photonvision kernel: uvcvideo 1-1:1.1: Failed to set UVC probe control : -32 (exp. 26).
[2025-09-27 19:28:09] [General - KernelLogLogger] [DEBUG] -hdptx-phy-hdmiA
[2025-09-27 19:28:09] [VisionModule - VisionSourceSettables - Reef2] [DEBUG] No property gain_automatic for Reef2 , skipping.
[2025-09-27 19:28:09] [CSCore - PvCSCoreLogger] [DEBUG] CS: DEBUG 7: Reef2: queuing buffers (UsbCameraImpl.cpp:765)
[2025-09-27 19:28:09] [CSCore - PvCSCoreLogger] [ERROR] CS: ERROR 40: ioctl VIDIOC_QBUF failed at UsbCameraImpl.cpp:772: Invalid argument (UsbUtil.cpp:157)
[2025-09-27 19:28:09] [CSCore - PvCSCoreLogger] [WARN] CS: WARNING 30: Reef2: could not queue buffer 0 (UsbCameraImpl.cpp:773)
[2025-09-27 19:28:10] [CSCore - PvCSCoreLogger] [DEBUG] CS: DEBUG 7: Reef2: queuing buffers (UsbCameraImpl.cpp:765)
[2025-09-27 19:28:10] [CSCore - PvCSCoreLogger] [ERROR] CS: ERROR 40: ioctl VIDIOC_QBUF failed at UsbCameraImpl.cpp:772: Invalid argument (UsbUtil.cpp:157)
[2025-09-27 19:28:10] [CSCore - PvCSCoreLogger] [WARN] CS: WARNING 30: Reef2: could not queue buffer 0 (UsbCameraImpl.cpp:773)
[2025-09-27 19:28:10] [VisionModule - VisionSourceSettables - Reef2] [DEBUG] Setting property white_balance_temperature to 4000 (user requested 4000 degrees)
[2025-09-27 19:28:10] [CSCore - PvCSCoreLogger] [DEBUG] CS: DEBUG 7: Reef2: queuing buffers (UsbCameraImpl.cpp:765)
[2025-09-27 19:28:10] [CSCore - PvCSCoreLogger] [ERROR] CS: ERROR 40: ioctl VIDIOC_QBUF failed at UsbCameraImpl.cpp:772: Invalid argument (UsbUtil.cpp:157)
[2025-09-27 19:28:10] [CSCore - PvCSCoreLogger] [WARN] CS: WARNING 30: Reef2: could not queue buffer 0 (UsbCameraImpl.cpp:773)
[2025-09-27 19:28:10] [CSCore - PvCSCoreLogger] [DEBUG] CS: DEBUG 7: Reef2: queuing buffers (UsbCameraImpl.cpp:765)
[2025-09-27 19:28:10] [VisionModule - VisionSourceSettables - Reef2] [DEBUG] Setting auto white balance to false
[2025-09-27 19:28:10] [CSCore - PvCSCoreLogger] [ERROR] CS: ERROR 40: ioctl VIDIOC_QBUF failed at UsbCameraImpl.cpp:772: Invalid argument (UsbUtil.cpp:157)
[2025-09-27 19:28:10] [CSCore - PvCSCoreLogger] [WARN] CS: WARNING 30: Reef2: could not queue buffer 0 (UsbCameraImpl.cpp:773)
[2025-09-27 19:28:10] [CSCore - PvCSCoreLogger] [DEBUG] CS: DEBUG 7: Reef2: queuing buffers (UsbCameraImpl.cpp:765)
[2025-09-27 19:28:10] [CSCore - PvCSCoreLogger] [ERROR] CS: ERROR 40: ioctl VIDIOC_QBUF failed at UsbCameraImpl.cpp:772: Invalid argument (UsbUtil.cpp:157)
[2025-09-27 19:28:10] [CSCore - PvCSCoreLogger] [WARN] CS: WARNING 30: Reef2: could not queue buffer 0 (UsbCameraImpl.cpp:773)
[2025-09-27 19:28:10] [CSCore - PvCSCoreLogger] [DEBUG] CS: DEBUG 7: Reef2: queuing buffers (UsbCameraImpl.cpp:765)
[2025-09-27 19:28:10] [CSCore - PvCSCoreLogger] [ERROR] CS: ERROR 40: ioctl VIDIOC_QBUF failed at UsbCameraImpl.cpp:772: Invalid argument (UsbUtil.cpp:157)
[2025-09-27 19:28:10] [CSCore - PvCSCoreLogger] [WARN] CS: WARNING 30: Reef2: could not queue buffer 0 (UsbCameraImpl.cpp:773)
[2025-09-27 19:28:10] [Config - ConfigManager] [DEBUG] Saving to disk...
[2025-09-27 19:28:10] [Config - SqlConfigProvider] [DEBUG] Saving to disk
[2025-09-27 19:28:10] [Config - SqlConfigProvider] [INFO] Settings saved!
[2025-09-27 19:28:10] [Camera - USBFrameProvider - Reef2] [ERROR] Error grabbing image: timed out getting frame
[2025-09-27 19:28:10] [Camera - USBFrameProvider - Reef2] [ERROR] Error grabbing image: timed out getting frame
[2025-09-27 19:28:11] [Camera - USBFrameProvider - Reef2] [ERROR] Error grabbing image: timed out getting frame
[2025-09-27 19:28:11] [CSCore - PvCSCoreLogger] [DEBUG] CS: DEBUG 10: serve_photonvision_Port_1182_Output_MJPEG_Server: client connection from 127.0.0.1 (MjpegServerImpl.cpp:957)
[2025-09-27 19:28:11] [CSCore - PvCSCoreLogger] [DEBUG] CS: DEBUG 10: serve_photonvision_Port_1182_Output_MJPEG_Server: HTTP request: 'GET /stream.mjpg HTTP/1.1
'
 (MjpegServerImpl.cpp:811)
[2025-09-27 19:28:11] [CSCore - PvCSCoreLogger] [DEBUG] CS: DEBUG 10: serve_photonvision_Port_1182_Output_MJPEG_Server: command parameters: "" (MjpegServerImpl.cpp:854)
[2025-09-27 19:28:11] [CSCore - PvCSCoreLogger] [DEBUG] CS: DEBUG 10: serve_photonvision_Port_1182_Output_MJPEG_Server: request for stream photonvision_Port_1182_Output_MJPEG_Server (MjpegServerImpl.cpp:872)
[2025-09-27 19:28:11] [CSCore - PvCSCoreLogger] [DEBUG] CS: DEBUG 10: serve_photonvision_Port_1182_Output_MJPEG_Server: Headers send, sending stream now (MjpegServerImpl.cpp:681)
[2025-09-27 19:28:11] [Camera - USBFrameProvider - Reef2] [ERROR] Error grabbing image: timed out getting frame
[2025-09-27 19:28:11] [CSCore - PvCSCoreLogger] [DEBUG] CS: DEBUG 10: serve_photonvision_Port_1182_Output_MJPEG_Server: leaving HTTP client thread (MjpegServerImpl.cpp:919)
[2025-09-27 19:28:11] [Camera - USBFrameProvider - Reef2] [ERROR] Error grabbing image: timed out getting frame
[2025-09-27 19:28:11] [Camera - USBFrameProvider - Reef2] [ERROR] Error grabbing image: timed out getting frame
[2025-09-27 19:28:12] [CSCore - PvCSCoreLogger] [DEBUG] CS: DEBUG 10: serve_photonvision_Port_1182_Output_MJPEG_Server: client connection from 127.0.0.1 (MjpegServerImpl.cpp:957)
[2025-09-27 19:28:12] [CSCore - PvCSCoreLogger] [DEBUG] CS: DEBUG 10: serve_photonvision_Port_1182_Output_MJPEG_Server: HTTP request: 'GET /stream.mjpg HTTP/1.1
'
 (MjpegServerImpl.cpp:811)
[2025-09-27 19:28:12] [CSCore - PvCSCoreLogger] [DEBUG] CS: DEBUG 10: serve_photonvision_Port_1182_Output_MJPEG_Server: command parameters: "" (MjpegServerImpl.cpp:854)
[2025-09-27 19:28:12] [CSCore - PvCSCoreLogger] [DEBUG] CS: DEBUG 10: serve_photonvision_Port_1182_Output_MJPEG_Server: request for stream photonvision_Port_1182_Output_MJPEG_Server (MjpegServerImpl.cpp:872)
[2025-09-27 19:28:12] [CSCore - PvCSCoreLogger] [DEBUG] CS: DEBUG 10: serve_photonvision_Port_1182_Output_MJPEG_Server: Headers send, sending stream now (MjpegServerImpl.cpp:681)
[2025-09-27 19:28:12] [Camera - USBFrameProvider - Reef2] [ERROR] Error grabbing image: timed out getting frame
[2025-09-27 19:28:12] [CSCore - PvCSCoreLogger] [DEBUG] CS: DEBUG 7: Reef2: queuing buffers (UsbCameraImpl.cpp:765)
[2025-09-27 19:28:12] [CSCore - PvCSCoreLogger] [ERROR] CS: ERROR 40: ioctl VIDIOC_QBUF failed at UsbCameraImpl.cpp:772: Invalid argument (UsbUtil.cpp:157)
[2025-09-27 19:28:12] [CSCore - PvCSCoreLogger] [WARN] CS: WARNING 30: Reef2: could not queue buffer 0 (UsbCameraImpl.cpp:773)
[2025-09-27 19:28:12] [Camera - USBFrameProvider - Reef2] [ERROR] Error grabbing image: timed out getting frame
[2025-09-27 19:28:12] [CSCore - PvCSCoreLogger] [DEBUG] CS: DEBUG 10: serve_photonvision_Port_1182_Output_MJPEG_Server: leaving HTTP client thread (MjpegServerImpl.cpp:919)
[2025-09-27 19:28:12] [Camera - USBFrameProvider - Reef2] [ERROR] Error grabbing image: timed out getting frame
[2025-09-27 19:28:13] [Camera - USBFrameProvider - Reef2] [ERROR] Error grabbing image: timed out getting frame
[2025-09-27 19:28:13] [Camera - USBFrameProvider - Reef2] [ERROR] Error grabbing image: timed out getting frame
[2025-09-27 19:28:13] [Camera - USBFrameProvider - Reef2] [ERROR] Error grabbing image: timed out getting frame
[2025-09-27 19:28:13] [Camera - USBFrameProvider - Reef2] [ERROR] Error grabbing image: timed out getting frame
[2025-09-27 19:28:14] [Camera - USBFrameProvider - Reef2] [ERROR] Error grabbing image: timed out getting frame
[2025-09-27 19:28:14] [CSCore - PvCSCoreLogger] [DEBUG] CS: DEBUG 7: Reef2: queuing buffers (UsbCameraImpl.cpp:765)
[2025-09-27 19:28:14] [CSCore - PvCSCoreLogger] [ERROR] CS: ERROR 40: ioctl VIDIOC_QBUF failed at UsbCameraImpl.cpp:772: Invalid argument (UsbUtil.cpp:157)
[2025-09-27 19:28:14] [CSCore - PvCSCoreLogger] [WARN] CS: WARNING 30: Reef2: could not queue buffer 0 (UsbCameraImpl.cpp:773)
[2025-09-27 19:28:14] [Camera - USBFrameProvider - Reef2] [ERROR] Error grabbing image: timed out getting frame
[2025-09-27 19:28:14] [Camera - USBFrameProvider - Reef2] [ERROR] Error grabbing image: timed out getting frame
[2025-09-27 19:28:14] [Camera - USBFrameProvider - Reef2] [ERROR] Error grabbing image: timed out getting frame
[2025-09-27 19:28:15] [Camera - USBFrameProvider - Reef2] [ERROR] Error grabbing image: timed out getting frame
[2025-09-27 19:28:15] [Camera - USBFrameProvider - Reef2] [ERROR] Error grabbing image: timed out getting frame
[2025-09-27 19:28:15] [Camera - USBFrameProvider - Reef2] [ERROR] Error grabbing image: timed out getting frame
[2025-09-27 19:28:15] [Camera - USBFrameProvider - Reef2] [ERROR] Error grabbing image: timed out getting frame
[2025-09-27 19:28:16] [Camera - USBFrameProvider - Reef2] [ERROR] Error grabbing image: timed out getting frame
[2025-09-27 19:28:16] [CSCore - PvCSCoreLogger] [DEBUG] CS: DEBUG 7: Reef2: queuing buffers (UsbCameraImpl.cpp:765)
[2025-09-27 19:28:16] [CSCore - PvCSCoreLogger] [ERROR] CS: ERROR 40: ioctl VIDIOC_QBUF failed at UsbCameraImpl.cpp:772: Invalid argument (UsbUtil.cpp:157)
[2025-09-27 19:28:16] [CSCore - PvCSCoreLogger] [WARN] CS: WARNING 30: Reef2: could not queue buffer 0 (UsbCameraImpl.cpp:773)
[2025-09-27 19:28:16] [Camera - USBFrameProvider - Reef2] [ERROR] Error grabbing image: timed out getting frame
[2025-09-27 19:28:16] [Camera - USBFrameProvider - Reef2] [ERROR] Error grabbing image: timed out getting frame
[2025-09-27 19:28:17] [Camera - USBFrameProvider - Reef2] [ERROR] Error grabbing image: timed out getting frame
[2025-09-27 19:28:17] [Camera - USBFrameProvider - Reef2] [ERROR] Error grabbing image: timed out getting frame
[2025-09-27 19:28:17] [WebServer - Server] [DEBUG] Handled HTTP request of type GET from endpoint /docs/index.html of req size -1 bytes & type null with return code 304 for host [0:0:0:0:0:0:0:1] in 1.300833 ms
[2025-09-27 19:28:17] [WebServer - Server] [DEBUG] Handled HTTP request of type GET from endpoint /docs/_static/pygments.css of req size -1 bytes & type null with return code 304 for host [0:0:0:0:0:0:0:1] in 1.057584 ms
[2025-09-27 19:28:17] [WebServer - Server] [DEBUG] Handled HTTP request of type GET from endpoint /docs/_static/styles/furo.css of req size -1 bytes & type null with return code 304 for host [0:0:0:0:0:0:0:1] in 2.879917 ms
[2025-09-27 19:28:17] [WebServer - Server] [DEBUG] Handled HTTP request of type GET from endpoint /docs/_static/graphviz.css of req size -1 bytes & type null with return code 304 for host [0:0:0:0:0:0:0:1] in 0.9765 ms
[2025-09-27 19:28:17] [WebServer - Server] [DEBUG] Handled HTTP request of type GET from endpoint /docs/_static/tabs.css of req size -1 bytes & type null with return code 304 for host [0:0:0:0:0:0:0:1] in 0.976209 ms
[2025-09-27 19:28:17] [WebServer - Server] [DEBUG] Handled HTTP request of type GET from endpoint /docs/_static/css/pv-icons.css of req size -1 bytes & type null with return code 304 for host [0:0:0:0:0:0:0:1] in 2.374459 ms
[2025-09-27 19:28:17] [WebServer - Server] [DEBUG] Handled HTTP request of type GET from endpoint /docs/_static/css/v4-font-face.min.css of req size -1 bytes & type null with return code 304 for host [0:0:0:0:0:0:0:1] in 2.59875 ms
[2025-09-27 19:28:17] [WebServer - Server] [DEBUG] Handled HTTP request of type GET from endpoint /docs/_static/_sphinx_javascript_frameworks_compat.js of req size -1 bytes & type null with return code 304 for host [0:0:0:0:0:0:0:1] in 1.515208 ms
[2025-09-27 19:28:17] [WebServer - Server] [DEBUG] Handled HTTP request of type GET from endpoint /docs/_static/design-style.1e8bd061cd6da7fc9cf755528e8ffc24.min.css of req size -1 bytes & type null with return code 304 for host [0:0:0:0:0:0:0:1] in 0.799167 ms
[2025-09-27 19:28:17] [WebServer - Server] [DEBUG] Handled HTTP request of type GET from endpoint /docs/_static/doctools.js of req size -1 bytes & type null with return code 304 for host [0:0:0:0:0:0:0:1] in 0.674334 ms
[2025-09-27 19:28:17] [WebServer - Server] [DEBUG] Handled HTTP request of type GET from endpoint /docs/_static/documentation_options.js of req size -1 bytes & type null with return code 304 for host [0:0:0:0:0:0:0:1] in 1.53125 ms
[2025-09-27 19:28:17] [WebServer - Server] [DEBUG] Handled HTTP request of type GET from endpoint /docs/_static/jquery.js of req size -1 bytes & type null with return code 304 for host [0:0:0:0:0:0:0:1] in 2.8875 ms
[2025-09-27 19:28:17] [WebServer - Server] [DEBUG] Handled HTTP request of type GET from endpoint /docs/_static/styles/furo-extensions.css of req size -1 bytes & type null with return code 304 for host [0:0:0:0:0:0:0:1] in 1.718792 ms
[2025-09-27 19:28:17] [WebServer - Server] [DEBUG] Handled HTTP request of type GET from endpoint /docs/_static/sphinx_highlight.js of req size -1 bytes & type null with return code 304 for host [0:0:0:0:0:0:0:1] in 1.193791 ms
[2025-09-27 19:28:17] [WebServer - Server] [DEBUG] Handled HTTP request of type GET from endpoint /docs/_static/scripts/furo.js of req size -1 bytes & type null with return code 304 for host [0:0:0:0:0:0:0:1] in 1.145375 ms
[2025-09-27 19:28:17] [WebServer - Server] [DEBUG] Handled HTTP request of type GET from endpoint /docs/_static/design-tabs.js of req size -1 bytes & type null with return code 304 for host [0:0:0:0:0:0:0:1] in 2.296 ms
[2025-09-27 19:28:17] [WebServer - Server] [DEBUG] Handled HTTP request of type GET from endpoint /docs/_static/assets/PhotonVision-Header-onWhite.png of req size -1 bytes & type null with return code 304 for host [0:0:0:0:0:0:0:1] in 1.121459 ms
[2025-09-27 19:28:17] [WebServer - Server] [DEBUG] Handled HTTP request of type GET from endpoint /docs/_static/assets/PhotonVision-Header-noBG.png of req size -1 bytes & type null with return code 304 for host [0:0:0:0:0:0:0:1] in 1.121167 ms
[2025-09-27 19:28:17] [WebServer - Server] [DEBUG] Handled HTTP request of type GET from endpoint /docs/_images/PhotonVision-Header-onWhite.png of req size -1 bytes & type null with return code 304 for host [0:0:0:0:0:0:0:1] in 3.220875 ms
[2025-09-27 19:28:17] [Camera - USBFrameProvider - Reef2] [ERROR] Error grabbing image: timed out getting frame
[2025-09-27 19:28:17] [CSCore - PvCSCoreLogger] [DEBUG] CS: DEBUG 10: serve_photonvision_Port_1182_Output_MJPEG_Server: leaving HTTP client thread (MjpegServerImpl.cpp:919)
[2025-09-27 19:28:17] [WebServer - Server] [DEBUG] Handled HTTP request of type GET from endpoint /docs/_static/webfonts/fa-brands-400.woff2 of req size -1 bytes & type null with return code 304 for host [0:0:0:0:0:0:0:1] in 4.574208 ms
[2025-09-27 19:28:17] [WebServer - Server] [DEBUG] Handled HTTP request of type GET from endpoint /docs/_static/webfonts/fa-solid-900.woff2 of req size -1 bytes & type null with return code 304 for host [0:0:0:0:0:0:0:1] in 3.461209 ms
[2025-09-27 19:28:17] [Camera - USBFrameProvider - Reef2] [ERROR] Error grabbing image: timed out getting frame
[2025-09-27 19:28:18] [CSCore - PvCSCoreLogger] [DEBUG] CS: DEBUG 10: serve_photonvision_Port_1182_Output_MJPEG_Server: client connection from 127.0.0.1 (MjpegServerImpl.cpp:957)
[2025-09-27 19:28:18] [CSCore - PvCSCoreLogger] [DEBUG] CS: DEBUG 10: serve_photonvision_Port_1182_Output_MJPEG_Server: HTTP request: 'GET /stream.mjpg HTTP/1.1
'
 (MjpegServerImpl.cpp:811)
[2025-09-27 19:28:18] [CSCore - PvCSCoreLogger] [DEBUG] CS: DEBUG 10: serve_photonvision_Port_1182_Output_MJPEG_Server: command parameters: "" (MjpegServerImpl.cpp:854)
[2025-09-27 19:28:18] [CSCore - PvCSCoreLogger] [DEBUG] CS: DEBUG 10: serve_photonvision_Port_1182_Output_MJPEG_Server: request for stream photonvision_Port_1182_Output_MJPEG_Server (MjpegServerImpl.cpp:872)
[2025-09-27 19:28:18] [CSCore - PvCSCoreLogger] [DEBUG] CS: DEBUG 10: serve_photonvision_Port_1182_Output_MJPEG_Server: Headers send, sending stream now (MjpegServerImpl.cpp:681)
[2025-09-27 19:28:18] [Camera - USBFrameProvider - Reef2] [ERROR] Error grabbing image: timed out getting frame
[2025-09-27 19:28:18] [CSCore - PvCSCoreLogger] [DEBUG] CS: DEBUG 7: Reef2: queuing buffers (UsbCameraImpl.cpp:765)
[2025-09-27 19:28:18] [CSCore - PvCSCoreLogger] [ERROR] CS: ERROR 40: ioctl VIDIOC_QBUF failed at UsbCameraImpl.cpp:772: Invalid argument (UsbUtil.cpp:157)
[2025-09-27 19:28:18] [CSCore - PvCSCoreLogger] [WARN] CS: WARNING 30: Reef2: could not queue buffer 0 (UsbCameraImpl.cpp:773)
[2025-09-27 19:28:18] [Camera - USBFrameProvider - Reef2] [ERROR] Error grabbing image: timed out getting frame
[2025-09-27 19:28:18] [CSCore - PvCSCoreLogger] [DEBUG] CS: DEBUG 10: serve_photonvision_Port_1182_Output_MJPEG_Server: client connection from 127.0.0.1 (MjpegServerImpl.cpp:957)
[2025-09-27 19:28:18] [CSCore - PvCSCoreLogger] [DEBUG] CS: DEBUG 10: serve_photonvision_Port_1182_Output_MJPEG_Server: HTTP request: 'GET /stream.mjpg HTTP/1.1
'
 (MjpegServerImpl.cpp:811)
[2025-09-27 19:28:18] [CSCore - PvCSCoreLogger] [DEBUG] CS: DEBUG 10: serve_photonvision_Port_1182_Output_MJPEG_Server: command parameters: "" (MjpegServerImpl.cpp:854)
[2025-09-27 19:28:18] [CSCore - PvCSCoreLogger] [DEBUG] CS: DEBUG 10: serve_photonvision_Port_1182_Output_MJPEG_Server: request for stream photonvision_Port_1182_Output_MJPEG_Server (MjpegServerImpl.cpp:872)
[2025-09-27 19:28:18] [CSCore - PvCSCoreLogger] [DEBUG] CS: DEBUG 10: serve_photonvision_Port_1182_Output_MJPEG_Server: Headers send, sending stream now (MjpegServerImpl.cpp:681)
[2025-09-27 19:28:18] [Camera - USBFrameProvider - Reef2] [ERROR] Error grabbing image: timed out getting frame
[2025-09-27 19:28:18] [CSCore - PvCSCoreLogger] [DEBUG] CS: DEBUG 10: serve_photonvision_Port_1182_Output_MJPEG_Server: leaving HTTP client thread (MjpegServerImpl.cpp:919)
[2025-09-27 19:28:18] [Camera - USBFrameProvider - Reef2] [ERROR] Error grabbing image: timed out getting frame
[2025-09-27 19:28:19] [Camera - USBFrameProvider - Reef2] [ERROR] Error grabbing image: timed out getting frame
[2025-09-27 19:28:19] [General - MetricsManager] [DEBUG] Publishing Metrics...
[2025-09-27 19:28:19] [General - ShellExec] [DEBUG] Executing "cat /sys/class/thermal/thermal_zone1/temp | awk '{printf "%.1f", $1/1000}'"
[2025-09-27 19:28:19] [General - ShellExec] [DEBUG] Got exit code 0
[2025-09-27 19:28:19] [General - ShellExec] [DEBUG] Executing "top -bn1 | grep "Cpu(s)" | sed "s/.*, *\([0-9.]*\)%* id.*/\1/" | awk '{print 100 - $1}'"
[2025-09-27 19:28:19] [Camera - USBFrameProvider - Reef2] [ERROR] Error grabbing image: timed out getting frame
[2025-09-27 19:28:19] [CSCore - PvCSCoreLogger] [DEBUG] CS: DEBUG 10: serve_photonvision_Port_1182_Output_MJPEG_Server: leaving HTTP client thread (MjpegServerImpl.cpp:919)
[2025-09-27 19:28:19] [General - ShellExec] [DEBUG] Got exit code 0
[2025-09-27 19:28:19] [General - ShellExec] [DEBUG] Executing "free -m | awk 'FNR == 2 {print $2}'"
[2025-09-27 19:28:19] [General - ShellExec] [DEBUG] Got exit code 0
[2025-09-27 19:28:19] [General - ShellExec] [DEBUG] Executing "uptime -p | cut -c 4-"
[2025-09-27 19:28:19] [General - ShellExec] [DEBUG] Got exit code 0
[2025-09-27 19:28:19] [General - ShellExec] [DEBUG] Executing "free -m | awk 'FNR == 2 {print $3}'"
[2025-09-27 19:28:19] [General - ShellExec] [DEBUG] Got exit code 0
[2025-09-27 19:28:19] [General - ShellExec] [DEBUG] Executing "df ./ --output=pcent | tail -n +2"
[2025-09-27 19:28:19] [General - ShellExec] [DEBUG] Got exit code 0
[2025-09-27 19:28:19] [General - ShellExec] [DEBUG] Executing "cat /sys/kernel/debug/rknpu/load | sed 's/NPU load://; s/^ *//; s/ *$//'"
[2025-09-27 19:28:19] [General - ShellExec] [DEBUG] Got exit code 0
[2025-09-27 19:28:19] [General - MetricsManager] [DEBUG] Requesting IP addresses for "enP3p49s0"
[2025-09-27 19:28:19] [General - MetricsManager] [DEBUG] Got value "10.17.99.201/24"
[2025-09-27 19:28:19] [WebServer - Server] [DEBUG] Handled HTTP request of type POST from endpoint /api/utils/publishMetrics of req size 0 bytes & type null with return code 204 for host [0:0:0:0:0:0:0:1] in 386.54092 ms
[2025-09-27 19:28:19] [Camera - USBFrameProvider - Reef2] [ERROR] Error grabbing image: timed out getting frame
[2025-09-27 19:28:20] [Camera - USBFrameProvider - Reef2] [ERROR] Error grabbing image: timed out getting frame
[2025-09-27 19:28:20] [CSCore - PvCSCoreLogger] [DEBUG] CS: DEBUG 7: Reef2: queuing buffers (UsbCameraImpl.cpp:765)
[2025-09-27 19:28:20] [CSCore - PvCSCoreLogger] [ERROR] CS: ERROR 40: ioctl VIDIOC_QBUF failed at UsbCameraImpl.cpp:772: Invalid argument (UsbUtil.cpp:157)
[2025-09-27 19:28:20] [CSCore - PvCSCoreLogger] [WARN] CS: WARNING 30: Reef2: could not queue buffer 0 (UsbCameraImpl.cpp:773)
[2025-09-27 19:28:20] [Camera - USBFrameProvider - Reef2] [ERROR] Error grabbing image: timed out getting frame
[2025-09-27 19:28:20] [Camera - USBFrameProvider - Reef2] [ERROR] Error grabbing image: timed out getting frame
[2025-09-27 19:28:20] [Camera - USBFrameProvider - Reef2] [ERROR] Error grabbing image: timed out getting frame
[2025-09-27 19:28:21] [Camera - USBFrameProvider - Reef2] [ERROR] Error grabbing image: timed out getting frame
[2025-09-27 19:28:21] [Camera - USBFrameProvider - Reef2] [ERROR] Error grabbing image: timed out getting frame
[2025-09-27 19:28:21] [Camera - USBFrameProvider - Reef2] [ERROR] Error grabbing image: timed out getting frame
[2025-09-27 19:28:21] [Camera - USBFrameProvider - Reef2] [ERROR] Error grabbing image: timed out getting frame
[2025-09-27 19:28:22] [Camera - USBFrameProvider - Reef2] [ERROR] Error grabbing image: timed out getting frame
[2025-09-27 19:28:22] [CSCore - PvCSCoreLogger] [DEBUG] CS: DEBUG 7: Reef2: queuing buffers (UsbCameraImpl.cpp:765)
[2025-09-27 19:28:22] [CSCore - PvCSCoreLogger] [ERROR] CS: ERROR 40: ioctl VIDIOC_QBUF failed at UsbCameraImpl.cpp:772: Invalid argument (UsbUtil.cpp:157)
[2025-09-27 19:28:22] [CSCore - PvCSCoreLogger] [WARN] CS: WARNING 30: Reef2: could not queue buffer 0 (UsbCameraImpl.cpp:773)
[2025-09-27 19:28:22] [Camera - USBFrameProvider - Reef2] [ERROR] Error grabbing image: timed out getting frame
[2025-09-27 19:28:22] [Camera - USBFrameProvider - Reef2] [ERROR] Error grabbing image: timed out getting frame
[2025-09-27 19:28:23] [Camera - USBFrameProvider - Reef2] [ERROR] Error grabbing image: timed out getting frame
[2025-09-27 19:28:23] [Camera - USBFrameProvider - Reef2] [ERROR] Error grabbing image: timed out getting frame
[2025-09-27 19:28:23] [Camera - USBFrameProvider - Reef2] [ERROR] Error grabbing image: timed out getting frame
[2025-09-27 19:28:23] [Camera - USBFrameProvider - Reef2] [ERROR] Error grabbing image: timed out getting frame
[2025-09-27 19:28:24] [Camera - USBFrameProvider - Reef2] [ERROR] Error grabbing image: timed out getting frame
[2025-09-27 19:28:24] [CSCore - PvCSCoreLogger] [DEBUG] CS: DEBUG 7: Reef2: queuing buffers (UsbCameraImpl.cpp:765)
[2025-09-27 19:28:24] [CSCore - PvCSCoreLogger] [ERROR] CS: ERROR 40: ioctl VIDIOC_QBUF failed at UsbCameraImpl.cpp:772: Invalid argument (UsbUtil.cpp:157)
[2025-09-27 19:28:24] [CSCore - PvCSCoreLogger] [WARN] CS: WARNING 30: Reef2: could not queue buffer 0 (UsbCameraImpl.cpp:773)
[2025-09-27 19:28:24] [Camera - USBFrameProvider - Reef2] [ERROR] Error grabbing image: timed out getting frame
[2025-09-27 19:28:24] [Camera - USBFrameProvider - Reef2] [ERROR] Error grabbing image: timed out getting frame
[2025-09-27 19:28:24] [Camera - USBFrameProvider - Reef2] [ERROR] Error grabbing image: timed out getting frame
[2025-09-27 19:28:25] [Camera - USBFrameProvider - Reef2] [ERROR] Error grabbing image: timed out getting frame
[2025-09-27 19:28:25] [Camera - USBFrameProvider - Reef2] [ERROR] Error grabbing image: timed out getting frame
[2025-09-27 19:28:25] [Camera - USBFrameProvider - Reef2] [ERROR] Error grabbing image: timed out getting frame
[2025-09-27 19:28:26] [Camera - USBFrameProvider - Reef2] [ERROR] Error grabbing image: timed out getting frame
[2025-09-27 19:28:26] [CSCore - PvCSCoreLogger] [DEBUG] CS: DEBUG 7: Reef2: queuing buffers (UsbCameraImpl.cpp:765)
[2025-09-27 19:28:26] [CSCore - PvCSCoreLogger] [ERROR] CS: ERROR 40: ioctl VIDIOC_QBUF failed at UsbCameraImpl.cpp:772: Invalid argument (UsbUtil.cpp:157)
[2025-09-27 19:28:26] [CSCore - PvCSCoreLogger] [WARN] CS: WARNING 30: Reef2: could not queue buffer 0 (UsbCameraImpl.cpp:773)
[2025-09-27 19:28:26] [Camera - USBFrameProvider - Reef2] [ERROR] Error grabbing image: timed out getting frame
[2025-09-27 19:28:26] [Camera - USBFrameProvider - Reef2] [ERROR] Error grabbing image: timed out getting frame
[2025-09-27 19:28:26] [Camera - USBFrameProvider - Reef2] [ERROR] Error grabbing image: timed out getting frame
[2025-09-27 19:28:27] [Camera - USBFrameProvider - Reef2] [ERROR] Error grabbing image: timed out getting frame
[2025-09-27 19:28:27] [Camera - USBFrameProvider - Reef2] [ERROR] Error grabbing image: timed out getting frame
[2025-09-27 19:28:27] [Camera - USBFrameProvider - Reef2] [ERROR] Error grabbing image: timed out getting frame
[2025-09-27 19:28:27] [Camera - USBFrameProvider - Reef2] [ERROR] Error grabbing image: timed out getting frame
[2025-09-27 19:28:28] [Camera - USBFrameProvider - Reef2] [ERROR] Error grabbing image: timed out getting frame
[2025-09-27 19:28:28] [CSCore - PvCSCoreLogger] [DEBUG] CS: DEBUG 7: Reef2: queuing buffers (UsbCameraImpl.cpp:765)
[2025-09-27 19:28:28] [CSCore - PvCSCoreLogger] [ERROR] CS: ERROR 40: ioctl VIDIOC_QBUF failed at UsbCameraImpl.cpp:772: Invalid argument (UsbUtil.cpp:157)
[2025-09-27 19:28:28] [CSCore - PvCSCoreLogger] [WARN] CS: WARNING 30: Reef2: could not queue buffer 0 (UsbCameraImpl.cpp:773)
[2025-09-27 19:28:28] [Camera - USBFrameProvider - Reef2] [ERROR] Error grabbing image: timed out getting frame
[2025-09-27 19:28:28] [Camera - USBFrameProvider - Reef2] [ERROR] Error grabbing image: timed out getting frame
[2025-09-27 19:28:29] [Camera - USBFrameProvider - Reef2] [ERROR] Error grabbing image: timed out getting frame
[2025-09-27 19:28:29] [Camera - USBFrameProvider - Reef2] [ERROR] Error grabbing image: timed out getting frame
[2025-09-27 19:28:29] [Camera - USBFrameProvider - Reef2] [ERROR] Error grabbing image: timed out getting frame
[2025-09-27 19:28:29] [Camera - USBFrameProvider - Reef2] [ERROR] Error grabbing image: timed out getting frame
[2025-09-27 19:28:30] [Camera - USBFrameProvider - Reef2] [ERROR] Error grabbing image: timed out getting frame
[2025-09-27 19:28:30] [CSCore - PvCSCoreLogger] [DEBUG] CS: DEBUG 7: Reef2: queuing buffers (UsbCameraImpl.cpp:765)
[2025-09-27 19:28:30] [CSCore - PvCSCoreLogger] [ERROR] CS: ERROR 40: ioctl VIDIOC_QBUF failed at UsbCameraImpl.cpp:772: Invalid argument (UsbUtil.cpp:157)
[2025-09-27 19:28:30] [CSCore - PvCSCoreLogger] [WARN] CS: WARNING 30: Reef2: could not queue buffer 0 (UsbCameraImpl.cpp:773)
[2025-09-27 19:28:30] [Camera - USBFrameProvider - Reef2] [ERROR] Error grabbing image: timed out getting frame
[2025-09-27 19:28:30] [Camera - USBFrameProvider - Reef2] [ERROR] Error grabbing image: timed out getting frame
[2025-09-27 19:28:30] [Camera - USBFrameProvider - Reef2] [ERROR] Error grabbing image: timed out getting frame
[2025-09-27 19:28:31] [Camera - USBFrameProvider - Reef2] [ERROR] Error grabbing image: timed out getting frame
[2025-09-27 19:28:31] [Camera - USBFrameProvider - Reef2] [ERROR] Error grabbing image: timed out getting frame
[2025-09-27 19:28:31] [Camera - USBFrameProvider - Reef2] [ERROR] Error grabbing image: timed out getting frame
[2025-09-27 19:28:31] [Camera - USBFrameProvider - Reef2] [ERROR] Error grabbing image: timed out getting frame
[2025-09-27 19:28:32] [Camera - USBFrameProvider - Reef2] [ERROR] Error grabbing image: timed out getting frame
[2025-09-27 19:28:32] [CSCore - PvCSCoreLogger] [DEBUG] CS: DEBUG 7: Reef2: queuing buffers (UsbCameraImpl.cpp:765)
[2025-09-27 19:28:32] [CSCore - PvCSCoreLogger] [ERROR] CS: ERROR 40: ioctl VIDIOC_QBUF failed at UsbCameraImpl.cpp:772: Invalid argument (UsbUtil.cpp:157)
[2025-09-27 19:28:32] [CSCore - PvCSCoreLogger] [WARN] CS: WARNING 30: Reef2: could not queue buffer 0 (UsbCameraImpl.cpp:773)
[2025-09-27 19:28:32] [Camera - USBFrameProvider - Reef2] [ERROR] Error grabbing image: timed out getting frame
[2025-09-27 19:28:32] [Camera - USBFrameProvider - Reef2] [ERROR] Error grabbing image: timed out getting frame
[2025-09-27 19:28:33] [Camera - USBFrameProvider - Reef2] [ERROR] Error grabbing image: timed out getting frame
[2025-09-27 19:28:33] [Camera - USBFrameProvider - Reef2] [ERROR] Error grabbing image: timed out getting frame
[2025-09-27 19:28:33] [Camera - USBFrameProvider - Reef2] [ERROR] Error grabbing image: timed out getting frame
[2025-09-27 19:28:33] [Camera - USBFrameProvider - Reef2] [ERROR] Error grabbing image: timed out getting frame
[2025-09-27 19:28:34] [Camera - USBFrameProvider - Reef2] [ERROR] Error grabbing image: timed out getting frame
[2025-09-27 19:28:34] [CSCore - PvCSCoreLogger] [DEBUG] CS: DEBUG 7: Reef2: queuing buffers (UsbCameraImpl.cpp:765)
[2025-09-27 19:28:34] [CSCore - PvCSCoreLogger] [ERROR] CS: ERROR 40: ioctl VIDIOC_QBUF failed at UsbCameraImpl.cpp:772: Invalid argument (UsbUtil.cpp:157)
[2025-09-27 19:28:34] [CSCore - PvCSCoreLogger] [WARN] CS: WARNING 30: Reef2: could not queue buffer 0 (UsbCameraImpl.cpp:773)
[2025-09-27 19:28:34] [Camera - USBFrameProvider - Reef2] [ERROR] Error grabbing image: timed out getting frame
[2025-09-27 19:28:34] [Camera - USBFrameProvider - Reef2] [ERROR] Error grabbing image: timed out getting frame
[2025-09-27 19:28:34] [Camera - USBFrameProvider - Reef2] [ERROR] Error grabbing image: timed out getting frame
[2025-09-27 19:28:35] [Camera - USBFrameProvider - Reef2] [ERROR] Error grabbing image: timed out getting frame
[2025-09-27 19:28:35] [WebServer - RequestHandler] [INFO] Successfully saved general settings
[2025-09-27 19:28:35] [General - ShellExec] [DEBUG] Executing "nmcli -t -f GENERAL.CONNECTION,GENERAL.DEVICE,GENERAL.TYPE device show"
[2025-09-27 19:28:35] [Camera - USBFrameProvider - Reef2] [ERROR] Error grabbing image: timed out getting frame
[2025-09-27 19:28:35] [General - ShellExec] [DEBUG] Got exit code 0
[2025-09-27 19:28:35] [General - NetworkUtils] [DEBUG] Found network interfaces: [NMDeviceInfo [connName=dhcp-enP3p49s0, devName=enP3p49s0, nmType=NMTYPE_ETHERNET], NMDeviceInfo [connName=Jeffco-Community, devName=wlan0, nmType=NMTYPE_WIFI], NMDeviceInfo [connName=, devName=p2p-dev-wlan0, nmType=NMTYPE_UNKNOWN]]
[2025-09-27 19:28:35] [General - NetworkManager] [INFO] Setting DHCP with team 10.17.99.1 on enP3p49s0
[2025-09-27 19:28:35] [General - ShellExec] [DEBUG] Executing "cat /etc/hostname | tr -d " \t\n\r""
[2025-09-27 19:28:35] [General - ShellExec] [DEBUG] Got exit code 0
[2025-09-27 19:28:35] [General - NetworkManager] [DEBUG] Old host name: "photonvision"
[2025-09-27 19:28:35] [General - NetworkManager] [DEBUG] New host name: "photonvision"
[2025-09-27 19:28:35] [General - NetworkManager] [INFO] Updating the DHCP connection dhcp-enP3p49s0
[2025-09-27 19:28:35] [General - ShellExec] [DEBUG] Executing "nmcli connection modify "dhcp-enP3p49s0" autoconnect yes ipv4.method auto ipv6.method disabled "
[2025-09-27 19:28:35] [Camera - USBFrameProvider - Reef2] [ERROR] Error grabbing image: timed out getting frame
[2025-09-27 19:28:36] [Camera - USBFrameProvider - Reef2] [ERROR] Error grabbing image: timed out getting frame
[2025-09-27 19:28:36] [CSCore - PvCSCoreLogger] [DEBUG] CS: DEBUG 7: Reef2: queuing buffers (UsbCameraImpl.cpp:765)
[2025-09-27 19:28:36] [CSCore - PvCSCoreLogger] [ERROR] CS: ERROR 40: ioctl VIDIOC_QBUF failed at UsbCameraImpl.cpp:772: Invalid argument (UsbUtil.cpp:157)
[2025-09-27 19:28:36] [CSCore - PvCSCoreLogger] [WARN] CS: WARNING 30: Reef2: could not queue buffer 0 (UsbCameraImpl.cpp:773)
[2025-09-27 19:28:36] [Camera - USBFrameProvider - Reef2] [ERROR] Error grabbing image: timed out getting frame
[2025-09-27 19:28:36] [General - ShellExec] [DEBUG] Got exit code 0
[2025-09-27 19:28:36] [General - NetworkManager] [INFO] Activating DHCP connection dhcp-enP3p49s0
[2025-09-27 19:28:36] [General - ShellExec] [DEBUG] Executing "nmcli connection up "dhcp-enP3p49s0""
[2025-09-27 19:28:36] [Camera - USBFrameProvider - Reef2] [ERROR] Error grabbing image: timed out getting frame
[2025-09-27 19:28:36] [General - ShellExec] [DEBUG] Got exit code 0
[2025-09-27 19:28:36] [WebServer - Server] [INFO] Web server going down for restart
[2025-09-27 19:28:36] [WebServer - Server] [DEBUG] Handled HTTP request of type POST from endpoint /api/settings/general of req size 407 bytes & type application/json with return code 200 for host [0:0:0:0:0:0:0:1] in 1379.0045 ms
[2025-09-27 19:28:36] [WebServer - DataSocketHandler] [INFO] Closing websockets for user c60af0aa-a7ed-4bad-b2fc-e247e786bfef
[2025-09-27 19:28:36] [Camera - USBFrameProvider - Reef2] [ERROR] Error grabbing image: timed out getting frame
[2025-09-27 19:28:37] [Camera - USBFrameProvider - Reef2] [ERROR] Error grabbing image: timed out getting frame
[2025-09-27 19:28:37] [WebServer - DataSocketHandler] [INFO] New websocket connection from /0:0:0:0:0:0:0:1:33276
[2025-09-27 19:28:37] [Camera - USBFrameProvider - Reef2] [ERROR] Error grabbing image: timed out getting frame
[2025-09-27 19:28:37] [Config - ConfigManager] [DEBUG] Saving to disk...
[2025-09-27 19:28:37] [Config - SqlConfigProvider] [DEBUG] Saving to disk
[2025-09-27 19:28:37] [Config - SqlConfigProvider] [INFO] Settings saved!
[2025-09-27 19:28:37] [Camera - USBFrameProvider - Reef2] [ERROR] Error grabbing image: timed out getting frame
[2025-09-27 19:28:37] [Camera - USBFrameProvider - Reef2] [ERROR] Error grabbing image: timed out getting frame
[2025-09-27 19:28:38] [Camera - USBFrameProvider - Reef2] [ERROR] Error grabbing image: timed out getting frame
[2025-09-27 19:28:38] [CSCore - PvCSCoreLogger] [DEBUG] CS: DEBUG 7: Reef2: queuing buffers (UsbCameraImpl.cpp:765)
[2025-09-27 19:28:38] [CSCore - PvCSCoreLogger] [ERROR] CS: ERROR 40: ioctl VIDIOC_QBUF failed at UsbCameraImpl.cpp:772: Invalid argument (UsbUtil.cpp:157)
[2025-09-27 19:28:38] [CSCore - PvCSCoreLogger] [WARN] CS: WARNING 30: Reef2: could not queue buffer 0 (UsbCameraImpl.cpp:773)
[2025-09-27 19:28:38] [CSCore - PvCSCoreLogger] [DEBUG] CS: DEBUG 7: Reef2: queuing buffers (UsbCameraImpl.cpp:765)
[2025-09-27 19:28:38] [CSCore - PvCSCoreLogger] [ERROR] CS: ERROR 40: ioctl VIDIOC_QBUF failed at UsbCameraImpl.cpp:772: Invalid argument (UsbUtil.cpp:157)
[2025-09-27 19:28:38] [CSCore - PvCSCoreLogger] [WARN] CS: WARNING 30: Reef2: could not queue buffer 0 (UsbCameraImpl.cpp:773)
[2025-09-27 19:28:38] [CSCore - PvCSCoreLogger] [DEBUG] CS: DEBUG 7: Reef2: queuing buffers (UsbCameraImpl.cpp:765)
[2025-09-27 19:28:38] [CSCore - PvCSCoreLogger] [ERROR] CS: ERROR 40: ioctl VIDIOC_QBUF failed at UsbCameraImpl.cpp:772: Invalid argument (UsbUtil.cpp:157)
[2025-09-27 19:28:38] [Camera - USBFrameProvider - Reef2] [ERROR] Error grabbing image: timed out getting frame
[2025-09-27 19:28:38] [CSCore - PvCSCoreLogger] [WARN] CS: WARNING 30: Reef2: could not queue buffer 0 (UsbCameraImpl.cpp:773)
[2025-09-27 19:28:38] [CSCore - PvCSCoreLogger] [DEBUG] CS: DEBUG 7: Reef2: queuing buffers (UsbCameraImpl.cpp:765)
[2025-09-27 19:28:38] [CSCore - PvCSCoreLogger] [ERROR] CS: ERROR 40: ioctl VIDIOC_QBUF failed at UsbCameraImpl.cpp:772: Invalid argument (UsbUtil.cpp:157)
[2025-09-27 19:28:38] [CSCore - PvCSCoreLogger] [WARN] CS: WARNING 30: Reef2: could not queue buffer 0 (UsbCameraImpl.cpp:773)
[2025-09-27 19:28:38] [CSCore - PvCSCoreLogger] [DEBUG] CS: DEBUG 7: Reef2: queuing buffers (UsbCameraImpl.cpp:765)
[2025-09-27 19:28:38] [CSCore - PvCSCoreLogger] [ERROR] CS: ERROR 40: ioctl VIDIOC_QBUF failed at UsbCameraImpl.cpp:772: Invalid argument (UsbUtil.cpp:157)
[2025-09-27 19:28:38] [CSCore - PvCSCoreLogger] [WARN] CS: WARNING 30: Reef2: could not queue buffer 0 (UsbCameraImpl.cpp:773)
[2025-09-27 19:28:38] [CSCore - PvCSCoreLogger] [DEBUG] CS: DEBUG 7: Reef2: queuing buffers (UsbCameraImpl.cpp:765)
[2025-09-27 19:28:38] [CSCore - PvCSCoreLogger] [ERROR] CS: ERROR 40: ioctl VIDIOC_QBUF failed at UsbCameraImpl.cpp:772: No such device (UsbUtil.cpp:157)
[2025-09-27 19:28:38] [CSCore - PvCSCoreLogger] [WARN] CS: WARNING 30: Reef2: could not queue buffer 0 (UsbCameraImpl.cpp:773)
[2025-09-27 19:28:38] [CSCore - PvCSCoreLogger] [INFO] Reef2: Attempting to connect to USB camera on /dev/v4l/by-path/platform-xhci-hcd.11.auto-usb-0:1:1.0-video-index0
[2025-09-27 19:28:38] [CSCore - PvCSCoreLogger] [DEBUG] CS: DEBUG 7: Reef2: opening device (UsbCameraImpl.cpp:651)
[2025-09-27 19:28:38] [Camera - USBFrameProvider - Reef2] [ERROR] Error grabbing image: timed out getting frame
[2025-09-27 19:28:38] [General - KernelLogLogger] [DEBUG] 2025-09-27T19:28:38.488757-06:00 photonvision kernel: usb 7-1: USB disconnect, device number 2
[2025-09-27 19:28:38] [General - KernelLogLogger] [DEBUG] 2025-09-27T19:28:38.518728-06:00 photonvision kernel: usb 1-1: USB disconnect, device number 2
[2025-09-27 19:28:38] [General - KernelLogLogger] [DEBUG] 2025-09-27T19:28:38.828758-06:00 photonvision kernel: usb 7-1: new high-speed USB device number 3 using ehci-platform
[2025-09-27 19:28:38] [General - KernelLogLogger] [DEBUG] _crtc_atomic_enable] set dclk_vop0 to 148500000, get 148500000
[2025-09-27 19:28:38] [General - KernelLogLogger] [DEBUG] 2025-09-27T19:27:28.6A
[2025-09-27 19:28:39] [Camera - USBFrameProvider - Reef2] [ERROR] Error grabbing image: timed out getting frame
[2025-09-27 19:28:39] [CSCore - PvCSCoreLogger] [INFO] Reef2: Attempting to connect to USB camera on /dev/v4l/by-path/platform-xhci-hcd.11.auto-usb-0:1:1.0-video-index0
[2025-09-27 19:28:39] [CSCore - PvCSCoreLogger] [DEBUG] CS: DEBUG 7: Reef2: opening device (UsbCameraImpl.cpp:651)
[2025-09-27 19:28:39] [CSCore - PvCSCoreLogger] [INFO] Reef2: Attempting to connect to USB camera on /dev/v4l/by-path/platform-xhci-hcd.11.auto-usb-0:1:1.0-video-index0
[2025-09-27 19:28:39] [CSCore - PvCSCoreLogger] [DEBUG] CS: DEBUG 7: Reef2: opening device (UsbCameraImpl.cpp:651)
[2025-09-27 19:28:39] [CSCore - PvCSCoreLogger] [INFO] Reef2: Attempting to connect to USB camera on /dev/v4l/by-path/platform-xhci-hcd.11.auto-usb-0:1:1.0-video-index0
[2025-09-27 19:28:39] [CSCore - PvCSCoreLogger] [DEBUG] CS: DEBUG 7: Reef2: opening device (UsbCameraImpl.cpp:651)
[2025-09-27 19:28:39] [CSCore - PvCSCoreLogger] [INFO] Reef2: Attempting to connect to USB camera on /dev/v4l/by-path/platform-xhci-hcd.11.auto-usb-0:1:1.0-video-index0
[2025-09-27 19:28:39] [CSCore - PvCSCoreLogger] [DEBUG] CS: DEBUG 7: Reef2: opening device (UsbCameraImpl.cpp:651)
[2025-09-27 19:28:39] [CSCore - PvCSCoreLogger] [INFO] Reef2: Attempting to connect to USB camera on /dev/v4l/by-path/platform-xhci-hcd.11.auto-usb-0:1:1.0-video-index0
[2025-09-27 19:28:39] [CSCore - PvCSCoreLogger] [DEBUG] CS: DEBUG 7: Reef2: opening device (UsbCameraImpl.cpp:651)
[2025-09-27 19:28:39] [CSCore - PvCSCoreLogger] [INFO] Reef2: Attempting to connect to USB camera on /dev/v4l/by-path/platform-xhci-hcd.11.auto-usb-0:1:1.0-video-index0
[2025-09-27 19:28:39] [CSCore - PvCSCoreLogger] [DEBUG] CS: DEBUG 7: Reef2: opening device (UsbCameraImpl.cpp:651)
[2025-09-27 19:28:39] [CSCore - PvCSCoreLogger] [INFO] Reef2: Attempting to connect to USB camera on /dev/v4l/by-path/platform-xhci-hcd.11.auto-usb-0:1:1.0-video-index0
[2025-09-27 19:28:39] [CSCore - PvCSCoreLogger] [DEBUG] CS: DEBUG 7: Reef2: opening device (UsbCameraImpl.cpp:651)
[2025-09-27 19:28:39] [CSCore - PvCSCoreLogger] [INFO] Reef2: Attempting to connect to USB camera on /dev/v4l/by-path/platform-xhci-hcd.11.auto-usb-0:1:1.0-video-index0
[2025-09-27 19:28:39] [CSCore - PvCSCoreLogger] [DEBUG] CS: DEBUG 7: Reef2: opening device (UsbCameraImpl.cpp:651)
[2025-09-27 19:28:39] [CSCore - PvCSCoreLogger] [INFO] Reef2: Connected to USB camera on /dev/v4l/by-path/platform-xhci-hcd.11.auto-usb-0:1:1.0-video-index0
[2025-09-27 19:28:39] [CSCore - PvCSCoreLogger] [DEBUG] CS: DEBUG 7: Reef2: getting capabilities (UsbCameraImpl.cpp:663)
[2025-09-27 19:28:39] [CSCore - PvCSCoreLogger] [DEBUG] CS: DEBUG 7: Reef2: restoring video mode (UsbCameraImpl.cpp:681)
[2025-09-27 19:28:39] [CSCore - PvCSCoreLogger] [INFO] Reef2: set format 1 res 320x240
[2025-09-27 19:28:39] [CSCore - PvCSCoreLogger] [INFO] Reef2: set FPS to 30
[2025-09-27 19:28:39] [CSCore - PvCSCoreLogger] [DEBUG] CS: DEBUG 7: Reef2: restoring settings (UsbCameraImpl.cpp:686)
[2025-09-27 19:28:39] [CSCore - PvCSCoreLogger] [DEBUG] CS: DEBUG 7: Reef2: allocating buffers (UsbCameraImpl.cpp:701)
[2025-09-27 19:28:39] [CSCore - PvCSCoreLogger] [DEBUG] CS: DEBUG 7: Reef2: mapping buffers (UsbCameraImpl.cpp:715)
[2025-09-27 19:28:39] [CSCore - PvCSCoreLogger] [DEBUG] CS: DEBUG 7: Reef2: queuing buffers (UsbCameraImpl.cpp:765)
[2025-09-27 19:28:39] [Camera - USBFrameProvider - Reef2] [ERROR] Error grabbing image: timed out getting frame
[2025-09-27 19:28:39] [Camera - USBFrameProvider - Reef2] [ERROR] Error grabbing image: timed out getting frame
[2025-09-27 19:28:39] [CSCore - PvCSCoreLogger] [ERROR] CS: ERROR 40: Reef2: ioctl VIDIOC_STREAMON failed: Protocol error (UsbCameraImpl.cpp:789)
[2025-09-27 19:28:39] [CSCore - PvCSCoreLogger] [DEBUG] CS: DEBUG 7: Reef2: queuing buffers (UsbCameraImpl.cpp:765)
[2025-09-27 19:28:39] [CSCore - PvCSCoreLogger] [ERROR] CS: ERROR 40: ioctl VIDIOC_QBUF failed at UsbCameraImpl.cpp:772: No such device (UsbUtil.cpp:157)
[2025-09-27 19:28:39] [CSCore - PvCSCoreLogger] [WARN] CS: WARNING 30: Reef2: could not queue buffer 0 (UsbCameraImpl.cpp:773)
[2025-09-27 19:28:39] [CSCore - PvCSCoreLogger] [DEBUG] CS: DEBUG 7: Reef2: queuing buffers (UsbCameraImpl.cpp:765)
[2025-09-27 19:28:39] [CSCore - PvCSCoreLogger] [ERROR] CS: ERROR 40: ioctl VIDIOC_QBUF failed at UsbCameraImpl.cpp:772: No such device (UsbUtil.cpp:157)
[2025-09-27 19:28:39] [CSCore - PvCSCoreLogger] [WARN] CS: WARNING 30: Reef2: could not queue buffer 0 (UsbCameraImpl.cpp:773)
[2025-09-27 19:28:39] [CSCore - PvCSCoreLogger] [INFO] Reef2: Attempting to connect to USB camera on /dev/v4l/by-path/platform-xhci-hcd.11.auto-usb-0:1:1.0-video-index0
[2025-09-27 19:28:39] [CSCore - PvCSCoreLogger] [DEBUG] CS: DEBUG 7: Reef2: opening device (UsbCameraImpl.cpp:651)
[2025-09-27 19:28:39] [Camera - USBFrameProvider - Reef2] [ERROR] Error grabbing image: timed out getting frame
[2025-09-27 19:28:39] [General - KernelLogLogger] [DEBUG] 2025-09-27T19:28:38.922045-06:00 photonvision kernel: usb 1-1: new high-speed USB device number 3 using xhci-hcd
[2025-09-27 19:28:39] [General - KernelLogLogger] [DEBUG] 2025-09-27T19:28:38.989092-06:00 photonvision kernel: usb 7-1: New USB device found, idVendor=0c45, idProduct=6366, bcdDevice= 1.00
[2025-09-27 19:28:39] [General - KernelLogLogger] [DEBUG] 2025-09-27T19:28:38.989112-06:00 photonvision kernel: usb 7-1: New USB device strings: Mfr=2, Product=1, SerialNumber=3
[2025-09-27 19:28:39] [General - KernelLogLogger] [DEBUG] 2025-09-27T19:28:38.989114-06:00 photonvision kernel: usb 7-1: Product: AprilTag1
[2025-09-27 19:28:39] [General - KernelLogLogger] [DEBUG] 2025-09-27T19:28:38.989115-06:00 photonvision kernel: usb 7-1: Manufacturer: Arducam Technology Co., Ltd.
[2025-09-27 19:28:39] [General - KernelLogLogger] [DEBUG] 2025-09-27T19:28:38.989116-06:00 photonvision kernel: usb 7-1: SerialNumber: 0001
[2025-09-27 19:28:39] [General - KernelLogLogger] [DEBUG] 2025-09-27T19:28:38.992010-06:00 photonvision kernel: usb 7-1: Found UVC 1.00 device AprilTag1 (0c45:6366)
[2025-09-27 19:28:39] [General - KernelLogLogger] [DEBUG] 2025-09-27T19:28:39.018747-06:00 photonvision kernel: input: AprilTag1: AprilTag1 as /devices/platform/fc880000.usb/usb7/7-1/7-1:1.0/input/input16
[2025-09-27 19:28:39] [General - KernelLogLogger] [DEBUG] 2025-09-27T19:28:39.078717-06:00 photonvision kernel: usb 1-1: New USB device found, idVendor=0c45, idProduct=6366, bcdDevice= 1.00
[2025-09-27 19:28:39] [General - KernelLogLogger] [DEBUG] 2025-09-27T19:28:39.078747-06:00 photonvision kernel: usb 1-1: New USB device strings: Mfr=2, Product=1, SerialNumber=3
[2025-09-27 19:28:39] [General - KernelLogLogger] [DEBUG] 2025-09-27T19:28:39.078751-06:00 photonvision kernel: usb 1-1: Product: Reef2
[2025-09-27 19:28:39] [General - KernelLogLogger] [DEBUG] 2025-09-27T19:28:39.078753-06:00 photonvision kernel: usb 1-1: Manufacturer: Arducam Technology Co., Ltd.
[2025-09-27 19:28:39] [General - KernelLogLogger] [DEBUG] 2025-09-27T19:28:39.078754-06:00 photonvision kernel: usb 1-1: SerialNumber: 0002
[2025-09-27 19:28:39] [General - KernelLogLogger] [DEBUG] 2025-09-27T19:28:39.092054-06:00 photonvision kernel: usb 1-1: Found UVC 1.00 device Reef2 (0c45:6366)
[2025-09-27 19:28:39] [General - KernelLogLogger] [DEBUG] 2025-09-27T19:28:39.118777-06:00 photonvision kernel: input: Reef2: Reef2 as /devices/platform/usbdrd3_0/fc000000.usb/xhci-hcd.11.auto/usb1/1-1/1-1:1.0/input/input17
[2025-09-27 19:28:39] [General - KernelLogLogger] [DEBUG] 2025-09-27T19:28:39.622055-06:00 photonvision kernel: usb 1-1: Failed to query (GET_RES) UVC control 1 on unit 2: -71 (exp. 2).
[2025-09-27 19:28:39] [General - KernelLogLogger] [DEBUG] 2025-09-27T19:28:39.635371-06:00 photonvision kernel: usb 1-1: Failed to query (GET_CUR) UVC control 2 on unit 2: -71 (exp. 2).
[2025-09-27 19:28:39] [General - KernelLogLogger] [DEBUG] 2025-09-27T19:28:39.638724-06:00 photonvision kernel: usb 1-1: Failed to query (GET_DEF) UVC control 1 on unit 2: -71 (exp. 2).
[2025-09-27 19:28:39] [General - KernelLogLogger] [DEBUG] 2025-09-27T19:28:39.695423-06:00 photonvision kernel: usb 1-1: USB disconnect, device number 3
[2025-09-27 19:28:40] [Camera - USBFrameProvider - Reef2] [ERROR] Error grabbing image: timed out getting frame
[2025-09-27 19:28:40] [CSCore - PvCSCoreLogger] [INFO] Reef2: Attempting to connect to USB camera on /dev/v4l/by-path/platform-xhci-hcd.11.auto-usb-0:1:1.0-video-index0
[2025-09-27 19:28:40] [CSCore - PvCSCoreLogger] [DEBUG] CS: DEBUG 7: Reef2: opening device (UsbCameraImpl.cpp:651)
[2025-09-27 19:28:40] [CSCore - PvCSCoreLogger] [INFO] Reef2: Attempting to connect to USB camera on /dev/v4l/by-path/platform-xhci-hcd.11.auto-usb-0:1:1.0-video-index0
[2025-09-27 19:28:40] [CSCore - PvCSCoreLogger] [DEBUG] CS: DEBUG 7: Reef2: opening device (UsbCameraImpl.cpp:651)
[2025-09-27 19:28:40] [CSCore - PvCSCoreLogger] [INFO] Reef2: Attempting to connect to USB camera on /dev/v4l/by-path/platform-xhci-hcd.11.auto-usb-0:1:1.0-video-index0
[2025-09-27 19:28:40] [CSCore - PvCSCoreLogger] [DEBUG] CS: DEBUG 7: Reef2: opening device (UsbCameraImpl.cpp:651)
[2025-09-27 19:28:40] [CSCore - PvCSCoreLogger] [INFO] Reef2: Attempting to connect to USB camera on /dev/v4l/by-path/platform-xhci-hcd.11.auto-usb-0:1:1.0-video-index0
[2025-09-27 19:28:40] [CSCore - PvCSCoreLogger] [DEBUG] CS: DEBUG 7: Reef2: opening device (UsbCameraImpl.cpp:651)
[2025-09-27 19:28:40] [CSCore - PvCSCoreLogger] [INFO] Reef2: Connected to USB camera on /dev/v4l/by-path/platform-xhci-hcd.11.auto-usb-0:1:1.0-video-index0
[2025-09-27 19:28:40] [CSCore - PvCSCoreLogger] [DEBUG] CS: DEBUG 7: Reef2: getting capabilities (UsbCameraImpl.cpp:663)
[2025-09-27 19:28:40] [CSCore - PvCSCoreLogger] [DEBUG] CS: DEBUG 7: Reef2: restoring video mode (UsbCameraImpl.cpp:681)
[2025-09-27 19:28:40] [CSCore - PvCSCoreLogger] [ERROR] CS: ERROR 40: ioctl VIDIOC_S_FMT failed at UsbCameraImpl.cpp:1025: Input/output error (UsbUtil.cpp:157)
[2025-09-27 19:28:40] [CSCore - PvCSCoreLogger] [WARN] CS: WARNING 30: Reef2: could not set format 1 res 320x240 (UsbCameraImpl.cpp:1026)
[2025-09-27 19:28:40] [CSCore - PvCSCoreLogger] [ERROR] CS: ERROR 40: ioctl VIDIOC_S_PARM failed at UsbCameraImpl.cpp:1052: Input/output error (UsbUtil.cpp:157)
[2025-09-27 19:28:40] [CSCore - PvCSCoreLogger] [WARN] CS: WARNING 30: Reef2: could not set FPS to 30 (UsbCameraImpl.cpp:1053)
[2025-09-27 19:28:40] [CSCore - PvCSCoreLogger] [DEBUG] CS: DEBUG 7: Reef2: restoring settings (UsbCameraImpl.cpp:686)
[2025-09-27 19:28:40] [CSCore - PvCSCoreLogger] [ERROR] CS: ERROR 40: ioctl VIDIOC_S_CTRL failed at UsbCameraProperty.cpp:77: Broken pipe (UsbUtil.cpp:157)
[2025-09-27 19:28:40] [CSCore - PvCSCoreLogger] [WARN] CS: WARNING 30: Reef2: failed to set property raw_brightness (UsbCameraImpl.cpp:695)
[2025-09-27 19:28:40] [CSCore - PvCSCoreLogger] [DEBUG] CS: DEBUG 7: Reef2: allocating buffers (UsbCameraImpl.cpp:701)
[2025-09-27 19:28:40] [CSCore - PvCSCoreLogger] [DEBUG] CS: DEBUG 7: Reef2: mapping buffers (UsbCameraImpl.cpp:715)
[2025-09-27 19:28:40] [CSCore - PvCSCoreLogger] [DEBUG] CS: DEBUG 7: Reef2: queuing buffers (UsbCameraImpl.cpp:765)
[2025-09-27 19:28:40] [CSCore - PvCSCoreLogger] [ERROR] CS: ERROR 40: Reef2: ioctl VIDIOC_STREAMON failed: Protocol error (UsbCameraImpl.cpp:789)
[2025-09-27 19:28:40] [CSCore - PvCSCoreLogger] [DEBUG] CS: DEBUG 7: Reef2: queuing buffers (UsbCameraImpl.cpp:765)
[2025-09-27 19:28:40] [CSCore - PvCSCoreLogger] [ERROR] CS: ERROR 40: ioctl VIDIOC_QBUF failed at UsbCameraImpl.cpp:772: No such device (UsbUtil.cpp:157)
[2025-09-27 19:28:40] [CSCore - PvCSCoreLogger] [WARN] CS: WARNING 30: Reef2: could not queue buffer 0 (UsbCameraImpl.cpp:773)
[2025-09-27 19:28:40] [CSCore - PvCSCoreLogger] [INFO] Reef2: Attempting to connect to USB camera on /dev/v4l/by-path/platform-xhci-hcd.11.auto-usb-0:1:1.0-video-index0
[2025-09-27 19:28:40] [CSCore - PvCSCoreLogger] [DEBUG] CS: DEBUG 7: Reef2: opening device (UsbCameraImpl.cpp:651)
[2025-09-27 19:28:40] [Camera - USBFrameProvider - Reef2] [ERROR] Error grabbing image: timed out getting frame
[2025-09-27 19:28:40] [Camera - USBFrameProvider - Reef2] [ERROR] Error grabbing image: timed out getting frame
[2025-09-27 19:28:40] [General - KernelLogLogger] [DEBUG] 2025-09-27T19:28:40.042079-06:00 photonvision kernel: usb 1-1: new high-speed USB device number 4 using xhci-hcd
[2025-09-27 19:28:40] [General - KernelLogLogger] [DEBUG] 2025-09-27T19:28:40.198773-06:00 photonvision kernel: usb 1-1: New USB device found, idVendor=0c45, idProduct=6366, bcdDevice= 1.00
[2025-09-27 19:28:40] [General - KernelLogLogger] [DEBUG] 2025-09-27T19:28:40.198812-06:00 photonvision kernel: usb 1-1: New USB device strings: Mfr=2, Product=1, SerialNumber=3
[2025-09-27 19:28:40] [General - KernelLogLogger] [DEBUG] 2025-09-27T19:28:40.198818-06:00 photonvision kernel: usb 1-1: Product: Reef2
[2025-09-27 19:28:40] [General - KernelLogLogger] [DEBUG] 2025-09-27T19:28:40.198820-06:00 photonvision kernel: usb 1-1: Manufacturer: Arducam Technology Co., Ltd.
[2025-09-27 19:28:40] [General - KernelLogLogger] [DEBUG] 2025-09-27T19:28:40.198823-06:00 photonvision kernel: usb 1-1: SerialNumber: 0002
[2025-09-27 19:28:40] [General - KernelLogLogger] [DEBUG] 2025-09-27T19:28:40.208708-06:00 photonvision kernel: usb 1-1: Found UVC 1.00 device Reef2 (0c45:6366)
[2025-09-27 19:28:40] [General - KernelLogLogger] [DEBUG] 2025-09-27T19:28:40.225396-06:00 photonvision kernel: usb 1-1: UVC non compliance - GET_DEF(PROBE) not supported. Enabling workaround.
[2025-09-27 19:28:40] [General - KernelLogLogger] [DEBUG] 2025-09-27T19:28:40.228681-06:00 photonvision kernel: input: Reef2: Reef2 as /devices/platform/usbdrd3_0/fc000000.usb/xhci-hcd.11.auto/usb1/1-1/1-1:1.0/input/input18
[2025-09-27 19:28:40] [General - KernelLogLogger] [DEBUG] 2025-09-27T19:28:40.258695-06:00 photonvision kernel: uvcvideo 1-1:1.1: Failed to set UVC probe control : -71 (exp. 26).
[2025-09-27 19:28:40] [General - KernelLogLogger] [DEBUG] 2025-09-27T19:28:40.262055-06:00 photonvision kernel: usb 1-1: Failed to query (GET_DEF) UVC control 2 on unit 2: -71 (exp. 2).
[2025-09-27 19:28:40] [General - KernelLogLogger] [DEBUG] 2025-09-27T19:28:40.262068-06:00 photonvision kernel: uvcvideo 1-1:1.1: Failed to set UVC probe control : -71 (exp. 26).
[2025-09-27 19:28:40] [General - KernelLogLogger] [DEBUG] 2025-09-27T19:28:40.262074-06:00 photonvision kernel: usb 1-1: Failed to query (GET_DEF) UVC control 2 on unit 2: -71 (exp. 2).
[2025-09-27 19:28:40] [General - KernelLogLogger] [DEBUG] 2025-09-27T19:28:40.262076-06:00 photonvision kernel: usb 1-1: Failed to query (GET_DEF) UVC control 2 on unit 2: -32 (exp. 2).
[2025-09-27 19:28:40] [General - KernelLogLogger] [DEBUG] 2025-09-27T19:28:40.382092-06:00 photonvision kernel: usb 1-1: USB disconnect, device number 4
[2025-09-27 19:28:40] [General - KernelLogLogger] [DEBUG] 2025-09-27T19:28:40.755423-06:00 photonvision kernel: usb 1-1: new high-speed USB device number 5 using xhci-hcd
[2025-09-27 19:28:40] [Camera - USBFrameProvider - Reef2] [ERROR] Error grabbing image: timed out getting frame
[2025-09-27 19:28:40] [CSCore - PvCSCoreLogger] [INFO] Reef2: Attempting to connect to USB camera on /dev/v4l/by-path/platform-xhci-hcd.11.auto-usb-0:1:1.0-video-index0
[2025-09-27 19:28:40] [CSCore - PvCSCoreLogger] [DEBUG] CS: DEBUG 7: Reef2: opening device (UsbCameraImpl.cpp:651)
[2025-09-27 19:28:40] [CSCore - PvCSCoreLogger] [INFO] Reef2: Attempting to connect to USB camera on /dev/v4l/by-path/platform-xhci-hcd.11.auto-usb-0:1:1.0-video-index0
[2025-09-27 19:28:40] [CSCore - PvCSCoreLogger] [DEBUG] CS: DEBUG 7: Reef2: opening device (UsbCameraImpl.cpp:651)
[2025-09-27 19:28:40] [CSCore - PvCSCoreLogger] [INFO] Reef2: Attempting to connect to USB camera on /dev/v4l/by-path/platform-xhci-hcd.11.auto-usb-0:1:1.0-video-index0
[2025-09-27 19:28:40] [CSCore - PvCSCoreLogger] [DEBUG] CS: DEBUG 7: Reef2: opening device (UsbCameraImpl.cpp:651)
[2025-09-27 19:28:40] [CSCore - PvCSCoreLogger] [INFO] Reef2: Attempting to connect to USB camera on /dev/v4l/by-path/platform-xhci-hcd.11.auto-usb-0:1:1.0-video-index0
[2025-09-27 19:28:40] [CSCore - PvCSCoreLogger] [DEBUG] CS: DEBUG 7: Reef2: opening device (UsbCameraImpl.cpp:651)
[2025-09-27 19:28:40] [CSCore - PvCSCoreLogger] [INFO] Reef2: Connected to USB camera on /dev/v4l/by-path/platform-xhci-hcd.11.auto-usb-0:1:1.0-video-index0
[2025-09-27 19:28:40] [CSCore - PvCSCoreLogger] [DEBUG] CS: DEBUG 7: Reef2: getting capabilities (UsbCameraImpl.cpp:663)
[2025-09-27 19:28:40] [CSCore - PvCSCoreLogger] [DEBUG] CS: DEBUG 7: Reef2: restoring video mode (UsbCameraImpl.cpp:681)
[2025-09-27 19:28:40] [CSCore - PvCSCoreLogger] [INFO] Reef2: set format 1 res 320x240
[2025-09-27 19:28:41] [CSCore - PvCSCoreLogger] [INFO] Reef2: set FPS to 30
[2025-09-27 19:28:41] [CSCore - PvCSCoreLogger] [DEBUG] CS: DEBUG 7: Reef2: restoring settings (UsbCameraImpl.cpp:686)
[2025-09-27 19:28:41] [CSCore - PvCSCoreLogger] [DEBUG] CS: DEBUG 7: Reef2: allocating buffers (UsbCameraImpl.cpp:701)
[2025-09-27 19:28:41] [CSCore - PvCSCoreLogger] [DEBUG] CS: DEBUG 7: Reef2: mapping buffers (UsbCameraImpl.cpp:715)
[2025-09-27 19:28:41] [CSCore - PvCSCoreLogger] [DEBUG] CS: DEBUG 7: Reef2: queuing buffers (UsbCameraImpl.cpp:765)
[2025-09-27 19:28:41] [Camera - USBFrameProvider - Reef2] [ERROR] Error grabbing image: timed out getting frame
[2025-09-27 19:28:41] [CSCore - PvCSCoreLogger] [ERROR] CS: ERROR 40: Reef2: ioctl VIDIOC_STREAMON failed: Protocol error (UsbCameraImpl.cpp:789)
[2025-09-27 19:28:41] [Camera - USBFrameProvider - Reef2] [ERROR] Error grabbing image: timed out getting frame
[2025-09-27 19:28:41] [Camera - USBFrameProvider - Reef2] [ERROR] Error grabbing image: timed out getting frame
[2025-09-27 19:28:41] [General - KernelLogLogger] [DEBUG] 2025-09-27T19:28:40.915390-06:00 photonvision kernel: usb 1-1: New USB device found, idVendor=0c45, idProduct=6366, bcdDevice= 1.00
[2025-09-27 19:28:41] [General - KernelLogLogger] [DEBUG] 2025-09-27T19:28:40.915431-06:00 photonvision kernel: usb 1-1: New USB device strings: Mfr=2, Product=1, SerialNumber=3
[2025-09-27 19:28:41] [General - KernelLogLogger] [DEBUG] 2025-09-27T19:28:40.915435-06:00 photonvision kernel: usb 1-1: Product: Reef2
[2025-09-27 19:28:41] [General - KernelLogLogger] [DEBUG] 2025-09-27T19:28:40.915440-06:00 photonvision kernel: usb 1-1: Manufacturer: Arducam Technology Co., Ltd.
[2025-09-27 19:28:41] [General - KernelLogLogger] [DEBUG] 2025-09-27T19:28:40.915443-06:00 photonvision kernel: usb 1-1: SerialNumber: 0002
[2025-09-27 19:28:41] [General - KernelLogLogger] [DEBUG] 2025-09-27T19:28:40.925400-06:00 photonvision kernel: usb 1-1: Found UVC 1.00 device Reef2 (0c45:6366)
[2025-09-27 19:28:41] [General - KernelLogLogger] [DEBUG] 2025-09-27T19:28:40.952106-06:00 photonvision kernel: input: Reef2: Reef2 as /devices/platform/usbdrd3_0/fc000000.usb/xhci-hcd.11.auto/usb1/1-1/1-1:1.0/input/input19
[2025-09-27 19:28:41] [General - KernelLogLogger] [DEBUG] 2025-09-27T19:28:41.228686-06:00 photonvision kernel: usb 1-1: Failed to query (GET_CUR) UVC control 6 on unit 2: -71 (exp. 2).
[2025-09-27 19:28:41] [General - KernelLogLogger] [DEBUG] nvision kernel: usb 1-1: Failed to query (GET_DEF) UVC control 2 on unit 2: -71 (exp. 2).
[2025-09-27 19:28:41] [General - KernelLogLogger] [DEBUG] 2025-09-27T19:28:40.262076-06:00 photonvisi
[2025-09-27 19:28:42] [Camera - USBFrameProvider - Reef2] [ERROR] Error grabbing image: timed out getting frame
[2025-09-27 19:28:42] [Camera - USBFrameProvider - Reef2] [ERROR] Error grabbing image: timed out getting frame
[2025-09-27 19:28:42] [Camera - USBFrameProvider - Reef2] [ERROR] Error grabbing image: timed out getting frame
[2025-09-27 19:28:42] [Camera - USBFrameProvider - Reef2] [ERROR] Error grabbing image: timed out getting frame
[2025-09-27 19:28:43] [Camera - USBFrameProvider - Reef2] [ERROR] Error grabbing image: timed out getting frame
[2025-09-27 19:28:43] [CSCore - PvCSCoreLogger] [DEBUG] CS: DEBUG 7: Reef2: queuing buffers (UsbCameraImpl.cpp:765)
[2025-09-27 19:28:43] [CSCore - PvCSCoreLogger] [ERROR] CS: ERROR 40: ioctl VIDIOC_QBUF failed at UsbCameraImpl.cpp:772: Invalid argument (UsbUtil.cpp:157)
[2025-09-27 19:28:43] [CSCore - PvCSCoreLogger] [WARN] CS: WARNING 30: Reef2: could not queue buffer 0 (UsbCameraImpl.cpp:773)
[2025-09-27 19:28:43] [Camera - USBFrameProvider - Reef2] [ERROR] Error grabbing image: timed out getting frame
[2025-09-27 19:28:43] [Camera - USBFrameProvider - Reef2] [ERROR] Error grabbing image: timed out getting frame
[2025-09-27 19:28:43] [Camera - USBFrameProvider - Reef2] [ERROR] Error grabbing image: timed out getting frame
[2025-09-27 19:28:44] [Camera - USBFrameProvider - Reef2] [ERROR] Error grabbing image: timed out getting frame
[2025-09-27 19:28:44] [Camera - USBFrameProvider - Reef2] [ERROR] Error grabbing image: timed out getting frame
[2025-09-27 19:28:44] [Camera - USBFrameProvider - Reef2] [ERROR] Error grabbing image: timed out getting frame
[2025-09-27 19:28:45] [Camera - USBFrameProvider - Reef2] [ERROR] Error grabbing image: timed out getting frame
[2025-09-27 19:28:45] [CSCore - PvCSCoreLogger] [DEBUG] CS: DEBUG 7: Reef2: queuing buffers (UsbCameraImpl.cpp:765)
[2025-09-27 19:28:45] [CSCore - PvCSCoreLogger] [ERROR] CS: ERROR 40: ioctl VIDIOC_QBUF failed at UsbCameraImpl.cpp:772: Invalid argument (UsbUtil.cpp:157)
[2025-09-27 19:28:45] [CSCore - PvCSCoreLogger] [WARN] CS: WARNING 30: Reef2: could not queue buffer 0 (UsbCameraImpl.cpp:773)
[2025-09-27 19:28:45] [Camera - USBFrameProvider - Reef2] [ERROR] Error grabbing image: timed out getting frame
[2025-09-27 19:28:45] [Camera - USBFrameProvider - Reef2] [ERROR] Error grabbing image: timed out getting frame
[2025-09-27 19:28:45] [Camera - USBFrameProvider - Reef2] [ERROR] Error grabbing image: timed out getting frame
[2025-09-27 19:28:46] [Camera - USBFrameProvider - Reef2] [ERROR] Error grabbing image: timed out getting frame
[2025-09-27 19:28:46] [Camera - USBFrameProvider - Reef2] [ERROR] Error grabbing image: timed out getting frame
[2025-09-27 19:28:46] [Camera - USBFrameProvider - Reef2] [ERROR] Error grabbing image: timed out getting frame
[2025-09-27 19:28:46] [Camera - USBFrameProvider - Reef2] [ERROR] Error grabbing image: timed out getting frame
[2025-09-27 19:28:47] [Camera - USBFrameProvider - Reef2] [ERROR] Error grabbing image: timed out getting frame
[2025-09-27 19:28:47] [CSCore - PvCSCoreLogger] [DEBUG] CS: DEBUG 7: Reef2: queuing buffers (UsbCameraImpl.cpp:765)
[2025-09-27 19:28:47] [CSCore - PvCSCoreLogger] [ERROR] CS: ERROR 40: ioctl VIDIOC_QBUF failed at UsbCameraImpl.cpp:772: Invalid argument (UsbUtil.cpp:157)
[2025-09-27 19:28:47] [CSCore - PvCSCoreLogger] [WARN] CS: WARNING 30: Reef2: could not queue buffer 0 (UsbCameraImpl.cpp:773)
[2025-09-27 19:28:47] [Camera - USBFrameProvider - Reef2] [ERROR] Error grabbing image: timed out getting frame
[2025-09-27 19:28:47] [Camera - USBFrameProvider - Reef2] [ERROR] Error grabbing image: timed out getting frame
[2025-09-27 19:28:47] [Camera - USBFrameProvider - Reef2] [ERROR] Error grabbing image: timed out getting frame
[2025-09-27 19:28:48] [Camera - USBFrameProvider - Reef2] [ERROR] Error grabbing image: timed out getting frame
[2025-09-27 19:28:48] [Camera - USBFrameProvider - Reef2] [ERROR] Error grabbing image: timed out getting frame
[2025-09-27 19:28:48] [CSCore - PvCSCoreLogger] [DEBUG] CS: DEBUG 7: Reef2: queuing buffers (UsbCameraImpl.cpp:765)
[2025-09-27 19:28:48] [CSCore - PvCSCoreLogger] [ERROR] CS: ERROR 40: ioctl VIDIOC_QBUF failed at UsbCameraImpl.cpp:772: Invalid argument (UsbUtil.cpp:157)
[2025-09-27 19:28:48] [CSCore - PvCSCoreLogger] [WARN] CS: WARNING 30: Reef2: could not queue buffer 0 (UsbCameraImpl.cpp:773)
[2025-09-27 19:28:48] [CSCore - PvCSCoreLogger] [DEBUG] CS: DEBUG 7: Reef2: queuing buffers (UsbCameraImpl.cpp:765)
[2025-09-27 19:28:48] [CSCore - PvCSCoreLogger] [ERROR] CS: ERROR 40: ioctl VIDIOC_QBUF failed at UsbCameraImpl.cpp:772: Invalid argument (UsbUtil.cpp:157)
[2025-09-27 19:28:48] [CSCore - PvCSCoreLogger] [WARN] CS: WARNING 30: Reef2: could not queue buffer 0 (UsbCameraImpl.cpp:773)
[2025-09-27 19:28:48] [CSCore - PvCSCoreLogger] [DEBUG] CS: DEBUG 7: Reef2: queuing buffers (UsbCameraImpl.cpp:765)
[2025-09-27 19:28:48] [CSCore - PvCSCoreLogger] [ERROR] CS: ERROR 40: ioctl VIDIOC_QBUF failed at UsbCameraImpl.cpp:772: Invalid argument (UsbUtil.cpp:157)
[2025-09-27 19:28:48] [CSCore - PvCSCoreLogger] [WARN] CS: WARNING 30: Reef2: could not queue buffer 0 (UsbCameraImpl.cpp:773)
[2025-09-27 19:28:48] [CSCore - PvCSCoreLogger] [DEBUG] CS: DEBUG 7: Reef2: queuing buffers (UsbCameraImpl.cpp:765)
[2025-09-27 19:28:48] [CSCore - PvCSCoreLogger] [ERROR] CS: ERROR 40: ioctl VIDIOC_QBUF failed at UsbCameraImpl.cpp:772: Invalid argument (UsbUtil.cpp:157)
[2025-09-27 19:28:48] [CSCore - PvCSCoreLogger] [WARN] CS: WARNING 30: Reef2: could not queue buffer 0 (UsbCameraImpl.cpp:773)
[2025-09-27 19:28:48] [Camera - USBFrameProvider - Reef2] [ERROR] Error grabbing image: timed out getting frame
[2025-09-27 19:28:48] [General - KernelLogLogger] [DEBUG] 2025-09-27T19:28:48.735408-06:00 photonvision kernel: usb usb7-port1: disabled by hub (EMI?), re-enabling...
[2025-09-27 19:28:48] [General - KernelLogLogger] [DEBUG] 2025-09-27T19:28:48.735426-06:00 photonvision kernel: usb 7-1: USB disconnect, device number 3
[2025-09-27 19:28:48] [General - KernelLogLogger] [DEBUG] evice stringA
[2025-09-27 19:28:49] [Camera - USBFrameProvider - Reef2] [ERROR] Error grabbing image: timed out getting frame
[2025-09-27 19:28:49] [Camera - USBFrameProvider - Reef2] [ERROR] Error grabbing image: timed out getting frame
[2025-09-27 19:28:49] [Camera - USBFrameProvider - Reef2] [ERROR] Error grabbing image: timed out getting frame
[2025-09-27 19:28:49] [General - KernelLogLogger] [DEBUG] 2025-09-27T19:28:49.088684-06:00 photonvision kernel: usb 7-1: new high-speed USB device number 4 using ehci-platform
[2025-09-27 19:28:49] [General - KernelLogLogger] [DEBUG] 2025-09-27T19:28:49.245348-06:00 photonvision kernel: usb 7-1: device descriptor read/all, error -71
[2025-09-27 19:28:49] [General - KernelLogLogger] [DEBUG] 2025-09-27T19:28:49.375360-06:00 photonvision kernel: usb 7-1: new high-speed USB device number 5 using ehci-platform
[2025-09-27 19:28:49] [General - KernelLogLogger] [DEBUG] 2025-09-27T19:28:49.825399-06:00 photonvision kernel: usb 7-1: New USB device found, idVendor=0c45, idProduct=6366, bcdDevice= 1.00
[2025-09-27 19:28:49] [General - KernelLogLogger] [DEBUG] 2025-09-27T19:28:49.825416-06:00 photonvision kernel: usb 7-1: New USB device strings: Mfr=2, Product=1, SerialNumber=3
[2025-09-27 19:28:49] [General - KernelLogLogger] [DEBUG] 2025-09-27T19:28:49.825417-06:00 photonvision kernel: usb 7-1: Product: AprilTag1
[2025-09-27 19:28:49] [General - KernelLogLogger] [DEBUG] 2025-09-27T19:28:49.825418-06:00 photonvision kernel: usb 7-1: Manufacturer: Arducam Technology Co., Ltd.
[2025-09-27 19:28:49] [General - KernelLogLogger] [DEBUG] 2025-09-27T19:28:49.825419-06:00 photonvision kernel: usb 7-1: SerialNumber: 0001
[2025-09-27 19:28:49] [General - KernelLogLogger] [DEBUG] 28:40.198818-
[2025-09-27 19:28:49] [CSCore - PvCSCoreLogger] [DEBUG] CS: DEBUG 7: Reef2: queuing buffers (UsbCameraImpl.cpp:765)
[2025-09-27 19:28:49] [CSCore - PvCSCoreLogger] [ERROR] CS: ERROR 40: ioctl VIDIOC_QBUF failed at UsbCameraImpl.cpp:772: Invalid argument (UsbUtil.cpp:157)
[2025-09-27 19:28:49] [CSCore - PvCSCoreLogger] [WARN] CS: WARNING 30: Reef2: could not queue buffer 0 (UsbCameraImpl.cpp:773)
[2025-09-27 19:28:49] [CSCore - PvCSCoreLogger] [DEBUG] CS: DEBUG 7: Reef2: queuing buffers (UsbCameraImpl.cpp:765)
[2025-09-27 19:28:49] [CSCore - PvCSCoreLogger] [ERROR] CS: ERROR 40: ioctl VIDIOC_QBUF failed at UsbCameraImpl.cpp:772: Invalid argument (UsbUtil.cpp:157)
[2025-09-27 19:28:49] [CSCore - PvCSCoreLogger] [WARN] CS: WARNING 30: Reef2: could not queue buffer 0 (UsbCameraImpl.cpp:773)
[2025-09-27 19:28:49] [CSCore - PvCSCoreLogger] [DEBUG] CS: DEBUG 7: Reef2: queuing buffers (UsbCameraImpl.cpp:765)
[2025-09-27 19:28:49] [CSCore - PvCSCoreLogger] [ERROR] CS: ERROR 40: ioctl VIDIOC_QBUF failed at UsbCameraImpl.cpp:772: Invalid argument (UsbUtil.cpp:157)
[2025-09-27 19:28:49] [CSCore - PvCSCoreLogger] [WARN] CS: WARNING 30: Reef2: could not queue buffer 0 (UsbCameraImpl.cpp:773)
[2025-09-27 19:28:49] [Camera - USBFrameProvider - Reef2] [ERROR] Error grabbing image: timed out getting frame
[2025-09-27 19:28:49] [CSCore - PvCSCoreLogger] [DEBUG] CS: DEBUG 7: Reef2: queuing buffers (UsbCameraImpl.cpp:765)
[2025-09-27 19:28:49] [CSCore - PvCSCoreLogger] [ERROR] CS: ERROR 40: ioctl VIDIOC_QBUF failed at UsbCameraImpl.cpp:772: Invalid argument (UsbUtil.cpp:157)
[2025-09-27 19:28:49] [CSCore - PvCSCoreLogger] [WARN] CS: WARNING 30: Reef2: could not queue buffer 0 (UsbCameraImpl.cpp:773)
[2025-09-27 19:28:49] [CSCore - PvCSCoreLogger] [DEBUG] CS: DEBUG 7: Reef2: queuing buffers (UsbCameraImpl.cpp:765)
[2025-09-27 19:28:49] [CSCore - PvCSCoreLogger] [ERROR] CS: ERROR 40: ioctl VIDIOC_QBUF failed at UsbCameraImpl.cpp:772: Invalid argument (UsbUtil.cpp:157)
[2025-09-27 19:28:49] [CSCore - PvCSCoreLogger] [WARN] CS: WARNING 30: Reef2: could not queue buffer 0 (UsbCameraImpl.cpp:773)
[2025-09-27 19:28:49] [CSCore - PvCSCoreLogger] [DEBUG] CS: DEBUG 7: Reef2: queuing buffers (UsbCameraImpl.cpp:765)
[2025-09-27 19:28:49] [CSCore - PvCSCoreLogger] [ERROR] CS: ERROR 40: ioctl VIDIOC_QBUF failed at UsbCameraImpl.cpp:772: Invalid argument (UsbUtil.cpp:157)
[2025-09-27 19:28:49] [CSCore - PvCSCoreLogger] [WARN] CS: WARNING 30: Reef2: could not queue buffer 0 (UsbCameraImpl.cpp:773)
[2025-09-27 19:28:49] [CSCore - PvCSCoreLogger] [DEBUG] CS: DEBUG 7: Reef2: queuing buffers (UsbCameraImpl.cpp:765)
[2025-09-27 19:28:49] [CSCore - PvCSCoreLogger] [ERROR] CS: ERROR 40: ioctl VIDIOC_QBUF failed at UsbCameraImpl.cpp:772: Invalid argument (UsbUtil.cpp:157)
[2025-09-27 19:28:49] [CSCore - PvCSCoreLogger] [WARN] CS: WARNING 30: Reef2: could not queue buffer 0 (UsbCameraImpl.cpp:773)
[2025-09-27 19:28:49] [CSCore - PvCSCoreLogger] [DEBUG] CS: DEBUG 7: Reef2: queuing buffers (UsbCameraImpl.cpp:765)
[2025-09-27 19:28:49] [CSCore - PvCSCoreLogger] [ERROR] CS: ERROR 40: ioctl VIDIOC_QBUF failed at UsbCameraImpl.cpp:772: Invalid argument (UsbUtil.cpp:157)
[2025-09-27 19:28:49] [CSCore - PvCSCoreLogger] [WARN] CS: WARNING 30: Reef2: could not queue buffer 0 (UsbCameraImpl.cpp:773)
[2025-09-27 19:28:50] [Camera - USBFrameProvider - Reef2] [ERROR] Error grabbing image: timed out getting frame
[2025-09-27 19:28:50] [Camera - USBFrameProvider - Reef2] [ERROR] Error grabbing image: timed out getting frame
[2025-09-27 19:28:50] [CSCore - PvCSCoreLogger] [DEBUG] CS: DEBUG 7: Reef2: queuing buffers (UsbCameraImpl.cpp:765)
[2025-09-27 19:28:50] [CSCore - PvCSCoreLogger] [ERROR] CS: ERROR 40: ioctl VIDIOC_QBUF failed at UsbCameraImpl.cpp:772: Invalid argument (UsbUtil.cpp:157)
[2025-09-27 19:28:50] [CSCore - PvCSCoreLogger] [WARN] CS: WARNING 30: Reef2: could not queue buffer 0 (UsbCameraImpl.cpp:773)
[2025-09-27 19:28:50] [CSCore - PvCSCoreLogger] [DEBUG] CS: DEBUG 7: Reef2: queuing buffers (UsbCameraImpl.cpp:765)
[2025-09-27 19:28:50] [CSCore - PvCSCoreLogger] [ERROR] CS: ERROR 40: ioctl VIDIOC_QBUF failed at UsbCameraImpl.cpp:772: Invalid argument (UsbUtil.cpp:157)
[2025-09-27 19:28:50] [CSCore - PvCSCoreLogger] [WARN] CS: WARNING 30: Reef2: could not queue buffer 0 (UsbCameraImpl.cpp:773)
[2025-09-27 19:28:50] [CSCore - PvCSCoreLogger] [DEBUG] CS: DEBUG 7: Reef2: queuing buffers (UsbCameraImpl.cpp:765)
[2025-09-27 19:28:50] [CSCore - PvCSCoreLogger] [ERROR] CS: ERROR 40: ioctl VIDIOC_QBUF failed at UsbCameraImpl.cpp:772: Invalid argument (UsbUtil.cpp:157)
[2025-09-27 19:28:50] [CSCore - PvCSCoreLogger] [WARN] CS: WARNING 30: Reef2: could not queue buffer 0 (UsbCameraImpl.cpp:773)
[2025-09-27 19:28:50] [CSCore - PvCSCoreLogger] [DEBUG] CS: DEBUG 7: Reef2: queuing buffers (UsbCameraImpl.cpp:765)
[2025-09-27 19:28:50] [CSCore - PvCSCoreLogger] [ERROR] CS: ERROR 40: ioctl VIDIOC_QBUF failed at UsbCameraImpl.cpp:772: Invalid argument (UsbUtil.cpp:157)
[2025-09-27 19:28:50] [CSCore - PvCSCoreLogger] [WARN] CS: WARNING 30: Reef2: could not queue buffer 0 (UsbCameraImpl.cpp:773)
[2025-09-27 19:28:50] [Camera - USBFrameProvider - Reef2] [ERROR] Error grabbing image: timed out getting frame
[2025-09-27 19:28:50] [General - KernelLogLogger] [DEBUG] 2025-09-27T19:28:49.828719-06:00 photonvision kernel: usb 7-1: Found UVC 1.00 device AprilTag1 (0c45:6366)
[2025-09-27 19:28:50] [General - KernelLogLogger] [DEBUG] 2025-09-27T19:28:49.855343-06:00 photonvision kernel: input: AprilTag1: AprilTag1 as /devices/platform/fc880000.usb/usb7/7-1/7-1:1.0/input/input20
[2025-09-27 19:28:50] [General - KernelLogLogger] [DEBUG] 2025-09-27T19:28:49.892162-06:00 photonvision kernel: usb 7-1: Failed to query (GET_MAX) UVC control 2 on unit 2: -32 (exp. 2).
[2025-09-27 19:28:50] [General - KernelLogLogger] [DEBUG] 2025-09-27T19:28:49.902101-06:00 photonvision kernel: usb 7-1: Failed to query (GET_MIN) UVC control 2 on unit 2: -32 (exp. 2).
[2025-09-27 19:28:50] [General - KernelLogLogger] [DEBUG] 2025-09-27T19:28:49.912019-06:00 photonvision kernel: usb usb7-port1: disabled by hub (EMI?), re-enabling...
[2025-09-27 19:28:50] [General - KernelLogLogger] [DEBUG] 2025-09-27T19:28:49.912031-06:00 photonvision kernel: usb 7-1: USB disconnect, device number 5
[2025-09-27 19:28:50] [General - KernelLogLogger] [DEBUG] 2025-09-27T19:28:50.232021-06:00 photonvision kernel: usb 7-1: new high-speed USB device number 6 using ehci-platform
[2025-09-27 19:28:50] [General - KernelLogLogger] [DEBUG] 2025-09-27T19:28:50.398732-06:00 photonvision kernel: usb 7-1: New USB device found, idVendor=0c45, idProduct=6366, bcdDevice= 1.00
[2025-09-27 19:28:50] [General - KernelLogLogger] [DEBUG] 2025-09-27T19:28:50.398748-06:00 photonvision kernel: usb 7-1: New USB device strings: Mfr=2, Product=1, SerialNumber=3
[2025-09-27 19:28:50] [General - KernelLogLogger] [DEBUG] 2025-09-27T19:28:50.398750-06:00 photonvision kernel: usb 7-1: Product: AprilTag1
[2025-09-27 19:28:50] [General - KernelLogLogger] [DEBUG] 2025-09-27T19:28:50.398750-06:00 photonvision kernel: usb 7-1: Manufacturer: Arducam Technology Co., Ltd.
[2025-09-27 19:28:50] [General - KernelLogLogger] [DEBUG] 2025-09-27T19:28:50.398752-06:00 photonvision kernel: usb 7-1: SerialNumber: 0001
[2025-09-27 19:28:50] [General - KernelLogLogger] [DEBUG] 2025-09-27T19:28:50.402058-06:00 photonvision kernel: usb 7-1: Found UVC 1.00 device AprilTag1 (0c45:6366)
[2025-09-27 19:28:50] [General - KernelLogLogger] [DEBUG] 2025-09-27T19:28:50.428733-06:00 photonvision kernel: input: AprilTag1: AprilTag1 as /devices/platform/fc880000.usb/usb7/7-1/7-1:1.0/input/input21
[2025-09-27 19:28:50] [Camera - USBFrameProvider - Reef2] [ERROR] Error grabbing image: timed out getting frame
[2025-09-27 19:28:51] [Camera - USBFrameProvider - Reef2] [ERROR] Error grabbing image: timed out getting frame
[2025-09-27 19:28:51] [Camera - USBFrameProvider - Reef2] [ERROR] Error grabbing image: timed out getting frame
[2025-09-27 19:28:51] [Camera - USBFrameProvider - Reef2] [ERROR] Error grabbing image: timed out getting frame
[2025-09-27 19:28:52] [Camera - USBFrameProvider - Reef2] [ERROR] Error grabbing image: timed out getting frame
[2025-09-27 19:28:52] [Camera - USBFrameProvider - Reef2] [ERROR] Error grabbing image: timed out getting frame
[2025-09-27 19:28:52] [CSCore - PvCSCoreLogger] [DEBUG] CS: DEBUG 7: Reef2: queuing buffers (UsbCameraImpl.cpp:765)
[2025-09-27 19:28:52] [CSCore - PvCSCoreLogger] [ERROR] CS: ERROR 40: ioctl VIDIOC_QBUF failed at UsbCameraImpl.cpp:772: Invalid argument (UsbUtil.cpp:157)
[2025-09-27 19:28:52] [CSCore - PvCSCoreLogger] [WARN] CS: WARNING 30: Reef2: could not queue buffer 0 (UsbCameraImpl.cpp:773)
[2025-09-27 19:28:52] [Camera - USBFrameProvider - Reef2] [ERROR] Error grabbing image: timed out getting frame
[2025-09-27 19:28:52] [Camera - USBFrameProvider - Reef2] [ERROR] Error grabbing image: timed out getting frame
[2025-09-27 19:28:53] [Camera - USBFrameProvider - Reef2] [ERROR] Error grabbing image: timed out getting frame
[2025-09-27 19:28:53] [Camera - USBFrameProvider - Reef2] [ERROR] Error grabbing image: timed out getting frame
[2025-09-27 19:28:53] [Camera - USBFrameProvider - Reef2] [ERROR] Error grabbing image: timed out getting frame
[2025-09-27 19:28:53] [Camera - USBFrameProvider - Reef2] [ERROR] Error grabbing image: timed out getting frame
[2025-09-27 19:28:54] [Camera - USBFrameProvider - Reef2] [ERROR] Error grabbing image: timed out getting frame
[2025-09-27 19:28:54] [CSCore - PvCSCoreLogger] [DEBUG] CS: DEBUG 7: Reef2: queuing buffers (UsbCameraImpl.cpp:765)
[2025-09-27 19:28:54] [CSCore - PvCSCoreLogger] [ERROR] CS: ERROR 40: ioctl VIDIOC_QBUF failed at UsbCameraImpl.cpp:772: Invalid argument (UsbUtil.cpp:157)
[2025-09-27 19:28:54] [CSCore - PvCSCoreLogger] [WARN] CS: WARNING 30: Reef2: could not queue buffer 0 (UsbCameraImpl.cpp:773)
[2025-09-27 19:28:54] [Camera - USBFrameProvider - Reef2] [ERROR] Error grabbing image: timed out getting frame
[2025-09-27 19:28:54] [Camera - USBFrameProvider - Reef2] [ERROR] Error grabbing image: timed out getting frame
[2025-09-27 19:28:55] [Camera - USBFrameProvider - Reef2] [ERROR] Error grabbing image: timed out getting frame
[2025-09-27 19:28:55] [Camera - USBFrameProvider - Reef2] [ERROR] Error grabbing image: timed out getting frame
[2025-09-27 19:28:55] [CSCore - PvCSCoreLogger] [DEBUG] CS: DEBUG 7: Reef2: queuing buffers (UsbCameraImpl.cpp:765)
[2025-09-27 19:28:55] [CSCore - PvCSCoreLogger] [ERROR] CS: ERROR 40: ioctl VIDIOC_QBUF failed at UsbCameraImpl.cpp:772: Invalid argument (UsbUtil.cpp:157)
[2025-09-27 19:28:55] [CSCore - PvCSCoreLogger] [WARN] CS: WARNING 30: Reef2: could not queue buffer 0 (UsbCameraImpl.cpp:773)
[2025-09-27 19:28:55] [CSCore - PvCSCoreLogger] [DEBUG] CS: DEBUG 7: Reef2: queuing buffers (UsbCameraImpl.cpp:765)
[2025-09-27 19:28:55] [CSCore - PvCSCoreLogger] [ERROR] CS: ERROR 40: ioctl VIDIOC_QBUF failed at UsbCameraImpl.cpp:772: Invalid argument (UsbUtil.cpp:157)
[2025-09-27 19:28:55] [CSCore - PvCSCoreLogger] [WARN] CS: WARNING 30: Reef2: could not queue buffer 0 (UsbCameraImpl.cpp:773)
[2025-09-27 19:28:55] [CSCore - PvCSCoreLogger] [DEBUG] CS: DEBUG 7: Reef2: queuing buffers (UsbCameraImpl.cpp:765)
[2025-09-27 19:28:55] [CSCore - PvCSCoreLogger] [ERROR] CS: ERROR 40: ioctl VIDIOC_QBUF failed at UsbCameraImpl.cpp:772: Invalid argument (UsbUtil.cpp:157)
[2025-09-27 19:28:55] [CSCore - PvCSCoreLogger] [WARN] CS: WARNING 30: Reef2: could not queue buffer 0 (UsbCameraImpl.cpp:773)
[2025-09-27 19:28:55] [CSCore - PvCSCoreLogger] [DEBUG] CS: DEBUG 7: Reef2: queuing buffers (UsbCameraImpl.cpp:765)
[2025-09-27 19:28:55] [CSCore - PvCSCoreLogger] [ERROR] CS: ERROR 40: ioctl VIDIOC_QBUF failed at UsbCameraImpl.cpp:772: Invalid argument (UsbUtil.cpp:157)
[2025-09-27 19:28:55] [CSCore - PvCSCoreLogger] [WARN] CS: WARNING 30: Reef2: could not queue buffer 0 (UsbCameraImpl.cpp:773)
[2025-09-27 19:28:55] [Camera - USBFrameProvider - Reef2] [ERROR] Error grabbing image: timed out getting frame
[2025-09-27 19:28:55] [Camera - USBFrameProvider - Reef2] [ERROR] Error grabbing image: timed out getting frame
[2025-09-27 19:28:55] [General - KernelLogLogger] [DEBUG] 2025-09-27T19:28:55.455353-06:00 photonvision kernel: usb usb7-port1: disabled by hub (EMI?), re-enabling...
[2025-09-27 19:28:55] [General - KernelLogLogger] [DEBUG] 2025-09-27T19:28:55.455370-06:00 photonvision kernel: usb 7-1: USB disconnect, device number 6
[2025-09-27 19:28:55] [General - KernelLogLogger] [DEBUG] 2025-09-27T19:28:55.788735-06:00 photonvision kernel: usb 7-1: new high-speed USB device number 7 using ehci-platform
[2025-09-27 19:28:55] [General - KernelLogLogger] [DEBUG] tonvision kernel: usb usb7-port1: disabled by hub (EMI?), re-enabling...
[2025-09-27 19:28:55] [General - KernelLogLogger] [DEBUG] 2025-09-27T19±
[2025-09-27 19:28:56] [CSCore - PvCSCoreLogger] [DEBUG] CS: DEBUG 7: Reef2: queuing buffers (UsbCameraImpl.cpp:765)
[2025-09-27 19:28:56] [CSCore - PvCSCoreLogger] [ERROR] CS: ERROR 40: ioctl VIDIOC_QBUF failed at UsbCameraImpl.cpp:772: Invalid argument (UsbUtil.cpp:157)
[2025-09-27 19:28:56] [CSCore - PvCSCoreLogger] [WARN] CS: WARNING 30: Reef2: could not queue buffer 0 (UsbCameraImpl.cpp:773)
[2025-09-27 19:28:56] [CSCore - PvCSCoreLogger] [DEBUG] CS: DEBUG 7: Reef2: queuing buffers (UsbCameraImpl.cpp:765)
[2025-09-27 19:28:56] [CSCore - PvCSCoreLogger] [ERROR] CS: ERROR 40: ioctl VIDIOC_QBUF failed at UsbCameraImpl.cpp:772: Invalid argument (UsbUtil.cpp:157)
[2025-09-27 19:28:56] [CSCore - PvCSCoreLogger] [WARN] CS: WARNING 30: Reef2: could not queue buffer 0 (UsbCameraImpl.cpp:773)
[2025-09-27 19:28:56] [CSCore - PvCSCoreLogger] [DEBUG] CS: DEBUG 7: Reef2: queuing buffers (UsbCameraImpl.cpp:765)
[2025-09-27 19:28:56] [CSCore - PvCSCoreLogger] [ERROR] CS: ERROR 40: ioctl VIDIOC_QBUF failed at UsbCameraImpl.cpp:772: Invalid argument (UsbUtil.cpp:157)
[2025-09-27 19:28:56] [CSCore - PvCSCoreLogger] [WARN] CS: WARNING 30: Reef2: could not queue buffer 0 (UsbCameraImpl.cpp:773)
[2025-09-27 19:28:56] [CSCore - PvCSCoreLogger] [DEBUG] CS: DEBUG 7: Reef2: queuing buffers (UsbCameraImpl.cpp:765)
[2025-09-27 19:28:56] [CSCore - PvCSCoreLogger] [ERROR] CS: ERROR 40: ioctl VIDIOC_QBUF failed at UsbCameraImpl.cpp:772: Invalid argument (UsbUtil.cpp:157)
[2025-09-27 19:28:56] [CSCore - PvCSCoreLogger] [WARN] CS: WARNING 30: Reef2: could not queue buffer 0 (UsbCameraImpl.cpp:773)
[2025-09-27 19:28:56] [Camera - USBFrameProvider - Reef2] [ERROR] Error grabbing image: timed out getting frame
[2025-09-27 19:28:56] [Camera - USBFrameProvider - Reef2] [ERROR] Error grabbing image: timed out getting frame
[2025-09-27 19:28:56] [CSCore - PvCSCoreLogger] [DEBUG] CS: DEBUG 7: Reef2: queuing buffers (UsbCameraImpl.cpp:765)
[2025-09-27 19:28:56] [CSCore - PvCSCoreLogger] [ERROR] CS: ERROR 40: ioctl VIDIOC_QBUF failed at UsbCameraImpl.cpp:772: Invalid argument (UsbUtil.cpp:157)
[2025-09-27 19:28:56] [CSCore - PvCSCoreLogger] [WARN] CS: WARNING 30: Reef2: could not queue buffer 0 (UsbCameraImpl.cpp:773)
[2025-09-27 19:28:56] [CSCore - PvCSCoreLogger] [DEBUG] CS: DEBUG 7: Reef2: queuing buffers (UsbCameraImpl.cpp:765)
[2025-09-27 19:28:56] [CSCore - PvCSCoreLogger] [ERROR] CS: ERROR 40: ioctl VIDIOC_QBUF failed at UsbCameraImpl.cpp:772: Invalid argument (UsbUtil.cpp:157)
[2025-09-27 19:28:56] [CSCore - PvCSCoreLogger] [WARN] CS: WARNING 30: Reef2: could not queue buffer 0 (UsbCameraImpl.cpp:773)
[2025-09-27 19:28:56] [CSCore - PvCSCoreLogger] [DEBUG] CS: DEBUG 7: Reef2: queuing buffers (UsbCameraImpl.cpp:765)
[2025-09-27 19:28:56] [CSCore - PvCSCoreLogger] [ERROR] CS: ERROR 40: ioctl VIDIOC_QBUF failed at UsbCameraImpl.cpp:772: Invalid argument (UsbUtil.cpp:157)
[2025-09-27 19:28:56] [CSCore - PvCSCoreLogger] [WARN] CS: WARNING 30: Reef2: could not queue buffer 0 (UsbCameraImpl.cpp:773)
[2025-09-27 19:28:56] [CSCore - PvCSCoreLogger] [DEBUG] CS: DEBUG 7: Reef2: queuing buffers (UsbCameraImpl.cpp:765)
[2025-09-27 19:28:56] [CSCore - PvCSCoreLogger] [ERROR] CS: ERROR 40: ioctl VIDIOC_QBUF failed at UsbCameraImpl.cpp:772: Invalid argument (UsbUtil.cpp:157)
[2025-09-27 19:28:56] [CSCore - PvCSCoreLogger] [WARN] CS: WARNING 30: Reef2: could not queue buffer 0 (UsbCameraImpl.cpp:773)
[2025-09-27 19:28:56] [Camera - USBFrameProvider - Reef2] [ERROR] Error grabbing image: timed out getting frame
[2025-09-27 19:28:56] [General - KernelLogLogger] [DEBUG] 2025-09-27T19:28:55.948744-06:00 photonvision kernel: usb 7-1: New USB device found, idVendor=0c45, idProduct=6366, bcdDevice= 1.00
[2025-09-27 19:28:56] [General - KernelLogLogger] [DEBUG] 2025-09-27T19:28:55.948762-06:00 photonvision kernel: usb 7-1: New USB device strings: Mfr=2, Product=1, SerialNumber=3
[2025-09-27 19:28:56] [General - KernelLogLogger] [DEBUG] 2025-09-27T19:28:55.948764-06:00 photonvision kernel: usb 7-1: Product: AprilTag1
[2025-09-27 19:28:56] [General - KernelLogLogger] [DEBUG] 2025-09-27T19:28:55.948765-06:00 photonvision kernel: usb 7-1: Manufacturer: Arducam Technology Co., Ltd.
[2025-09-27 19:28:56] [General - KernelLogLogger] [DEBUG] 2025-09-27T19:28:55.948766-06:00 photonvision kernel: usb 7-1: SerialNumber: 0001
[2025-09-27 19:28:56] [General - KernelLogLogger] [DEBUG] 2025-09-27T19:28:55.955395-06:00 photonvision kernel: usb 7-1: Found UVC 1.00 device AprilTag1 (0c45:6366)
[2025-09-27 19:28:56] [General - KernelLogLogger] [DEBUG] 2025-09-27T19:28:55.982021-06:00 photonvision kernel: input: AprilTag1: AprilTag1 as /devices/platform/fc880000.usb/usb7/7-1/7-1:1.0/input/input22
[2025-09-27 19:28:56] [General - KernelLogLogger] [DEBUG] 2025-09-27T19:28:56.458753-06:00 photonvision kernel: usb usb7-port1: disabled by hub (EMI?), re-enabling...
[2025-09-27 19:28:56] [General - KernelLogLogger] [DEBUG] 2025-09-27T19:28:56.458790-06:00 photonvision kernel: usb 7-1: USB disconnect, device number 7
[2025-09-27 19:28:56] [General - KernelLogLogger] [DEBUG] 2025-09-27T19:28:56.785387-06:00 photonvision kernel: usb 7-1: new high-speed USB device number 8 using ehci-platform
[2025-09-27 19:28:56] [General - KernelLogLogger] [DEBUG] 28:50.398750-06:00 photonvision kernel: usb 7-1: Product: AprilTag1
[2025-09-27 19:28:56] [General - KernelLogLogger] [DEBUG] 2025-09-27T19:28:50.398750-06:00 photonvision kernel: usb 7-1: Manufacturer: Arducam Technology Co., Ltd.
[2025-09-27 19:28:56] [General - KernelLogLogger] [DEBUG] 2025-09-27T19:28:50.398752-06:00 photonvision kernel: usb 7-1: SerialNumber: 0001
[2025-09-27 19:28:56] [General - KernelLogLogger] [DEBUG] 2025-09-27T19:28:50.402058-06:00 photonvision kernel: usb 7-1: Found UVC 1.00 device AprilTag1 (0c45:6366)
[2025-09-27 19:28:56] [General - KernelLogLogger] [DEBUG] 2025-09-27T19:28:50.428733-06:00 photonvision kernel: input: AprilTag1: AprilTag1 as /devices/platform/fc880000.usb/usb7/7-1/7-1:1.0/input/input21
[2025-09-27 19:28:56] [Camera - USBFrameProvider - Reef2] [ERROR] Error grabbing image: timed out getting frame
[2025-09-27 19:28:57] [Camera - USBFrameProvider - Reef2] [ERROR] Error grabbing image: timed out getting frame
[2025-09-27 19:28:57] [CSCore - PvCSCoreLogger] [DEBUG] CS: DEBUG 7: Reef2: queuing buffers (UsbCameraImpl.cpp:765)
[2025-09-27 19:28:57] [CSCore - PvCSCoreLogger] [ERROR] CS: ERROR 40: ioctl VIDIOC_QBUF failed at UsbCameraImpl.cpp:772: Invalid argument (UsbUtil.cpp:157)
[2025-09-27 19:28:57] [CSCore - PvCSCoreLogger] [WARN] CS: WARNING 30: Reef2: could not queue buffer 0 (UsbCameraImpl.cpp:773)
[2025-09-27 19:28:57] [CSCore - PvCSCoreLogger] [DEBUG] CS: DEBUG 7: Reef2: queuing buffers (UsbCameraImpl.cpp:765)
[2025-09-27 19:28:57] [CSCore - PvCSCoreLogger] [ERROR] CS: ERROR 40: ioctl VIDIOC_QBUF failed at UsbCameraImpl.cpp:772: Invalid argument (UsbUtil.cpp:157)
[2025-09-27 19:28:57] [CSCore - PvCSCoreLogger] [WARN] CS: WARNING 30: Reef2: could not queue buffer 0 (UsbCameraImpl.cpp:773)
[2025-09-27 19:28:57] [CSCore - PvCSCoreLogger] [DEBUG] CS: DEBUG 7: Reef2: queuing buffers (UsbCameraImpl.cpp:765)
[2025-09-27 19:28:57] [CSCore - PvCSCoreLogger] [ERROR] CS: ERROR 40: ioctl VIDIOC_QBUF failed at UsbCameraImpl.cpp:772: Invalid argument (UsbUtil.cpp:157)
[2025-09-27 19:28:57] [CSCore - PvCSCoreLogger] [WARN] CS: WARNING 30: Reef2: could not queue buffer 0 (UsbCameraImpl.cpp:773)
[2025-09-27 19:28:57] [CSCore - PvCSCoreLogger] [DEBUG] CS: DEBUG 7: Reef2: queuing buffers (UsbCameraImpl.cpp:765)
[2025-09-27 19:28:57] [CSCore - PvCSCoreLogger] [ERROR] CS: ERROR 40: ioctl VIDIOC_QBUF failed at UsbCameraImpl.cpp:772: Invalid argument (UsbUtil.cpp:157)
[2025-09-27 19:28:57] [CSCore - PvCSCoreLogger] [WARN] CS: WARNING 30: Reef2: could not queue buffer 0 (UsbCameraImpl.cpp:773)
[2025-09-27 19:28:57] [Camera - USBFrameProvider - Reef2] [ERROR] Error grabbing image: timed out getting frame
[2025-09-27 19:28:57] [Camera - USBFrameProvider - Reef2] [ERROR] Error grabbing image: timed out getting frame
[2025-09-27 19:28:57] [General - KernelLogLogger] [DEBUG] 2025-09-27T19:28:56.922058-06:00 photonvision kernel: usb 7-1: device descriptor read/64, error -71
[2025-09-27 19:28:57] [General - KernelLogLogger] [DEBUG] 2025-09-27T19:28:57.192056-06:00 photonvision kernel: usb 7-1: New USB device found, idVendor=0c45, idProduct=6366, bcdDevice= 1.00
[2025-09-27 19:28:57] [General - KernelLogLogger] [DEBUG] 2025-09-27T19:28:57.192088-06:00 photonvision kernel: usb 7-1: New USB device strings: Mfr=2, Product=1, SerialNumber=3
[2025-09-27 19:28:57] [General - KernelLogLogger] [DEBUG] 2025-09-27T19:28:57.192092-06:00 photonvision kernel: usb 7-1: Product: AprilTag1
[2025-09-27 19:28:57] [General - KernelLogLogger] [DEBUG] 2025-09-27T19:28:57.192095-06:00 photonvision kernel: usb 7-1: Manufacturer: Arducam Technology Co., Ltd.
[2025-09-27 19:28:57] [General - KernelLogLogger] [DEBUG] 2025-09-27T19:28:57.192097-06:00 photonvision kernel: usb 7-1: SerialNumber: 0001
[2025-09-27 19:28:57] [General - KernelLogLogger] [DEBUG] 2025-09-27T19:28:57.195432-06:00 photonvision kernel: usb 7-1: Found UVC 1.00 device AprilTag1 (0c45:6366)
[2025-09-27 19:28:57] [General - KernelLogLogger] [DEBUG] 2025-09-27T19:28:57.222051-06:00 photonvision kernel: input: AprilTag1: AprilTag1 as /devices/platform/fc880000.usb/usb7/7-1/7-1:1.0/input/input23
[2025-09-27 19:28:57] [General - KernelLogLogger] [DEBUG] bling...
[2025-09-27 19:28:57] [General - KernelLogLogger] [DEBUG] 2025-09-27T19:28:56.458790-06:00 photonvision kernel: usb 7-1: USB disconnect, device number 7
[2025-09-27 19:28:57] [General - KernelLogLogger] [DEBUG] 2025-09-27T19:28:56.785387-06:00 photonvision kernel: usb 7-1: new high-speed USB device number 8 using ehci-platform
[2025-09-27 19:28:57] [General - KernelLogLogger] [DEBUG] 28:50.398750-06:00 photonvision kernel: usb 7-1: Product: AprilTag1
[2025-09-27 19:28:57] [General - KernelLogLogger] [DEBUG] 2025-09-27T19:28:50.398750-06:00 photonvision kernel: usb 7-1: Manufacturer: Arducam TechnÁ
[2025-09-27 19:28:57] [Camera - USBFrameProvider - Reef2] [ERROR] Error grabbing image: timed out getting frame
[2025-09-27 19:28:58] [CSCore - PvCSCoreLogger] [DEBUG] CS: DEBUG 7: Reef2: queuing buffers (UsbCameraImpl.cpp:765)
[2025-09-27 19:28:58] [CSCore - PvCSCoreLogger] [ERROR] CS: ERROR 40: ioctl VIDIOC_QBUF failed at UsbCameraImpl.cpp:772: Invalid argument (UsbUtil.cpp:157)
[2025-09-27 19:28:58] [CSCore - PvCSCoreLogger] [WARN] CS: WARNING 30: Reef2: could not queue buffer 0 (UsbCameraImpl.cpp:773)
[2025-09-27 19:28:58] [CSCore - PvCSCoreLogger] [DEBUG] CS: DEBUG 7: Reef2: queuing buffers (UsbCameraImpl.cpp:765)
[2025-09-27 19:28:58] [CSCore - PvCSCoreLogger] [ERROR] CS: ERROR 40: ioctl VIDIOC_QBUF failed at UsbCameraImpl.cpp:772: Invalid argument (UsbUtil.cpp:157)
[2025-09-27 19:28:58] [CSCore - PvCSCoreLogger] [WARN] CS: WARNING 30: Reef2: could not queue buffer 0 (UsbCameraImpl.cpp:773)
[2025-09-27 19:28:58] [CSCore - PvCSCoreLogger] [DEBUG] CS: DEBUG 7: Reef2: queuing buffers (UsbCameraImpl.cpp:765)
[2025-09-27 19:28:58] [CSCore - PvCSCoreLogger] [ERROR] CS: ERROR 40: ioctl VIDIOC_QBUF failed at UsbCameraImpl.cpp:772: Invalid argument (UsbUtil.cpp:157)
[2025-09-27 19:28:58] [CSCore - PvCSCoreLogger] [WARN] CS: WARNING 30: Reef2: could not queue buffer 0 (UsbCameraImpl.cpp:773)
[2025-09-27 19:28:58] [Camera - USBFrameProvider - Reef2] [ERROR] Error grabbing image: timed out getting frame
[2025-09-27 19:28:58] [Camera - USBFrameProvider - Reef2] [ERROR] Error grabbing image: timed out getting frame
[2025-09-27 19:28:58] [CSCore - PvCSCoreLogger] [DEBUG] CS: DEBUG 7: Reef2: queuing buffers (UsbCameraImpl.cpp:765)
[2025-09-27 19:28:58] [CSCore - PvCSCoreLogger] [ERROR] CS: ERROR 40: ioctl VIDIOC_QBUF failed at UsbCameraImpl.cpp:772: Invalid argument (UsbUtil.cpp:157)
[2025-09-27 19:28:58] [CSCore - PvCSCoreLogger] [WARN] CS: WARNING 30: Reef2: could not queue buffer 0 (UsbCameraImpl.cpp:773)
[2025-09-27 19:28:58] [CSCore - PvCSCoreLogger] [DEBUG] CS: DEBUG 7: Reef2: queuing buffers (UsbCameraImpl.cpp:765)
[2025-09-27 19:28:58] [CSCore - PvCSCoreLogger] [ERROR] CS: ERROR 40: ioctl VIDIOC_QBUF failed at UsbCameraImpl.cpp:772: Invalid argument (UsbUtil.cpp:157)
[2025-09-27 19:28:58] [CSCore - PvCSCoreLogger] [WARN] CS: WARNING 30: Reef2: could not queue buffer 0 (UsbCameraImpl.cpp:773)
[2025-09-27 19:28:58] [CSCore - PvCSCoreLogger] [DEBUG] CS: DEBUG 7: Reef2: queuing buffers (UsbCameraImpl.cpp:765)
[2025-09-27 19:28:58] [CSCore - PvCSCoreLogger] [ERROR] CS: ERROR 40: ioctl VIDIOC_QBUF failed at UsbCameraImpl.cpp:772: Invalid argument (UsbUtil.cpp:157)
[2025-09-27 19:28:58] [CSCore - PvCSCoreLogger] [WARN] CS: WARNING 30: Reef2: could not queue buffer 0 (UsbCameraImpl.cpp:773)
[2025-09-27 19:28:58] [CSCore - PvCSCoreLogger] [DEBUG] CS: DEBUG 7: Reef2: queuing buffers (UsbCameraImpl.cpp:765)
[2025-09-27 19:28:58] [CSCore - PvCSCoreLogger] [ERROR] CS: ERROR 40: ioctl VIDIOC_QBUF failed at UsbCameraImpl.cpp:772: Invalid argument (UsbUtil.cpp:157)
[2025-09-27 19:28:58] [CSCore - PvCSCoreLogger] [WARN] CS: WARNING 30: Reef2: could not queue buffer 0 (UsbCameraImpl.cpp:773)
[2025-09-27 19:28:58] [Camera - USBFrameProvider - Reef2] [ERROR] Error grabbing image: timed out getting frame
[2025-09-27 19:28:58] [General - KernelLogLogger] [DEBUG] 2025-09-27T19:28:58.005389-06:00 photonvision kernel: usb usb7-port1: disabled by hub (EMI?), re-enabling...
[2025-09-27 19:28:58] [General - KernelLogLogger] [DEBUG] 2025-09-27T19:28:58.005437-06:00 photonvision kernel: usb 7-1: USB disconnect, device number 8
[2025-09-27 19:28:58] [General - KernelLogLogger] [DEBUG] 2025-09-27T19:28:58.358718-06:00 photonvision kernel: usb 7-1: new high-speed USB device number 9 using ehci-platform
[2025-09-27 19:28:58] [General - KernelLogLogger] [DEBUG] 2025-09-27T19:28:58.362055-06:00 photonvision kernel: [dhd] [wlan0] wl_cfg80211_disconnect : Reason 3, act 1, bssid 92:18:98:fb:b4:a1
[2025-09-27 19:28:58] [General - KernelLogLogger] [DEBUG] 2025-09-27T19:28:58.375427-06:00 photonvision kernel: [dhd] [wlan0] wl_iw_event : [0 times] disconnected with 92:18:98:fb:b4:a1, event 11, reason 8
[2025-09-27 19:28:58] [General - KernelLogLogger] [DEBUG] 2025-09-27T19:28:58.375461-06:00 photonvision kernel: [dhd] [wlan0] wl_ext_iapsta_link : [S] Link down with 92:18:98:fb:b4:a1, WLC_E_DISASSOC(11), reason 8
[2025-09-27 19:28:58] [General - KernelLogLogger] [DEBUG] 2025-09-27T19:28:58.375467-06:00 photonvision kernel: [dhd] [wlan0] wl_ext_iapsta_link : [S] Link down with 92:18:98:fb:b4:a1, WLC_E_DISASSOC(11), reason 8
[2025-09-27 19:28:58] [General - KernelLogLogger] [DEBUG] 2025-09-27T19:28:58.375475-06:00 photonvision kernel: [dhd] [wlan0] wl_iw_event : Link Down with 92:18:98:fb:b4:a1, reason=2
[2025-09-27 19:28:58] [General - KernelLogLogger] [DEBUG] 2025-09-27T19:28:58.375478-06:00 photonvision kernel: [dhd] [wlan0] wl_handle_link_down : Link down: WLC_E_LINK(16), reason 2 from 92:18:98:fb:b4:a1
[2025-09-27 19:28:58] [General - KernelLogLogger] [DEBUG] 2025-09-27T19:28:58.375481-06:00 photonvision kernel: [dhd] [wlan0] wl_handle_link_down : Disconnect event sent to upper layerevent:16 e->reason=33554432 reason=2 ie_len=0 loc_gen=1 from 92:18:98:fb:b4:a1
[2025-09-27 19:28:58] [General - KernelLogLogger] [DEBUG] 2025-09-27T19:28:58.375486-06:00 photonvision kernel: [dhd] [wlan0] wl_ext_iapsta_link : [S] Link down with 92:18:98:fb:b4:a1, WLC_E_LINK(16), reason 2
[2025-09-27 19:28:58] [General - KernelLogLogger] [DEBUG] 2025-09-27T19:28:58.522096-06:00 photonvision kernel: usb 7-1: New USB device found, idVendor=0c45, idProduct=6366, bcdDevice= 1.00
[2025-09-27 19:28:58] [General - KernelLogLogger] [DEBUG] 2025-09-27T19:28:58.522132-06:00 photonvision kernel: usb 7-1: New USB device strings: Mfr=2, Product=1, SerialNumber=3
[2025-09-27 19:28:58] [General - KernelLogLogger] [DEBUG] 2025-09-27T19:28:58.522135-06:00 photonvision kernel: usb 7-1: Product: AprilTag1
[2025-09-27 19:28:58] [General - KernelLogLogger] [DEBUG] 2025-09-27T19:28:58.522138-06:00 photonvision kernel: usb 7-1: Manufacturer: Arducam Technology Co., Ltd.
[2025-09-27 19:28:58] [General - KernelLogLogger] [DEBUG] 2025-09-27T19:28:58.522140-06:00 photonvision kernel: usb 7-1: SerialNumber: 0001
[2025-09-27 19:28:58] [General - KernelLogLogger] [DEBUG] 2025-09-27T19:28:58.525419-06:00 photonvision kernel: usb 7-1: Found UVC 1.00 device AprilTag1 (0c45:6366)
[2025-09-27 19:28:58] [General - KernelLogLogger] [DEBUG] 2025-09-27T19:28:58.552093-06:00 photonvision kernel: input: AprilTag1: AprilTag1 as /devices/platform/fc880000.usb/usb7/7-1/7-1:1.0/input/input24
[2025-09-27 19:28:59] [Camera - USBFrameProvider - Reef2] [ERROR] Error grabbing image: timed out getting frame
[2025-09-27 19:28:59] [Camera - USBFrameProvider - Reef2] [ERROR] Error grabbing image: timed out getting frame
[2025-09-27 19:28:59] [CSCore - PvCSCoreLogger] [DEBUG] CS: DEBUG 7: Reef2: queuing buffers (UsbCameraImpl.cpp:765)
[2025-09-27 19:28:59] [CSCore - PvCSCoreLogger] [ERROR] CS: ERROR 40: ioctl VIDIOC_QBUF failed at UsbCameraImpl.cpp:772: Invalid argument (UsbUtil.cpp:157)
[2025-09-27 19:28:59] [CSCore - PvCSCoreLogger] [WARN] CS: WARNING 30: Reef2: could not queue buffer 0 (UsbCameraImpl.cpp:773)
[2025-09-27 19:28:59] [CSCore - PvCSCoreLogger] [DEBUG] CS: DEBUG 7: Reef2: queuing buffers (UsbCameraImpl.cpp:765)
[2025-09-27 19:28:59] [CSCore - PvCSCoreLogger] [ERROR] CS: ERROR 40: ioctl VIDIOC_QBUF failed at UsbCameraImpl.cpp:772: Invalid argument (UsbUtil.cpp:157)
[2025-09-27 19:28:59] [CSCore - PvCSCoreLogger] [WARN] CS: WARNING 30: Reef2: could not queue buffer 0 (UsbCameraImpl.cpp:773)
[2025-09-27 19:28:59] [Camera - USBFrameProvider - Reef2] [ERROR] Error grabbing image: timed out getting frame
[2025-09-27 19:28:59] [General - KernelLogLogger] [DEBUG] 2025-09-27T19:28:59.595354-06:00 photonvision kernel: usb usb7-port1: disabled by hub (EMI?), re-enabling...
[2025-09-27 19:28:59] [General - KernelLogLogger] [DEBUG] 2025-09-27T19:28:59.595364-06:00 photonvision kernel: usb 7-1: USB disconnect, device number 9
[2025-09-27 19:28:59] [General - KernelLogLogger] [DEBUG] tform/fc8800¥
[2025-09-27 19:28:59] [Camera - USBFrameProvider - Reef2] [ERROR] Error grabbing image: timed out getting frame
[2025-09-27 19:29:00] [CSCore - PvCSCoreLogger] [DEBUG] CS: DEBUG 7: Reef2: queuing buffers (UsbCameraImpl.cpp:765)
[2025-09-27 19:29:00] [CSCore - PvCSCoreLogger] [ERROR] CS: ERROR 40: ioctl VIDIOC_QBUF failed at UsbCameraImpl.cpp:772: Invalid argument (UsbUtil.cpp:157)
[2025-09-27 19:29:00] [CSCore - PvCSCoreLogger] [WARN] CS: WARNING 30: Reef2: could not queue buffer 0 (UsbCameraImpl.cpp:773)
[2025-09-27 19:29:00] [CSCore - PvCSCoreLogger] [DEBUG] CS: DEBUG 7: Reef2: queuing buffers (UsbCameraImpl.cpp:765)
[2025-09-27 19:29:00] [CSCore - PvCSCoreLogger] [ERROR] CS: ERROR 40: ioctl VIDIOC_QBUF failed at UsbCameraImpl.cpp:772: Invalid argument (UsbUtil.cpp:157)
[2025-09-27 19:29:00] [CSCore - PvCSCoreLogger] [WARN] CS: WARNING 30: Reef2: could not queue buffer 0 (UsbCameraImpl.cpp:773)
[2025-09-27 19:29:00] [CSCore - PvCSCoreLogger] [DEBUG] CS: DEBUG 7: Reef2: queuing buffers (UsbCameraImpl.cpp:765)
[2025-09-27 19:29:00] [CSCore - PvCSCoreLogger] [ERROR] CS: ERROR 40: ioctl VIDIOC_QBUF failed at UsbCameraImpl.cpp:772: Invalid argument (UsbUtil.cpp:157)
[2025-09-27 19:29:00] [CSCore - PvCSCoreLogger] [WARN] CS: WARNING 30: Reef2: could not queue buffer 0 (UsbCameraImpl.cpp:773)
[2025-09-27 19:29:00] [CSCore - PvCSCoreLogger] [DEBUG] CS: DEBUG 7: Reef2: queuing buffers (UsbCameraImpl.cpp:765)
[2025-09-27 19:29:00] [CSCore - PvCSCoreLogger] [ERROR] CS: ERROR 40: ioctl VIDIOC_QBUF failed at UsbCameraImpl.cpp:772: Invalid argument (UsbUtil.cpp:157)
[2025-09-27 19:29:00] [CSCore - PvCSCoreLogger] [WARN] CS: WARNING 30: Reef2: could not queue buffer 0 (UsbCameraImpl.cpp:773)
[2025-09-27 19:29:00] [Camera - USBFrameProvider - Reef2] [ERROR] Error grabbing image: timed out getting frame
[2025-09-27 19:29:00] [Camera - USBFrameProvider - Reef2] [ERROR] Error grabbing image: timed out getting frame
[2025-09-27 19:29:00] [Camera - USBFrameProvider - Reef2] [ERROR] Error grabbing image: timed out getting frame
[2025-09-27 19:29:00] [CSCore - PvCSCoreLogger] [DEBUG] CS: DEBUG 7: Reef2: queuing buffers (UsbCameraImpl.cpp:765)
[2025-09-27 19:29:00] [CSCore - PvCSCoreLogger] [ERROR] CS: ERROR 40: ioctl VIDIOC_QBUF failed at UsbCameraImpl.cpp:772: Invalid argument (UsbUtil.cpp:157)
[2025-09-27 19:29:00] [CSCore - PvCSCoreLogger] [WARN] CS: WARNING 30: Reef2: could not queue buffer 0 (UsbCameraImpl.cpp:773)
[2025-09-27 19:29:00] [CSCore - PvCSCoreLogger] [DEBUG] CS: DEBUG 7: Reef2: queuing buffers (UsbCameraImpl.cpp:765)
[2025-09-27 19:29:00] [CSCore - PvCSCoreLogger] [ERROR] CS: ERROR 40: ioctl VIDIOC_QBUF failed at UsbCameraImpl.cpp:772: Invalid argument (UsbUtil.cpp:157)
[2025-09-27 19:29:00] [CSCore - PvCSCoreLogger] [WARN] CS: WARNING 30: Reef2: could not queue buffer 0 (UsbCameraImpl.cpp:773)
[2025-09-27 19:29:00] [General - KernelLogLogger] [DEBUG] 2025-09-27T19:28:59.932094-06:00 photonvision kernel: usb 7-1: new high-speed USB device number 10 using ehci-platform
[2025-09-27 19:29:00] [General - KernelLogLogger] [DEBUG] 2025-09-27T19:29:00.095391-06:00 photonvision kernel: usb 7-1: New USB device found, idVendor=0c45, idProduct=6366, bcdDevice= 1.00
[2025-09-27 19:29:00] [General - KernelLogLogger] [DEBUG] 2025-09-27T19:29:00.095428-06:00 photonvision kernel: usb 7-1: New USB device strings: Mfr=2, Product=1, SerialNumber=3
[2025-09-27 19:29:00] [General - KernelLogLogger] [DEBUG] 2025-09-27T19:29:00.095434-06:00 photonvision kernel: usb 7-1: Product: AprilTag1
[2025-09-27 19:29:00] [General - KernelLogLogger] [DEBUG] 2025-09-27T19:29:00.095437-06:00 photonvision kernel: usb 7-1: Manufacturer: Arducam Technology Co., Ltd.
[2025-09-27 19:29:00] [General - KernelLogLogger] [DEBUG] 2025-09-27T19:29:00.095440-06:00 photonvision kernel: usb 7-1: SerialNumber: 0001
[2025-09-27 19:29:00] [General - KernelLogLogger] [DEBUG] 2025-09-27T19:29:00.095442-06:00 photonvision kernel: usb 7-1: Found UVC 1.00 device AprilTag1 (0c45:6366)
[2025-09-27 19:29:00] [General - KernelLogLogger] [DEBUG] 2025-09-27T19:29:00.122046-06:00 photonvision kernel: input: AprilTag1: AprilTag1 as /devices/platform/fc880000.usb/usb7/7-1/7-1:1.0/input/input25
[2025-09-27 19:29:00] [General - KernelLogLogger] [DEBUG] 2025-09-27T19:29:00.765420-06:00 photonvision kernel: usb usb7-port1: disabled by hub (EMI?), re-enabling...
[2025-09-27 19:29:00] [General - KernelLogLogger] [DEBUG] 2025-09-27T19:29:00.765452-06:00 photonvision kernel: usb 7-1: USB disconnect, device number 10
[2025-09-27 19:29:00] [General - KernelLogLogger] [DEBUG] 9 using ehci-platform
[2025-09-27 19:29:00] [General - KernelLogLogger] [DEBUG] 2025-09-27T19:28:58.362055-06:00 photonvision kernel: [dhd] [wlan0] wl_cfg80211_disconnect : Reason 3, act 1, bssid 92:18:98:fb:b4:a1
[2025-09-27 19:29:00] [General - KernelLogLogger] [DEBUG] 2025-09-27T19:28:58.375427-06:00 photonvision kernel: [dhd] [wlan0] wl_iw_event : [0 times] disconnected with 92:18:98:fb:b4:a1, event 11, reason 8
[2025-09-27 19:29:00] [General - KernelLogLogger] [DEBUG] 2025-09-27T19:28:58.375461-06:00 photonvision kernel: [dhd] [wlan0] wl_ext_iapsta_link : [S]Ñ
[2025-09-27 19:29:00] [Camera - USBFrameProvider - Reef2] [ERROR] Error grabbing image: timed out getting frame
[2025-09-27 19:29:01] [Camera - USBFrameProvider - Reef2] [ERROR] Error grabbing image: timed out getting frame
[2025-09-27 19:29:01] [CSCore - PvCSCoreLogger] [DEBUG] CS: DEBUG 7: Reef2: queuing buffers (UsbCameraImpl.cpp:765)
[2025-09-27 19:29:01] [CSCore - PvCSCoreLogger] [ERROR] CS: ERROR 40: ioctl VIDIOC_QBUF failed at UsbCameraImpl.cpp:772: Invalid argument (UsbUtil.cpp:157)
[2025-09-27 19:29:01] [CSCore - PvCSCoreLogger] [WARN] CS: WARNING 30: Reef2: could not queue buffer 0 (UsbCameraImpl.cpp:773)
[2025-09-27 19:29:01] [CSCore - PvCSCoreLogger] [DEBUG] CS: DEBUG 7: Reef2: queuing buffers (UsbCameraImpl.cpp:765)
[2025-09-27 19:29:01] [CSCore - PvCSCoreLogger] [ERROR] CS: ERROR 40: ioctl VIDIOC_QBUF failed at UsbCameraImpl.cpp:772: Invalid argument (UsbUtil.cpp:157)
[2025-09-27 19:29:01] [CSCore - PvCSCoreLogger] [WARN] CS: WARNING 30: Reef2: could not queue buffer 0 (UsbCameraImpl.cpp:773)
[2025-09-27 19:29:01] [CSCore - PvCSCoreLogger] [DEBUG] CS: DEBUG 7: Reef2: queuing buffers (UsbCameraImpl.cpp:765)
[2025-09-27 19:29:01] [CSCore - PvCSCoreLogger] [ERROR] CS: ERROR 40: ioctl VIDIOC_QBUF failed at UsbCameraImpl.cpp:772: Invalid argument (UsbUtil.cpp:157)
[2025-09-27 19:29:01] [CSCore - PvCSCoreLogger] [WARN] CS: WARNING 30: Reef2: could not queue buffer 0 (UsbCameraImpl.cpp:773)
[2025-09-27 19:29:01] [CSCore - PvCSCoreLogger] [DEBUG] CS: DEBUG 7: Reef2: queuing buffers (UsbCameraImpl.cpp:765)
[2025-09-27 19:29:01] [CSCore - PvCSCoreLogger] [ERROR] CS: ERROR 40: ioctl VIDIOC_QBUF failed at UsbCameraImpl.cpp:772: Invalid argument (UsbUtil.cpp:157)
[2025-09-27 19:29:01] [CSCore - PvCSCoreLogger] [WARN] CS: WARNING 30: Reef2: could not queue buffer 0 (UsbCameraImpl.cpp:773)
[2025-09-27 19:29:01] [Camera - USBFrameProvider - Reef2] [ERROR] Error grabbing image: timed out getting frame
[2025-09-27 19:29:01] [Camera - USBFrameProvider - Reef2] [ERROR] Error grabbing image: timed out getting frame
[2025-09-27 19:29:01] [General - KernelLogLogger] [DEBUG] 2025-09-27T19:29:01.095417-06:00 photonvision kernel: usb 7-1: new high-speed USB device number 11 using ehci-platform
[2025-09-27 19:29:01] [General - KernelLogLogger] [DEBUG] 2025-09-27T19:29:01.258769-06:00 photonvision kernel: usb 7-1: New USB device found, idVendor=0c45, idProduct=6366, bcdDevice= 1.00
[2025-09-27 19:29:01] [General - KernelLogLogger] [DEBUG] 2025-09-27T19:29:01.258810-06:00 photonvision kernel: usb 7-1: New USB device strings: Mfr=2, Product=1, SerialNumber=3
[2025-09-27 19:29:01] [General - KernelLogLogger] [DEBUG] 2025-09-27T19:29:01.258814-06:00 photonvision kernel: usb 7-1: Product: AprilTag1
[2025-09-27 19:29:01] [General - KernelLogLogger] [DEBUG] 2025-09-27T19:29:01.258816-06:00 photonvision kernel: usb 7-1: Manufacturer: Arducam Technology Co., Ltd.
[2025-09-27 19:29:01] [General - KernelLogLogger] [DEBUG] 2025-09-27T19:29:01.258819-06:00 photonvision kernel: usb 7-1: SerialNumber: 0001
[2025-09-27 19:29:01] [General - KernelLogLogger] [DEBUG] 2025-09-27T19:29:01.262086-06:00 photonvision kernel: usb 7-1: Found UVC 1.00 device AprilTag1 (0c45:6366)
[2025-09-27 19:29:01] [General - KernelLogLogger] [DEBUG] 2025-09-27T19:29:01.288746-06:00 photonvision kernel: input: AprilTag1: AprilTag1 as /devices/platform/fc880000.usb/usb7/7-1/7-1:1.0/input/input26
[2025-09-27 19:29:01] [General - KernelLogLogger] [DEBUG] 2025-09-27T19:29:00.765420-06:00 photonvision kernel: usb usb7-port1: disabled by hub (EMI?), re-enabling...
[2025-09-27 19:29:01] [General - KernelLogLogger] [DEBUG] 2025-09-27T19:29:00.765452-06:00 photonvision kernel: usb 7-1: USB disconnect, device number 10
[2025-09-27 19:29:01] [General - KernelLogLogger] [DEBUG] 9 using ehci-platform
[2025-09-27 19:29:01] [General - KernelLogLogger] [DEBUG] 2025-09-27T19:28:58.362055-06:00 photonvision kernel: [dhd] [wlan0] wl_cfg80211_disconnect : Reason 3, act 1, bssid 92:18:98:fb:b4:a1
[2025-09-27 19:29:01] [General - KernelLogLogger] [DEBUG] 2025-09-27T19:28:58.375427-06:00¡
[2025-09-27 19:29:02] [Camera - USBFrameProvider - Reef2] [ERROR] Error grabbing image: timed out getting frame
[2025-09-27 19:29:02] [CSCore - PvCSCoreLogger] [DEBUG] CS: DEBUG 7: Reef2: queuing buffers (UsbCameraImpl.cpp:765)
[2025-09-27 19:29:02] [CSCore - PvCSCoreLogger] [ERROR] CS: ERROR 40: ioctl VIDIOC_QBUF failed at UsbCameraImpl.cpp:772: Invalid argument (UsbUtil.cpp:157)
[2025-09-27 19:29:02] [CSCore - PvCSCoreLogger] [WARN] CS: WARNING 30: Reef2: could not queue buffer 0 (UsbCameraImpl.cpp:773)
[2025-09-27 19:29:02] [CSCore - PvCSCoreLogger] [DEBUG] CS: DEBUG 7: Reef2: queuing buffers (UsbCameraImpl.cpp:765)
[2025-09-27 19:29:02] [CSCore - PvCSCoreLogger] [ERROR] CS: ERROR 40: ioctl VIDIOC_QBUF failed at UsbCameraImpl.cpp:772: Invalid argument (UsbUtil.cpp:157)
[2025-09-27 19:29:02] [CSCore - PvCSCoreLogger] [WARN] CS: WARNING 30: Reef2: could not queue buffer 0 (UsbCameraImpl.cpp:773)
[2025-09-27 19:29:02] [CSCore - PvCSCoreLogger] [DEBUG] CS: DEBUG 7: Reef2: queuing buffers (UsbCameraImpl.cpp:765)
[2025-09-27 19:29:02] [CSCore - PvCSCoreLogger] [ERROR] CS: ERROR 40: ioctl VIDIOC_QBUF failed at UsbCameraImpl.cpp:772: Invalid argument (UsbUtil.cpp:157)
[2025-09-27 19:29:02] [CSCore - PvCSCoreLogger] [WARN] CS: WARNING 30: Reef2: could not queue buffer 0 (UsbCameraImpl.cpp:773)
[2025-09-27 19:29:02] [CSCore - PvCSCoreLogger] [DEBUG] CS: DEBUG 7: Reef2: queuing buffers (UsbCameraImpl.cpp:765)
[2025-09-27 19:29:02] [CSCore - PvCSCoreLogger] [ERROR] CS: ERROR 40: ioctl VIDIOC_QBUF failed at UsbCameraImpl.cpp:772: Invalid argument (UsbUtil.cpp:157)
[2025-09-27 19:29:02] [CSCore - PvCSCoreLogger] [WARN] CS: WARNING 30: Reef2: could not queue buffer 0 (UsbCameraImpl.cpp:773)
[2025-09-27 19:29:02] [Camera - USBFrameProvider - Reef2] [ERROR] Error grabbing image: timed out getting frame
[2025-09-27 19:29:02] [CSCore - PvCSCoreLogger] [DEBUG] CS: DEBUG 7: Reef2: queuing buffers (UsbCameraImpl.cpp:765)
[2025-09-27 19:29:02] [CSCore - PvCSCoreLogger] [ERROR] CS: ERROR 40: ioctl VIDIOC_QBUF failed at UsbCameraImpl.cpp:772: Invalid argument (UsbUtil.cpp:157)
[2025-09-27 19:29:02] [CSCore - PvCSCoreLogger] [WARN] CS: WARNING 30: Reef2: could not queue buffer 0 (UsbCameraImpl.cpp:773)
[2025-09-27 19:29:02] [CSCore - PvCSCoreLogger] [DEBUG] CS: DEBUG 7: Reef2: queuing buffers (UsbCameraImpl.cpp:765)
[2025-09-27 19:29:02] [CSCore - PvCSCoreLogger] [ERROR] CS: ERROR 40: ioctl VIDIOC_QBUF failed at UsbCameraImpl.cpp:772: Invalid argument (UsbUtil.cpp:157)
[2025-09-27 19:29:02] [CSCore - PvCSCoreLogger] [WARN] CS: WARNING 30: Reef2: could not queue buffer 0 (UsbCameraImpl.cpp:773)
[2025-09-27 19:29:02] [CSCore - PvCSCoreLogger] [DEBUG] CS: DEBUG 7: Reef2: queuing buffers (UsbCameraImpl.cpp:765)
[2025-09-27 19:29:02] [CSCore - PvCSCoreLogger] [ERROR] CS: ERROR 40: ioctl VIDIOC_QBUF failed at UsbCameraImpl.cpp:772: Invalid argument (UsbUtil.cpp:157)
[2025-09-27 19:29:02] [CSCore - PvCSCoreLogger] [WARN] CS: WARNING 30: Reef2: could not queue buffer 0 (UsbCameraImpl.cpp:773)
[2025-09-27 19:29:02] [Camera - USBFrameProvider - Reef2] [ERROR] Error grabbing image: timed out getting frame
[2025-09-27 19:29:02] [General - KernelLogLogger] [DEBUG] 2025-09-27T19:29:02.065593-06:00 photonvision kernel: usb usb7-port1: disabled by hub (EMI?), re-enabling...
[2025-09-27 19:29:02] [General - KernelLogLogger] [DEBUG] 2025-09-27T19:29:02.065611-06:00 photonvision kernel: usb 7-1: USB disconnect, device number 11
[2025-09-27 19:29:02] [General - KernelLogLogger] [DEBUG] 2025-09-27T19:29:02.382041-06:00 photonvision kernel: usb 7-1: new high-speed USB device number 12 using ehci-platform
[2025-09-27 19:29:02] [General - KernelLogLogger] [DEBUG] 2025-09-27T19:29:02.542056-06:00 photonvision kernel: usb 7-1: New USB device found, idVendor=0c45, idProduct=6366, bcdDevice= 1.00
[2025-09-27 19:29:02] [General - KernelLogLogger] [DEBUG] 2025-09-27T19:29:02.542093-06:00 photonvision kernel: usb 7-1: New USB device strings: Mfr=2, Product=1, SerialNumber=3
[2025-09-27 19:29:02] [General - KernelLogLogger] [DEBUG] 2025-09-27T19:29:02.542096-06:00 photonvision kernel: usb 7-1: Product: AprilTag1
[2025-09-27 19:29:02] [General - KernelLogLogger] [DEBUG] 2025-09-27T19:29:02.542099-06:00 photonvision kernel: usb 7-1: Manufacturer: Arducam Technology Co., Ltd.
[2025-09-27 19:29:02] [General - KernelLogLogger] [DEBUG] 2025-09-27T19:29:02.542102-06:00 photonvision kernel: usb 7-1: SerialNumber: 0001
[2025-09-27 19:29:02] [General - KernelLogLogger] [DEBUG] 2025-09-27T19:29:02.545411-06:00 photonvision kernel: usb 7-1: Found UVC 1.00 device AprilTag1 (0c45:6366)
[2025-09-27 19:29:02] [General - KernelLogLogger] [DEBUG] 2025-09-27T19:29:02.572045-06:00 photonvision kernel: input: AprilTag1: AprilTag1 as /devices/platform/fc880000.usb/usb7/7-1/7-1:1.0/input/input27
[2025-09-27 19:29:02] [General - KernelLogLogger] [DEBUG] : New USB device strings: Mfr=2, Product=1, SerialNumber=3
[2025-09-27 19:29:02] [General - KernelLogLogger] [DEBUG] 2025-09-27T19:28:58.522135-06:00 photonvision kernel: usb 7-1: Product: AprilTag1
[2025-09-27 19:29:02] [General - KernelLogLogger] [DEBUG] 2025-09-27T19:28:58.522138-06:00 photonvision kernel: usb 7-1: Manufacturer: Arducam Technology Co., Ltd.
[2025-09-27 19:29:02] [General - KernelLogLogger] [DEBUG] 2025-09-27T19:28:58.522140-06:00 photonvision kernel: usb 7-1: SerialNumber: 0001
[2025-09-27 19:29:02] [General - KernelLogLogger] [DEBUG] 2025-09-27T19:28:58.525419-06:00 photonvision kernel: usb 7-1: Found UVC 1.00 device AprilTag1 (0c4
[2025-09-27 19:29:02] [Camera - USBFrameProvider - Reef2] [ERROR] Error grabbing image: timed out getting frame
[2025-09-27 19:29:03] [Camera - USBFrameProvider - Reef2] [ERROR] Error grabbing image: timed out getting frame
[2025-09-27 19:29:03] [CSCore - PvCSCoreLogger] [DEBUG] CS: DEBUG 7: Reef2: queuing buffers (UsbCameraImpl.cpp:765)
[2025-09-27 19:29:03] [CSCore - PvCSCoreLogger] [ERROR] CS: ERROR 40: ioctl VIDIOC_QBUF failed at UsbCameraImpl.cpp:772: Invalid argument (UsbUtil.cpp:157)
[2025-09-27 19:29:03] [CSCore - PvCSCoreLogger] [WARN] CS: WARNING 30: Reef2: could not queue buffer 0 (UsbCameraImpl.cpp:773)
[2025-09-27 19:29:03] [CSCore - PvCSCoreLogger] [DEBUG] CS: DEBUG 7: Reef2: queuing buffers (UsbCameraImpl.cpp:765)
[2025-09-27 19:29:03] [CSCore - PvCSCoreLogger] [ERROR] CS: ERROR 40: ioctl VIDIOC_QBUF failed at UsbCameraImpl.cpp:772: Invalid argument (UsbUtil.cpp:157)
[2025-09-27 19:29:03] [CSCore - PvCSCoreLogger] [WARN] CS: WARNING 30: Reef2: could not queue buffer 0 (UsbCameraImpl.cpp:773)
[2025-09-27 19:29:03] [Camera - USBFrameProvider - Reef2] [ERROR] Error grabbing image: timed out getting frame
[2025-09-27 19:29:03] [Camera - USBFrameProvider - Reef2] [ERROR] Error grabbing image: timed out getting frame
[2025-09-27 19:29:03] [CSCore - PvCSCoreLogger] [DEBUG] CS: DEBUG 7: Reef2: queuing buffers (UsbCameraImpl.cpp:765)
[2025-09-27 19:29:03] [CSCore - PvCSCoreLogger] [ERROR] CS: ERROR 40: ioctl VIDIOC_QBUF failed at UsbCameraImpl.cpp:772: Invalid argument (UsbUtil.cpp:157)
[2025-09-27 19:29:03] [CSCore - PvCSCoreLogger] [WARN] CS: WARNING 30: Reef2: could not queue buffer 0 (UsbCameraImpl.cpp:773)
[2025-09-27 19:29:03] [CSCore - PvCSCoreLogger] [DEBUG] CS: DEBUG 7: Reef2: queuing buffers (UsbCameraImpl.cpp:765)
[2025-09-27 19:29:03] [CSCore - PvCSCoreLogger] [ERROR] CS: ERROR 40: ioctl VIDIOC_QBUF failed at UsbCameraImpl.cpp:772: Invalid argument (UsbUtil.cpp:157)
[2025-09-27 19:29:03] [CSCore - PvCSCoreLogger] [WARN] CS: WARNING 30: Reef2: could not queue buffer 0 (UsbCameraImpl.cpp:773)
[2025-09-27 19:29:03] [CSCore - PvCSCoreLogger] [DEBUG] CS: DEBUG 7: Reef2: queuing buffers (UsbCameraImpl.cpp:765)
[2025-09-27 19:29:03] [CSCore - PvCSCoreLogger] [ERROR] CS: ERROR 40: ioctl VIDIOC_QBUF failed at UsbCameraImpl.cpp:772: Invalid argument (UsbUtil.cpp:157)
[2025-09-27 19:29:03] [CSCore - PvCSCoreLogger] [WARN] CS: WARNING 30: Reef2: could not queue buffer 0 (UsbCameraImpl.cpp:773)
[2025-09-27 19:29:03] [CSCore - PvCSCoreLogger] [DEBUG] CS: DEBUG 7: Reef2: queuing buffers (UsbCameraImpl.cpp:765)
[2025-09-27 19:29:03] [CSCore - PvCSCoreLogger] [ERROR] CS: ERROR 40: ioctl VIDIOC_QBUF failed at UsbCameraImpl.cpp:772: Invalid argument (UsbUtil.cpp:157)
[2025-09-27 19:29:03] [CSCore - PvCSCoreLogger] [WARN] CS: WARNING 30: Reef2: could not queue buffer 0 (UsbCameraImpl.cpp:773)
[2025-09-27 19:29:03] [General - KernelLogLogger] [DEBUG] 2025-09-27T19:29:03.305384-06:00 photonvision kernel: usb usb7-port1: disabled by hub (EMI?), re-enabling...
[2025-09-27 19:29:03] [General - KernelLogLogger] [DEBUG] 2025-09-27T19:29:03.305423-06:00 photonvision kernel: usb 7-1: USB disconnect, device number 12
[2025-09-27 19:29:03] [General - KernelLogLogger] [DEBUG] 2025-09-27T19:29:03.648709-06:00 photonvision kernel: usb 7-1: new high-speed USB device number 13 using ehci-platform
[2025-09-27 19:29:03] [General - KernelLogLogger] [DEBUG] 2025-09-27T19:29:03.815425-06:00 photonvision kernel: usb 7-1: New USB device found, idVendor=0c45, idProduct=6366, bcdDevice= 1.00
[2025-09-27 19:29:03] [General - KernelLogLogger] [DEBUG] 2025-09-27T19:29:03.815464-06:00 photonvision kernel: usb 7-1: New USB device strings: Mfr=2, Product=1, SerialNumber=3
[2025-09-27 19:29:03] [General - KernelLogLogger] [DEBUG] 2025-09-27T19:29:03.815467-06:00 photonvision kernel: usb 7-1: Product: AprilTag1
[2025-09-27 19:29:03] [General - KernelLogLogger] [DEBUG] 2025-09-27T19:29:03.815470-06:00 photonvision kernel: usb 7-1: Manufacturer: Arducam Technology Co., Ltd.
[2025-09-27 19:29:03] [General - KernelLogLogger] [DEBUG] 2025-09-27T19:29:03.815509-06:00 photonvision kernel: usb 7-1: SerialNumber: 0001
[2025-09-27 19:29:03] [General - KernelLogLogger] [DEBUG] 2025-09-27±
[2025-09-27 19:29:03] [Camera - USBFrameProvider - Reef2] [ERROR] Error grabbing image: timed out getting frame
[2025-09-27 19:29:04] [Camera - USBFrameProvider - Reef2] [ERROR] Error grabbing image: timed out getting frame
[2025-09-27 19:29:04] [Camera - USBFrameProvider - Reef2] [ERROR] Error grabbing image: timed out getting frame
[2025-09-27 19:29:04] [Camera - USBFrameProvider - Reef2] [ERROR] Error grabbing image: timed out getting frame
[2025-09-27 19:29:04] [General - KernelLogLogger] [DEBUG] 2025-09-27T19:29:03.818734-06:00 photonvision kernel: usb 7-1: Found UVC 1.00 device AprilTag1 (0c45:6366)
[2025-09-27 19:29:04] [General - KernelLogLogger] [DEBUG] 2025-09-27T19:29:03.845420-06:00 photonvision kernel: input: AprilTag1: AprilTag1 as /devices/platform/fc880000.usb/usb7/7-1/7-1:1.0/input/input28
[2025-09-27 19:29:04] [General - KernelLogLogger] [DEBUG] trings: Mf¡	
[2025-09-27 19:29:05] [Camera - USBFrameProvider - Reef2] [ERROR] Error grabbing image: timed out getting frame
[2025-09-27 19:29:05] [Camera - USBFrameProvider - Reef2] [ERROR] Error grabbing image: timed out getting frame
[2025-09-27 19:29:05] [Camera - USBFrameProvider - Reef2] [ERROR] Error grabbing image: timed out getting frame
[2025-09-27 19:29:05] [Camera - USBFrameProvider - Reef2] [ERROR] Error grabbing image: timed out getting frame
[2025-09-27 19:29:05] [CSCore - PvCSCoreLogger] [DEBUG] CS: DEBUG 7: Reef2: queuing buffers (UsbCameraImpl.cpp:765)
[2025-09-27 19:29:05] [CSCore - PvCSCoreLogger] [ERROR] CS: ERROR 40: ioctl VIDIOC_QBUF failed at UsbCameraImpl.cpp:772: Invalid argument (UsbUtil.cpp:157)
[2025-09-27 19:29:05] [CSCore - PvCSCoreLogger] [WARN] CS: WARNING 30: Reef2: could not queue buffer 0 (UsbCameraImpl.cpp:773)
[2025-09-27 19:29:06] [Camera - USBFrameProvider - Reef2] [ERROR] Error grabbing image: timed out getting frame
[2025-09-27 19:29:06] [Camera - USBFrameProvider - Reef2] [ERROR] Error grabbing image: timed out getting frame
[2025-09-27 19:29:06] [Camera - USBFrameProvider - Reef2] [ERROR] Error grabbing image: timed out getting frame
[2025-09-27 19:29:06] [Camera - USBFrameProvider - Reef2] [ERROR] Error grabbing image: timed out getting frame
[2025-09-27 19:29:07] [Camera - USBFrameProvider - Reef2] [ERROR] Error grabbing image: timed out getting frame
[2025-09-27 19:29:07] [CSCore - PvCSCoreLogger] [DEBUG] CS: DEBUG 7: Reef2: queuing buffers (UsbCameraImpl.cpp:765)
[2025-09-27 19:29:07] [CSCore - PvCSCoreLogger] [ERROR] CS: ERROR 40: ioctl VIDIOC_QBUF failed at UsbCameraImpl.cpp:772: Invalid argument (UsbUtil.cpp:157)
[2025-09-27 19:29:07] [CSCore - PvCSCoreLogger] [WARN] CS: WARNING 30: Reef2: could not queue buffer 0 (UsbCameraImpl.cpp:773)
[2025-09-27 19:29:07] [CSCore - PvCSCoreLogger] [DEBUG] CS: DEBUG 7: Reef2: queuing buffers (UsbCameraImpl.cpp:765)
[2025-09-27 19:29:07] [CSCore - PvCSCoreLogger] [ERROR] CS: ERROR 40: ioctl VIDIOC_QBUF failed at UsbCameraImpl.cpp:772: Invalid argument (UsbUtil.cpp:157)
[2025-09-27 19:29:07] [CSCore - PvCSCoreLogger] [WARN] CS: WARNING 30: Reef2: could not queue buffer 0 (UsbCameraImpl.cpp:773)
[2025-09-27 19:29:07] [CSCore - PvCSCoreLogger] [DEBUG] CS: DEBUG 7: Reef2: queuing buffers (UsbCameraImpl.cpp:765)
[2025-09-27 19:29:07] [CSCore - PvCSCoreLogger] [ERROR] CS: ERROR 40: ioctl VIDIOC_QBUF failed at UsbCameraImpl.cpp:772: Invalid argument (UsbUtil.cpp:157)
[2025-09-27 19:29:07] [CSCore - PvCSCoreLogger] [WARN] CS: WARNING 30: Reef2: could not queue buffer 0 (UsbCameraImpl.cpp:773)
[2025-09-27 19:29:07] [Camera - USBFrameProvider - Reef2] [ERROR] Error grabbing image: timed out getting frame
[2025-09-27 19:29:07] [Camera - USBFrameProvider - Reef2] [ERROR] Error grabbing image: timed out getting frame
[2025-09-27 19:29:07] [CSCore - PvCSCoreLogger] [DEBUG] CS: DEBUG 7: Reef2: queuing buffers (UsbCameraImpl.cpp:765)
[2025-09-27 19:29:07] [CSCore - PvCSCoreLogger] [ERROR] CS: ERROR 40: ioctl VIDIOC_QBUF failed at UsbCameraImpl.cpp:772: Invalid argument (UsbUtil.cpp:157)
[2025-09-27 19:29:07] [CSCore - PvCSCoreLogger] [WARN] CS: WARNING 30: Reef2: could not queue buffer 0 (UsbCameraImpl.cpp:773)
[2025-09-27 19:29:07] [CSCore - PvCSCoreLogger] [DEBUG] CS: DEBUG 7: Reef2: queuing buffers (UsbCameraImpl.cpp:765)
[2025-09-27 19:29:07] [CSCore - PvCSCoreLogger] [ERROR] CS: ERROR 40: ioctl VIDIOC_QBUF failed at UsbCameraImpl.cpp:772: Invalid argument (UsbUtil.cpp:157)
[2025-09-27 19:29:07] [CSCore - PvCSCoreLogger] [WARN] CS: WARNING 30: Reef2: could not queue buffer 0 (UsbCameraImpl.cpp:773)
[2025-09-27 19:29:07] [CSCore - PvCSCoreLogger] [DEBUG] CS: DEBUG 7: Reef2: queuing buffers (UsbCameraImpl.cpp:765)
[2025-09-27 19:29:07] [CSCore - PvCSCoreLogger] [ERROR] CS: ERROR 40: ioctl VIDIOC_QBUF failed at UsbCameraImpl.cpp:772: Invalid argument (UsbUtil.cpp:157)
[2025-09-27 19:29:07] [CSCore - PvCSCoreLogger] [WARN] CS: WARNING 30: Reef2: could not queue buffer 0 (UsbCameraImpl.cpp:773)
[2025-09-27 19:29:07] [CSCore - PvCSCoreLogger] [DEBUG] CS: DEBUG 7: Reef2: queuing buffers (UsbCameraImpl.cpp:765)
[2025-09-27 19:29:07] [CSCore - PvCSCoreLogger] [ERROR] CS: ERROR 40: ioctl VIDIOC_QBUF failed at UsbCameraImpl.cpp:772: Invalid argument (UsbUtil.cpp:157)
[2025-09-27 19:29:07] [CSCore - PvCSCoreLogger] [WARN] CS: WARNING 30: Reef2: could not queue buffer 0 (UsbCameraImpl.cpp:773)
[2025-09-27 19:29:07] [General - KernelLogLogger] [DEBUG] 2025-09-27T19:29:07.295423-06:00 photonvision kernel: usb usb7-port1: disabled by hub (EMI?), re-enabling...
[2025-09-27 19:29:07] [General - KernelLogLogger] [DEBUG] 2025-09-27T19:29:07.295445-06:00 photonvision kernel: usb 7-1: USB disconnect, device number 13
[2025-09-27 19:29:07] [General - KernelLogLogger] [DEBUG] 2025-09-27T19:29:07.618688-06:00 photonvision kernel: usb 7-1: new high-speed USB device number 14 using ehci-platform
[2025-09-27 19:29:07] [General - KernelLogLogger] [DEBUG] 2025-09-27T19:29:07.785351-06:00 photonvision kernel: usb 7-1: New USB device found, idVendor=0c45, idProduct=6366, bcdDevice= 1.00
[2025-09-27 19:29:07] [General - KernelLogLogger] [DEBUG] 2025-09-27T19:29:07.785369-06:00 photonvision kernel: usb 7-1: New USB device strings: Mfr=2, Product=1, SerialNumber=3
[2025-09-27 19:29:07] [General - KernelLogLogger] [DEBUG] 2025-09-27T19:29:07.785370-06:00 photonvision kernel: usb 7-1: Product: AprilTag1
[2025-09-27 19:29:07] [General - KernelLogLogger] [DEBUG] 2025-09-27T19:29:07.785371-06:00 photonvision kernel: usb 7-1: Manufacturer: Arducam Technology Co., Ltd.
[2025-09-27 19:29:07] [General - KernelLogLogger] [DEBUG] 2025-09-27T19:29:07.785372-06:00 photonvision kernel: usb 7-1: SerialNumber: 0001
[2025-09-27 19:29:07] [CSCore - PvCSCoreLogger] [DEBUG] CS: DEBUG 7: Reef2: queuing buffers (UsbCameraImpl.cpp:765)
[2025-09-27 19:29:07] [CSCore - PvCSCoreLogger] [ERROR] CS: ERROR 40: ioctl VIDIOC_QBUF failed at UsbCameraImpl.cpp:772: Invalid argument (UsbUtil.cpp:157)
[2025-09-27 19:29:07] [CSCore - PvCSCoreLogger] [WARN] CS: WARNING 30: Reef2: could not queue buffer 0 (UsbCameraImpl.cpp:773)
[2025-09-27 19:29:07] [CSCore - PvCSCoreLogger] [DEBUG] CS: DEBUG 7: Reef2: queuing buffers (UsbCameraImpl.cpp:765)
[2025-09-27 19:29:07] [CSCore - PvCSCoreLogger] [ERROR] CS: ERROR 40: ioctl VIDIOC_QBUF failed at UsbCameraImpl.cpp:772: Invalid argument (UsbUtil.cpp:157)
[2025-09-27 19:29:07] [CSCore - PvCSCoreLogger] [WARN] CS: WARNING 30: Reef2: could not queue buffer 0 (UsbCameraImpl.cpp:773)
[2025-09-27 19:29:07] [CSCore - PvCSCoreLogger] [DEBUG] CS: DEBUG 7: Reef2: queuing buffers (UsbCameraImpl.cpp:765)
[2025-09-27 19:29:07] [CSCore - PvCSCoreLogger] [ERROR] CS: ERROR 40: ioctl VIDIOC_QBUF failed at UsbCameraImpl.cpp:772: Invalid argument (UsbUtil.cpp:157)
[2025-09-27 19:29:07] [CSCore - PvCSCoreLogger] [WARN] CS: WARNING 30: Reef2: could not queue buffer 0 (UsbCameraImpl.cpp:773)
[2025-09-27 19:29:07] [CSCore - PvCSCoreLogger] [DEBUG] CS: DEBUG 7: Reef2: queuing buffers (UsbCameraImpl.cpp:765)
[2025-09-27 19:29:07] [CSCore - PvCSCoreLogger] [ERROR] CS: ERROR 40: ioctl VIDIOC_QBUF failed at UsbCameraImpl.cpp:772: Invalid argument (UsbUtil.cpp:157)
[2025-09-27 19:29:07] [CSCore - PvCSCoreLogger] [WARN] CS: WARNING 30: Reef2: could not queue buffer 0 (UsbCameraImpl.cpp:773)
[2025-09-27 19:29:08] [Camera - USBFrameProvider - Reef2] [ERROR] Error grabbing image: timed out getting frame
[2025-09-27 19:29:08] [Camera - USBFrameProvider - Reef2] [ERROR] Error grabbing image: timed out getting frame
[2025-09-27 19:29:08] [CSCore - PvCSCoreLogger] [DEBUG] CS: DEBUG 7: Reef2: queuing buffers (UsbCameraImpl.cpp:765)
[2025-09-27 19:29:08] [CSCore - PvCSCoreLogger] [ERROR] CS: ERROR 40: ioctl VIDIOC_QBUF failed at UsbCameraImpl.cpp:772: Invalid argument (UsbUtil.cpp:157)
[2025-09-27 19:29:08] [CSCore - PvCSCoreLogger] [WARN] CS: WARNING 30: Reef2: could not queue buffer 0 (UsbCameraImpl.cpp:773)
[2025-09-27 19:29:08] [CSCore - PvCSCoreLogger] [DEBUG] CS: DEBUG 7: Reef2: queuing buffers (UsbCameraImpl.cpp:765)
[2025-09-27 19:29:08] [CSCore - PvCSCoreLogger] [ERROR] CS: ERROR 40: ioctl VIDIOC_QBUF failed at UsbCameraImpl.cpp:772: Invalid argument (UsbUtil.cpp:157)
[2025-09-27 19:29:08] [CSCore - PvCSCoreLogger] [WARN] CS: WARNING 30: Reef2: could not queue buffer 0 (UsbCameraImpl.cpp:773)
[2025-09-27 19:29:08] [CSCore - PvCSCoreLogger] [DEBUG] CS: DEBUG 7: Reef2: queuing buffers (UsbCameraImpl.cpp:765)
[2025-09-27 19:29:08] [CSCore - PvCSCoreLogger] [ERROR] CS: ERROR 40: ioctl VIDIOC_QBUF failed at UsbCameraImpl.cpp:772: Invalid argument (UsbUtil.cpp:157)
[2025-09-27 19:29:08] [CSCore - PvCSCoreLogger] [WARN] CS: WARNING 30: Reef2: could not queue buffer 0 (UsbCameraImpl.cpp:773)
[2025-09-27 19:29:08] [CSCore - PvCSCoreLogger] [DEBUG] CS: DEBUG 7: Reef2: queuing buffers (UsbCameraImpl.cpp:765)
[2025-09-27 19:29:08] [CSCore - PvCSCoreLogger] [ERROR] CS: ERROR 40: ioctl VIDIOC_QBUF failed at UsbCameraImpl.cpp:772: Invalid argument (UsbUtil.cpp:157)
[2025-09-27 19:29:08] [CSCore - PvCSCoreLogger] [WARN] CS: WARNING 30: Reef2: could not queue buffer 0 (UsbCameraImpl.cpp:773)
[2025-09-27 19:29:08] [Camera - USBFrameProvider - Reef2] [ERROR] Error grabbing image: timed out getting frame
[2025-09-27 19:29:08] [CSCore - PvCSCoreLogger] [DEBUG] CS: DEBUG 7: Reef2: queuing buffers (UsbCameraImpl.cpp:765)
[2025-09-27 19:29:08] [CSCore - PvCSCoreLogger] [ERROR] CS: ERROR 40: ioctl VIDIOC_QBUF failed at UsbCameraImpl.cpp:772: No such device (UsbUtil.cpp:157)
[2025-09-27 19:29:08] [CSCore - PvCSCoreLogger] [WARN] CS: WARNING 30: Reef2: could not queue buffer 0 (UsbCameraImpl.cpp:773)
[2025-09-27 19:29:08] [CSCore - PvCSCoreLogger] [INFO] Reef2: Attempting to connect to USB camera on /dev/v4l/by-path/platform-xhci-hcd.11.auto-usb-0:1:1.0-video-index0
[2025-09-27 19:29:08] [CSCore - PvCSCoreLogger] [DEBUG] CS: DEBUG 7: Reef2: opening device (UsbCameraImpl.cpp:651)
[2025-09-27 19:29:08] [CSCore - PvCSCoreLogger] [INFO] Reef2: Attempting to connect to USB camera on /dev/v4l/by-path/platform-xhci-hcd.11.auto-usb-0:1:1.0-video-index0
[2025-09-27 19:29:08] [CSCore - PvCSCoreLogger] [DEBUG] CS: DEBUG 7: Reef2: opening device (UsbCameraImpl.cpp:651)
[2025-09-27 19:29:08] [CSCore - PvCSCoreLogger] [INFO] Reef2: Attempting to connect to USB camera on /dev/v4l/by-path/platform-xhci-hcd.11.auto-usb-0:1:1.0-video-index0
[2025-09-27 19:29:08] [CSCore - PvCSCoreLogger] [DEBUG] CS: DEBUG 7: Reef2: opening device (UsbCameraImpl.cpp:651)
[2025-09-27 19:29:08] [CSCore - PvCSCoreLogger] [INFO] Reef2: Attempting to connect to USB camera on /dev/v4l/by-path/platform-xhci-hcd.11.auto-usb-0:1:1.0-video-index0
[2025-09-27 19:29:08] [CSCore - PvCSCoreLogger] [DEBUG] CS: DEBUG 7: Reef2: opening device (UsbCameraImpl.cpp:651)
[2025-09-27 19:29:08] [CSCore - PvCSCoreLogger] [INFO] Reef2: Attempting to connect to USB camera on /dev/v4l/by-path/platform-xhci-hcd.11.auto-usb-0:1:1.0-video-index0
[2025-09-27 19:29:08] [CSCore - PvCSCoreLogger] [DEBUG] CS: DEBUG 7: Reef2: opening device (UsbCameraImpl.cpp:651)
[2025-09-27 19:29:08] [Camera - USBFrameProvider - Reef2] [ERROR] Error grabbing image: timed out getting frame
[2025-09-27 19:29:08] [General - KernelLogLogger] [DEBUG] 2025-09-27T19:29:07.788670-06:00 photonvision kernel: usb 7-1: Found UVC 1.00 device AprilTag1 (0c45:6366)
[2025-09-27 19:29:08] [General - KernelLogLogger] [DEBUG] 2025-09-27T19:29:07.815364-06:00 photonvision kernel: input: AprilTag1: AprilTag1 as /devices/platform/fc880000.usb/usb7/7-1/7-1:1.0/input/input29
[2025-09-27 19:29:08] [General - KernelLogLogger] [DEBUG] 2025-09-27T19:29:07.992067-06:00 photonvision kernel: usb usb7-port1: disabled by hub (EMI?), re-enabling...
[2025-09-27 19:29:08] [General - KernelLogLogger] [DEBUG] 2025-09-27T19:29:07.992106-06:00 photonvision kernel: usb 7-1: USB disconnect, device number 14
[2025-09-27 19:29:08] [General - KernelLogLogger] [DEBUG] 2025-09-27T19:29:08.352057-06:00 photonvision kernel: usb 7-1: new high-speed USB device number 15 using ehci-platform
[2025-09-27 19:29:08] [General - KernelLogLogger] [DEBUG] 2025-09-27T19:29:08.515418-06:00 photonvision kernel: usb 7-1: New USB device found, idVendor=0c45, idProduct=6366, bcdDevice= 1.00
[2025-09-27 19:29:08] [General - KernelLogLogger] [DEBUG] 2025-09-27T19:29:08.515455-06:00 photonvision kernel: usb 7-1: New USB device strings: Mfr=2, Product=1, SerialNumber=3
[2025-09-27 19:29:08] [General - KernelLogLogger] [DEBUG] 2025-09-27T19:29:08.515459-06:00 photonvision kernel: usb 7-1: Product: AprilTag1
[2025-09-27 19:29:08] [General - KernelLogLogger] [DEBUG] 2025-09-27T19:29:08.515461-06:00 photonvision kernel: usb 7-1: Manufacturer: Arducam Technology Co., Ltd.
[2025-09-27 19:29:08] [General - KernelLogLogger] [DEBUG] 2025-09-27T19:29:08.515464-06:00 photonvision kernel: usb 7-1: SerialNumber: 0001
[2025-09-27 19:29:08] [General - KernelLogLogger] [DEBUG] 2025-09-27T19:29:08.518736-06:00 photonvision kernel: usb 7-1: Found UVC 1.00 device AprilTag1 (0c45:6366)
[2025-09-27 19:29:08] [General - KernelLogLogger] [DEBUG] 2025-09-27T19:29:08.545407-06:00 photonvision kernel: input: AprilTag1: AprilTag1 as /devices/platform/fc880000.usb/usb7/7-1/7-1:1.0/input/input30
[2025-09-27 19:29:08] [General - KernelLogLogger] [DEBUG] 2025-09-27T19:29:08.728728-06:00 photonvision kernel: usb 1-1: USB disconnect, device number 5
[2025-09-27 19:29:08] [General - KernelLogLogger] [DEBUG] 2025-09-27T19:29:08.745378-06:00 photonvision kernel: usb usb7-port1: disabled by hub (EMI?), re-enabling...
[2025-09-27 19:29:08] [General - KernelLogLogger] [DEBUG] 2025-09-27T19:29:08.745391-06:00 photonvision kernel: usb 7-1: USB disconnect, device number 15
[2025-09-27 19:29:09] [Camera - USBFrameProvider - Reef2] [ERROR] Error grabbing image: timed out getting frame
[2025-09-27 19:29:09] [CSCore - PvCSCoreLogger] [INFO] Reef2: Attempting to connect to USB camera on /dev/v4l/by-path/platform-xhci-hcd.11.auto-usb-0:1:1.0-video-index0
[2025-09-27 19:29:09] [CSCore - PvCSCoreLogger] [DEBUG] CS: DEBUG 7: Reef2: opening device (UsbCameraImpl.cpp:651)
[2025-09-27 19:29:09] [CSCore - PvCSCoreLogger] [INFO] Reef2: Attempting to connect to USB camera on /dev/v4l/by-path/platform-xhci-hcd.11.auto-usb-0:1:1.0-video-index0
[2025-09-27 19:29:09] [CSCore - PvCSCoreLogger] [DEBUG] CS: DEBUG 7: Reef2: opening device (UsbCameraImpl.cpp:651)
[2025-09-27 19:29:09] [CSCore - PvCSCoreLogger] [INFO] Reef2: Attempting to connect to USB camera on /dev/v4l/by-path/platform-xhci-hcd.11.auto-usb-0:1:1.0-video-index0
[2025-09-27 19:29:09] [CSCore - PvCSCoreLogger] [DEBUG] CS: DEBUG 7: Reef2: opening device (UsbCameraImpl.cpp:651)
[2025-09-27 19:29:09] [CSCore - PvCSCoreLogger] [INFO] Reef2: Attempting to connect to USB camera on /dev/v4l/by-path/platform-xhci-hcd.11.auto-usb-0:1:1.0-video-index0
[2025-09-27 19:29:09] [CSCore - PvCSCoreLogger] [DEBUG] CS: DEBUG 7: Reef2: opening device (UsbCameraImpl.cpp:651)
[2025-09-27 19:29:09] [CSCore - PvCSCoreLogger] [INFO] Reef2: Connected to USB camera on /dev/v4l/by-path/platform-xhci-hcd.11.auto-usb-0:1:1.0-video-index0
[2025-09-27 19:29:09] [CSCore - PvCSCoreLogger] [DEBUG] CS: DEBUG 7: Reef2: getting capabilities (UsbCameraImpl.cpp:663)
[2025-09-27 19:29:09] [CSCore - PvCSCoreLogger] [DEBUG] CS: DEBUG 7: Reef2: restoring video mode (UsbCameraImpl.cpp:681)
[2025-09-27 19:29:09] [CSCore - PvCSCoreLogger] [INFO] Reef2: set format 1 res 320x240
[2025-09-27 19:29:09] [CSCore - PvCSCoreLogger] [INFO] Reef2: set FPS to 30
[2025-09-27 19:29:09] [CSCore - PvCSCoreLogger] [DEBUG] CS: DEBUG 7: Reef2: restoring settings (UsbCameraImpl.cpp:686)
[2025-09-27 19:29:09] [CSCore - PvCSCoreLogger] [DEBUG] CS: DEBUG 7: Reef2: allocating buffers (UsbCameraImpl.cpp:701)
[2025-09-27 19:29:09] [CSCore - PvCSCoreLogger] [DEBUG] CS: DEBUG 7: Reef2: mapping buffers (UsbCameraImpl.cpp:715)
[2025-09-27 19:29:09] [CSCore - PvCSCoreLogger] [DEBUG] CS: DEBUG 7: Reef2: queuing buffers (UsbCameraImpl.cpp:765)
[2025-09-27 19:29:09] [Camera - USBFrameProvider - Reef2] [ERROR] Error grabbing image: timed out getting frame
[2025-09-27 19:29:09] [Camera - USBFrameProvider - Reef2] [ERROR] Error grabbing image: timed out getting frame
[2025-09-27 19:29:09] [General - KernelLogLogger] [DEBUG] 2025-09-27T19:29:09.068755-06:00 photonvision kernel: usb 1-1: new high-speed USB device number 6 using xhci-hcd
[2025-09-27 19:29:09] [General - KernelLogLogger] [DEBUG] 2025-09-27T19:29:09.165392-06:00 photonvision kernel: usb 7-1: new high-speed USB device number 16 using ehci-platform
[2025-09-27 19:29:09] [General - KernelLogLogger] [DEBUG] 2025-09-27T19:29:09.225397-06:00 photonvision kernel: usb 1-1: New USB device found, idVendor=0c45, idProduct=6366, bcdDevice= 1.00
[2025-09-27 19:29:09] [General - KernelLogLogger] [DEBUG] 2025-09-27T19:29:09.225414-06:00 photonvision kernel: usb 1-1: New USB device strings: Mfr=2, Product=1, SerialNumber=3
[2025-09-27 19:29:09] [General - KernelLogLogger] [DEBUG] 2025-09-27T19:29:09.225416-06:00 photonvision kernel: usb 1-1: Product: Reef2
[2025-09-27 19:29:09] [General - KernelLogLogger] [DEBUG] 2025-09-27T19:29:09.225417-06:00 photonvision kernel: usb 1-1: Manufacturer: Arducam Technology Co., Ltd.
[2025-09-27 19:29:09] [General - KernelLogLogger] [DEBUG] 2025-09-27T19:29:09.225418-06:00 photonvision kernel: usb 1-1: SerialNumber: 0002
[2025-09-27 19:29:09] [General - KernelLogLogger] [DEBUG] 2025-09-27T19:29:09.238731-06:00 photonvision kernel: usb 1-1: Found UVC 1.00 device Reef2 (0c45:6366)
[2025-09-27 19:29:09] [General - KernelLogLogger] [DEBUG] 2025-09-27T19:29:09.262061-06:00 photonvision kernel: input: Reef2: Reef2 as /devices/platform/usbdrd3_0/fc000000.usb/xhci-hcd.11.auto/usb1/1-1/1-1:1.0/input/input31
[2025-09-27 19:29:09] [General - KernelLogLogger] [DEBUG] 2025-09-27T19:29:09.298808-06:00 photonvision kernel: usb 7-1: device descriptor read/64, error -71
[2025-09-27 19:29:09] [General - KernelLogLogger] [DEBUG] 2025-09-27T19:29:09.542017-06:00 photonvision kernel: usb 7-1: device descriptor read/64, error -71
[2025-09-27 19:29:09] [General - KernelLogLogger] [DEBUG] 2025-09-27T19:29:09.772011-06:00 photonvision kernel: usb 7-1: new high-speed USB device number 17 using ehci-platform
[2025-09-27 19:29:09] [General - KernelLogLogger] [DEBUG] 025-09-27T19:29:08.745378-06:00 photonvision kernel: usb usb7-port1: disabled by hub (EMI?), re-enabling...
[2025-09-27 19:29:09] [General - KernelLogLogger] [DEBUG] 2025-09-27T19:29:08.745391-06:00 photonvision kernel: usb 7-1: USB disconnect, device number 15
[2025-09-27 19:29:09] [Camera - USBFrameProvider - Reef2] [ERROR] Error grabbing image: timed out getting frame
[2025-09-27 19:29:10] [CSCore - PvCSCoreLogger] [ERROR] CS: ERROR 40: Reef2: ioctl VIDIOC_STREAMON failed: Protocol error (UsbCameraImpl.cpp:789)
[2025-09-27 19:29:10] [CSCore - PvCSCoreLogger] [DEBUG] CS: DEBUG 7: Reef2: queuing buffers (UsbCameraImpl.cpp:765)
[2025-09-27 19:29:10] [CSCore - PvCSCoreLogger] [ERROR] CS: ERROR 40: ioctl VIDIOC_QBUF failed at UsbCameraImpl.cpp:772: Invalid argument (UsbUtil.cpp:157)
[2025-09-27 19:29:10] [CSCore - PvCSCoreLogger] [WARN] CS: WARNING 30: Reef2: could not queue buffer 0 (UsbCameraImpl.cpp:773)
[2025-09-27 19:29:10] [CSCore - PvCSCoreLogger] [DEBUG] CS: DEBUG 7: Reef2: queuing buffers (UsbCameraImpl.cpp:765)
[2025-09-27 19:29:10] [CSCore - PvCSCoreLogger] [ERROR] CS: ERROR 40: ioctl VIDIOC_QBUF failed at UsbCameraImpl.cpp:772: Invalid argument (UsbUtil.cpp:157)
[2025-09-27 19:29:10] [CSCore - PvCSCoreLogger] [WARN] CS: WARNING 30: Reef2: could not queue buffer 0 (UsbCameraImpl.cpp:773)
[2025-09-27 19:29:10] [Camera - USBFrameProvider - Reef2] [ERROR] Error grabbing image: timed out getting frame
[2025-09-27 19:29:10] [CSCore - PvCSCoreLogger] [DEBUG] CS: DEBUG 7: Reef2: queuing buffers (UsbCameraImpl.cpp:765)
[2025-09-27 19:29:10] [CSCore - PvCSCoreLogger] [ERROR] CS: ERROR 40: ioctl VIDIOC_QBUF failed at UsbCameraImpl.cpp:772: Invalid argument (UsbUtil.cpp:157)
[2025-09-27 19:29:10] [CSCore - PvCSCoreLogger] [WARN] CS: WARNING 30: Reef2: could not queue buffer 0 (UsbCameraImpl.cpp:773)
[2025-09-27 19:29:10] [CSCore - PvCSCoreLogger] [DEBUG] CS: DEBUG 7: Reef2: queuing buffers (UsbCameraImpl.cpp:765)
[2025-09-27 19:29:10] [CSCore - PvCSCoreLogger] [ERROR] CS: ERROR 40: ioctl VIDIOC_QBUF failed at UsbCameraImpl.cpp:772: Invalid argument (UsbUtil.cpp:157)
[2025-09-27 19:29:10] [CSCore - PvCSCoreLogger] [WARN] CS: WARNING 30: Reef2: could not queue buffer 0 (UsbCameraImpl.cpp:773)
[2025-09-27 19:29:10] [CSCore - PvCSCoreLogger] [DEBUG] CS: DEBUG 7: Reef2: queuing buffers (UsbCameraImpl.cpp:765)
[2025-09-27 19:29:10] [CSCore - PvCSCoreLogger] [ERROR] CS: ERROR 40: ioctl VIDIOC_QBUF failed at UsbCameraImpl.cpp:772: Invalid argument (UsbUtil.cpp:157)
[2025-09-27 19:29:10] [CSCore - PvCSCoreLogger] [WARN] CS: WARNING 30: Reef2: could not queue buffer 0 (UsbCameraImpl.cpp:773)
[2025-09-27 19:29:10] [CSCore - PvCSCoreLogger] [DEBUG] CS: DEBUG 7: Reef2: queuing buffers (UsbCameraImpl.cpp:765)
[2025-09-27 19:29:10] [CSCore - PvCSCoreLogger] [ERROR] CS: ERROR 40: ioctl VIDIOC_QBUF failed at UsbCameraImpl.cpp:772: Invalid argument (UsbUtil.cpp:157)
[2025-09-27 19:29:10] [CSCore - PvCSCoreLogger] [WARN] CS: WARNING 30: Reef2: could not queue buffer 0 (UsbCameraImpl.cpp:773)
[2025-09-27 19:29:10] [Camera - USBFrameProvider - Reef2] [ERROR] Error grabbing image: timed out getting frame
[2025-09-27 19:29:10] [Camera - USBFrameProvider - Reef2] [ERROR] Error grabbing image: timed out getting frame
[2025-09-27 19:29:10] [General - KernelLogLogger] [DEBUG] 2025-09-27T19:29:09.932082-06:00 photonvision kernel: usb 7-1: New USB device found, idVendor=0c45, idProduct=6366, bcdDevice= 1.00
[2025-09-27 19:29:10] [General - KernelLogLogger] [DEBUG] 2025-09-27T19:29:09.932121-06:00 photonvision kernel: usb 7-1: New USB device strings: Mfr=2, Product=1, SerialNumber=3
[2025-09-27 19:29:10] [General - KernelLogLogger] [DEBUG] 2025-09-27T19:29:09.932125-06:00 photonvision kernel: usb 7-1: Product: AprilTag1
[2025-09-27 19:29:10] [General - KernelLogLogger] [DEBUG] 2025-09-27T19:29:09.932127-06:00 photonvision kernel: usb 7-1: Manufacturer: Arducam Technology Co., Ltd.
[2025-09-27 19:29:10] [General - KernelLogLogger] [DEBUG] 2025-09-27T19:29:09.932130-06:00 photonvision kernel: usb 7-1: SerialNumber: 0001
[2025-09-27 19:29:10] [General - KernelLogLogger] [DEBUG] 2025-09-27T19:29:09.935385-06:00 photonvision kernel: usb 7-1: Found UVC 1.00 device AprilTag1 (0c45:6366)
[2025-09-27 19:29:10] [General - KernelLogLogger] [DEBUG] 2025-09-27T19:29:09.942045-06:00 photonvision kernel: usb 1-1: Failed to query (GET_CUR) UVC control 1 on unit 2: -32 (exp. 2).
[2025-09-27 19:29:10] [General - KernelLogLogger] [DEBUG] 2025-09-27T19:29:09.962044-06:00 photonvision kernel: input: AprilTag1: AprilTag1 as /devices/platform/fc880000.usb/usb7/7-1/7-1:1.0/input/input32
[2025-09-27 19:29:10] [General - KernelLogLogger] [DEBUG] 2025-09-27T19:29:10.382069-06:00 photonvision kernel: usb usb7-port1: disabled by hub (EMI?), re-enabling...
[2025-09-27 19:29:10] [General - KernelLogLogger] [DEBUG] 2025-09-27T19:29:10.382105-06:00 photonvision kernel: usb 7-1: USB disconnect, device number 17
[2025-09-27 19:29:10] [General - KernelLogLogger] [DEBUG] 2025-09-27T19:29:10.735379-06:00 photonvision kernel: usb 7-1: new high-speed USB device number 18 using ehci-platform
[2025-09-27 19:29:10] [CSCore - PvCSCoreLogger] [DEBUG] CS: DEBUG 7: Reef2: queuing buffers (UsbCameraImpl.cpp:765)
[2025-09-27 19:29:10] [CSCore - PvCSCoreLogger] [ERROR] CS: ERROR 40: ioctl VIDIOC_QBUF failed at UsbCameraImpl.cpp:772: Invalid argument (UsbUtil.cpp:157)
[2025-09-27 19:29:10] [CSCore - PvCSCoreLogger] [WARN] CS: WARNING 30: Reef2: could not queue buffer 0 (UsbCameraImpl.cpp:773)
[2025-09-27 19:29:10] [CSCore - PvCSCoreLogger] [DEBUG] CS: DEBUG 7: Reef2: queuing buffers (UsbCameraImpl.cpp:765)
[2025-09-27 19:29:10] [CSCore - PvCSCoreLogger] [ERROR] CS: ERROR 40: ioctl VIDIOC_QBUF failed at UsbCameraImpl.cpp:772: Invalid argument (UsbUtil.cpp:157)
[2025-09-27 19:29:10] [CSCore - PvCSCoreLogger] [WARN] CS: WARNING 30: Reef2: could not queue buffer 0 (UsbCameraImpl.cpp:773)
[2025-09-27 19:29:10] [CSCore - PvCSCoreLogger] [DEBUG] CS: DEBUG 7: Reef2: queuing buffers (UsbCameraImpl.cpp:765)
[2025-09-27 19:29:10] [CSCore - PvCSCoreLogger] [ERROR] CS: ERROR 40: ioctl VIDIOC_QBUF failed at UsbCameraImpl.cpp:772: Invalid argument (UsbUtil.cpp:157)
[2025-09-27 19:29:10] [CSCore - PvCSCoreLogger] [WARN] CS: WARNING 30: Reef2: could not queue buffer 0 (UsbCameraImpl.cpp:773)
[2025-09-27 19:29:10] [CSCore - PvCSCoreLogger] [DEBUG] CS: DEBUG 7: Reef2: queuing buffers (UsbCameraImpl.cpp:765)
[2025-09-27 19:29:10] [CSCore - PvCSCoreLogger] [ERROR] CS: ERROR 40: ioctl VIDIOC_QBUF failed at UsbCameraImpl.cpp:772: Invalid argument (UsbUtil.cpp:157)
[2025-09-27 19:29:10] [CSCore - PvCSCoreLogger] [WARN] CS: WARNING 30: Reef2: could not queue buffer 0 (UsbCameraImpl.cpp:773)
[2025-09-27 19:29:10] [Camera - USBFrameProvider - Reef2] [ERROR] Error grabbing image: timed out getting frame
[2025-09-27 19:29:11] [CSCore - PvCSCoreLogger] [DEBUG] CS: DEBUG 7: Reef2: queuing buffers (UsbCameraImpl.cpp:765)
[2025-09-27 19:29:11] [CSCore - PvCSCoreLogger] [ERROR] CS: ERROR 40: ioctl VIDIOC_QBUF failed at UsbCameraImpl.cpp:772: Invalid argument (UsbUtil.cpp:157)
[2025-09-27 19:29:11] [CSCore - PvCSCoreLogger] [WARN] CS: WARNING 30: Reef2: could not queue buffer 0 (UsbCameraImpl.cpp:773)
[2025-09-27 19:29:11] [CSCore - PvCSCoreLogger] [DEBUG] CS: DEBUG 7: Reef2: queuing buffers (UsbCameraImpl.cpp:765)
[2025-09-27 19:29:11] [CSCore - PvCSCoreLogger] [ERROR] CS: ERROR 40: ioctl VIDIOC_QBUF failed at UsbCameraImpl.cpp:772: Invalid argument (UsbUtil.cpp:157)
[2025-09-27 19:29:11] [CSCore - PvCSCoreLogger] [WARN] CS: WARNING 30: Reef2: could not queue buffer 0 (UsbCameraImpl.cpp:773)
[2025-09-27 19:29:11] [CSCore - PvCSCoreLogger] [DEBUG] CS: DEBUG 7: Reef2: queuing buffers (UsbCameraImpl.cpp:765)
[2025-09-27 19:29:11] [CSCore - PvCSCoreLogger] [ERROR] CS: ERROR 40: ioctl VIDIOC_QBUF failed at UsbCameraImpl.cpp:772: Invalid argument (UsbUtil.cpp:157)
[2025-09-27 19:29:11] [CSCore - PvCSCoreLogger] [WARN] CS: WARNING 30: Reef2: could not queue buffer 0 (UsbCameraImpl.cpp:773)
[2025-09-27 19:29:11] [CSCore - PvCSCoreLogger] [DEBUG] CS: DEBUG 7: Reef2: queuing buffers (UsbCameraImpl.cpp:765)
[2025-09-27 19:29:11] [CSCore - PvCSCoreLogger] [ERROR] CS: ERROR 40: ioctl VIDIOC_QBUF failed at UsbCameraImpl.cpp:772: Invalid argument (UsbUtil.cpp:157)
[2025-09-27 19:29:11] [CSCore - PvCSCoreLogger] [WARN] CS: WARNING 30: Reef2: could not queue buffer 0 (UsbCameraImpl.cpp:773)
[2025-09-27 19:29:11] [Camera - USBFrameProvider - Reef2] [ERROR] Error grabbing image: timed out getting frame
[2025-09-27 19:29:11] [Camera - USBFrameProvider - Reef2] [ERROR] Error grabbing image: timed out getting frame
[2025-09-27 19:29:11] [Camera - USBFrameProvider - Reef2] [ERROR] Error grabbing image: timed out getting frame
[2025-09-27 19:29:11] [General - KernelLogLogger] [DEBUG] 2025-09-27T19:29:10.902092-06:00 photonvision kernel: usb 7-1: New USB device found, idVendor=0c45, idProduct=6366, bcdDevice= 1.00
[2025-09-27 19:29:11] [General - KernelLogLogger] [DEBUG] 2025-09-27T19:29:10.902129-06:00 photonvision kernel: usb 7-1: New USB device strings: Mfr=2, Product=1, SerialNumber=3
[2025-09-27 19:29:11] [General - KernelLogLogger] [DEBUG] 2025-09-27T19:29:10.902132-06:00 photonvision kernel: usb 7-1: Product: AprilTag1
[2025-09-27 19:29:11] [General - KernelLogLogger] [DEBUG] 2025-09-27T19:29:10.902135-06:00 photonvision kernel: usb 7-1: Manufacturer: Arducam Technology Co., Ltd.
[2025-09-27 19:29:11] [General - KernelLogLogger] [DEBUG] 2025-09-27T19:29:10.902138-06:00 photonvision kernel: usb 7-1: SerialNumber: 0001
[2025-09-27 19:29:11] [General - KernelLogLogger] [DEBUG] 2025-09-27T19:29:10.905381-06:00 photonvision kernel: usb 7-1: Found UVC 1.00 device AprilTag1 (0c45:6366)
[2025-09-27 19:29:11] [General - KernelLogLogger] [DEBUG] 2025-09-27T19:29:10.932044-06:00 photonvision kernel: input: AprilTag1: AprilTag1 as /devices/platform/fc880000.usb/usb7/7-1/7-1:1.0/input/input33
[2025-09-27 19:29:11] [General - KernelLogLogger] [DEBUG] 2025-09-27T19:29:11.048733-06:00 photonvision kernel: usb usb7-port1: disabled by hub (EMI?), re-enabling...
[2025-09-27 19:29:11] [General - KernelLogLogger] [DEBUG] 2025-09-27T19:29:11.048773-06:00 photonvision kernel: usb 7-1: USB disconnect, device number 18
[2025-09-27 19:29:11] [General - KernelLogLogger] [DEBUG] 2025-09-27T19:29:11.382054-06:00 photonvision kernel: usb 7-1: new high-speed USB device number 19 using ehci-platform
[2025-09-27 19:29:11] [General - KernelLogLogger] [DEBUG] 2025-09-27T19:29:11.725385-06:00 photonvision kernel: usb 7-1: device descriptor read/64, error -71
[2025-09-27 19:29:11] [General - KernelLogLogger] [DEBUG] mber 18 using ehci-platform
[2025-09-27 19:29:12] [Camera - USBFrameProvider - Reef2] [ERROR] Error grabbing image: timed out getting frame
[2025-09-27 19:29:12] [Camera - USBFrameProvider - Reef2] [ERROR] Error grabbing image: timed out getting frame
[2025-09-27 19:29:12] [CSCore - PvCSCoreLogger] [DEBUG] CS: DEBUG 7: Reef2: queuing buffers (UsbCameraImpl.cpp:765)
[2025-09-27 19:29:12] [CSCore - PvCSCoreLogger] [ERROR] CS: ERROR 40: ioctl VIDIOC_QBUF failed at UsbCameraImpl.cpp:772: Invalid argument (UsbUtil.cpp:157)
[2025-09-27 19:29:12] [CSCore - PvCSCoreLogger] [WARN] CS: WARNING 30: Reef2: could not queue buffer 0 (UsbCameraImpl.cpp:773)
[2025-09-27 19:29:12] [CSCore - PvCSCoreLogger] [DEBUG] CS: DEBUG 7: Reef2: queuing buffers (UsbCameraImpl.cpp:765)
[2025-09-27 19:29:12] [CSCore - PvCSCoreLogger] [ERROR] CS: ERROR 40: ioctl VIDIOC_QBUF failed at UsbCameraImpl.cpp:772: Invalid argument (UsbUtil.cpp:157)
[2025-09-27 19:29:12] [CSCore - PvCSCoreLogger] [WARN] CS: WARNING 30: Reef2: could not queue buffer 0 (UsbCameraImpl.cpp:773)
[2025-09-27 19:29:12] [CSCore - PvCSCoreLogger] [DEBUG] CS: DEBUG 7: Reef2: queuing buffers (UsbCameraImpl.cpp:765)
[2025-09-27 19:29:12] [CSCore - PvCSCoreLogger] [ERROR] CS: ERROR 40: ioctl VIDIOC_QBUF failed at UsbCameraImpl.cpp:772: Invalid argument (UsbUtil.cpp:157)
[2025-09-27 19:29:12] [CSCore - PvCSCoreLogger] [WARN] CS: WARNING 30: Reef2: could not queue buffer 0 (UsbCameraImpl.cpp:773)
[2025-09-27 19:29:12] [CSCore - PvCSCoreLogger] [DEBUG] CS: DEBUG 7: Reef2: queuing buffers (UsbCameraImpl.cpp:765)
[2025-09-27 19:29:12] [CSCore - PvCSCoreLogger] [ERROR] CS: ERROR 40: ioctl VIDIOC_QBUF failed at UsbCameraImpl.cpp:772: Invalid argument (UsbUtil.cpp:157)
[2025-09-27 19:29:12] [CSCore - PvCSCoreLogger] [WARN] CS: WARNING 30: Reef2: could not queue buffer 0 (UsbCameraImpl.cpp:773)
[2025-09-27 19:29:12] [Camera - USBFrameProvider - Reef2] [ERROR] Error grabbing image: timed out getting frame
[2025-09-27 19:29:12] [General - KernelLogLogger] [DEBUG] 2025-09-27T19:29:11.968717-06:00 photonvision kernel: usb 7-1: device descriptor read/64, error -71
[2025-09-27 19:29:12] [General - KernelLogLogger] [DEBUG] 2025-09-27T19:29:12.198715-06:00 photonvision kernel: usb 7-1: new high-speed USB device number 20 using ehci-platform
[2025-09-27 19:29:12] [General - KernelLogLogger] [DEBUG] 2025-09-27T19:29:12.358738-06:00 photonvision kernel: usb 7-1: New USB device found, idVendor=0c45, idProduct=6366, bcdDevice= 1.00
[2025-09-27 19:29:12] [General - KernelLogLogger] [DEBUG] 2025-09-27T19:29:12.358776-06:00 photonvision kernel: usb 7-1: New USB device strings: Mfr=2, Product=1, SerialNumber=3
[2025-09-27 19:29:12] [General - KernelLogLogger] [DEBUG] 2025-09-27T19:29:12.358779-06:00 photonvision kernel: usb 7-1: Product: AprilTag1
[2025-09-27 19:29:12] [General - KernelLogLogger] [DEBUG] 2025-09-27T19:29:12.358782-06:00 photonvision kernel: usb 7-1: Manufacturer: Arducam Technology Co., Ltd.
[2025-09-27 19:29:12] [General - KernelLogLogger] [DEBUG] 2025-09-27T19:29:12.358785-06:00 photonvision kernel: usb 7-1: SerialNumber: 0001
[2025-09-27 19:29:12] [General - KernelLogLogger] [DEBUG] 2025-09-27T19:29:12.362084-06:00 photonvision kernel: usb 7-1: Found UVC 1.00 device AprilTag1 (0c45:6366)
[2025-09-27 19:29:12] [General - KernelLogLogger] [DEBUG] 2025-09-27T19:29:12.382049-06:00 photonvision kernel: usb 7-1: UVC non compliance - GET_DEF(PROBE) not supported. Enabling workaround.
[2025-09-27 19:29:12] [General - KernelLogLogger] [DEBUG] 2025-09-27T19:29:12.382083-06:00 photonvision kernel: input: AprilTag1: AprilTag1 as /devices/platform/fc880000.usb/usb7/7-1/7-1:1.0/input/input34
[2025-09-27 19:29:12] [General - KernelLogLogger] [DEBUG] 2025-09-27T19:29:12.735368-06:00 photonvision kernel: [dhd] [wlan0] wl_conn_debug_info : Connecting with 92:18:98:fb:b4:a1 ssid "Jeffco-Community", len (16), channel=5g-52(chan_cnt=1), sec=open/mfpc/none, rssi=-62
[2025-09-27 19:29:12] [General - KernelLogLogger] [DEBUG] 2025-09-27T19:29:12.855421-06:00 photonvision kernel: [dhd] [wlan0] wl_iw_event : Link UP with 92:18:98:fb:b4:a1
[2025-09-27 19:29:12] [General - KernelLogLogger] [DEBUG] 2025-09-27T19:29:12.855461-06:00 photonvision kernel: [dhd] [wlan0] wl_ext_iapsta_link : [S] Link UP with 92:18:98:fb:b4:a1
[2025-09-27 19:29:12] [General - KernelLogLogger] [DEBUG] ÿ
[2025-09-27 19:29:12] [Camera - USBFrameProvider - Reef2] [ERROR] Error grabbing image: timed out getting frame
[2025-09-27 19:29:13] [CSCore - PvCSCoreLogger] [DEBUG] CS: DEBUG 7: Reef2: queuing buffers (UsbCameraImpl.cpp:765)
[2025-09-27 19:29:13] [CSCore - PvCSCoreLogger] [ERROR] CS: ERROR 40: ioctl VIDIOC_QBUF failed at UsbCameraImpl.cpp:772: Invalid argument (UsbUtil.cpp:157)
[2025-09-27 19:29:13] [CSCore - PvCSCoreLogger] [WARN] CS: WARNING 30: Reef2: could not queue buffer 0 (UsbCameraImpl.cpp:773)
[2025-09-27 19:29:13] [CSCore - PvCSCoreLogger] [DEBUG] CS: DEBUG 7: Reef2: queuing buffers (UsbCameraImpl.cpp:765)
[2025-09-27 19:29:13] [CSCore - PvCSCoreLogger] [ERROR] CS: ERROR 40: ioctl VIDIOC_QBUF failed at UsbCameraImpl.cpp:772: Invalid argument (UsbUtil.cpp:157)
[2025-09-27 19:29:13] [CSCore - PvCSCoreLogger] [WARN] CS: WARNING 30: Reef2: could not queue buffer 0 (UsbCameraImpl.cpp:773)
[2025-09-27 19:29:13] [Camera - USBFrameProvider - Reef2] [ERROR] Error grabbing image: timed out getting frame
[2025-09-27 19:29:13] [Camera - USBFrameProvider - Reef2] [ERROR] Error grabbing image: timed out getting frame
[2025-09-27 19:29:13] [CSCore - PvCSCoreLogger] [DEBUG] CS: DEBUG 7: Reef2: queuing buffers (UsbCameraImpl.cpp:765)
[2025-09-27 19:29:13] [CSCore - PvCSCoreLogger] [ERROR] CS: ERROR 40: ioctl VIDIOC_QBUF failed at UsbCameraImpl.cpp:772: Invalid argument (UsbUtil.cpp:157)
[2025-09-27 19:29:13] [CSCore - PvCSCoreLogger] [WARN] CS: WARNING 30: Reef2: could not queue buffer 0 (UsbCameraImpl.cpp:773)
[2025-09-27 19:29:13] [CSCore - PvCSCoreLogger] [DEBUG] CS: DEBUG 7: Reef2: queuing buffers (UsbCameraImpl.cpp:765)
[2025-09-27 19:29:13] [CSCore - PvCSCoreLogger] [ERROR] CS: ERROR 40: ioctl VIDIOC_QBUF failed at UsbCameraImpl.cpp:772: Invalid argument (UsbUtil.cpp:157)
[2025-09-27 19:29:13] [CSCore - PvCSCoreLogger] [WARN] CS: WARNING 30: Reef2: could not queue buffer 0 (UsbCameraImpl.cpp:773)
[2025-09-27 19:29:13] [CSCore - PvCSCoreLogger] [DEBUG] CS: DEBUG 7: Reef2: queuing buffers (UsbCameraImpl.cpp:765)
[2025-09-27 19:29:13] [CSCore - PvCSCoreLogger] [ERROR] CS: ERROR 40: ioctl VIDIOC_QBUF failed at UsbCameraImpl.cpp:772: Invalid argument (UsbUtil.cpp:157)
[2025-09-27 19:29:13] [CSCore - PvCSCoreLogger] [WARN] CS: WARNING 30: Reef2: could not queue buffer 0 (UsbCameraImpl.cpp:773)
[2025-09-27 19:29:13] [CSCore - PvCSCoreLogger] [DEBUG] CS: DEBUG 7: Reef2: queuing buffers (UsbCameraImpl.cpp:765)
[2025-09-27 19:29:13] [CSCore - PvCSCoreLogger] [ERROR] CS: ERROR 40: ioctl VIDIOC_QBUF failed at UsbCameraImpl.cpp:772: Invalid argument (UsbUtil.cpp:157)
[2025-09-27 19:29:13] [CSCore - PvCSCoreLogger] [WARN] CS: WARNING 30: Reef2: could not queue buffer 0 (UsbCameraImpl.cpp:773)
[2025-09-27 19:29:13] [Camera - USBFrameProvider - Reef2] [ERROR] Error grabbing image: timed out getting frame
[2025-09-27 19:29:13] [General - KernelLogLogger] [DEBUG] 2025-09-27T19:29:12.858705-06:00 photonvision kernel: [dhd] [wlan0] wl_bss_connect_done : Report connect result - connection succeeded
[2025-09-27 19:29:13] [General - KernelLogLogger] [DEBUG] 2025-09-27T19:29:12.862028-06:00 photonvision kernel: [dhd] [wlan0] wl_cfg80211_set_suspend_bcn_li_dtim : bcn_li_dtim:0 lpas:0 bcn_to_dly:0
[2025-09-27 19:29:13] [General - KernelLogLogger] [DEBUG] 2025-09-27T19:29:12.862051-06:00 photonvision kernel: IPv6: ADDRCONF(NETDEV_CHANGE): wlan0: link becomes ready
[2025-09-27 19:29:13] [General - KernelLogLogger] [DEBUG] 2025-09-27T19:29:13.035413-06:00 photonvision kernel: usb usb7-port1: disabled by hub (EMI?), re-enabling...
[2025-09-27 19:29:13] [General - KernelLogLogger] [DEBUG] 2025-09-27T19:29:13.035453-06:00 photonvision kernel: usb 7-1: USB disconnect, device number 20
[2025-09-27 19:29:13] [General - KernelLogLogger] [DEBUG] 2025-09-27T19:29:13.362050-06:00 photonvision kernel: usb 7-1: new high-speed USB device number 21 using ehci-platform
[2025-09-27 19:29:13] [General - KernelLogLogger] [DEBUG] 2025-09-27T19:29:13.522057-06:00 photonvision kernel: usb 7-1: New USB device found, idVendor=0c45, idProduct=6366, bcdDevice= 1.00
[2025-09-27 19:29:13] [General - KernelLogLogger] [DEBUG] 2025-09-27T19:29:13.522094-06:00 photonvision kernel: usb 7-1: New USB device strings: Mfr=2, Product=1, SerialNumber=3
[2025-09-27 19:29:13] [General - KernelLogLogger] [DEBUG] 2025-09-27T19:29:13.522099-06:00 photonvision kernel: usb 7-1: Product: AprilTag1
[2025-09-27 19:29:13] [General - KernelLogLogger] [DEBUG] 2025-09-27T19:29:13.522102-06:00 photonvision kernel: usb 7-1: Manufacturer: Arducam Technology Co., Ltd.
[2025-09-27 19:29:13] [General - KernelLogLogger] [DEBUG] 2025-09-27T19:29:13.522104-06:00 photonvision kernel: usb 7-1: SerialNumber: 0001
[2025-09-27 19:29:13] [General - KernelLogLogger] [DEBUG] 2025-09-27T19:29:13.528703-06:00 photonvision kernel: usb 7-1: Found UVC 1.00 device AprilTag1 (0c45:6366)
[2025-09-27 19:29:13] [General - KernelLogLogger] [DEBUG] 2025-09-27T19:29:13.555381-06:00 photonvision kernel: input: AprilTag1: AprilTag1 as /devices/platform/fc880000.usb/usb7/7-1/7-1:1.0/input/input35
[2025-09-27 19:29:13] [Camera - USBFrameProvider - Reef2] [ERROR] Error grabbing image: timed out getting frame
[2025-09-27 19:29:14] [Camera - USBFrameProvider - Reef2] [ERROR] Error grabbing image: timed out getting frame
[2025-09-27 19:29:14] [Camera - USBFrameProvider - Reef2] [ERROR] Error grabbing image: timed out getting frame
[2025-09-27 19:29:14] [Camera - USBFrameProvider - Reef2] [ERROR] Error grabbing image: timed out getting frame
[2025-09-27 19:29:15] [Camera - USBFrameProvider - Reef2] [ERROR] Error grabbing image: timed out getting frame
[2025-09-27 19:29:15] [Camera - USBFrameProvider - Reef2] [ERROR] Error grabbing image: timed out getting frame
[2025-09-27 19:29:15] [CSCore - PvCSCoreLogger] [DEBUG] CS: DEBUG 7: Reef2: queuing buffers (UsbCameraImpl.cpp:765)
[2025-09-27 19:29:15] [CSCore - PvCSCoreLogger] [ERROR] CS: ERROR 40: ioctl VIDIOC_QBUF failed at UsbCameraImpl.cpp:772: Invalid argument (UsbUtil.cpp:157)
[2025-09-27 19:29:15] [CSCore - PvCSCoreLogger] [WARN] CS: WARNING 30: Reef2: could not queue buffer 0 (UsbCameraImpl.cpp:773)
[2025-09-27 19:29:15] [Camera - USBFrameProvider - Reef2] [ERROR] Error grabbing image: timed out getting frame
[2025-09-27 19:29:15] [Camera - USBFrameProvider - Reef2] [ERROR] Error grabbing image: timed out getting frame
[2025-09-27 19:29:16] [Camera - USBFrameProvider - Reef2] [ERROR] Error grabbing image: timed out getting frame
[2025-09-27 19:29:16] [Camera - USBFrameProvider - Reef2] [ERROR] Error grabbing image: timed out getting frame
[2025-09-27 19:29:16] [Camera - USBFrameProvider - Reef2] [ERROR] Error grabbing image: timed out getting frame
[2025-09-27 19:29:16] [Camera - USBFrameProvider - Reef2] [ERROR] Error grabbing image: timed out getting frame
[2025-09-27 19:29:17] [Camera - USBFrameProvider - Reef2] [ERROR] Error grabbing image: timed out getting frame
[2025-09-27 19:29:17] [Camera - USBFrameProvider - Reef2] [ERROR] Error grabbing image: timed out getting frame
[2025-09-27 19:29:17] [CSCore - PvCSCoreLogger] [DEBUG] CS: DEBUG 7: Reef2: queuing buffers (UsbCameraImpl.cpp:765)
[2025-09-27 19:29:17] [CSCore - PvCSCoreLogger] [ERROR] CS: ERROR 40: ioctl VIDIOC_QBUF failed at UsbCameraImpl.cpp:772: Invalid argument (UsbUtil.cpp:157)
[2025-09-27 19:29:17] [CSCore - PvCSCoreLogger] [WARN] CS: WARNING 30: Reef2: could not queue buffer 0 (UsbCameraImpl.cpp:773)
[2025-09-27 19:29:17] [Camera - USBFrameProvider - Reef2] [ERROR] Error grabbing image: timed out getting frame
[2025-09-27 19:29:18] [Camera - USBFrameProvider - Reef2] [ERROR] Error grabbing image: timed out getting frame
[2025-09-27 19:29:18] [Camera - USBFrameProvider - Reef2] [ERROR] Error grabbing image: timed out getting frame
[2025-09-27 19:29:18] [Camera - USBFrameProvider - Reef2] [ERROR] Error grabbing image: timed out getting frame
[2025-09-27 19:29:18] [WebServer - RequestHandler] [INFO] Successfully saved general settings
[2025-09-27 19:29:18] [General - ShellExec] [DEBUG] Executing "nmcli -t -f GENERAL.CONNECTION,GENERAL.DEVICE,GENERAL.TYPE device show"
[2025-09-27 19:29:18] [General - ShellExec] [DEBUG] Got exit code 0
[2025-09-27 19:29:18] [General - NetworkUtils] [DEBUG] Found network interfaces: [NMDeviceInfo [connName=dhcp-enP3p49s0, devName=enP3p49s0, nmType=NMTYPE_ETHERNET], NMDeviceInfo [connName=Jeffco-Community, devName=wlan0, nmType=NMTYPE_WIFI], NMDeviceInfo [connName=, devName=p2p-dev-wlan0, nmType=NMTYPE_UNKNOWN]]
[2025-09-27 19:29:18] [General - NetworkManager] [INFO] Setting DHCP with team 1799 on enP3p49s0
[2025-09-27 19:29:18] [General - ShellExec] [DEBUG] Executing "cat /etc/hostname | tr -d " \t\n\r""
[2025-09-27 19:29:18] [General - ShellExec] [DEBUG] Got exit code 0
[2025-09-27 19:29:18] [General - NetworkManager] [DEBUG] Old host name: "photonvision"
[2025-09-27 19:29:18] [General - NetworkManager] [DEBUG] New host name: "photonvision"
[2025-09-27 19:29:18] [General - NetworkManager] [INFO] Updating the DHCP connection dhcp-enP3p49s0
[2025-09-27 19:29:18] [General - ShellExec] [DEBUG] Executing "nmcli connection modify "dhcp-enP3p49s0" autoconnect yes ipv4.method auto ipv6.method disabled "
[2025-09-27 19:29:18] [Camera - USBFrameProvider - Reef2] [ERROR] Error grabbing image: timed out getting frame
[2025-09-27 19:29:19] [Camera - USBFrameProvider - Reef2] [ERROR] Error grabbing image: timed out getting frame
[2025-09-27 19:29:19] [Camera - USBFrameProvider - Reef2] [ERROR] Error grabbing image: timed out getting frame
[2025-09-27 19:29:19] [General - ShellExec] [DEBUG] Got exit code 0
[2025-09-27 19:29:19] [General - NetworkManager] [INFO] Activating DHCP connection dhcp-enP3p49s0
[2025-09-27 19:29:19] [General - ShellExec] [DEBUG] Executing "nmcli connection up "dhcp-enP3p49s0""
[2025-09-27 19:29:19] [CSCore - PvCSCoreLogger] [DEBUG] CS: DEBUG 7: Reef2: queuing buffers (UsbCameraImpl.cpp:765)
[2025-09-27 19:29:19] [CSCore - PvCSCoreLogger] [ERROR] CS: ERROR 40: ioctl VIDIOC_QBUF failed at UsbCameraImpl.cpp:772: Invalid argument (UsbUtil.cpp:157)
[2025-09-27 19:29:19] [CSCore - PvCSCoreLogger] [WARN] CS: WARNING 30: Reef2: could not queue buffer 0 (UsbCameraImpl.cpp:773)
[2025-09-27 19:29:19] [Camera - USBFrameProvider - Reef2] [ERROR] Error grabbing image: timed out getting frame
[2025-09-27 19:29:19] [WebServer - RequestHandler] [INFO] Successfully saved general settings
[2025-09-27 19:29:19] [General - NetworkManager] [INFO] Setting DHCP with team 1799 on enP3p49s0
[2025-09-27 19:29:19] [General - ShellExec] [DEBUG] Executing "cat /etc/hostname | tr -d " \t\n\r""
[2025-09-27 19:29:19] [General - ShellExec] [DEBUG] Got exit code 0
[2025-09-27 19:29:19] [General - NetworkManager] [DEBUG] Old host name: "photonvision"
[2025-09-27 19:29:19] [General - NetworkManager] [DEBUG] New host name: "photonvision"
[2025-09-27 19:29:19] [General - ShellExec] [DEBUG] Got exit code 0
[2025-09-27 19:29:19] [WebServer - Server] [INFO] Web server going down for restart
[2025-09-27 19:29:19] [WebServer - Server] [DEBUG] Handled HTTP request of type POST from endpoint /api/settings/general of req size 401 bytes & type application/json with return code 200 for host [0:0:0:0:0:0:0:1] in 1258.9536 ms
[2025-09-27 19:29:19] [NetworkTables - NetworkTablesManager] [INFO] NT: INFO 20: CONNECTED NT4 to 10.17.99.2 port 5810 (NetworkClient.cpp:413)
[2025-09-27 19:29:19] [NetworkTables - NetworkTablesManager] [INFO] NT connected to 10.17.99.2:5810! (NT version 1025)
[2025-09-27 19:29:19] [WebServer - DataSocketHandler] [INFO] Closing websockets for user 4975a235-e383-459b-a213-7b9d46e5d0b4
[2025-09-27 19:29:19] [General - ScriptManager] [INFO] Queued event: kNTConnected
[2025-09-27 19:29:19] [NetworkTables - TimeSyncManager] [DEBUG] NT (re)connected -- restarting Time Sync Client at 127.0.0.1:5810
[2025-09-27 19:29:19] [General - NetworkManager] [INFO] Updating the DHCP connection dhcp-enP3p49s0
[2025-09-27 19:29:19] [General - ShellExec] [DEBUG] Executing "nmcli connection modify "dhcp-enP3p49s0" autoconnect yes ipv4.method auto ipv6.method disabled "
[2025-09-27 19:29:19] [Camera - USBFrameProvider - Reef2] [ERROR] Error grabbing image: timed out getting frame
[2025-09-27 19:29:20] [NetworkTables - TimeSyncManager] [DEBUG] Changing TimeSyncClient server to 10.17.99.2
[2025-09-27 19:29:20] [Camera - USBFrameProvider - Reef2] [ERROR] Error grabbing image: timed out getting frame
[2025-09-27 19:29:20] [WebServer - DataSocketHandler] [INFO] New websocket connection from /0:0:0:0:0:0:0:1:49246
[2025-09-27 19:29:20] [Camera - USBFrameProvider - Reef2] [ERROR] Error grabbing image: timed out getting frame
[2025-09-27 19:29:20] [General - ShellExec] [DEBUG] Got exit code 0
[2025-09-27 19:29:20] [General - NetworkManager] [INFO] Activating DHCP connection dhcp-enP3p49s0
[2025-09-27 19:29:20] [General - ShellExec] [DEBUG] Executing "nmcli connection up "dhcp-enP3p49s0""
[2025-09-27 19:29:20] [Camera - USBFrameProvider - Reef2] [ERROR] Error grabbing image: timed out getting frame
[2025-09-27 19:29:21] [Camera - USBFrameProvider - Reef2] [ERROR] Error grabbing image: timed out getting frame
[2025-09-27 19:29:21] [General - ShellExec] [DEBUG] Got exit code 0
[2025-09-27 19:29:21] [WebServer - Server] [INFO] Web server going down for restart
[2025-09-27 19:29:21] [WebServer - Server] [DEBUG] Handled HTTP request of type POST from endpoint /api/settings/general of req size 401 bytes & type application/json with return code 200 for host  in 1360.9108 ms
[2025-09-27 19:29:21] [WebServer - DataSocketHandler] [INFO] Closing websockets for user c480213c-0e77-4d78-a9b6-903a65f3d2b3
[2025-09-27 19:29:21] [Camera - USBFrameProvider - Reef2] [ERROR] Error grabbing image: timed out getting frame
[2025-09-27 19:29:21] [Config - ConfigManager] [DEBUG] Saving to disk...
[2025-09-27 19:29:21] [Config - SqlConfigProvider] [DEBUG] Saving to disk
[2025-09-27 19:29:21] [Config - SqlConfigProvider] [INFO] Settings saved!
[2025-09-27 19:29:21] [Camera - USBFrameProvider - Reef2] [ERROR] Error grabbing image: timed out getting frame
[2025-09-27 19:29:21] [CSCore - PvCSCoreLogger] [DEBUG] CS: DEBUG 7: Reef2: queuing buffers (UsbCameraImpl.cpp:765)
[2025-09-27 19:29:21] [CSCore - PvCSCoreLogger] [ERROR] CS: ERROR 40: ioctl VIDIOC_QBUF failed at UsbCameraImpl.cpp:772: Invalid argument (UsbUtil.cpp:157)
[2025-09-27 19:29:21] [CSCore - PvCSCoreLogger] [WARN] CS: WARNING 30: Reef2: could not queue buffer 0 (UsbCameraImpl.cpp:773)
[2025-09-27 19:29:21] [WebServer - DataSocketHandler] [INFO] New websocket connection from /0:0:0:0:0:0:0:1:49250
[2025-09-27 19:29:21] [Camera - USBFrameProvider - Reef2] [ERROR] Error grabbing image: timed out getting frame
[2025-09-27 19:29:22] [Camera - USBFrameProvider - Reef2] [ERROR] Error grabbing image: timed out getting frame
[2025-09-27 19:29:22] [Camera - USBFrameProvider - Reef2] [ERROR] Error grabbing image: timed out getting frame
[2025-09-27 19:29:22] [Camera - USBFrameProvider - Reef2] [ERROR] Error grabbing image: timed out getting frame
[2025-09-27 19:29:22] [Camera - USBFrameProvider - Reef2] [ERROR] Error grabbing image: timed out getting frame
[2025-09-27 19:29:23] [Camera - USBFrameProvider - Reef2] [ERROR] Error grabbing image: timed out getting frame
[2025-09-27 19:29:23] [Camera - USBFrameProvider - Reef2] [ERROR] Error grabbing image: timed out getting frame
[2025-09-27 19:29:23] [CSCore - PvCSCoreLogger] [DEBUG] CS: DEBUG 7: Reef2: queuing buffers (UsbCameraImpl.cpp:765)
[2025-09-27 19:29:23] [CSCore - PvCSCoreLogger] [ERROR] CS: ERROR 40: ioctl VIDIOC_QBUF failed at UsbCameraImpl.cpp:772: Invalid argument (UsbUtil.cpp:157)
[2025-09-27 19:29:23] [CSCore - PvCSCoreLogger] [WARN] CS: WARNING 30: Reef2: could not queue buffer 0 (UsbCameraImpl.cpp:773)
[2025-09-27 19:29:23] [Camera - USBFrameProvider - Reef2] [ERROR] Error grabbing image: timed out getting frame
[2025-09-27 19:29:24] [Camera - USBFrameProvider - Reef2] [ERROR] Error grabbing image: timed out getting frame
[2025-09-27 19:29:24] [Camera - USBFrameProvider - Reef2] [ERROR] Error grabbing image: timed out getting frame
[2025-09-27 19:29:24] [Camera - USBFrameProvider - Reef2] [ERROR] Error grabbing image: timed out getting frame
[2025-09-27 19:29:24] [Camera - USBFrameProvider - Reef2] [ERROR] Error grabbing image: timed out getting frame
[2025-09-27 19:29:25] [Camera - USBFrameProvider - Reef2] [ERROR] Error grabbing image: timed out getting frame
[2025-09-27 19:29:25] [Camera - USBFrameProvider - Reef2] [ERROR] Error grabbing image: timed out getting frame
[2025-09-27 19:29:25] [CSCore - PvCSCoreLogger] [DEBUG] CS: DEBUG 7: Reef2: queuing buffers (UsbCameraImpl.cpp:765)
[2025-09-27 19:29:25] [CSCore - PvCSCoreLogger] [ERROR] CS: ERROR 40: ioctl VIDIOC_QBUF failed at UsbCameraImpl.cpp:772: Invalid argument (UsbUtil.cpp:157)
[2025-09-27 19:29:25] [CSCore - PvCSCoreLogger] [WARN] CS: WARNING 30: Reef2: could not queue buffer 0 (UsbCameraImpl.cpp:773)
[2025-09-27 19:29:25] [Camera - USBFrameProvider - Reef2] [ERROR] Error grabbing image: timed out getting frame
[2025-09-27 19:29:25] [Camera - USBFrameProvider - Reef2] [ERROR] Error grabbing image: timed out getting frame
[2025-09-27 19:29:26] [Camera - USBFrameProvider - Reef2] [ERROR] Error grabbing image: timed out getting frame
[2025-09-27 19:29:26] [Camera - USBFrameProvider - Reef2] [ERROR] Error grabbing image: timed out getting frame
[2025-09-27 19:29:26] [Camera - USBFrameProvider - Reef2] [ERROR] Error grabbing image: timed out getting frame
[2025-09-27 19:29:26] [Camera - USBFrameProvider - Reef2] [ERROR] Error grabbing image: timed out getting frame
[2025-09-27 19:29:27] [Camera - USBFrameProvider - Reef2] [ERROR] Error grabbing image: timed out getting frame
[2025-09-27 19:29:27] [Camera - USBFrameProvider - Reef2] [ERROR] Error grabbing image: timed out getting frame
[2025-09-27 19:29:27] [CSCore - PvCSCoreLogger] [DEBUG] CS: DEBUG 7: Reef2: queuing buffers (UsbCameraImpl.cpp:765)
[2025-09-27 19:29:27] [CSCore - PvCSCoreLogger] [ERROR] CS: ERROR 40: ioctl VIDIOC_QBUF failed at UsbCameraImpl.cpp:772: Invalid argument (UsbUtil.cpp:157)
[2025-09-27 19:29:27] [CSCore - PvCSCoreLogger] [WARN] CS: WARNING 30: Reef2: could not queue buffer 0 (UsbCameraImpl.cpp:773)
[2025-09-27 19:29:27] [Camera - USBFrameProvider - Reef2] [ERROR] Error grabbing image: timed out getting frame
[2025-09-27 19:29:28] [Camera - USBFrameProvider - Reef2] [ERROR] Error grabbing image: timed out getting frame
[2025-09-27 19:29:28] [Camera - USBFrameProvider - Reef2] [ERROR] Error grabbing image: timed out getting frame
[2025-09-27 19:29:28] [Camera - USBFrameProvider - Reef2] [ERROR] Error grabbing image: timed out getting frame
[2025-09-27 19:29:28] [Camera - USBFrameProvider - Reef2] [ERROR] Error grabbing image: timed out getting frame
[2025-09-27 19:29:29] [Camera - USBFrameProvider - Reef2] [ERROR] Error grabbing image: timed out getting frame
[2025-09-27 19:29:29] [Camera - USBFrameProvider - Reef2] [ERROR] Error grabbing image: timed out getting frame
[2025-09-27 19:29:29] [CSCore - PvCSCoreLogger] [DEBUG] CS: DEBUG 7: Reef2: queuing buffers (UsbCameraImpl.cpp:765)
[2025-09-27 19:29:29] [CSCore - PvCSCoreLogger] [ERROR] CS: ERROR 40: ioctl VIDIOC_QBUF failed at UsbCameraImpl.cpp:772: Invalid argument (UsbUtil.cpp:157)
[2025-09-27 19:29:29] [CSCore - PvCSCoreLogger] [WARN] CS: WARNING 30: Reef2: could not queue buffer 0 (UsbCameraImpl.cpp:773)
[2025-09-27 19:29:29] [Camera - USBFrameProvider - Reef2] [ERROR] Error grabbing image: timed out getting frame
[2025-09-27 19:29:29] [CSCore - PvCSCoreLogger] [DEBUG] CS: DEBUG 7: Reef2: queuing buffers (UsbCameraImpl.cpp:765)
[2025-09-27 19:29:29] [CSCore - PvCSCoreLogger] [ERROR] CS: ERROR 40: ioctl VIDIOC_QBUF failed at UsbCameraImpl.cpp:772: Invalid argument (UsbUtil.cpp:157)
[2025-09-27 19:29:29] [CSCore - PvCSCoreLogger] [WARN] CS: WARNING 30: Reef2: could not queue buffer 0 (UsbCameraImpl.cpp:773)
[2025-09-27 19:29:29] [CSCore - PvCSCoreLogger] [DEBUG] CS: DEBUG 7: Reef2: queuing buffers (UsbCameraImpl.cpp:765)
[2025-09-27 19:29:29] [CSCore - PvCSCoreLogger] [ERROR] CS: ERROR 40: ioctl VIDIOC_QBUF failed at UsbCameraImpl.cpp:772: Invalid argument (UsbUtil.cpp:157)
[2025-09-27 19:29:29] [CSCore - PvCSCoreLogger] [WARN] CS: WARNING 30: Reef2: could not queue buffer 0 (UsbCameraImpl.cpp:773)
[2025-09-27 19:29:29] [CSCore - PvCSCoreLogger] [DEBUG] CS: DEBUG 7: Reef2: queuing buffers (UsbCameraImpl.cpp:765)
[2025-09-27 19:29:29] [CSCore - PvCSCoreLogger] [ERROR] CS: ERROR 40: ioctl VIDIOC_QBUF failed at UsbCameraImpl.cpp:772: Invalid argument (UsbUtil.cpp:157)
[2025-09-27 19:29:29] [CSCore - PvCSCoreLogger] [WARN] CS: WARNING 30: Reef2: could not queue buffer 0 (UsbCameraImpl.cpp:773)
[2025-09-27 19:29:29] [CSCore - PvCSCoreLogger] [DEBUG] CS: DEBUG 7: Reef2: queuing buffers (UsbCameraImpl.cpp:765)
[2025-09-27 19:29:29] [CSCore - PvCSCoreLogger] [ERROR] CS: ERROR 40: ioctl VIDIOC_QBUF failed at UsbCameraImpl.cpp:772: Invalid argument (UsbUtil.cpp:157)
[2025-09-27 19:29:29] [CSCore - PvCSCoreLogger] [WARN] CS: WARNING 30: Reef2: could not queue buffer 0 (UsbCameraImpl.cpp:773)
[2025-09-27 19:29:29] [Camera - USBFrameProvider - Reef2] [ERROR] Error grabbing image: timed out getting frame
[2025-09-27 19:29:30] [Camera - USBFrameProvider - Reef2] [ERROR] Error grabbing image: timed out getting frame
[2025-09-27 19:29:30] [CSCore - PvCSCoreLogger] [DEBUG] CS: DEBUG 7: Reef2: queuing buffers (UsbCameraImpl.cpp:765)
[2025-09-27 19:29:30] [CSCore - PvCSCoreLogger] [ERROR] CS: ERROR 40: ioctl VIDIOC_QBUF failed at UsbCameraImpl.cpp:772: Invalid argument (UsbUtil.cpp:157)
[2025-09-27 19:29:30] [CSCore - PvCSCoreLogger] [WARN] CS: WARNING 30: Reef2: could not queue buffer 0 (UsbCameraImpl.cpp:773)
[2025-09-27 19:29:30] [CSCore - PvCSCoreLogger] [DEBUG] CS: DEBUG 7: Reef2: queuing buffers (UsbCameraImpl.cpp:765)
[2025-09-27 19:29:30] [CSCore - PvCSCoreLogger] [ERROR] CS: ERROR 40: ioctl VIDIOC_QBUF failed at UsbCameraImpl.cpp:772: Invalid argument (UsbUtil.cpp:157)
[2025-09-27 19:29:30] [CSCore - PvCSCoreLogger] [WARN] CS: WARNING 30: Reef2: could not queue buffer 0 (UsbCameraImpl.cpp:773)
[2025-09-27 19:29:30] [CSCore - PvCSCoreLogger] [DEBUG] CS: DEBUG 7: Reef2: queuing buffers (UsbCameraImpl.cpp:765)
[2025-09-27 19:29:30] [CSCore - PvCSCoreLogger] [ERROR] CS: ERROR 40: ioctl VIDIOC_QBUF failed at UsbCameraImpl.cpp:772: Invalid argument (UsbUtil.cpp:157)
[2025-09-27 19:29:30] [CSCore - PvCSCoreLogger] [WARN] CS: WARNING 30: Reef2: could not queue buffer 0 (UsbCameraImpl.cpp:773)
[2025-09-27 19:29:30] [Camera - USBFrameProvider - Reef2] [ERROR] Error grabbing image: timed out getting frame
[2025-09-27 19:29:30] [CSCore - PvCSCoreLogger] [DEBUG] CS: DEBUG 7: Reef2: queuing buffers (UsbCameraImpl.cpp:765)
[2025-09-27 19:29:30] [CSCore - PvCSCoreLogger] [ERROR] CS: ERROR 40: ioctl VIDIOC_QBUF failed at UsbCameraImpl.cpp:772: No such device (UsbUtil.cpp:157)
[2025-09-27 19:29:30] [CSCore - PvCSCoreLogger] [WARN] CS: WARNING 30: Reef2: could not queue buffer 0 (UsbCameraImpl.cpp:773)
[2025-09-27 19:29:30] [CSCore - PvCSCoreLogger] [DEBUG] CS: DEBUG 7: Reef2: queuing buffers (UsbCameraImpl.cpp:765)
[2025-09-27 19:29:30] [CSCore - PvCSCoreLogger] [ERROR] CS: ERROR 40: ioctl VIDIOC_QBUF failed at UsbCameraImpl.cpp:772: No such device (UsbUtil.cpp:157)
[2025-09-27 19:29:30] [CSCore - PvCSCoreLogger] [WARN] CS: WARNING 30: Reef2: could not queue buffer 0 (UsbCameraImpl.cpp:773)
[2025-09-27 19:29:30] [CSCore - PvCSCoreLogger] [INFO] Reef2: Attempting to connect to USB camera on /dev/v4l/by-path/platform-xhci-hcd.11.auto-usb-0:1:1.0-video-index0
[2025-09-27 19:29:30] [CSCore - PvCSCoreLogger] [DEBUG] CS: DEBUG 7: Reef2: opening device (UsbCameraImpl.cpp:651)
[2025-09-27 19:29:30] [Camera - USBFrameProvider - Reef2] [ERROR] Error grabbing image: timed out getting frame
[2025-09-27 19:29:30] [General - KernelLogLogger] [DEBUG] 2025-09-27T19:29:29.915451-06:00 photonvision kernel: usb usb7-port1: disabled by hub (EMI?), re-enabling...
[2025-09-27 19:29:30] [General - KernelLogLogger] [DEBUG] 2025-09-27T19:29:29.915483-06:00 photonvision kernel: usb 7-1: USB disconnect, device number 21
[2025-09-27 19:29:30] [General - KernelLogLogger] [DEBUG] 2025-09-27T19:29:30.262161-06:00 photonvision kernel: usb 7-1: new high-speed USB device number 22 using ehci-platform
[2025-09-27 19:29:30] [General - KernelLogLogger] [DEBUG] 2025-09-27T19:29:30.422087-06:00 photonvision kernel: usb 7-1: New USB device found, idVendor=0c45, idProduct=6366, bcdDevice= 1.00
[2025-09-27 19:29:30] [General - KernelLogLogger] [DEBUG] 2025-09-27T19:29:30.422130-06:00 photonvision kernel: usb 7-1: New USB device strings: Mfr=2, Product=1, SerialNumber=3
[2025-09-27 19:29:30] [General - KernelLogLogger] [DEBUG] 2025-09-27T19:29:30.422134-06:00 photonvision kernel: usb 7-1: Product: AprilTag1
[2025-09-27 19:29:30] [General - KernelLogLogger] [DEBUG] 2025-09-27T19:29:30.422136-06:00 photonvision kernel: usb 7-1: Manufacturer: Arducam Technology Co., Ltd.
[2025-09-27 19:29:30] [General - KernelLogLogger] [DEBUG] 2025-09-27T19:29:30.422139-06:00 photonvision kernel: usb 7-1: SerialNumber: 0001
[2025-09-27 19:29:30] [General - KernelLogLogger] [DEBUG] 2025-09-27T19:29:30.428731-06:00 photonvision kernel: usb 7-1: Found UVC 1.00 device AprilTag1 (0c45:6366)
[2025-09-27 19:29:30] [General - KernelLogLogger] [DEBUG] 2025-09-27T19:29:30.455371-06:00 photonvision kernel: input: AprilTag1: AprilTag1 as /devices/platform/fc880000.usb/usb7/7-1/7-1:1.0/input/input36
[2025-09-27 19:29:30] [General - KernelLogLogger] [DEBUG] 2025-09-27T19:29:30.592040-06:00 photonvision kernel: usb 1-1: USB disconnect, device number 6
[2025-09-27 19:29:30] [General - KernelLogLogger] [DEBUG] 6:00 photonvision kernel: usb 7-1: new high-speed USB device number 21 using ehci-platform
[2025-09-27 19:29:30] [General - KernelLogLogger] [DEBUG] 2025-09-27T19:29:13.522057-06:00 photonvision kernel: usb 7-1: New USB device found, idVendor=0c45, idProduct=6366, bcdDevice= 1.00
[2025-09-27 19:29:30] [General - KernelLogLogger] [DEBUG] 2025-09-27T19:29:13.522094-06:00 photonvision kernel: usb 7-1: New USB device strings: Mfr=2, Product=1, SerialNumber=3
[2025-09-27 19:29:30] [General - KernelLogLogger] [DEBUG] 2025-09-27T19:29:13.522099-06:00 photonvision kernel: usb 7-1: Product: AprilTag1
[2025-09-27 19:29:30] [General - KernelLogLogger] [DEBUG] 2025-09-27T19:29:13.522102-06:00 photonvision kernel: usb 7-1: Manufacturer: Arducamî
[2025-09-27 19:29:31] [Camera - USBFrameProvider - Reef2] [ERROR] Error grabbing image: timed out getting frame
[2025-09-27 19:29:31] [CSCore - PvCSCoreLogger] [INFO] Reef2: Attempting to connect to USB camera on /dev/v4l/by-path/platform-xhci-hcd.11.auto-usb-0:1:1.0-video-index0
[2025-09-27 19:29:31] [CSCore - PvCSCoreLogger] [DEBUG] CS: DEBUG 7: Reef2: opening device (UsbCameraImpl.cpp:651)
[2025-09-27 19:29:31] [CSCore - PvCSCoreLogger] [INFO] Reef2: Attempting to connect to USB camera on /dev/v4l/by-path/platform-xhci-hcd.11.auto-usb-0:1:1.0-video-index0
[2025-09-27 19:29:31] [CSCore - PvCSCoreLogger] [DEBUG] CS: DEBUG 7: Reef2: opening device (UsbCameraImpl.cpp:651)
[2025-09-27 19:29:31] [CSCore - PvCSCoreLogger] [INFO] Reef2: Connected to USB camera on /dev/v4l/by-path/platform-xhci-hcd.11.auto-usb-0:1:1.0-video-index0
[2025-09-27 19:29:31] [CSCore - PvCSCoreLogger] [DEBUG] CS: DEBUG 7: Reef2: getting capabilities (UsbCameraImpl.cpp:663)
[2025-09-27 19:29:31] [CSCore - PvCSCoreLogger] [DEBUG] CS: DEBUG 7: Reef2: restoring video mode (UsbCameraImpl.cpp:681)
[2025-09-27 19:29:31] [CSCore - PvCSCoreLogger] [ERROR] CS: ERROR 40: ioctl VIDIOC_S_FMT failed at UsbCameraImpl.cpp:1025: Input/output error (UsbUtil.cpp:157)
[2025-09-27 19:29:31] [CSCore - PvCSCoreLogger] [WARN] CS: WARNING 30: Reef2: could not set format 1 res 320x240 (UsbCameraImpl.cpp:1026)
[2025-09-27 19:29:31] [CSCore - PvCSCoreLogger] [ERROR] CS: ERROR 40: ioctl VIDIOC_S_PARM failed at UsbCameraImpl.cpp:1052: Input/output error (UsbUtil.cpp:157)
[2025-09-27 19:29:31] [CSCore - PvCSCoreLogger] [WARN] CS: WARNING 30: Reef2: could not set FPS to 30 (UsbCameraImpl.cpp:1053)
[2025-09-27 19:29:31] [CSCore - PvCSCoreLogger] [DEBUG] CS: DEBUG 7: Reef2: restoring settings (UsbCameraImpl.cpp:686)
[2025-09-27 19:29:31] [CSCore - PvCSCoreLogger] [ERROR] CS: ERROR 40: ioctl VIDIOC_S_CTRL failed at UsbCameraProperty.cpp:77: Protocol error (UsbUtil.cpp:157)
[2025-09-27 19:29:31] [CSCore - PvCSCoreLogger] [WARN] CS: WARNING 30: Reef2: failed to set property raw_brightness (UsbCameraImpl.cpp:695)
[2025-09-27 19:29:31] [CSCore - PvCSCoreLogger] [ERROR] CS: ERROR 40: ioctl VIDIOC_S_CTRL failed at UsbCameraProperty.cpp:77: Protocol error (UsbUtil.cpp:157)
[2025-09-27 19:29:31] [CSCore - PvCSCoreLogger] [WARN] CS: WARNING 30: Reef2: failed to set property white_balance_automatic (UsbCameraImpl.cpp:695)
[2025-09-27 19:29:31] [CSCore - PvCSCoreLogger] [ERROR] CS: ERROR 40: ioctl VIDIOC_S_CTRL failed at UsbCameraProperty.cpp:77: Broken pipe (UsbUtil.cpp:157)
[2025-09-27 19:29:31] [CSCore - PvCSCoreLogger] [WARN] CS: WARNING 30: Reef2: failed to set property raw_gain (UsbCameraImpl.cpp:695)
[2025-09-27 19:29:31] [CSCore - PvCSCoreLogger] [DEBUG] CS: DEBUG 7: Reef2: allocating buffers (UsbCameraImpl.cpp:701)
[2025-09-27 19:29:31] [CSCore - PvCSCoreLogger] [DEBUG] CS: DEBUG 7: Reef2: mapping buffers (UsbCameraImpl.cpp:715)
[2025-09-27 19:29:31] [CSCore - PvCSCoreLogger] [DEBUG] CS: DEBUG 7: Reef2: queuing buffers (UsbCameraImpl.cpp:765)
[2025-09-27 19:29:31] [CSCore - PvCSCoreLogger] [ERROR] CS: ERROR 40: Reef2: ioctl VIDIOC_STREAMON failed: Protocol error (UsbCameraImpl.cpp:789)
[2025-09-27 19:29:31] [CSCore - PvCSCoreLogger] [DEBUG] CS: DEBUG 7: Reef2: queuing buffers (UsbCameraImpl.cpp:765)
[2025-09-27 19:29:31] [CSCore - PvCSCoreLogger] [ERROR] CS: ERROR 40: ioctl VIDIOC_QBUF failed at UsbCameraImpl.cpp:772: Invalid argument (UsbUtil.cpp:157)
[2025-09-27 19:29:31] [CSCore - PvCSCoreLogger] [WARN] CS: WARNING 30: Reef2: could not queue buffer 0 (UsbCameraImpl.cpp:773)
[2025-09-27 19:29:31] [Camera - USBFrameProvider - Reef2] [ERROR] Error grabbing image: timed out getting frame
[2025-09-27 19:29:31] [CSCore - PvCSCoreLogger] [DEBUG] CS: DEBUG 7: Reef2: queuing buffers (UsbCameraImpl.cpp:765)
[2025-09-27 19:29:31] [CSCore - PvCSCoreLogger] [ERROR] CS: ERROR 40: ioctl VIDIOC_QBUF failed at UsbCameraImpl.cpp:772: No such device (UsbUtil.cpp:157)
[2025-09-27 19:29:31] [CSCore - PvCSCoreLogger] [WARN] CS: WARNING 30: Reef2: could not queue buffer 0 (UsbCameraImpl.cpp:773)
[2025-09-27 19:29:31] [CSCore - PvCSCoreLogger] [INFO] Reef2: Attempting to connect to USB camera on /dev/v4l/by-path/platform-xhci-hcd.11.auto-usb-0:1:1.0-video-index0
[2025-09-27 19:29:31] [CSCore - PvCSCoreLogger] [DEBUG] CS: DEBUG 7: Reef2: opening device (UsbCameraImpl.cpp:651)
[2025-09-27 19:29:31] [CSCore - PvCSCoreLogger] [INFO] Reef2: Attempting to connect to USB camera on /dev/v4l/by-path/platform-xhci-hcd.11.auto-usb-0:1:1.0-video-index0
[2025-09-27 19:29:31] [CSCore - PvCSCoreLogger] [DEBUG] CS: DEBUG 7: Reef2: opening device (UsbCameraImpl.cpp:651)
[2025-09-27 19:29:31] [CSCore - PvCSCoreLogger] [INFO] Reef2: Attempting to connect to USB camera on /dev/v4l/by-path/platform-xhci-hcd.11.auto-usb-0:1:1.0-video-index0
[2025-09-27 19:29:31] [CSCore - PvCSCoreLogger] [DEBUG] CS: DEBUG 7: Reef2: opening device (UsbCameraImpl.cpp:651)
[2025-09-27 19:29:31] [Camera - USBFrameProvider - Reef2] [ERROR] Error grabbing image: timed out getting frame
[2025-09-27 19:29:31] [Camera - USBFrameProvider - Reef2] [ERROR] Error grabbing image: timed out getting frame
[2025-09-27 19:29:31] [General - KernelLogLogger] [DEBUG] 2025-09-27T19:29:30.925383-06:00 photonvision kernel: usb 1-1: new high-speed USB device number 7 using xhci-hcd
[2025-09-27 19:29:31] [General - KernelLogLogger] [DEBUG] 2025-09-27T19:29:31.078757-06:00 photonvision kernel: usb 1-1: New USB device found, idVendor=0c45, idProduct=6366, bcdDevice= 1.00
[2025-09-27 19:29:31] [General - KernelLogLogger] [DEBUG] 2025-09-27T19:29:31.078795-06:00 photonvision kernel: usb 1-1: New USB device strings: Mfr=2, Product=1, SerialNumber=3
[2025-09-27 19:29:31] [General - KernelLogLogger] [DEBUG] 2025-09-27T19:29:31.078801-06:00 photonvision kernel: usb 1-1: Product: Reef2
[2025-09-27 19:29:31] [General - KernelLogLogger] [DEBUG] 2025-09-27T19:29:31.078803-06:00 photonvision kernel: usb 1-1: Manufacturer: Arducam Technology Co., Ltd.
[2025-09-27 19:29:31] [General - KernelLogLogger] [DEBUG] 2025-09-27T19:29:31.078806-06:00 photonvision kernel: usb 1-1: SerialNumber: 0002
[2025-09-27 19:29:31] [General - KernelLogLogger] [DEBUG] 2025-09-27T19:29:31.088689-06:00 photonvision kernel: usb 1-1: Found UVC 1.00 device Reef2 (0c45:6366)
[2025-09-27 19:29:31] [General - KernelLogLogger] [DEBUG] 2025-09-27T19:29:31.115403-06:00 photonvision kernel: input: Reef2: Reef2 as /devices/platform/usbdrd3_0/fc000000.usb/xhci-hcd.11.auto/usb1/1-1/1-1:1.0/input/input37
[2025-09-27 19:29:31] [General - KernelLogLogger] [DEBUG] 2025-09-27T19:29:31.138695-06:00 photonvision kernel: uvcvideo 1-1:1.1: Failed to set UVC probe control : -71 (exp. 26).
[2025-09-27 19:29:31] [General - KernelLogLogger] [DEBUG] 2025-09-27T19:29:31.139248-06:00 photonvision kernel: uvcvideo 1-1:1.1: Failed to set UVC probe control : -71 (exp. 26).
[2025-09-27 19:29:31] [General - KernelLogLogger] [DEBUG] 2025-09-27T19:29:31.142014-06:00 photonvision kernel: usb 1-1: Failed to query (GET_DEF) UVC control 2 on unit 2: -71 (exp. 2).
[2025-09-27 19:29:31] [General - KernelLogLogger] [DEBUG] 2025-09-27T19:29:31.142018-06:00 photonvision kernel: usb 1-1: Failed to query (GET_CUR) UVC control 11 on unit 2: -71 (exp. 1).
[2025-09-27 19:29:31] [General - KernelLogLogger] [DEBUG] 2025-09-27T19:29:31.145385-06:00 photonvision kernel: usb 1-1: Failed to query (GET_DEF) UVC control 4 on unit 2: -32 (exp. 2).
[2025-09-27 19:29:31] [General - KernelLogLogger] [DEBUG] 2025-09-27T19:29:31.172123-06:00 photonvision kernel: usb 1-1: Failed to query (GET_CUR) UVC control 8 on unit 2: -71 (exp. 2).
[2025-09-27 19:29:31] [General - KernelLogLogger] [DEBUG] 2025-09-27T19:29:31.432069-06:00 photonvision kernel: usb 1-1: USB disconnect, device number 7
[2025-09-27 19:29:31] [General - KernelLogLogger] [DEBUG] 2025-09-27T19:29:31.768822-06:00 photonvision kernel: usb 1-1: new high-speed USB device number 8 using xhci-hcd
[2025-09-27 19:29:31] [CSCore - PvCSCoreLogger] [INFO] Reef2: Attempting to connect to USB camera on /dev/v4l/by-path/platform-xhci-hcd.11.auto-usb-0:1:1.0-video-index0
[2025-09-27 19:29:31] [CSCore - PvCSCoreLogger] [DEBUG] CS: DEBUG 7: Reef2: opening device (UsbCameraImpl.cpp:651)
[2025-09-27 19:29:31] [CSCore - PvCSCoreLogger] [INFO] Reef2: Attempting to connect to USB camera on /dev/v4l/by-path/platform-xhci-hcd.11.auto-usb-0:1:1.0-video-index0
[2025-09-27 19:29:31] [CSCore - PvCSCoreLogger] [DEBUG] CS: DEBUG 7: Reef2: opening device (UsbCameraImpl.cpp:651)
[2025-09-27 19:29:31] [CSCore - PvCSCoreLogger] [INFO] Reef2: Connected to USB camera on /dev/v4l/by-path/platform-xhci-hcd.11.auto-usb-0:1:1.0-video-index0
[2025-09-27 19:29:31] [CSCore - PvCSCoreLogger] [DEBUG] CS: DEBUG 7: Reef2: getting capabilities (UsbCameraImpl.cpp:663)
[2025-09-27 19:29:31] [CSCore - PvCSCoreLogger] [DEBUG] CS: DEBUG 7: Reef2: restoring video mode (UsbCameraImpl.cpp:681)
[2025-09-27 19:29:32] [CSCore - PvCSCoreLogger] [INFO] Reef2: set format 1 res 320x240
[2025-09-27 19:29:32] [CSCore - PvCSCoreLogger] [INFO] Reef2: set FPS to 30
[2025-09-27 19:29:32] [CSCore - PvCSCoreLogger] [DEBUG] CS: DEBUG 7: Reef2: restoring settings (UsbCameraImpl.cpp:686)
[2025-09-27 19:29:32] [CSCore - PvCSCoreLogger] [DEBUG] CS: DEBUG 7: Reef2: allocating buffers (UsbCameraImpl.cpp:701)
[2025-09-27 19:29:32] [CSCore - PvCSCoreLogger] [DEBUG] CS: DEBUG 7: Reef2: mapping buffers (UsbCameraImpl.cpp:715)
[2025-09-27 19:29:32] [CSCore - PvCSCoreLogger] [DEBUG] CS: DEBUG 7: Reef2: queuing buffers (UsbCameraImpl.cpp:765)
[2025-09-27 19:29:32] [Camera - USBFrameProvider - Reef2] [ERROR] Error grabbing image: timed out getting frame
[2025-09-27 19:29:32] [CSCore - PvCSCoreLogger] [ERROR] CS: ERROR 40: Reef2: ioctl VIDIOC_STREAMON failed: Protocol error (UsbCameraImpl.cpp:789)
[2025-09-27 19:29:32] [CSCore - PvCSCoreLogger] [DEBUG] CS: DEBUG 7: Reef2: queuing buffers (UsbCameraImpl.cpp:765)
[2025-09-27 19:29:32] [CSCore - PvCSCoreLogger] [ERROR] CS: ERROR 40: ioctl VIDIOC_QBUF failed at UsbCameraImpl.cpp:772: Invalid argument (UsbUtil.cpp:157)
[2025-09-27 19:29:32] [CSCore - PvCSCoreLogger] [WARN] CS: WARNING 30: Reef2: could not queue buffer 0 (UsbCameraImpl.cpp:773)
[2025-09-27 19:29:32] [Camera - USBFrameProvider - Reef2] [ERROR] Error grabbing image: timed out getting frame
[2025-09-27 19:29:32] [Camera - USBFrameProvider - Reef2] [ERROR] Error grabbing image: timed out getting frame
[2025-09-27 19:29:32] [General - KernelLogLogger] [DEBUG] 2025-09-27T19:29:31.925425-06:00 photonvision kernel: usb 1-1: New USB device found, idVendor=0c45, idProduct=6366, bcdDevice= 1.00
[2025-09-27 19:29:32] [General - KernelLogLogger] [DEBUG] 2025-09-27T19:29:31.925465-06:00 photonvision kernel: usb 1-1: New USB device strings: Mfr=2, Product=1, SerialNumber=3
[2025-09-27 19:29:32] [General - KernelLogLogger] [DEBUG] 2025-09-27T19:29:31.925469-06:00 photonvision kernel: usb 1-1: Product: Reef2
[2025-09-27 19:29:32] [General - KernelLogLogger] [DEBUG] 2025-09-27T19:29:31.925471-06:00 photonvision kernel: usb 1-1: Manufacturer: Arducam Technology Co., Ltd.
[2025-09-27 19:29:32] [General - KernelLogLogger] [DEBUG] 2025-09-27T19:29:31.925476-06:00 photonvision kernel: usb 1-1: SerialNumber: 0002
[2025-09-27 19:29:32] [General - KernelLogLogger] [DEBUG] 2025-09-27T19:29:31.932077-06:00 photonvision kernel: usb 1-1: Found UVC 1.00 device Reef2 (0c45:6366)
[2025-09-27 19:29:32] [General - KernelLogLogger] [DEBUG] 2025-09-27T19:29:31.958713-06:00 photonvision kernel: input: Reef2: Reef2 as /devices/platform/usbdrd3_0/fc000000.usb/xhci-hcd.11.auto/usb1/1-1/1-1:1.0/input/input38
[2025-09-27 19:29:32] [General - KernelLogLogger] [DEBUG] 2025-09-27T19:29:32.142037-06:00 photonvision kernel: usb 1-1: Failed to query (GET_CUR) UVC control 8 on unit 2: -71 (exp. 2).
[2025-09-27 19:29:32] [General - KernelLogLogger] [DEBUG] 9:31.138695-06:00 photonvision kernel: uvcvideo 1-1:1.1: Failed to set UVC probe control : -71 (exp. 26).
[2025-09-27 19:29:32] [General - KernelLogLogger] [DEBUG] 2025-09-27T19:29:31.139248-ð
[2025-09-27 19:29:32] [Camera - USBFrameProvider - Reef2] [ERROR] Error grabbing image: timed out getting frame
[2025-09-27 19:29:33] [Camera - USBFrameProvider - Reef2] [ERROR] Error grabbing image: timed out getting frame
[2025-09-27 19:29:33] [Camera - USBFrameProvider - Reef2] [ERROR] Error grabbing image: timed out getting frame
[2025-09-27 19:29:33] [Camera - USBFrameProvider - Reef2] [ERROR] Error grabbing image: timed out getting frame
[2025-09-27 19:29:34] [Camera - USBFrameProvider - Reef2] [ERROR] Error grabbing image: timed out getting frame
[2025-09-27 19:29:34] [CSCore - PvCSCoreLogger] [DEBUG] CS: DEBUG 7: Reef2: queuing buffers (UsbCameraImpl.cpp:765)
[2025-09-27 19:29:34] [CSCore - PvCSCoreLogger] [ERROR] CS: ERROR 40: ioctl VIDIOC_QBUF failed at UsbCameraImpl.cpp:772: Invalid argument (UsbUtil.cpp:157)
[2025-09-27 19:29:34] [CSCore - PvCSCoreLogger] [WARN] CS: WARNING 30: Reef2: could not queue buffer 0 (UsbCameraImpl.cpp:773)
[2025-09-27 19:29:34] [Camera - USBFrameProvider - Reef2] [ERROR] Error grabbing image: timed out getting frame
[2025-09-27 19:29:34] [Camera - USBFrameProvider - Reef2] [ERROR] Error grabbing image: timed out getting frame
[2025-09-27 19:29:34] [Camera - USBFrameProvider - Reef2] [ERROR] Error grabbing image: timed out getting frame
[2025-09-27 19:29:35] [Camera - USBFrameProvider - Reef2] [ERROR] Error grabbing image: timed out getting frame
[2025-09-27 19:29:35] [Camera - USBFrameProvider - Reef2] [ERROR] Error grabbing image: timed out getting frame
[2025-09-27 19:29:35] [Camera - USBFrameProvider - Reef2] [ERROR] Error grabbing image: timed out getting frame
[2025-09-27 19:29:35] [Camera - USBFrameProvider - Reef2] [ERROR] Error grabbing image: timed out getting frame
[2025-09-27 19:29:36] [CSCore - PvCSCoreLogger] [DEBUG] CS: DEBUG 7: Reef2: queuing buffers (UsbCameraImpl.cpp:765)
[2025-09-27 19:29:36] [CSCore - PvCSCoreLogger] [ERROR] CS: ERROR 40: ioctl VIDIOC_QBUF failed at UsbCameraImpl.cpp:772: Invalid argument (UsbUtil.cpp:157)
[2025-09-27 19:29:36] [CSCore - PvCSCoreLogger] [WARN] CS: WARNING 30: Reef2: could not queue buffer 0 (UsbCameraImpl.cpp:773)
[2025-09-27 19:29:36] [Camera - USBFrameProvider - Reef2] [ERROR] Error grabbing image: timed out getting frame
[2025-09-27 19:29:36] [Camera - USBFrameProvider - Reef2] [ERROR] Error grabbing image: timed out getting frame
[2025-09-27 19:29:36] [Camera - USBFrameProvider - Reef2] [ERROR] Error grabbing image: timed out getting frame
[2025-09-27 19:29:37] [Camera - USBFrameProvider - Reef2] [ERROR] Error grabbing image: timed out getting frame
[2025-09-27 19:29:37] [Camera - USBFrameProvider - Reef2] [ERROR] Error grabbing image: timed out getting frame
[2025-09-27 19:29:37] [Camera - USBFrameProvider - Reef2] [ERROR] Error grabbing image: timed out getting frame
[2025-09-27 19:29:37] [Camera - USBFrameProvider - Reef2] [ERROR] Error grabbing image: timed out getting frame
[2025-09-27 19:29:38] [Camera - USBFrameProvider - Reef2] [ERROR] Error grabbing image: timed out getting frame
[2025-09-27 19:29:38] [CSCore - PvCSCoreLogger] [DEBUG] CS: DEBUG 7: Reef2: queuing buffers (UsbCameraImpl.cpp:765)
[2025-09-27 19:29:38] [CSCore - PvCSCoreLogger] [ERROR] CS: ERROR 40: ioctl VIDIOC_QBUF failed at UsbCameraImpl.cpp:772: Invalid argument (UsbUtil.cpp:157)
[2025-09-27 19:29:38] [CSCore - PvCSCoreLogger] [WARN] CS: WARNING 30: Reef2: could not queue buffer 0 (UsbCameraImpl.cpp:773)
[2025-09-27 19:29:38] [Camera - USBFrameProvider - Reef2] [ERROR] Error grabbing image: timed out getting frame
[2025-09-27 19:29:38] [Camera - USBFrameProvider - Reef2] [ERROR] Error grabbing image: timed out getting frame
[2025-09-27 19:29:38] [Camera - USBFrameProvider - Reef2] [ERROR] Error grabbing image: timed out getting frame
[2025-09-27 19:29:39] [Camera - USBFrameProvider - Reef2] [ERROR] Error grabbing image: timed out getting frame
[2025-09-27 19:29:39] [Camera - USBFrameProvider - Reef2] [ERROR] Error grabbing image: timed out getting frame
[2025-09-27 19:29:39] [Camera - USBFrameProvider - Reef2] [ERROR] Error grabbing image: timed out getting frame
[2025-09-27 19:29:39] [Camera - USBFrameProvider - Reef2] [ERROR] Error grabbing image: timed out getting frame
[2025-09-27 19:29:40] [CSCore - PvCSCoreLogger] [DEBUG] CS: DEBUG 7: Reef2: queuing buffers (UsbCameraImpl.cpp:765)
[2025-09-27 19:29:40] [CSCore - PvCSCoreLogger] [ERROR] CS: ERROR 40: ioctl VIDIOC_QBUF failed at UsbCameraImpl.cpp:772: Invalid argument (UsbUtil.cpp:157)
[2025-09-27 19:29:40] [CSCore - PvCSCoreLogger] [WARN] CS: WARNING 30: Reef2: could not queue buffer 0 (UsbCameraImpl.cpp:773)
[2025-09-27 19:29:40] [Camera - USBFrameProvider - Reef2] [ERROR] Error grabbing image: timed out getting frame
[2025-09-27 19:29:40] [Camera - USBFrameProvider - Reef2] [ERROR] Error grabbing image: timed out getting frame
[2025-09-27 19:29:40] [Camera - USBFrameProvider - Reef2] [ERROR] Error grabbing image: timed out getting frame
[2025-09-27 19:29:41] [Camera - USBFrameProvider - Reef2] [ERROR] Error grabbing image: timed out getting frame
[2025-09-27 19:29:41] [Camera - USBFrameProvider - Reef2] [ERROR] Error grabbing image: timed out getting frame
[2025-09-27 19:29:41] [Camera - USBFrameProvider - Reef2] [ERROR] Error grabbing image: timed out getting frame
[2025-09-27 19:29:41] [Camera - USBFrameProvider - Reef2] [ERROR] Error grabbing image: timed out getting frame
[2025-09-27 19:29:42] [Camera - USBFrameProvider - Reef2] [ERROR] Error grabbing image: timed out getting frame
[2025-09-27 19:29:42] [CSCore - PvCSCoreLogger] [DEBUG] CS: DEBUG 7: Reef2: queuing buffers (UsbCameraImpl.cpp:765)
[2025-09-27 19:29:42] [CSCore - PvCSCoreLogger] [ERROR] CS: ERROR 40: ioctl VIDIOC_QBUF failed at UsbCameraImpl.cpp:772: Invalid argument (UsbUtil.cpp:157)
[2025-09-27 19:29:42] [CSCore - PvCSCoreLogger] [WARN] CS: WARNING 30: Reef2: could not queue buffer 0 (UsbCameraImpl.cpp:773)
[2025-09-27 19:29:42] [Camera - USBFrameProvider - Reef2] [ERROR] Error grabbing image: timed out getting frame
[2025-09-27 19:29:42] [Camera - USBFrameProvider - Reef2] [ERROR] Error grabbing image: timed out getting frame
[2025-09-27 19:29:42] [Camera - USBFrameProvider - Reef2] [ERROR] Error grabbing image: timed out getting frame
[2025-09-27 19:29:43] [Camera - USBFrameProvider - Reef2] [ERROR] Error grabbing image: timed out getting frame
[2025-09-27 19:29:43] [Camera - USBFrameProvider - Reef2] [ERROR] Error grabbing image: timed out getting frame
[2025-09-27 19:29:43] [Camera - USBFrameProvider - Reef2] [ERROR] Error grabbing image: timed out getting frame
[2025-09-27 19:29:44] [Camera - USBFrameProvider - Reef2] [ERROR] Error grabbing image: timed out getting frame
[2025-09-27 19:29:44] [CSCore - PvCSCoreLogger] [DEBUG] CS: DEBUG 7: Reef2: queuing buffers (UsbCameraImpl.cpp:765)
[2025-09-27 19:29:44] [CSCore - PvCSCoreLogger] [ERROR] CS: ERROR 40: ioctl VIDIOC_QBUF failed at UsbCameraImpl.cpp:772: Invalid argument (UsbUtil.cpp:157)
[2025-09-27 19:29:44] [CSCore - PvCSCoreLogger] [WARN] CS: WARNING 30: Reef2: could not queue buffer 0 (UsbCameraImpl.cpp:773)
[2025-09-27 19:29:44] [Camera - USBFrameProvider - Reef2] [ERROR] Error grabbing image: timed out getting frame
[2025-09-27 19:29:44] [Camera - USBFrameProvider - Reef2] [ERROR] Error grabbing image: timed out getting frame
[2025-09-27 19:29:44] [Camera - USBFrameProvider - Reef2] [ERROR] Error grabbing image: timed out getting frame
[2025-09-27 19:29:45] [Camera - USBFrameProvider - Reef2] [ERROR] Error grabbing image: timed out getting frame
[2025-09-27 19:29:45] [Camera - USBFrameProvider - Reef2] [ERROR] Error grabbing image: timed out getting frame
[2025-09-27 19:29:45] [Camera - USBFrameProvider - Reef2] [ERROR] Error grabbing image: timed out getting frame
[2025-09-27 19:29:45] [Camera - USBFrameProvider - Reef2] [ERROR] Error grabbing image: timed out getting frame
[2025-09-27 19:29:46] [CSCore - PvCSCoreLogger] [DEBUG] CS: DEBUG 7: Reef2: queuing buffers (UsbCameraImpl.cpp:765)
[2025-09-27 19:29:46] [CSCore - PvCSCoreLogger] [ERROR] CS: ERROR 40: ioctl VIDIOC_QBUF failed at UsbCameraImpl.cpp:772: Invalid argument (UsbUtil.cpp:157)
[2025-09-27 19:29:46] [CSCore - PvCSCoreLogger] [WARN] CS: WARNING 30: Reef2: could not queue buffer 0 (UsbCameraImpl.cpp:773)
[2025-09-27 19:29:46] [Camera - USBFrameProvider - Reef2] [ERROR] Error grabbing image: timed out getting frame
[2025-09-27 19:29:46] [Camera - USBFrameProvider - Reef2] [ERROR] Error grabbing image: timed out getting frame
[2025-09-27 19:29:46] [Camera - USBFrameProvider - Reef2] [ERROR] Error grabbing image: timed out getting frame
[2025-09-27 19:29:47] [Camera - USBFrameProvider - Reef2] [ERROR] Error grabbing image: timed out getting frame
[2025-09-27 19:29:47] [Camera - USBFrameProvider - Reef2] [ERROR] Error grabbing image: timed out getting frame
[2025-09-27 19:29:47] [Camera - USBFrameProvider - Reef2] [ERROR] Error grabbing image: timed out getting frame
[2025-09-27 19:29:47] [Camera - USBFrameProvider - Reef2] [ERROR] Error grabbing image: timed out getting frame
[2025-09-27 19:29:48] [Camera - USBFrameProvider - Reef2] [ERROR] Error grabbing image: timed out getting frame
[2025-09-27 19:29:48] [CSCore - PvCSCoreLogger] [DEBUG] CS: DEBUG 7: Reef2: queuing buffers (UsbCameraImpl.cpp:765)
[2025-09-27 19:29:48] [CSCore - PvCSCoreLogger] [ERROR] CS: ERROR 40: ioctl VIDIOC_QBUF failed at UsbCameraImpl.cpp:772: Invalid argument (UsbUtil.cpp:157)
[2025-09-27 19:29:48] [CSCore - PvCSCoreLogger] [WARN] CS: WARNING 30: Reef2: could not queue buffer 0 (UsbCameraImpl.cpp:773)
[2025-09-27 19:29:48] [Camera - USBFrameProvider - Reef2] [ERROR] Error grabbing image: timed out getting frame
[2025-09-27 19:29:48] [Camera - USBFrameProvider - Reef2] [ERROR] Error grabbing image: timed out getting frame
[2025-09-27 19:29:48] [Camera - USBFrameProvider - Reef2] [ERROR] Error grabbing image: timed out getting frame
[2025-09-27 19:29:49] [Camera - USBFrameProvider - Reef2] [ERROR] Error grabbing image: timed out getting frame
[2025-09-27 19:29:49] [Camera - USBFrameProvider - Reef2] [ERROR] Error grabbing image: timed out getting frame
[2025-09-27 19:29:49] [Camera - USBFrameProvider - Reef2] [ERROR] Error grabbing image: timed out getting frame
[2025-09-27 19:29:49] [Camera - USBFrameProvider - Reef2] [ERROR] Error grabbing image: timed out getting frame
[2025-09-27 19:29:50] [CSCore - PvCSCoreLogger] [DEBUG] CS: DEBUG 7: Reef2: queuing buffers (UsbCameraImpl.cpp:765)
[2025-09-27 19:29:50] [CSCore - PvCSCoreLogger] [ERROR] CS: ERROR 40: ioctl VIDIOC_QBUF failed at UsbCameraImpl.cpp:772: Invalid argument (UsbUtil.cpp:157)
[2025-09-27 19:29:50] [CSCore - PvCSCoreLogger] [WARN] CS: WARNING 30: Reef2: could not queue buffer 0 (UsbCameraImpl.cpp:773)
[2025-09-27 19:29:50] [Camera - USBFrameProvider - Reef2] [ERROR] Error grabbing image: timed out getting frame
[2025-09-27 19:29:50] [Camera - USBFrameProvider - Reef2] [ERROR] Error grabbing image: timed out getting frame
[2025-09-27 19:29:50] [Camera - USBFrameProvider - Reef2] [ERROR] Error grabbing image: timed out getting frame
[2025-09-27 19:29:51] [Camera - USBFrameProvider - Reef2] [ERROR] Error grabbing image: timed out getting frame
[2025-09-27 19:29:51] [CSCore - PvCSCoreLogger] [DEBUG] CS: DEBUG 7: Reef2: queuing buffers (UsbCameraImpl.cpp:765)
[2025-09-27 19:29:51] [CSCore - PvCSCoreLogger] [ERROR] CS: ERROR 40: ioctl VIDIOC_QBUF failed at UsbCameraImpl.cpp:772: Invalid argument (UsbUtil.cpp:157)
[2025-09-27 19:29:51] [CSCore - PvCSCoreLogger] [WARN] CS: WARNING 30: Reef2: could not queue buffer 0 (UsbCameraImpl.cpp:773)
[2025-09-27 19:29:51] [CSCore - PvCSCoreLogger] [DEBUG] CS: DEBUG 7: Reef2: queuing buffers (UsbCameraImpl.cpp:765)
[2025-09-27 19:29:51] [CSCore - PvCSCoreLogger] [ERROR] CS: ERROR 40: ioctl VIDIOC_QBUF failed at UsbCameraImpl.cpp:772: Invalid argument (UsbUtil.cpp:157)
[2025-09-27 19:29:51] [CSCore - PvCSCoreLogger] [WARN] CS: WARNING 30: Reef2: could not queue buffer 0 (UsbCameraImpl.cpp:773)
[2025-09-27 19:29:51] [CSCore - PvCSCoreLogger] [DEBUG] CS: DEBUG 7: Reef2: queuing buffers (UsbCameraImpl.cpp:765)
[2025-09-27 19:29:51] [CSCore - PvCSCoreLogger] [ERROR] CS: ERROR 40: ioctl VIDIOC_QBUF failed at UsbCameraImpl.cpp:772: Invalid argument (UsbUtil.cpp:157)
[2025-09-27 19:29:51] [CSCore - PvCSCoreLogger] [WARN] CS: WARNING 30: Reef2: could not queue buffer 0 (UsbCameraImpl.cpp:773)
[2025-09-27 19:29:51] [Camera - USBFrameProvider - Reef2] [ERROR] Error grabbing image: timed out getting frame
[2025-09-27 19:29:51] [Camera - USBFrameProvider - Reef2] [ERROR] Error grabbing image: timed out getting frame
[2025-09-27 19:29:51] [CSCore - PvCSCoreLogger] [DEBUG] CS: DEBUG 7: Reef2: queuing buffers (UsbCameraImpl.cpp:765)
[2025-09-27 19:29:51] [CSCore - PvCSCoreLogger] [ERROR] CS: ERROR 40: ioctl VIDIOC_QBUF failed at UsbCameraImpl.cpp:772: Invalid argument (UsbUtil.cpp:157)
[2025-09-27 19:29:51] [CSCore - PvCSCoreLogger] [WARN] CS: WARNING 30: Reef2: could not queue buffer 0 (UsbCameraImpl.cpp:773)
[2025-09-27 19:29:51] [CSCore - PvCSCoreLogger] [DEBUG] CS: DEBUG 7: Reef2: queuing buffers (UsbCameraImpl.cpp:765)
[2025-09-27 19:29:51] [CSCore - PvCSCoreLogger] [ERROR] CS: ERROR 40: ioctl VIDIOC_QBUF failed at UsbCameraImpl.cpp:772: Invalid argument (UsbUtil.cpp:157)
[2025-09-27 19:29:51] [CSCore - PvCSCoreLogger] [WARN] CS: WARNING 30: Reef2: could not queue buffer 0 (UsbCameraImpl.cpp:773)
[2025-09-27 19:29:51] [CSCore - PvCSCoreLogger] [DEBUG] CS: DEBUG 7: Reef2: queuing buffers (UsbCameraImpl.cpp:765)
[2025-09-27 19:29:51] [CSCore - PvCSCoreLogger] [ERROR] CS: ERROR 40: ioctl VIDIOC_QBUF failed at UsbCameraImpl.cpp:772: Invalid argument (UsbUtil.cpp:157)
[2025-09-27 19:29:51] [CSCore - PvCSCoreLogger] [WARN] CS: WARNING 30: Reef2: could not queue buffer 0 (UsbCameraImpl.cpp:773)
[2025-09-27 19:29:51] [CSCore - PvCSCoreLogger] [DEBUG] CS: DEBUG 7: Reef2: queuing buffers (UsbCameraImpl.cpp:765)
[2025-09-27 19:29:51] [CSCore - PvCSCoreLogger] [ERROR] CS: ERROR 40: ioctl VIDIOC_QBUF failed at UsbCameraImpl.cpp:772: Invalid argument (UsbUtil.cpp:157)
[2025-09-27 19:29:51] [CSCore - PvCSCoreLogger] [WARN] CS: WARNING 30: Reef2: could not queue buffer 0 (UsbCameraImpl.cpp:773)
[2025-09-27 19:29:51] [General - KernelLogLogger] [DEBUG] 2025-09-27T19:29:51.225370-06:00 photonvision kernel: usb 7-1: USB disconnect, device number 22
[2025-09-27 19:29:51] [General - KernelLogLogger] [DEBUG] 2025-09-27T19:29:51.552079-06:00 photonvision kernel: usb 7-1: new high-speed USB device number 23 using ehci-platform
[2025-09-27 19:29:51] [General - KernelLogLogger] [DEBUG] 2025-09-27T19:29:51.712050-06:00 photonvision kernel: usb 7-1: New USB device found, idVendor=0c45, idProduct=6366, bcdDevice= 1.00
[2025-09-27 19:29:51] [General - KernelLogLogger] [DEBUG] 2025-09-27T19:29:51.712091-06:00 photonvision kernel: usb 7-1: New USB device strings: Mfr=2, Product=1, SerialNumber=3
[2025-09-27 19:29:51] [General - KernelLogLogger] [DEBUG] 2025-09-27T19:29:51.712096-06:00 photonvision kernel: usb 7-1: Product: AprilTag1
[2025-09-27 19:29:51] [General - KernelLogLogger] [DEBUG] 2025-09-27T19:29:51.712099-06:00 photonvision kernel: usb 7-1: Manufacturer: Arducam Technology Co., Ltd.
[2025-09-27 19:29:51] [General - KernelLogLogger] [DEBUG] 2025-09-27T19:29:51.712101-06:00 photonvision kernel: usb 7-1: SerialNumber: 0001
[2025-09-27 19:29:51] [General - KernelLogLogger] [DEBUG] 2025-09-27T19:29:51.715401-06:00 photonvision kernel: usb 7-1: Found UVC 1.00 device AprilTag1 (0c45:6366)
[2025-09-27 19:29:51] [General - KernelLogLogger] [DEBUG] 2025-09-27T19:29:51.742049-06:00 photonvision kernel: input: AprilTag1: AprilTag1 as /devices/platform/fc880000.usb/usb7/7-1/7-1:1.0/input/input39
[2025-09-27 19:29:51] [General - KernelLogLogger] [DEBUG] robe control : -71 (exp. 26).
[2025-09-27 19:29:51] [General - KernelLogLogger] [DEBUG] 2025-09-27T19:29:31.139248-ð
[2025-09-27 19:29:51] [Camera - USBFrameProvider - Reef2] [ERROR] Error grabbing image: timed out getting frame
[2025-09-27 19:29:52] [Camera - USBFrameProvider - Reef2] [ERROR] Error grabbing image: timed out getting frame
[2025-09-27 19:29:52] [Camera - USBFrameProvider - Reef2] [ERROR] Error grabbing image: timed out getting frame
[2025-09-27 19:29:52] [Camera - USBFrameProvider - Reef2] [ERROR] Error grabbing image: timed out getting frame
[2025-09-27 19:29:52] [Camera - USBFrameProvider - Reef2] [ERROR] Error grabbing image: timed out getting frame
[2025-09-27 19:29:53] [Camera - USBFrameProvider - Reef2] [ERROR] Error grabbing image: timed out getting frame
[2025-09-27 19:29:53] [Camera - USBFrameProvider - Reef2] [ERROR] Error grabbing image: timed out getting frame
[2025-09-27 19:29:53] [CSCore - PvCSCoreLogger] [DEBUG] CS: DEBUG 7: Reef2: queuing buffers (UsbCameraImpl.cpp:765)
[2025-09-27 19:29:53] [CSCore - PvCSCoreLogger] [ERROR] CS: ERROR 40: ioctl VIDIOC_QBUF failed at UsbCameraImpl.cpp:772: Invalid argument (UsbUtil.cpp:157)
[2025-09-27 19:29:53] [CSCore - PvCSCoreLogger] [WARN] CS: WARNING 30: Reef2: could not queue buffer 0 (UsbCameraImpl.cpp:773)
[2025-09-27 19:29:53] [Camera - USBFrameProvider - Reef2] [ERROR] Error grabbing image: timed out getting frame
[2025-09-27 19:29:54] [Camera - USBFrameProvider - Reef2] [ERROR] Error grabbing image: timed out getting frame
[2025-09-27 19:29:54] [Camera - USBFrameProvider - Reef2] [ERROR] Error grabbing image: timed out getting frame
[2025-09-27 19:29:54] [Camera - USBFrameProvider - Reef2] [ERROR] Error grabbing image: timed out getting frame
[2025-09-27 19:29:54] [Camera - USBFrameProvider - Reef2] [ERROR] Error grabbing image: timed out getting frame
[2025-09-27 19:29:55] [Camera - USBFrameProvider - Reef2] [ERROR] Error grabbing image: timed out getting frame
[2025-09-27 19:29:55] [Camera - USBFrameProvider - Reef2] [ERROR] Error grabbing image: timed out getting frame
[2025-09-27 19:29:55] [Camera - USBFrameProvider - Reef2] [ERROR] Error grabbing image: timed out getting frame
[2025-09-27 19:29:55] [CSCore - PvCSCoreLogger] [DEBUG] CS: DEBUG 7: Reef2: queuing buffers (UsbCameraImpl.cpp:765)
[2025-09-27 19:29:55] [CSCore - PvCSCoreLogger] [ERROR] CS: ERROR 40: ioctl VIDIOC_QBUF failed at UsbCameraImpl.cpp:772: Invalid argument (UsbUtil.cpp:157)
[2025-09-27 19:29:55] [CSCore - PvCSCoreLogger] [WARN] CS: WARNING 30: Reef2: could not queue buffer 0 (UsbCameraImpl.cpp:773)
[2025-09-27 19:29:55] [Camera - USBFrameProvider - Reef2] [ERROR] Error grabbing image: timed out getting frame
[2025-09-27 19:29:56] [Camera - USBFrameProvider - Reef2] [ERROR] Error grabbing image: timed out getting frame
[2025-09-27 19:29:56] [Camera - USBFrameProvider - Reef2] [ERROR] Error grabbing image: timed out getting frame
[2025-09-27 19:29:56] [Camera - USBFrameProvider - Reef2] [ERROR] Error grabbing image: timed out getting frame
[2025-09-27 19:29:57] [Camera - USBFrameProvider - Reef2] [ERROR] Error grabbing image: timed out getting frame
[2025-09-27 19:29:57] [Camera - USBFrameProvider - Reef2] [ERROR] Error grabbing image: timed out getting frame
[2025-09-27 19:29:57] [Camera - USBFrameProvider - Reef2] [ERROR] Error grabbing image: timed out getting frame
[2025-09-27 19:29:57] [CSCore - PvCSCoreLogger] [DEBUG] CS: DEBUG 7: Reef2: queuing buffers (UsbCameraImpl.cpp:765)
[2025-09-27 19:29:57] [CSCore - PvCSCoreLogger] [ERROR] CS: ERROR 40: ioctl VIDIOC_QBUF failed at UsbCameraImpl.cpp:772: Invalid argument (UsbUtil.cpp:157)
[2025-09-27 19:29:57] [CSCore - PvCSCoreLogger] [WARN] CS: WARNING 30: Reef2: could not queue buffer 0 (UsbCameraImpl.cpp:773)
[2025-09-27 19:29:57] [Camera - USBFrameProvider - Reef2] [ERROR] Error grabbing image: timed out getting frame
[2025-09-27 19:29:58] [Camera - USBFrameProvider - Reef2] [ERROR] Error grabbing image: timed out getting frame
[2025-09-27 19:29:58] [Camera - USBFrameProvider - Reef2] [ERROR] Error grabbing image: timed out getting frame
[2025-09-27 19:29:58] [Camera - USBFrameProvider - Reef2] [ERROR] Error grabbing image: timed out getting frame
[2025-09-27 19:29:58] [Camera - USBFrameProvider - Reef2] [ERROR] Error grabbing image: timed out getting frame
[2025-09-27 19:29:59] [Camera - USBFrameProvider - Reef2] [ERROR] Error grabbing image: timed out getting frame
[2025-09-27 19:29:59] [Camera - USBFrameProvider - Reef2] [ERROR] Error grabbing image: timed out getting frame
[2025-09-27 19:29:59] [Camera - USBFrameProvider - Reef2] [ERROR] Error grabbing image: timed out getting frame
[2025-09-27 19:29:59] [CSCore - PvCSCoreLogger] [DEBUG] CS: DEBUG 7: Reef2: queuing buffers (UsbCameraImpl.cpp:765)
[2025-09-27 19:29:59] [CSCore - PvCSCoreLogger] [ERROR] CS: ERROR 40: ioctl VIDIOC_QBUF failed at UsbCameraImpl.cpp:772: Invalid argument (UsbUtil.cpp:157)
[2025-09-27 19:29:59] [CSCore - PvCSCoreLogger] [WARN] CS: WARNING 30: Reef2: could not queue buffer 0 (UsbCameraImpl.cpp:773)
[2025-09-27 19:30:00] [Camera - USBFrameProvider - Reef2] [ERROR] Error grabbing image: timed out getting frame
[2025-09-27 19:30:00] [Camera - USBFrameProvider - Reef2] [ERROR] Error grabbing image: timed out getting frame
[2025-09-27 19:30:00] [Camera - USBFrameProvider - Reef2] [ERROR] Error grabbing image: timed out getting frame
[2025-09-27 19:30:00] [Camera - USBFrameProvider - Reef2] [ERROR] Error grabbing image: timed out getting frame
[2025-09-27 19:30:01] [Camera - USBFrameProvider - Reef2] [ERROR] Error grabbing image: timed out getting frame
[2025-09-27 19:30:01] [Camera - USBFrameProvider - Reef2] [ERROR] Error grabbing image: timed out getting frame
[2025-09-27 19:30:01] [Camera - USBFrameProvider - Reef2] [ERROR] Error grabbing image: timed out getting frame
[2025-09-27 19:30:01] [General - HardwareManager] [INFO] Shutting down LEDs...
[2025-09-27 19:30:01] [Config - ConfigManager] [INFO] Force-flushing settings...
[2025-09-27 19:30:01] [Config - SqlConfigProvider] [DEBUG] Saving to disk
[2025-09-27 19:30:01] [CSCore - PvCSCoreLogger] [DEBUG] CS: DEBUG 7: Reef2: queuing buffers (UsbCameraImpl.cpp:765)
[2025-09-27 19:30:01] [CSCore - PvCSCoreLogger] [ERROR] CS: ERROR 40: ioctl VIDIOC_QBUF failed at UsbCameraImpl.cpp:772: Invalid argument (UsbUtil.cpp:157)
[2025-09-27 19:30:01] [CSCore - PvCSCoreLogger] [WARN] CS: WARNING 30: Reef2: could not queue buffer 0 (UsbCameraImpl.cpp:773)
[2025-09-27 19:30:01] [Camera - USBFrameProvider - Reef2] [ERROR] Error grabbing image: timed out getting frame
[2025-09-27 19:30:02] [WebServer - DataSocketHandler] [INFO] Closing websocket connection from /0:0:0:0:0:0:0:1:49250 for reason: Connection closed by client
[2025-09-27 19:30:02] [Camera - USBFrameProvider - Reef2] [ERROR] Error grabbing image: timed out getting frame
[2025-09-27 19:30:02] [Config - SqlConfigProvider] [INFO] Settings saved!
